date_local,station_id,station_name,parameter,unit,value,duration_hours,agency,source_aqi,source_category_number,latitude,longitude,full_station_id,source_url,source_line,retrieval_timestamp_utc,response_sha256
2019-01-01,DK1010001,Dhaka,PM2.5-24hr,UG/M3,133.0,24,U.S. Department of State Bangladesh - Dhaka,191,3,23.796374,90.424614,050DK1010001,https://files.airnowtech.org/airnow/2019/20190101/daily_data_v2.dat,01/01/19|DK1010001|Dhaka|PM2.5-24hr|UG/M3|133|24|U.S. Department of State Bangladesh - Dhaka|191|3|23.796374|90.424614|050DK1010001,2026-07-18T03:21:07+00:00,ca30b487f97bcb92566cab885a533cd191472c0f624d58aa8466a8a97f5a109d
2019-01-02,DK1010001,Dhaka,PM2.5-24hr,UG/M3,152.2,24,U.S. Department of State Bangladesh - Dhaka,203,4,23.796374,90.424614,050DK1010001,https://files.airnowtech.org/airnow/2019/20190102/daily_data_v2.dat,01/02/19|DK1010001|Dhaka|PM2.5-24hr|UG/M3|152.2|24|U.S. Department of State Bangladesh - Dhaka|203|4|23.796374|90.424614|050DK1010001,2026-07-18T03:21:07+00:00,58f8832cf3bd6baac8d2f4462fe5f39301fd937b0de4ee4b6585a31779508c2a
2019-01-03,DK1010001,Dhaka,PM2.5-24hr,UG/M3,156.1,24,U.S. Department of State Bangladesh - Dhaka,207,4,23.796374,90.424614,050DK1010001,https://files.airnowtech.org/airnow/2019/20190103/daily_data_v2.dat,01/03/19|DK1010001|Dhaka|PM2.5-24hr|UG/M3|156.1|24|U.S. Department of State Bangladesh - Dhaka|207|4|23.796374|90.424614|050DK1010001,2026-07-18T03:21:07+00:00,45d921da50b87e63ee7ed60aec2a1ceb11745a2f3f37510de584241c1024846d
2019-01-04,DK1010001,Dhaka,PM2.5-24hr,UG/M3,260.1,24,U.S. Department of State Bangladesh - Dhaka,311,5,23.796374,90.424614,050DK1010001,https://files.airnowtech.org/airnow/2019/20190104/daily_data_v2.dat,01/04/19|DK1010001|Dhaka|PM2.5-24hr|UG/M3|260.1|24|U.S. Department of State Bangladesh - Dhaka|311|5|23.796374|90.424614|050DK1010001,2026-07-18T03:21:07+00:00,31642a92f0eb53c89c18b4699beba07483a5791126f07734ac3f9ffe1afada36
2019-01-05,DK1010001,Dhaka,PM2.5-24hr,UG/M3,183.2,24,U.S. Department of State Bangladesh - Dhaka,233,4,23.796374,90.424614,050DK1010001,https://files.airnowtech.org/airnow/2019/20190105/daily_data_v2.dat,01/05/19|DK1010001|Dhaka|PM2.5-24hr|UG/M3|183.2|24|U.S. Department of State Bangladesh - Dhaka|233|4|23.796374|90.424614|050DK1010001,2026-07-18T03:21:07+00:00,3c4b2cc794d1098415fda63cadffb62c4628ead965286e026a1a9dc0034c25f2
2019-01-06,DK1010001,Dhaka,PM2.5-24hr,UG/M3,161.5,24,U.S. Department of State Bangladesh - Dhaka,212,4,23.796374,90.424614,050DK1010001,https://files.airnowtech.org/airnow/2019/20190106/daily_data_v2.dat,01/06/19|DK1010001|Dhaka|PM2.5-24hr|UG/M3|161.5|24|U.S. Department of State Bangladesh - Dhaka|212|4|23.796374|90.424614|050DK1010001,2026-07-18T03:21:07+00:00,8ebfe22acc63b316ad75da3298c9b47b20f065793b3e4daae1784ff07f1f91a1
2019-01-07,DK1010001,Dhaka,PM2.5-24hr,UG/M3,179.2,24,U.S. Department of State Bangladesh - Dhaka,229,4,23.796374,90.424614,050DK1010001,https://files.airnowtech.org/airnow/2019/20190107/daily_data_v2.dat,01/07/19|DK1010001|Dhaka|PM2.5-24hr|UG/M3|179.2|24|U.S. Department of State Bangladesh - Dhaka|229|4|23.796374|90.424614|050DK1010001,2026-07-18T03:21:07+00:00,82665440f0f1a9f7dc5e92fde743b4d03ea9796c714425fb452f6d44ab8f67ce
2019-01-08,DK1010001,Dhaka,PM2.5-24hr,UG/M3,161.1,24,U.S. Department of State Bangladesh - Dhaka,212,4,23.796374,90.424614,050DK1010001,https://files.airnowtech.org/airnow/2019/20190108/daily_data_v2.dat,01/08/19|DK1010001|Dhaka|PM2.5-24hr|UG/M3|161.1|24|U.S. Department of State Bangladesh - Dhaka|212|4|23.796374|90.424614|050DK1010001,2026-07-18T03:21:07+00:00,93d8f5b91216b73ffa3d383ba8dda640ca94782927f72bfc004703eb0de7e43b
2019-01-09,DK1010001,Dhaka,PM2.5-24hr,UG/M3,163.8,24,U.S. Department of State Bangladesh - Dhaka,214,4,23.796374,90.424614,050DK1010001,https://files.airnowtech.org/airnow/2019/20190109/daily_data_v2.dat,01/09/19|DK1010001|Dhaka|PM2.5-24hr|UG/M3|163.8|24|U.S. Department of State Bangladesh - Dhaka|214|4|23.796374|90.424614|050DK1010001,2026-07-18T03:21:07+00:00,d3cb610545163a4ba34d5f84803fc2ee7a351eeaeea58f559039ee42b404af48
2019-01-10,DK1010001,Dhaka,PM2.5-24hr,UG/M3,181.8,24,U.S. Department of State Bangladesh - Dhaka,232,4,23.796374,90.424614,050DK1010001,https://files.airnowtech.org/airnow/2019/20190110/daily_data_v2.dat,01/10/19|DK1010001|Dhaka|PM2.5-24hr|UG/M3|181.8|24|U.S. Department of State Bangladesh - Dhaka|232|4|23.796374|90.424614|050DK1010001,2026-07-18T03:21:07+00:00,b8989c164fe95f6fa3e8d840044d9ba750223b30891d01d21792823ca911def5
2019-01-11,DK1010001,Dhaka,PM2.5-24hr,UG/M3,198.2,24,U.S. Department of State Bangladesh - Dhaka,248,4,23.796374,90.424614,050DK1010001,https://files.airnowtech.org/airnow/2019/20190111/daily_data_v2.dat,01/11/19|DK1010001|Dhaka|PM2.5-24hr|UG/M3|198.2|24|U.S. Department of State Bangladesh - Dhaka|248|4|23.796374|90.424614|050DK1010001,2026-07-18T03:21:07+00:00,2a52c9fbf8abbb0b35bcf090701cc3babba736d827c070af557651b44b99e0d0
2019-01-12,DK1010001,Dhaka,PM2.5-24hr,UG/M3,209.2,24,U.S. Department of State Bangladesh - Dhaka,259,4,23.796374,90.424614,050DK1010001,https://files.airnowtech.org/airnow/2019/20190112/daily_data_v2.dat,01/12/19|DK1010001|Dhaka|PM2.5-24hr|UG/M3|209.2|24|U.S. Department of State Bangladesh - Dhaka|259|4|23.796374|90.424614|050DK1010001,2026-07-18T03:21:07+00:00,488eb0c82a5ec9c21672cc8bcc0ad92b79953c366a902f688cec13946aea9ec3
2019-01-13,DK1010001,Dhaka,PM2.5-24hr,UG/M3,168.2,24,U.S. Department of State Bangladesh - Dhaka,219,4,23.796374,90.424614,050DK1010001,https://files.airnowtech.org/airnow/2019/20190113/daily_data_v2.dat,01/13/19|DK1010001|Dhaka|PM2.5-24hr|UG/M3|168.2|24|U.S. Department of State Bangladesh - Dhaka|219|4|23.796374|90.424614|050DK1010001,2026-07-18T03:21:07+00:00,88016ba3352d792ec182fe09203f143cdf7a3177dc0002b46c35de98badc6f6a
2019-01-14,DK1010001,Dhaka,PM2.5-24hr,UG/M3,166.4,24,U.S. Department of State Bangladesh - Dhaka,217,4,23.796374,90.424614,050DK1010001,https://files.airnowtech.org/airnow/2019/20190114/daily_data_v2.dat,01/14/19|DK1010001|Dhaka|PM2.5-24hr|UG/M3|166.4|24|U.S. Department of State Bangladesh - Dhaka|217|4|23.796374|90.424614|050DK1010001,2026-07-18T03:21:07+00:00,57699020d82b085a9364c78e49d5273287b5a9b10d6dc457e348d57c6071575e
2019-01-15,DK1010001,Dhaka,PM2.5-24hr,UG/M3,182.3,24,U.S. Department of State Bangladesh - Dhaka,233,4,23.796374,90.424614,050DK1010001,https://files.airnowtech.org/airnow/2019/20190115/daily_data_v2.dat,01/15/19|DK1010001|Dhaka|PM2.5-24hr|UG/M3|182.3|24|U.S. Department of State Bangladesh - Dhaka|233|4|23.796374|90.424614|050DK1010001,2026-07-18T03:21:07+00:00,caf9132a2e5e0cf111c8540aeb68ec6bdfc8b66f50cc7f6de93a863de4da1c70
2019-01-16,DK1010001,Dhaka,PM2.5-24hr,UG/M3,139.7,24,U.S. Department of State Bangladesh - Dhaka,194,3,23.796374,90.424614,050DK1010001,https://files.airnowtech.org/airnow/2019/20190116/daily_data_v2.dat,01/16/19|DK1010001|Dhaka|PM2.5-24hr|UG/M3|139.7|24|U.S. Department of State Bangladesh - Dhaka|194|3|23.796374|90.424614|050DK1010001,2026-07-18T03:21:07+00:00,0921295e4162783683b3afbd2c149b47fdc1b0a55c75331fac8e1e7f725a5d58
2019-01-17,DK1010001,Dhaka,PM2.5-24hr,UG/M3,194.2,24,U.S. Department of State Bangladesh - Dhaka,244,4,23.796374,90.424614,050DK1010001,https://files.airnowtech.org/airnow/2019/20190117/daily_data_v2.dat,01/17/19|DK1010001|Dhaka|PM2.5-24hr|UG/M3|194.2|24|U.S. Department of State Bangladesh - Dhaka|244|4|23.796374|90.424614|050DK1010001,2026-07-18T03:21:07+00:00,47b34a2d9b6388e2b92ad4d174af2def6409983bb7e585248ef33fdbba7a63e4
2019-01-18,DK1010001,Dhaka,PM2.5-24hr,UG/M3,260.5,24,U.S. Department of State Bangladesh - Dhaka,311,5,23.796374,90.424614,050DK1010001,https://files.airnowtech.org/airnow/2019/20190118/daily_data_v2.dat,01/18/19|DK1010001|Dhaka|PM2.5-24hr|UG/M3|260.5|24|U.S. Department of State Bangladesh - Dhaka|311|5|23.796374|90.424614|050DK1010001,2026-07-18T03:21:07+00:00,ba3fa128054a076fa12c658230a237a4246cf6fc238fd86326c2d575c86f6e96
2019-01-19,DK1010001,Dhaka,PM2.5-24hr,UG/M3,256.5,24,U.S. Department of State Bangladesh - Dhaka,307,5,23.796374,90.424614,050DK1010001,https://files.airnowtech.org/airnow/2019/20190119/daily_data_v2.dat,01/19/19|DK1010001|Dhaka|PM2.5-24hr|UG/M3|256.5|24|U.S. Department of State Bangladesh - Dhaka|307|5|23.796374|90.424614|050DK1010001,2026-07-18T03:21:07+00:00,8abaff267e9c62acda2eea294674b660e5fd4b7e1a633227aac548b05dbb72e0
2019-01-20,DK1010001,Dhaka,PM2.5-24hr,UG/M3,268.5,24,U.S. Department of State Bangladesh - Dhaka,319,5,23.796374,90.424614,050DK1010001,https://files.airnowtech.org/airnow/2019/20190120/daily_data_v2.dat,01/20/19|DK1010001|Dhaka|PM2.5-24hr|UG/M3|268.5|24|U.S. Department of State Bangladesh - Dhaka|319|5|23.796374|90.424614|050DK1010001,2026-07-18T03:21:08+00:00,7fa58bb19b7874c9c7f6c19a4f889e1e99202f11f428ef095ec3fc142251c2eb
2019-01-21,DK1010001,Dhaka,PM2.5-24hr,UG/M3,210.5,24,U.S. Department of State Bangladesh - Dhaka,260,4,23.796374,90.424614,050DK1010001,https://files.airnowtech.org/airnow/2019/20190121/daily_data_v2.dat,01/21/19|DK1010001|Dhaka|PM2.5-24hr|UG/M3|210.5|24|U.S. Department of State Bangladesh - Dhaka|260|4|23.796374|90.424614|050DK1010001,2026-07-18T03:21:08+00:00,3153a217fab69c9e92f8f72ba776d47a84a5a1252f871f9b99ec664017eeeac2
2019-01-22,DK1010001,Dhaka,PM2.5-24hr,UG/M3,213.8,24,U.S. Department of State Bangladesh - Dhaka,264,4,23.796374,90.424614,050DK1010001,https://files.airnowtech.org/airnow/2019/20190122/daily_data_v2.dat,01/22/19|DK1010001|Dhaka|PM2.5-24hr|UG/M3|213.8|24|U.S. Department of State Bangladesh - Dhaka|264|4|23.796374|90.424614|050DK1010001,2026-07-18T03:21:08+00:00,40fb6e205b4db8c7591cbb96d52509b6e2c27a68038afac42ec00cd34fbca3b0
2019-01-23,DK1010001,Dhaka,PM2.5-24hr,UG/M3,244.7,24,U.S. Department of State Bangladesh - Dhaka,294,4,23.796374,90.424614,050DK1010001,https://files.airnowtech.org/airnow/2019/20190123/daily_data_v2.dat,01/23/19|DK1010001|Dhaka|PM2.5-24hr|UG/M3|244.7|24|U.S. Department of State Bangladesh - Dhaka|294|4|23.796374|90.424614|050DK1010001,2026-07-18T03:21:08+00:00,3e3593b42f244744846f1397f53fb91282679eeb3d869e004ed1937b430ad019
2019-01-24,DK1010001,Dhaka,PM2.5-24hr,UG/M3,225.7,24,U.S. Department of State Bangladesh - Dhaka,276,4,23.796374,90.424614,050DK1010001,https://files.airnowtech.org/airnow/2019/20190124/daily_data_v2.dat,01/24/19|DK1010001|Dhaka|PM2.5-24hr|UG/M3|225.7|24|U.S. Department of State Bangladesh - Dhaka|276|4|23.796374|90.424614|050DK1010001,2026-07-18T03:21:08+00:00,80af9400feb9e87678cc18c9ad23275fae19cdc5f4b7021391c5c58713699a8c
2019-01-25,DK1010001,Dhaka,PM2.5-24hr,UG/M3,162.8,24,U.S. Department of State Bangladesh - Dhaka,213,4,23.796374,90.424614,050DK1010001,https://files.airnowtech.org/airnow/2019/20190125/daily_data_v2.dat,01/25/19|DK1010001|Dhaka|PM2.5-24hr|UG/M3|162.8|24|U.S. Department of State Bangladesh - Dhaka|213|4|23.796374|90.424614|050DK1010001,2026-07-18T03:21:08+00:00,ea194fd253d3638b51e73f9297bc86baeb389408f409c79b466e8b3fd666a1a9
2019-01-26,DK1010001,Dhaka,PM2.5-24hr,UG/M3,168.9,24,U.S. Department of State Bangladesh - Dhaka,219,4,23.796374,90.424614,050DK1010001,https://files.airnowtech.org/airnow/2019/20190126/daily_data_v2.dat,01/26/19|DK1010001|Dhaka|PM2.5-24hr|UG/M3|168.9|24|U.S. Department of State Bangladesh - Dhaka|219|4|23.796374|90.424614|050DK1010001,2026-07-18T03:21:08+00:00,d5deca8f9838bbbb0037b0806e673975ac419c7c0817856c1e506883fecf26f3
2019-01-27,DK1010001,Dhaka,PM2.5-24hr,UG/M3,135.7,24,U.S. Department of State Bangladesh - Dhaka,192,3,23.796374,90.424614,050DK1010001,https://files.airnowtech.org/airnow/2019/20190127/daily_data_v2.dat,01/27/19|DK1010001|Dhaka|PM2.5-24hr|UG/M3|135.7|24|U.S. Department of State Bangladesh - Dhaka|192|3|23.796374|90.424614|050DK1010001,2026-07-18T03:21:08+00:00,9f827dd21f775c8447dc95a7a2b10ba83e4cfc4a7b1ad17b3066082a4a2bd24a
2019-01-28,DK1010001,Dhaka,PM2.5-24hr,UG/M3,125.2,24,U.S. Department of State Bangladesh - Dhaka,187,3,23.796374,90.424614,050DK1010001,https://files.airnowtech.org/airnow/2019/20190128/daily_data_v2.dat,01/28/19|DK1010001|Dhaka|PM2.5-24hr|UG/M3|125.2|24|U.S. Department of State Bangladesh - Dhaka|187|3|23.796374|90.424614|050DK1010001,2026-07-18T03:21:08+00:00,a05dda5fe1e3ae560ead4e8cb82edb2d7fec37ec137f2e98a8836110619e2ad2
2019-01-29,DK1010001,Dhaka,PM2.5-24hr,UG/M3,130.5,24,U.S. Department of State Bangladesh - Dhaka,190,3,23.796374,90.424614,050DK1010001,https://files.airnowtech.org/airnow/2019/20190129/daily_data_v2.dat,01/29/19|DK1010001|Dhaka|PM2.5-24hr|UG/M3|130.5|24|U.S. Department of State Bangladesh - Dhaka|190|3|23.796374|90.424614|050DK1010001,2026-07-18T03:21:08+00:00,768cf8de56d8f3598ab5123bad3d0e80b778c274cbde8fb7eef8fa394c6d7181
2019-01-30,DK1010001,Dhaka,PM2.5-24hr,UG/M3,133.9,24,U.S. Department of State Bangladesh - Dhaka,191,3,23.796374,90.424614,050DK1010001,https://files.airnowtech.org/airnow/2019/20190130/daily_data_v2.dat,01/30/19|DK1010001|Dhaka|PM2.5-24hr|UG/M3|133.9|24|U.S. Department of State Bangladesh - Dhaka|191|3|23.796374|90.424614|050DK1010001,2026-07-18T03:21:08+00:00,03d1a36949a12dcfa217a4b999b6645f0e1045ad61a0ffa44f96c70fbac7083e
2019-01-31,DK1010001,Dhaka,PM2.5-24hr,UG/M3,172.7,24,U.S. Department of State Bangladesh - Dhaka,223,4,23.796374,90.424614,050DK1010001,https://files.airnowtech.org/airnow/2019/20190131/daily_data_v2.dat,01/31/19|DK1010001|Dhaka|PM2.5-24hr|UG/M3|172.7|24|U.S. Department of State Bangladesh - Dhaka|223|4|23.796374|90.424614|050DK1010001,2026-07-18T03:21:08+00:00,7a4dcecfb8871c3c6421571d1c641011182c31573893f28abf4eb52ccdddf785
2019-02-01,DK1010001,Dhaka,PM2.5-24hr,UG/M3,246.6,24,U.S. Department of State Bangladesh - Dhaka,296,4,23.796374,90.424614,050DK1010001,https://files.airnowtech.org/airnow/2019/20190201/daily_data_v2.dat,02/01/19|DK1010001|Dhaka|PM2.5-24hr|UG/M3|246.6|24|U.S. Department of State Bangladesh - Dhaka|296|4|23.796374|90.424614|050DK1010001,2026-07-18T03:21:08+00:00,6141c004e1ec73b9c9c07b76276616da60fc7127353315cf337900014808cd9b
2019-02-02,DK1010001,Dhaka,PM2.5-24hr,UG/M3,225.2,24,U.S. Department of State Bangladesh - Dhaka,275,4,23.796374,90.424614,050DK1010001,https://files.airnowtech.org/airnow/2019/20190202/daily_data_v2.dat,02/02/19|DK1010001|Dhaka|PM2.5-24hr|UG/M3|225.2|24|U.S. Department of State Bangladesh - Dhaka|275|4|23.796374|90.424614|050DK1010001,2026-07-18T03:21:08+00:00,2a4a9ff70db75d910bd33e85b845f2b0a56d7c33376e94f9f5b8f5b3b566a440
2019-02-03,DK1010001,Dhaka,PM2.5-24hr,UG/M3,307.7,24,U.S. Department of State Bangladesh - Dhaka,358,5,23.796374,90.424614,050DK1010001,https://files.airnowtech.org/airnow/2019/20190203/daily_data_v2.dat,02/03/19|DK1010001|Dhaka|PM2.5-24hr|UG/M3|307.7|24|U.S. Department of State Bangladesh - Dhaka|358|5|23.796374|90.424614|050DK1010001,2026-07-18T03:21:08+00:00,7d1242fabd4c60054c72de69ff692642bd156ba59b333fe534bf404a7ee2ec76
2019-02-04,DK1010001,Dhaka,PM2.5-24hr,UG/M3,228.5,24,U.S. Department of State Bangladesh - Dhaka,278,4,23.796374,90.424614,050DK1010001,https://files.airnowtech.org/airnow/2019/20190204/daily_data_v2.dat,02/04/19|DK1010001|Dhaka|PM2.5-24hr|UG/M3|228.5|24|U.S. Department of State Bangladesh - Dhaka|278|4|23.796374|90.424614|050DK1010001,2026-07-18T03:21:08+00:00,b93cdd71457c87aa120bc4fa41237415e3b6ceca6e222741c6a323fb1b59f448
2019-02-05,DK1010001,Dhaka,PM2.5-24hr,UG/M3,160.7,24,U.S. Department of State Bangladesh - Dhaka,211,4,23.796374,90.424614,050DK1010001,https://files.airnowtech.org/airnow/2019/20190205/daily_data_v2.dat,02/05/19|DK1010001|Dhaka|PM2.5-24hr|UG/M3|160.7|24|U.S. Department of State Bangladesh - Dhaka|211|4|23.796374|90.424614|050DK1010001,2026-07-18T03:21:08+00:00,df66755ad049b615f6bd5f1f352e02bddad9b362733e27f0554cedae15e2d3af
2019-02-06,DK1010001,Dhaka,PM2.5-24hr,UG/M3,220.0,24,U.S. Department of State Bangladesh - Dhaka,270,4,23.796374,90.424614,050DK1010001,https://files.airnowtech.org/airnow/2019/20190206/daily_data_v2.dat,02/06/19|DK1010001|Dhaka|PM2.5-24hr|UG/M3|220|24|U.S. Department of State Bangladesh - Dhaka|270|4|23.796374|90.424614|050DK1010001,2026-07-18T03:21:08+00:00,0086244e681eca4cae0c474783fa7687b3f07ff9c82d126b7937a4c2cfae23af
2019-02-07,DK1010001,Dhaka,PM2.5-24hr,UG/M3,237.6,24,U.S. Department of State Bangladesh - Dhaka,287,4,23.796374,90.424614,050DK1010001,https://files.airnowtech.org/airnow/2019/20190207/daily_data_v2.dat,02/07/19|DK1010001|Dhaka|PM2.5-24hr|UG/M3|237.6|24|U.S. Department of State Bangladesh - Dhaka|287|4|23.796374|90.424614|050DK1010001,2026-07-18T03:21:08+00:00,3a501a57562a1541f08b1dc51ec709713164aae7b9f3fd1d388b29f4b290714e
2019-02-08,DK1010001,Dhaka,PM2.5-24hr,UG/M3,263.7,24,U.S. Department of State Bangladesh - Dhaka,314,5,23.796374,90.424614,050DK1010001,https://files.airnowtech.org/airnow/2019/20190208/daily_data_v2.dat,02/08/19|DK1010001|Dhaka|PM2.5-24hr|UG/M3|263.7|24|U.S. Department of State Bangladesh - Dhaka|314|5|23.796374|90.424614|050DK1010001,2026-07-18T03:21:08+00:00,1375b763888dc813c1f7a6a13ec013c8f95e600999bd02ed360a9fb6ab6a0a3c
2019-02-09,DK1010001,Dhaka,PM2.5-24hr,UG/M3,69.0,24,U.S. Department of State Bangladesh - Dhaka,158,3,23.796374,90.424614,050DK1010001,https://files.airnowtech.org/airnow/2019/20190209/daily_data_v2.dat,02/09/19|DK1010001|Dhaka|PM2.5-24hr|UG/M3|69|24|U.S. Department of State Bangladesh - Dhaka|158|3|23.796374|90.424614|050DK1010001,2026-07-18T03:21:08+00:00,674a4e08312b7e0b519a466c398f11bfc86cba8a1af08957b19ee5f7434e47f4
2019-02-10,DK1010001,Dhaka,PM2.5-24hr,UG/M3,173.3,24,U.S. Department of State Bangladesh - Dhaka,224,4,23.796374,90.424614,050DK1010001,https://files.airnowtech.org/airnow/2019/20190210/daily_data_v2.dat,02/10/19|DK1010001|Dhaka|PM2.5-24hr|UG/M3|173.3|24|U.S. Department of State Bangladesh - Dhaka|224|4|23.796374|90.424614|050DK1010001,2026-07-18T03:21:08+00:00,0e16c0418d14d6410fd08a771e4cce726fe1977d7c9f5b98ec8610409494bfc5
2019-02-11,DK1010001,Dhaka,PM2.5-24hr,UG/M3,112.4,24,U.S. Department of State Bangladesh - Dhaka,180,3,23.796374,90.424614,050DK1010001,https://files.airnowtech.org/airnow/2019/20190211/daily_data_v2.dat,02/11/19|DK1010001|Dhaka|PM2.5-24hr|UG/M3|112.4|24|U.S. Department of State Bangladesh - Dhaka|180|3|23.796374|90.424614|050DK1010001,2026-07-18T03:21:08+00:00,4090b7f08c7b214cdbb8ee805c20e5c8a3d20c0ea1253b28be096ecde16a07f7
2019-02-12,DK1010001,Dhaka,PM2.5-24hr,UG/M3,134.5,24,U.S. Department of State Bangladesh - Dhaka,192,3,23.796374,90.424614,050DK1010001,https://files.airnowtech.org/airnow/2019/20190212/daily_data_v2.dat,02/12/19|DK1010001|Dhaka|PM2.5-24hr|UG/M3|134.5|24|U.S. Department of State Bangladesh - Dhaka|192|3|23.796374|90.424614|050DK1010001,2026-07-18T03:21:08+00:00,8e2c86fedb4ab122f903c3c18442659a9c593172398b6b315e59491160bb44de
2019-02-13,DK1010001,Dhaka,PM2.5-24hr,UG/M3,147.0,24,U.S. Department of State Bangladesh - Dhaka,198,3,23.796374,90.424614,050DK1010001,https://files.airnowtech.org/airnow/2019/20190213/daily_data_v2.dat,02/13/19|DK1010001|Dhaka|PM2.5-24hr|UG/M3|147|24|U.S. Department of State Bangladesh - Dhaka|198|3|23.796374|90.424614|050DK1010001,2026-07-18T03:21:08+00:00,a6618425dd6ec2f688975c15b51f8e917a84249217d5224ba0188338a8d3540a
2019-02-14,DK1010001,Dhaka,PM2.5-24hr,UG/M3,171.2,24,U.S. Department of State Bangladesh - Dhaka,222,4,23.796374,90.424614,050DK1010001,https://files.airnowtech.org/airnow/2019/20190214/daily_data_v2.dat,02/14/19|DK1010001|Dhaka|PM2.5-24hr|UG/M3|171.2|24|U.S. Department of State Bangladesh - Dhaka|222|4|23.796374|90.424614|050DK1010001,2026-07-18T03:21:08+00:00,348e5b8ba7a0122a9d8c867e0a958f028498af93b4ecc3c85d1fc254ce95462d
2019-02-15,DK1010001,Dhaka,PM2.5-24hr,UG/M3,299.1,24,U.S. Department of State Bangladesh - Dhaka,349,5,23.796374,90.424614,050DK1010001,https://files.airnowtech.org/airnow/2019/20190215/daily_data_v2.dat,02/15/19|DK1010001|Dhaka|PM2.5-24hr|UG/M3|299.1|24|U.S. Department of State Bangladesh - Dhaka|349|5|23.796374|90.424614|050DK1010001,2026-07-18T03:21:08+00:00,16d1972c1ca1fcef0a2c0fbb8669ea9632d304ae884b0afa9de798cd7a30aa5a
2019-02-16,DK1010001,Dhaka,PM2.5-24hr,UG/M3,260.8,24,U.S. Department of State Bangladesh - Dhaka,311,5,23.796374,90.424614,050DK1010001,https://files.airnowtech.org/airnow/2019/20190216/daily_data_v2.dat,02/16/19|DK1010001|Dhaka|PM2.5-24hr|UG/M3|260.8|24|U.S. Department of State Bangladesh - Dhaka|311|5|23.796374|90.424614|050DK1010001,2026-07-18T03:21:08+00:00,a54bb505d15f9ae65499d9c20a7bfa83e11e7213010d10a73335b3bb35a68a5e
2019-02-17,DK1010001,Dhaka,PM2.5-24hr,UG/M3,155.1,24,U.S. Department of State Bangladesh - Dhaka,206,4,23.796374,90.424614,050DK1010001,https://files.airnowtech.org/airnow/2019/20190217/daily_data_v2.dat,02/17/19|DK1010001|Dhaka|PM2.5-24hr|UG/M3|155.1|24|U.S. Department of State Bangladesh - Dhaka|206|4|23.796374|90.424614|050DK1010001,2026-07-18T03:21:08+00:00,5ed57b7cec7b787deb84143077db9c24c326fe7d7c61ff5825eda3136de735d8
2019-02-18,DK1010001,Dhaka,PM2.5-24hr,UG/M3,241.2,24,U.S. Department of State Bangladesh - Dhaka,291,4,23.796374,90.424614,050DK1010001,https://files.airnowtech.org/airnow/2019/20190218/daily_data_v2.dat,02/18/19|DK1010001|Dhaka|PM2.5-24hr|UG/M3|241.2|24|U.S. Department of State Bangladesh - Dhaka|291|4|23.796374|90.424614|050DK1010001,2026-07-18T03:21:08+00:00,76b5b1a59a6ce8cdb782aa66c2505f4518ad9bd2841430a7f899c0ba26257f07
2019-02-19,DK1010001,Dhaka,PM2.5-24hr,UG/M3,208.2,24,U.S. Department of State Bangladesh - Dhaka,258,4,23.796374,90.424614,050DK1010001,https://files.airnowtech.org/airnow/2019/20190219/daily_data_v2.dat,02/19/19|DK1010001|Dhaka|PM2.5-24hr|UG/M3|208.2|24|U.S. Department of State Bangladesh - Dhaka|258|4|23.796374|90.424614|050DK1010001,2026-07-18T03:21:08+00:00,be5af99846714e277fdcaf3335ecb3f5c2764b53b1a89c3a543063e92c7de215
2019-02-20,DK1010001,Dhaka,PM2.5-24hr,UG/M3,137.7,24,U.S. Department of State Bangladesh - Dhaka,193,3,23.796374,90.424614,050DK1010001,https://files.airnowtech.org/airnow/2019/20190220/daily_data_v2.dat,02/20/19|DK1010001|Dhaka|PM2.5-24hr|UG/M3|137.7|24|U.S. Department of State Bangladesh - Dhaka|193|3|23.796374|90.424614|050DK1010001,2026-07-18T03:21:08+00:00,64f4481b5e85184b3a4ebcd188f16eacafa4000eb830a46135e9128085f3cb83
2019-02-21,DK1010001,Dhaka,PM2.5-24hr,UG/M3,208.3,24,U.S. Department of State Bangladesh - Dhaka,258,4,23.796374,90.424614,050DK1010001,https://files.airnowtech.org/airnow/2019/20190221/daily_data_v2.dat,02/21/19|DK1010001|Dhaka|PM2.5-24hr|UG/M3|208.3|24|U.S. Department of State Bangladesh - Dhaka|258|4|23.796374|90.424614|050DK1010001,2026-07-18T03:21:08+00:00,22b4818a25f5b3361687b0b3f8739c34c7f31e76d7175b6337bd054f2ec9dff6
2019-02-22,DK1010001,Dhaka,PM2.5-24hr,UG/M3,160.9,24,U.S. Department of State Bangladesh - Dhaka,211,4,23.796374,90.424614,050DK1010001,https://files.airnowtech.org/airnow/2019/20190222/daily_data_v2.dat,02/22/19|DK1010001|Dhaka|PM2.5-24hr|UG/M3|160.9|24|U.S. Department of State Bangladesh - Dhaka|211|4|23.796374|90.424614|050DK1010001,2026-07-18T03:21:08+00:00,33a93abbec0b89f45bac3863294d6014dd9a67f8acaa1869be86f2d0b4896e62
2019-02-23,DK1010001,Dhaka,PM2.5-24hr,UG/M3,149.8,24,U.S. Department of State Bangladesh - Dhaka,200,3,23.796374,90.424614,050DK1010001,https://files.airnowtech.org/airnow/2019/20190223/daily_data_v2.dat,02/23/19|DK1010001|Dhaka|PM2.5-24hr|UG/M3|149.8|24|U.S. Department of State Bangladesh - Dhaka|200|3|23.796374|90.424614|050DK1010001,2026-07-18T03:21:08+00:00,3326cd8281973e3ba92483a27f9e7c0b13c9671d7bb2664caf6bc507dee6a015
2019-02-24,DK1010001,Dhaka,PM2.5-24hr,UG/M3,128.3,24,U.S. Department of State Bangladesh - Dhaka,189,3,23.796374,90.424614,050DK1010001,https://files.airnowtech.org/airnow/2019/20190224/daily_data_v2.dat,02/24/19|DK1010001|Dhaka|PM2.5-24hr|UG/M3|128.3|24|U.S. Department of State Bangladesh - Dhaka|189|3|23.796374|90.424614|050DK1010001,2026-07-18T03:21:08+00:00,6a6c09dde5e3b33587d70a516517589a995de5da3bf355e9749089e3c5e9b4b2
2019-02-25,DK1010001,Dhaka,PM2.5-24hr,UG/M3,106.2,24,U.S. Department of State Bangladesh - Dhaka,177,3,23.796374,90.424614,050DK1010001,https://files.airnowtech.org/airnow/2019/20190225/daily_data_v2.dat,02/25/19|DK1010001|Dhaka|PM2.5-24hr|UG/M3|106.2|24|U.S. Department of State Bangladesh - Dhaka|177|3|23.796374|90.424614|050DK1010001,2026-07-18T03:21:08+00:00,ef0d55499c6d8387c90ec55303dec64f0148f2f8f865255a56543ffc9abf8ef9
2019-02-26,DK1010001,Dhaka,PM2.5-24hr,UG/M3,81.3,24,U.S. Department of State Bangladesh - Dhaka,164,3,23.796374,90.424614,050DK1010001,https://files.airnowtech.org/airnow/2019/20190226/daily_data_v2.dat,02/26/19|DK1010001|Dhaka|PM2.5-24hr|UG/M3|81.3|24|U.S. Department of State Bangladesh - Dhaka|164|3|23.796374|90.424614|050DK1010001,2026-07-18T03:21:08+00:00,0369060b6e46fb47b23e80f671823ccfdfb5a8a2e7806a8000ad012e2864018b
2019-02-27,DK1010001,Dhaka,PM2.5-24hr,UG/M3,49.3,24,U.S. Department of State Bangladesh - Dhaka,135,2,23.796374,90.424614,050DK1010001,https://files.airnowtech.org/airnow/2019/20190227/daily_data_v2.dat,02/27/19|DK1010001|Dhaka|PM2.5-24hr|UG/M3|49.3|24|U.S. Department of State Bangladesh - Dhaka|135|2|23.796374|90.424614|050DK1010001,2026-07-18T03:21:08+00:00,2ff19005ec76827d191205041fb171cbce6b1e35c0f7362c0f0d209cc76a3c0a
2019-02-28,DK1010001,Dhaka,PM2.5-24hr,UG/M3,58.0,24,U.S. Department of State Bangladesh - Dhaka,152,3,23.796374,90.424614,050DK1010001,https://files.airnowtech.org/airnow/2019/20190228/daily_data_v2.dat,02/28/19|DK1010001|Dhaka|PM2.5-24hr|UG/M3|58|24|U.S. Department of State Bangladesh - Dhaka|152|3|23.796374|90.424614|050DK1010001,2026-07-18T03:21:08+00:00,5a1f8525da3ef05466c2ad1bcfa037841b393a865d185e655affb8b73012cc54
2019-03-01,DK1010001,Dhaka,PM2.5-24hr,UG/M3,101.5,24,U.S. Department of State Bangladesh - Dhaka,175,3,23.796374,90.424614,050DK1010001,https://files.airnowtech.org/airnow/2019/20190301/daily_data_v2.dat,03/01/19|DK1010001|Dhaka|PM2.5-24hr|UG/M3|101.5|24|U.S. Department of State Bangladesh - Dhaka|175|3|23.796374|90.424614|050DK1010001,2026-07-18T03:21:08+00:00,5214e3e37771cb19957dd2c7e526f324e49d5cc6f7de78a7130e02559795a53e
2019-03-02,DK1010001,Dhaka,PM2.5-24hr,UG/M3,90.5,24,U.S. Department of State Bangladesh - Dhaka,169,3,23.796374,90.424614,050DK1010001,https://files.airnowtech.org/airnow/2019/20190302/daily_data_v2.dat,03/02/19|DK1010001|Dhaka|PM2.5-24hr|UG/M3|90.5|24|U.S. Department of State Bangladesh - Dhaka|169|3|23.796374|90.424614|050DK1010001,2026-07-18T03:21:08+00:00,5e70e89ceada19ebf7f05aef260c4bc6be2ee3b8651e6f81e77431f48c949751
2019-03-03,DK1010001,Dhaka,PM2.5-24hr,UG/M3,138.6,24,U.S. Department of State Bangladesh - Dhaka,194,3,23.796374,90.424614,050DK1010001,https://files.airnowtech.org/airnow/2019/20190303/daily_data_v2.dat,03/03/19|DK1010001|Dhaka|PM2.5-24hr|UG/M3|138.6|24|U.S. Department of State Bangladesh - Dhaka|194|3|23.796374|90.424614|050DK1010001,2026-07-18T03:21:08+00:00,182b5a42d52537acd1737f79d1d9e8c6d3215caee1f1211161d8a750292fea67
2019-03-04,DK1010001,Dhaka,PM2.5-24hr,UG/M3,240.7,24,U.S. Department of State Bangladesh - Dhaka,290,4,23.796374,90.424614,050DK1010001,https://files.airnowtech.org/airnow/2019/20190304/daily_data_v2.dat,03/04/19|DK1010001|Dhaka|PM2.5-24hr|UG/M3|240.7|24|U.S. Department of State Bangladesh - Dhaka|290|4|23.796374|90.424614|050DK1010001,2026-07-18T03:21:08+00:00,cd2c14201621ccb911865abe94d0775d7beda784383f05caedc5667b26ab48ce
2019-03-05,DK1010001,Dhaka,PM2.5-24hr,UG/M3,106.3,24,U.S. Department of State Bangladesh - Dhaka,177,3,23.796374,90.424614,050DK1010001,https://files.airnowtech.org/airnow/2019/20190305/daily_data_v2.dat,03/05/19|DK1010001|Dhaka|PM2.5-24hr|UG/M3|106.3|24|U.S. Department of State Bangladesh - Dhaka|177|3|23.796374|90.424614|050DK1010001,2026-07-18T03:21:08+00:00,3f232761fe0debcd199285be167cdfe3839d95de45a52d45df41c0d536910136
2019-03-06,DK1010001,Dhaka,PM2.5-24hr,UG/M3,117.4,24,U.S. Department of State Bangladesh - Dhaka,183,3,23.796374,90.424614,050DK1010001,https://files.airnowtech.org/airnow/2019/20190306/daily_data_v2.dat,03/06/19|DK1010001|Dhaka|PM2.5-24hr|UG/M3|117.4|24|U.S. Department of State Bangladesh - Dhaka|183|3|23.796374|90.424614|050DK1010001,2026-07-18T03:21:08+00:00,daaa438962f17b9fc28f52dd6d43c13a185dc409e1d21cf76a7008dd6f704ddb
2019-03-07,DK1010001,Dhaka,PM2.5-24hr,UG/M3,123.0,24,U.S. Department of State Bangladesh - Dhaka,186,3,23.796374,90.424614,050DK1010001,https://files.airnowtech.org/airnow/2019/20190307/daily_data_v2.dat,03/07/19|DK1010001|Dhaka|PM2.5-24hr|UG/M3|123|24|U.S. Department of State Bangladesh - Dhaka|186|3|23.796374|90.424614|050DK1010001,2026-07-18T03:21:08+00:00,20c2aa8feba4dc133589026b995eb63846b3f1ae54e2b37d23ce1dea6a832a70
2019-03-08,DK1010001,Dhaka,PM2.5-24hr,UG/M3,112.4,24,U.S. Department of State Bangladesh - Dhaka,180,3,23.796374,90.424614,050DK1010001,https://files.airnowtech.org/airnow/2019/20190308/daily_data_v2.dat,03/08/19|DK1010001|Dhaka|PM2.5-24hr|UG/M3|112.4|24|U.S. Department of State Bangladesh - Dhaka|180|3|23.796374|90.424614|050DK1010001,2026-07-18T03:21:08+00:00,c3704efab5c7c526e152cfd4ab8192f35695ba661d5f9006edcc664dd8171a07
2019-03-09,DK1010001,Dhaka,PM2.5-24hr,UG/M3,177.1,24,U.S. Department of State Bangladesh - Dhaka,227,4,23.796374,90.424614,050DK1010001,https://files.airnowtech.org/airnow/2019/20190309/daily_data_v2.dat,03/09/19|DK1010001|Dhaka|PM2.5-24hr|UG/M3|177.1|24|U.S. Department of State Bangladesh - Dhaka|227|4|23.796374|90.424614|050DK1010001,2026-07-18T03:21:08+00:00,0e401561c6598d2749db8cdd7867c326358c892e281b2d3a7e1e797cfdf8782a
2019-03-10,DK1010001,Dhaka,PM2.5-24hr,UG/M3,181.6,24,U.S. Department of State Bangladesh - Dhaka,232,4,23.796374,90.424614,050DK1010001,https://files.airnowtech.org/airnow/2019/20190310/daily_data_v2.dat,03/10/19|DK1010001|Dhaka|PM2.5-24hr|UG/M3|181.6|24|U.S. Department of State Bangladesh - Dhaka|232|4|23.796374|90.424614|050DK1010001,2026-07-18T03:21:08+00:00,1b07e5e4cc9f96dd5dbdda544468988f7279f8e784e303418ae61d0dc3b67865
2019-03-11,DK1010001,Dhaka,PM2.5-24hr,UG/M3,124.5,24,U.S. Department of State Bangladesh - Dhaka,187,3,23.796374,90.424614,050DK1010001,https://files.airnowtech.org/airnow/2019/20190311/daily_data_v2.dat,03/11/19|DK1010001|Dhaka|PM2.5-24hr|UG/M3|124.5|24|U.S. Department of State Bangladesh - Dhaka|187|3|23.796374|90.424614|050DK1010001,2026-07-18T03:21:08+00:00,5e5c5fe71c712d8831cd9a8298ad47b12170b4aadb9e8f2b1c9bdddc6db9bd90
2019-03-12,DK1010001,Dhaka,PM2.5-24hr,UG/M3,81.0,24,U.S. Department of State Bangladesh - Dhaka,164,3,23.796374,90.424614,050DK1010001,https://files.airnowtech.org/airnow/2019/20190312/daily_data_v2.dat,03/12/19|DK1010001|Dhaka|PM2.5-24hr|UG/M3|81|24|U.S. Department of State Bangladesh - Dhaka|164|3|23.796374|90.424614|050DK1010001,2026-07-18T03:21:08+00:00,7167cb425bee74db1313142320fd0aee2225647ab7f97dd2596c65a2b96293b3
2019-03-13,DK1010001,Dhaka,PM2.5-24hr,UG/M3,105.0,24,U.S. Department of State Bangladesh - Dhaka,177,3,23.796374,90.424614,050DK1010001,https://files.airnowtech.org/airnow/2019/20190313/daily_data_v2.dat,03/13/19|DK1010001|Dhaka|PM2.5-24hr|UG/M3|105|24|U.S. Department of State Bangladesh - Dhaka|177|3|23.796374|90.424614|050DK1010001,2026-07-18T03:21:08+00:00,e0224199e3937d7b12be153a1c2e96a9652f75d3f1403f0cb97a252aa3f2178f
2019-03-14,DK1010001,Dhaka,PM2.5-24hr,UG/M3,119.7,24,U.S. Department of State Bangladesh - Dhaka,184,3,23.796374,90.424614,050DK1010001,https://files.airnowtech.org/airnow/2019/20190314/daily_data_v2.dat,03/14/19|DK1010001|Dhaka|PM2.5-24hr|UG/M3|119.7|24|U.S. Department of State Bangladesh - Dhaka|184|3|23.796374|90.424614|050DK1010001,2026-07-18T03:21:11+00:00,f2213cd0d3847073b335e32a1b13416bf8c18a0de4bd6154d76c6eda6daafa70
2019-03-15,DK1010001,Dhaka,PM2.5-24hr,UG/M3,130.6,24,U.S. Department of State Bangladesh - Dhaka,190,3,23.796374,90.424614,050DK1010001,https://files.airnowtech.org/airnow/2019/20190315/daily_data_v2.dat,03/15/19|DK1010001|Dhaka|PM2.5-24hr|UG/M3|130.6|24|U.S. Department of State Bangladesh - Dhaka|190|3|23.796374|90.424614|050DK1010001,2026-07-18T03:21:11+00:00,512f4c6be755b8d5b534e3e30a8192d7ffae55d13df8e362ff0caca681468e03
2019-03-16,DK1010001,Dhaka,PM2.5-24hr,UG/M3,90.2,24,U.S. Department of State Bangladesh - Dhaka,169,3,23.796374,90.424614,050DK1010001,https://files.airnowtech.org/airnow/2019/20190316/daily_data_v2.dat,03/16/19|DK1010001|Dhaka|PM2.5-24hr|UG/M3|90.2|24|U.S. Department of State Bangladesh - Dhaka|169|3|23.796374|90.424614|050DK1010001,2026-07-18T03:21:11+00:00,292230b1b0eb8093fac3210405ee2d86dc0967abc7d5c63f7e725083754a7314
2019-03-17,DK1010001,Dhaka,PM2.5-24hr,UG/M3,115.2,24,U.S. Department of State Bangladesh - Dhaka,182,3,23.796374,90.424614,050DK1010001,https://files.airnowtech.org/airnow/2019/20190317/daily_data_v2.dat,03/17/19|DK1010001|Dhaka|PM2.5-24hr|UG/M3|115.2|24|U.S. Department of State Bangladesh - Dhaka|182|3|23.796374|90.424614|050DK1010001,2026-07-18T03:21:11+00:00,e4740a75f532e830f5c83ac8165c8ba914258dada57f3c3c03c9a8f90b2edf92
2019-03-18,DK1010001,Dhaka,PM2.5-24hr,UG/M3,80.9,24,U.S. Department of State Bangladesh - Dhaka,164,3,23.796374,90.424614,050DK1010001,https://files.airnowtech.org/airnow/2019/20190318/daily_data_v2.dat,03/18/19|DK1010001|Dhaka|PM2.5-24hr|UG/M3|80.9|24|U.S. Department of State Bangladesh - Dhaka|164|3|23.796374|90.424614|050DK1010001,2026-07-18T03:21:11+00:00,6bf3cb11536993703d6fd2676ea12b3e6570941d5b75259e9fdb69e142e3e751
2019-03-19,DK1010001,Dhaka,PM2.5-24hr,UG/M3,91.7,24,U.S. Department of State Bangladesh - Dhaka,170,3,23.796374,90.424614,050DK1010001,https://files.airnowtech.org/airnow/2019/20190319/daily_data_v2.dat,03/19/19|DK1010001|Dhaka|PM2.5-24hr|UG/M3|91.7|24|U.S. Department of State Bangladesh - Dhaka|170|3|23.796374|90.424614|050DK1010001,2026-07-18T03:21:11+00:00,1aba28b945b7520513aa5f3145ee319d96336b66307fab321a47d93e8c54bb69
2019-03-20,DK1010001,Dhaka,PM2.5-24hr,UG/M3,94.2,24,U.S. Department of State Bangladesh - Dhaka,171,3,23.796374,90.424614,050DK1010001,https://files.airnowtech.org/airnow/2019/20190320/daily_data_v2.dat,03/20/19|DK1010001|Dhaka|PM2.5-24hr|UG/M3|94.2|24|U.S. Department of State Bangladesh - Dhaka|171|3|23.796374|90.424614|050DK1010001,2026-07-18T03:21:11+00:00,44943b605276c01eab883d9e62d46bd88b980b6ed96e8a99349d540cea116b2e
2019-03-21,DK1010001,Dhaka,PM2.5-24hr,UG/M3,81.2,24,U.S. Department of State Bangladesh - Dhaka,164,3,23.796374,90.424614,050DK1010001,https://files.airnowtech.org/airnow/2019/20190321/daily_data_v2.dat,03/21/19|DK1010001|Dhaka|PM2.5-24hr|UG/M3|81.2|24|U.S. Department of State Bangladesh - Dhaka|164|3|23.796374|90.424614|050DK1010001,2026-07-18T03:21:11+00:00,523a0771df40652ab3176babc76ded41487f9e12c37352844743e372591f6d21
2019-03-22,DK1010001,Dhaka,PM2.5-24hr,UG/M3,154.2,24,U.S. Department of State Bangladesh - Dhaka,205,4,23.796374,90.424614,050DK1010001,https://files.airnowtech.org/airnow/2019/20190322/daily_data_v2.dat,03/22/19|DK1010001|Dhaka|PM2.5-24hr|UG/M3|154.2|24|U.S. Department of State Bangladesh - Dhaka|205|4|23.796374|90.424614|050DK1010001,2026-07-18T03:21:11+00:00,6536183f1eb8405f4076f3e1bda8ad7024b7f57b1bd95e4e61cc2121a7113935
2019-03-23,DK1010001,Dhaka,PM2.5-24hr,UG/M3,99.8,24,U.S. Department of State Bangladesh - Dhaka,174,3,23.796374,90.424614,050DK1010001,https://files.airnowtech.org/airnow/2019/20190323/daily_data_v2.dat,03/23/19|DK1010001|Dhaka|PM2.5-24hr|UG/M3|99.8|24|U.S. Department of State Bangladesh - Dhaka|174|3|23.796374|90.424614|050DK1010001,2026-07-18T03:21:11+00:00,686ac30112acf1e7f4820a3665315c2f287a8398af68a0dc7c05707fca88a1d6
2019-03-24,DK1010001,Dhaka,PM2.5-24hr,UG/M3,194.0,24,U.S. Department of State Bangladesh - Dhaka,244,4,23.796374,90.424614,050DK1010001,https://files.airnowtech.org/airnow/2019/20190324/daily_data_v2.dat,03/24/19|DK1010001|Dhaka|PM2.5-24hr|UG/M3|194|24|U.S. Department of State Bangladesh - Dhaka|244|4|23.796374|90.424614|050DK1010001,2026-07-18T03:21:11+00:00,aa036647ba7aab158675f7052361bc7baff12e60b0646a56011838b9b8a332c3
2019-03-25,DK1010001,Dhaka,PM2.5-24hr,UG/M3,153.1,24,U.S. Department of State Bangladesh - Dhaka,204,4,23.796374,90.424614,050DK1010001,https://files.airnowtech.org/airnow/2019/20190325/daily_data_v2.dat,03/25/19|DK1010001|Dhaka|PM2.5-24hr|UG/M3|153.1|24|U.S. Department of State Bangladesh - Dhaka|204|4|23.796374|90.424614|050DK1010001,2026-07-18T03:21:11+00:00,f576b471761ddb54139f42597eebd82420079109e611fdcdca910dfadd6591b6
2019-03-26,DK1010001,Dhaka,PM2.5-24hr,UG/M3,184.6,24,U.S. Department of State Bangladesh - Dhaka,235,4,23.796374,90.424614,050DK1010001,https://files.airnowtech.org/airnow/2019/20190326/daily_data_v2.dat,03/26/19|DK1010001|Dhaka|PM2.5-24hr|UG/M3|184.6|24|U.S. Department of State Bangladesh - Dhaka|235|4|23.796374|90.424614|050DK1010001,2026-07-18T03:21:11+00:00,bb924bcae6b61ebc444a8260575c91a24c3afbfe95f841cf3d85e161eed851e5
2019-03-27,DK1010001,Dhaka,PM2.5-24hr,UG/M3,115.6,24,U.S. Department of State Bangladesh - Dhaka,182,3,23.796374,90.424614,050DK1010001,https://files.airnowtech.org/airnow/2019/20190327/daily_data_v2.dat,03/27/19|DK1010001|Dhaka|PM2.5-24hr|UG/M3|115.6|24|U.S. Department of State Bangladesh - Dhaka|182|3|23.796374|90.424614|050DK1010001,2026-07-18T03:21:11+00:00,0abec61089b36ce9f3d4873575249302c434cbc2d076c85cffcb54e43789dfbf
2019-03-28,DK1010001,Dhaka,PM2.5-24hr,UG/M3,86.6,24,U.S. Department of State Bangladesh - Dhaka,167,3,23.796374,90.424614,050DK1010001,https://files.airnowtech.org/airnow/2019/20190328/daily_data_v2.dat,03/28/19|DK1010001|Dhaka|PM2.5-24hr|UG/M3|86.6|24|U.S. Department of State Bangladesh - Dhaka|167|3|23.796374|90.424614|050DK1010001,2026-07-18T03:21:11+00:00,335ffd4c9b08ba2f0e1dc6bb8bad7c345698a15d506c707bb22074a19c1b879f
2019-03-29,DK1010001,Dhaka,PM2.5-24hr,UG/M3,167.9,24,U.S. Department of State Bangladesh - Dhaka,218,4,23.796374,90.424614,050DK1010001,https://files.airnowtech.org/airnow/2019/20190329/daily_data_v2.dat,03/29/19|DK1010001|Dhaka|PM2.5-24hr|UG/M3|167.9|24|U.S. Department of State Bangladesh - Dhaka|218|4|23.796374|90.424614|050DK1010001,2026-07-18T03:21:11+00:00,b958407dd6506ba82cf54d2533f66b235ee131da93107259142b8903b448182a
2019-03-30,DK1010001,Dhaka,PM2.5-24hr,UG/M3,82.4,24,U.S. Department of State Bangladesh - Dhaka,165,3,23.796374,90.424614,050DK1010001,https://files.airnowtech.org/airnow/2019/20190330/daily_data_v2.dat,03/30/19|DK1010001|Dhaka|PM2.5-24hr|UG/M3|82.4|24|U.S. Department of State Bangladesh - Dhaka|165|3|23.796374|90.424614|050DK1010001,2026-07-18T03:21:11+00:00,ee5ec97e5c611f14fc4b089d94160a0646991d18144fc8967a0fadae67228d24
2019-03-31,DK1010001,Dhaka,PM2.5-24hr,UG/M3,49.1,24,U.S. Department of State Bangladesh - Dhaka,134,2,23.796374,90.424614,050DK1010001,https://files.airnowtech.org/airnow/2019/20190331/daily_data_v2.dat,03/31/19|DK1010001|Dhaka|PM2.5-24hr|UG/M3|49.1|24|U.S. Department of State Bangladesh - Dhaka|134|2|23.796374|90.424614|050DK1010001,2026-07-18T03:21:11+00:00,722e071c2506087d997536a431d98b2cd66318275e0e5ba35ecd7c020a0e3819
2019-04-01,DK1010001,Dhaka,PM2.5-24hr,UG/M3,49.7,24,U.S. Department of State Bangladesh - Dhaka,136,2,23.796374,90.424614,050DK1010001,https://files.airnowtech.org/airnow/2019/20190401/daily_data_v2.dat,04/01/19|DK1010001|Dhaka|PM2.5-24hr|UG/M3|49.7|24|U.S. Department of State Bangladesh - Dhaka|136|2|23.796374|90.424614|050DK1010001,2026-07-18T03:21:11+00:00,cbe08e2c6357887609ea8354d776a3bd0b128f3218b4f859835a152a36e2a2b0
2019-04-02,DK1010001,Dhaka,PM2.5-24hr,UG/M3,60.9,24,U.S. Department of State Bangladesh - Dhaka,154,3,23.796374,90.424614,050DK1010001,https://files.airnowtech.org/airnow/2019/20190402/daily_data_v2.dat,04/02/19|DK1010001|Dhaka|PM2.5-24hr|UG/M3|60.9|24|U.S. Department of State Bangladesh - Dhaka|154|3|23.796374|90.424614|050DK1010001,2026-07-18T03:21:11+00:00,7099a35377340113dfef1cd478dee5eccb7edbe33d0457cbbb1ef451332c52c1
2019-04-03,DK1010001,Dhaka,PM2.5-24hr,UG/M3,57.2,24,U.S. Department of State Bangladesh - Dhaka,152,3,23.796374,90.424614,050DK1010001,https://files.airnowtech.org/airnow/2019/20190403/daily_data_v2.dat,04/03/19|DK1010001|Dhaka|PM2.5-24hr|UG/M3|57.2|24|U.S. Department of State Bangladesh - Dhaka|152|3|23.796374|90.424614|050DK1010001,2026-07-18T03:21:11+00:00,17b2c16f9c0b697e232092f2d06dbfb14b0629973bf0abda627e4561af7ba0e5
2019-04-04,DK1010001,Dhaka,PM2.5-24hr,UG/M3,127.9,24,U.S. Department of State Bangladesh - Dhaka,188,3,23.796374,90.424614,050DK1010001,https://files.airnowtech.org/airnow/2019/20190404/daily_data_v2.dat,04/04/19|DK1010001|Dhaka|PM2.5-24hr|UG/M3|127.9|24|U.S. Department of State Bangladesh - Dhaka|188|3|23.796374|90.424614|050DK1010001,2026-07-18T03:21:11+00:00,8368db3e9d73577224c58781a3ef7f5f8cadca7d16bf304bef0afa88ce52c4c1
2019-04-05,DK1010001,Dhaka,PM2.5-24hr,UG/M3,80.0,24,U.S. Department of State Bangladesh - Dhaka,164,3,23.796374,90.424614,050DK1010001,https://files.airnowtech.org/airnow/2019/20190405/daily_data_v2.dat,04/05/19|DK1010001|Dhaka|PM2.5-24hr|UG/M3|80|24|U.S. Department of State Bangladesh - Dhaka|164|3|23.796374|90.424614|050DK1010001,2026-07-18T03:21:11+00:00,c9d5dcbd52b696707146a1bf18cc9467fae6e3465ff31c67a2875df3db77d4c8
2019-04-06,DK1010001,Dhaka,PM2.5-24hr,UG/M3,47.4,24,U.S. Department of State Bangladesh - Dhaka,130,2,23.796374,90.424614,050DK1010001,https://files.airnowtech.org/airnow/2019/20190406/daily_data_v2.dat,04/06/19|DK1010001|Dhaka|PM2.5-24hr|UG/M3|47.4|24|U.S. Department of State Bangladesh - Dhaka|130|2|23.796374|90.424614|050DK1010001,2026-07-18T03:21:11+00:00,2c58fec60d4908059b9715a6cb9aaca53d2e09fa816ac867bde31eb50c658c81
2019-04-07,DK1010001,Dhaka,PM2.5-24hr,UG/M3,72.3,24,U.S. Department of State Bangladesh - Dhaka,160,3,23.796374,90.424614,050DK1010001,https://files.airnowtech.org/airnow/2019/20190407/daily_data_v2.dat,04/07/19|DK1010001|Dhaka|PM2.5-24hr|UG/M3|72.3|24|U.S. Department of State Bangladesh - Dhaka|160|3|23.796374|90.424614|050DK1010001,2026-07-18T03:21:11+00:00,5c9302766736e428c957d4b61753207da936a2b40a8a78ceb23bcef472912d7c
2019-04-08,DK1010001,Dhaka,PM2.5-24hr,UG/M3,76.2,24,U.S. Department of State Bangladesh - Dhaka,162,3,23.796374,90.424614,050DK1010001,https://files.airnowtech.org/airnow/2019/20190408/daily_data_v2.dat,04/08/19|DK1010001|Dhaka|PM2.5-24hr|UG/M3|76.2|24|U.S. Department of State Bangladesh - Dhaka|162|3|23.796374|90.424614|050DK1010001,2026-07-18T03:21:11+00:00,6e3df418fb550edc2e87d1a7b40577dc3709fe5efca26e9b4f2c084d38b49b89
2019-04-09,DK1010001,Dhaka,PM2.5-24hr,UG/M3,36.8,24,U.S. Department of State Bangladesh - Dhaka,104,2,23.796374,90.424614,050DK1010001,https://files.airnowtech.org/airnow/2019/20190409/daily_data_v2.dat,04/09/19|DK1010001|Dhaka|PM2.5-24hr|UG/M3|36.8|24|U.S. Department of State Bangladesh - Dhaka|104|2|23.796374|90.424614|050DK1010001,2026-07-18T03:21:11+00:00,2fd15365a9d65d36b7f62009169437fe0352f7273a2081cb6bb8ed0e33fb7724
2019-04-10,DK1010001,Dhaka,PM2.5-24hr,UG/M3,49.7,24,U.S. Department of State Bangladesh - Dhaka,136,2,23.796374,90.424614,050DK1010001,https://files.airnowtech.org/airnow/2019/20190410/daily_data_v2.dat,04/10/19|DK1010001|Dhaka|PM2.5-24hr|UG/M3|49.7|24|U.S. Department of State Bangladesh - Dhaka|136|2|23.796374|90.424614|050DK1010001,2026-07-18T03:21:11+00:00,fd7ed98a58c9c807affbc28cc58c1b6702523bdd728557276c5aa5de068489de
2019-04-11,DK1010001,Dhaka,PM2.5-24hr,UG/M3,104.9,24,U.S. Department of State Bangladesh - Dhaka,177,3,23.796374,90.424614,050DK1010001,https://files.airnowtech.org/airnow/2019/20190411/daily_data_v2.dat,04/11/19|DK1010001|Dhaka|PM2.5-24hr|UG/M3|104.9|24|U.S. Department of State Bangladesh - Dhaka|177|3|23.796374|90.424614|050DK1010001,2026-07-18T03:21:11+00:00,91730e88ddf9cef16253ccd82aa05317075fa1621bc3d09263deb90b761fb339
2019-04-12,DK1010001,Dhaka,PM2.5-24hr,UG/M3,73.8,24,U.S. Department of State Bangladesh - Dhaka,160,3,23.796374,90.424614,050DK1010001,https://files.airnowtech.org/airnow/2019/20190412/daily_data_v2.dat,04/12/19|DK1010001|Dhaka|PM2.5-24hr|UG/M3|73.8|24|U.S. Department of State Bangladesh - Dhaka|160|3|23.796374|90.424614|050DK1010001,2026-07-18T03:21:11+00:00,2e33f8ba424ab06035532723467bb03d14fbc1f967de9da296ed9baf8ee18179
2019-04-13,DK1010001,Dhaka,PM2.5-24hr,UG/M3,86.6,24,U.S. Department of State Bangladesh - Dhaka,167,3,23.796374,90.424614,050DK1010001,https://files.airnowtech.org/airnow/2019/20190413/daily_data_v2.dat,04/13/19|DK1010001|Dhaka|PM2.5-24hr|UG/M3|86.6|24|U.S. Department of State Bangladesh - Dhaka|167|3|23.796374|90.424614|050DK1010001,2026-07-18T03:21:11+00:00,f5e1d65ef103145cc6300ffacf411317c12ccee10933b2bfdde5c978a98dfff4
2019-04-14,DK1010001,Dhaka,PM2.5-24hr,UG/M3,89.5,24,U.S. Department of State Bangladesh - Dhaka,169,3,23.796374,90.424614,050DK1010001,https://files.airnowtech.org/airnow/2019/20190414/daily_data_v2.dat,04/14/19|DK1010001|Dhaka|PM2.5-24hr|UG/M3|89.5|24|U.S. Department of State Bangladesh - Dhaka|169|3|23.796374|90.424614|050DK1010001,2026-07-18T03:21:11+00:00,d609819d376d84d034568d198b2d1b75b966e6b4eaa6fb6c7ec7e173d8c7f741
2019-04-15,DK1010001,Dhaka,PM2.5-24hr,UG/M3,44.5,24,U.S. Department of State Bangladesh - Dhaka,123,2,23.796374,90.424614,050DK1010001,https://files.airnowtech.org/airnow/2019/20190415/daily_data_v2.dat,04/15/19|DK1010001|Dhaka|PM2.5-24hr|UG/M3|44.5|24|U.S. Department of State Bangladesh - Dhaka|123|2|23.796374|90.424614|050DK1010001,2026-07-18T03:21:11+00:00,90877c887296328b5747234361aae86710e4f54e76924467939e144432525fae
2019-04-16,DK1010001,Dhaka,PM2.5-24hr,UG/M3,50.5,24,U.S. Department of State Bangladesh - Dhaka,138,2,23.796374,90.424614,050DK1010001,https://files.airnowtech.org/airnow/2019/20190416/daily_data_v2.dat,04/16/19|DK1010001|Dhaka|PM2.5-24hr|UG/M3|50.5|24|U.S. Department of State Bangladesh - Dhaka|138|2|23.796374|90.424614|050DK1010001,2026-07-18T03:21:11+00:00,20e5630f5d32e11baeba060f0877ec20673e8fe151b6984dff544ac4f7f84c09
2019-04-17,DK1010001,Dhaka,PM2.5-24hr,UG/M3,61.5,24,U.S. Department of State Bangladesh - Dhaka,154,3,23.796374,90.424614,050DK1010001,https://files.airnowtech.org/airnow/2019/20190417/daily_data_v2.dat,04/17/19|DK1010001|Dhaka|PM2.5-24hr|UG/M3|61.5|24|U.S. Department of State Bangladesh - Dhaka|154|3|23.796374|90.424614|050DK1010001,2026-07-18T03:21:11+00:00,2329fe851f08b95468c2d4a46ff77b75b8e692f9d343567a676c81ab46d76998
2019-04-18,DK1010001,Dhaka,PM2.5-24hr,UG/M3,81.8,24,U.S. Department of State Bangladesh - Dhaka,165,3,23.796374,90.424614,050DK1010001,https://files.airnowtech.org/airnow/2019/20190418/daily_data_v2.dat,04/18/19|DK1010001|Dhaka|PM2.5-24hr|UG/M3|81.8|24|U.S. Department of State Bangladesh - Dhaka|165|3|23.796374|90.424614|050DK1010001,2026-07-18T03:21:11+00:00,84feed31f97efafba6d47e8314c9ae1219f96d48d6c8dcc94fef437fdbaa84d7
2019-04-19,DK1010001,Dhaka,PM2.5-24hr,UG/M3,121.5,24,U.S. Department of State Bangladesh - Dhaka,185,3,23.796374,90.424614,050DK1010001,https://files.airnowtech.org/airnow/2019/20190419/daily_data_v2.dat,04/19/19|DK1010001|Dhaka|PM2.5-24hr|UG/M3|121.5|24|U.S. Department of State Bangladesh - Dhaka|185|3|23.796374|90.424614|050DK1010001,2026-07-18T03:21:11+00:00,aa3549ede1263a372a0fedce5ad3ba05003c98e7e0720ae90a9aa0fa232cc458
2019-04-20,DK1010001,Dhaka,PM2.5-24hr,UG/M3,82.5,24,U.S. Department of State Bangladesh - Dhaka,165,3,23.796374,90.424614,050DK1010001,https://files.airnowtech.org/airnow/2019/20190420/daily_data_v2.dat,04/20/19|DK1010001|Dhaka|PM2.5-24hr|UG/M3|82.5|24|U.S. Department of State Bangladesh - Dhaka|165|3|23.796374|90.424614|050DK1010001,2026-07-18T03:21:11+00:00,845892cec60a2c07beecf9e767c0d972d7c1d2fee10b7aa4eabf56b2422d4d65
2019-04-21,DK1010001,Dhaka,PM2.5-24hr,UG/M3,72.9,24,U.S. Department of State Bangladesh - Dhaka,160,3,23.796374,90.424614,050DK1010001,https://files.airnowtech.org/airnow/2019/20190421/daily_data_v2.dat,04/21/19|DK1010001|Dhaka|PM2.5-24hr|UG/M3|72.9|24|U.S. Department of State Bangladesh - Dhaka|160|3|23.796374|90.424614|050DK1010001,2026-07-18T03:21:11+00:00,9087db937ddf99e618a1424f5668ef629e681e2938486a65fb377a68f6b7a4f3
2019-04-22,DK1010001,Dhaka,PM2.5-24hr,UG/M3,58.4,24,U.S. Department of State Bangladesh - Dhaka,152,3,23.796374,90.424614,050DK1010001,https://files.airnowtech.org/airnow/2019/20190422/daily_data_v2.dat,04/22/19|DK1010001|Dhaka|PM2.5-24hr|UG/M3|58.4|24|U.S. Department of State Bangladesh - Dhaka|152|3|23.796374|90.424614|050DK1010001,2026-07-18T03:21:11+00:00,e35e0280017287ec6ce8607c90527b4a0fc07a552c5b7fb4514580921ab518ae
2019-04-23,DK1010001,Dhaka,PM2.5-24hr,UG/M3,69.7,24,U.S. Department of State Bangladesh - Dhaka,158,3,23.796374,90.424614,050DK1010001,https://files.airnowtech.org/airnow/2019/20190423/daily_data_v2.dat,04/23/19|DK1010001|Dhaka|PM2.5-24hr|UG/M3|69.7|24|U.S. Department of State Bangladesh - Dhaka|158|3|23.796374|90.424614|050DK1010001,2026-07-18T03:21:11+00:00,b234a3fc63ce2bb5c911baa48d137f0f1b6b634e51b4d1b23af28fe48de10df6
2019-04-24,DK1010001,Dhaka,PM2.5-24hr,UG/M3,128.1,24,U.S. Department of State Bangladesh - Dhaka,188,3,23.796374,90.424614,050DK1010001,https://files.airnowtech.org/airnow/2019/20190424/daily_data_v2.dat,04/24/19|DK1010001|Dhaka|PM2.5-24hr|UG/M3|128.1|24|U.S. Department of State Bangladesh - Dhaka|188|3|23.796374|90.424614|050DK1010001,2026-07-18T03:21:11+00:00,8a75676df9601e2bb227c6fd01f02f30a0a7f702c42efda0364949f0d2b47b5f
2019-04-25,DK1010001,Dhaka,PM2.5-24hr,UG/M3,81.4,24,U.S. Department of State Bangladesh - Dhaka,164,3,23.796374,90.424614,050DK1010001,https://files.airnowtech.org/airnow/2019/20190425/daily_data_v2.dat,04/25/19|DK1010001|Dhaka|PM2.5-24hr|UG/M3|81.4|24|U.S. Department of State Bangladesh - Dhaka|164|3|23.796374|90.424614|050DK1010001,2026-07-18T03:21:11+00:00,a22beabb84bb7ca1e974d333a8fc0f9b70ba0e8ae77bccc1b0a0325436eb1720
2019-04-26,DK1010001,Dhaka,PM2.5-24hr,UG/M3,50.5,24,U.S. Department of State Bangladesh - Dhaka,138,2,23.796374,90.424614,050DK1010001,https://files.airnowtech.org/airnow/2019/20190426/daily_data_v2.dat,04/26/19|DK1010001|Dhaka|PM2.5-24hr|UG/M3|50.5|24|U.S. Department of State Bangladesh - Dhaka|138|2|23.796374|90.424614|050DK1010001,2026-07-18T03:21:11+00:00,fab4eff4c4fb33f9c5f53074f4053b80f2ef4f2423d51e90dcec39888e204aeb
2019-04-27,DK1010001,Dhaka,PM2.5-24hr,UG/M3,63.7,24,U.S. Department of State Bangladesh - Dhaka,155,3,23.796374,90.424614,050DK1010001,https://files.airnowtech.org/airnow/2019/20190427/daily_data_v2.dat,04/27/19|DK1010001|Dhaka|PM2.5-24hr|UG/M3|63.7|24|U.S. Department of State Bangladesh - Dhaka|155|3|23.796374|90.424614|050DK1010001,2026-07-18T03:21:11+00:00,88fdbf53714d5d583a27dbe10f5e19be12a673a49b9eedc441c8812a91a4c162
2019-04-28,DK1010001,Dhaka,PM2.5-24hr,UG/M3,55.2,24,U.S. Department of State Bangladesh - Dhaka,150,2,23.796374,90.424614,050DK1010001,https://files.airnowtech.org/airnow/2019/20190428/daily_data_v2.dat,04/28/19|DK1010001|Dhaka|PM2.5-24hr|UG/M3|55.2|24|U.S. Department of State Bangladesh - Dhaka|150|2|23.796374|90.424614|050DK1010001,2026-07-18T03:21:11+00:00,bdc4184619a6f7483fd3813bebd0b8954f082a767968e1c8b8fa5e0376e2a07a
2019-04-29,DK1010001,Dhaka,PM2.5-24hr,UG/M3,54.8,24,U.S. Department of State Bangladesh - Dhaka,149,2,23.796374,90.424614,050DK1010001,https://files.airnowtech.org/airnow/2019/20190429/daily_data_v2.dat,04/29/19|DK1010001|Dhaka|PM2.5-24hr|UG/M3|54.8|24|U.S. Department of State Bangladesh - Dhaka|149|2|23.796374|90.424614|050DK1010001,2026-07-18T03:21:11+00:00,fde83af65ededf7c1069177bb0201b20235a71e086a74e3942ceff639bf571c1
2019-04-30,DK1010001,Dhaka,PM2.5-24hr,UG/M3,32.6,24,U.S. Department of State Bangladesh - Dhaka,94,1,23.796374,90.424614,050DK1010001,https://files.airnowtech.org/airnow/2019/20190430/daily_data_v2.dat,04/30/19|DK1010001|Dhaka|PM2.5-24hr|UG/M3|32.6|24|U.S. Department of State Bangladesh - Dhaka|94|1|23.796374|90.424614|050DK1010001,2026-07-18T03:21:11+00:00,ea8e626e8b3975006e0b4121a7eec4f55bc0a97ddc21b585ede3595b1f91a8ab
2019-05-01,DK1010001,Dhaka,PM2.5-24hr,UG/M3,114.3,24,U.S. Department of State Bangladesh - Dhaka,181,3,23.796374,90.424614,050DK1010001,https://files.airnowtech.org/airnow/2019/20190501/daily_data_v2.dat,05/01/19|DK1010001|Dhaka|PM2.5-24hr|UG/M3|114.3|24|U.S. Department of State Bangladesh - Dhaka|181|3|23.796374|90.424614|050DK1010001,2026-07-18T03:21:11+00:00,dba377ee770149851c1848c293bad95c1401c766bc8ee8e45b52de2b869fb266
2019-05-02,DK1010001,Dhaka,PM2.5-24hr,UG/M3,136.2,24,U.S. Department of State Bangladesh - Dhaka,193,3,23.796374,90.424614,050DK1010001,https://files.airnowtech.org/airnow/2019/20190502/daily_data_v2.dat,05/02/19|DK1010001|Dhaka|PM2.5-24hr|UG/M3|136.2|24|U.S. Department of State Bangladesh - Dhaka|193|3|23.796374|90.424614|050DK1010001,2026-07-18T03:21:11+00:00,3eece5cfcbcd8799943e868b3a31d9b0d225d3fca9de0c29062dc6fea09d0d85
2019-05-06,DK1010001,Dhaka,PM2.5-24hr,UG/M3,52.6,24,U.S. Department of State Bangladesh - Dhaka,143,2,23.796374,90.424614,050DK1010001,https://files.airnowtech.org/airnow/2019/20190506/daily_data_v2.dat,05/06/19|DK1010001|Dhaka|PM2.5-24hr|UG/M3|52.6|24|U.S. Department of State Bangladesh - Dhaka|143|2|23.796374|90.424614|050DK1010001,2026-07-18T03:21:12+00:00,8e1ee22a51bfdb6a6e03065f5cd8d6b03cc2ef47b70df97d066ab06c1d4ce593
2019-05-07,DK1010001,Dhaka,PM2.5-24hr,UG/M3,70.2,24,U.S. Department of State Bangladesh - Dhaka,159,3,23.796374,90.424614,050DK1010001,https://files.airnowtech.org/airnow/2019/20190507/daily_data_v2.dat,05/07/19|DK1010001|Dhaka|PM2.5-24hr|UG/M3|70.2|24|U.S. Department of State Bangladesh - Dhaka|159|3|23.796374|90.424614|050DK1010001,2026-07-18T03:21:12+00:00,360e20e61ac05c9f80f60e6dcb4d1bfebea7131cc1192aaf772260c2e266ca00
2019-05-08,DK1010001,Dhaka,PM2.5-24hr,UG/M3,59.5,24,U.S. Department of State Bangladesh - Dhaka,153,3,23.796374,90.424614,050DK1010001,https://files.airnowtech.org/airnow/2019/20190508/daily_data_v2.dat,05/08/19|DK1010001|Dhaka|PM2.5-24hr|UG/M3|59.5|24|U.S. Department of State Bangladesh - Dhaka|153|3|23.796374|90.424614|050DK1010001,2026-07-18T03:21:12+00:00,8d6b6d4c7a229ce39f1e0a3032cc8057efe9a1c31937df841ca56d1dcb677501
2019-05-09,DK1010001,Dhaka,PM2.5-24hr,UG/M3,56.3,24,U.S. Department of State Bangladesh - Dhaka,151,3,23.796374,90.424614,050DK1010001,https://files.airnowtech.org/airnow/2019/20190509/daily_data_v2.dat,05/09/19|DK1010001|Dhaka|PM2.5-24hr|UG/M3|56.3|24|U.S. Department of State Bangladesh - Dhaka|151|3|23.796374|90.424614|050DK1010001,2026-07-18T03:21:12+00:00,0cf70d012056680b78e455dc98910062efb678ad7e588fd7a6004a6285443327
2019-05-10,DK1010001,Dhaka,PM2.5-24hr,UG/M3,55.8,24,U.S. Department of State Bangladesh - Dhaka,151,3,23.796374,90.424614,050DK1010001,https://files.airnowtech.org/airnow/2019/20190510/daily_data_v2.dat,05/10/19|DK1010001|Dhaka|PM2.5-24hr|UG/M3|55.8|24|U.S. Department of State Bangladesh - Dhaka|151|3|23.796374|90.424614|050DK1010001,2026-07-18T03:21:12+00:00,ea720c20e2c63e1f58c8f6f7b15cb329bca0ef7061e1dd925b737bc96c977b84
2019-05-11,DK1010001,Dhaka,PM2.5-24hr,UG/M3,49.3,24,U.S. Department of State Bangladesh - Dhaka,135,2,23.796374,90.424614,050DK1010001,https://files.airnowtech.org/airnow/2019/20190511/daily_data_v2.dat,05/11/19|DK1010001|Dhaka|PM2.5-24hr|UG/M3|49.3|24|U.S. Department of State Bangladesh - Dhaka|135|2|23.796374|90.424614|050DK1010001,2026-07-18T03:21:12+00:00,64f10c5b4ab264e4c1db00724c81369ff61ec94c40bd4729f208db52387cccca
2019-05-12,DK1010001,Dhaka,PM2.5-24hr,UG/M3,45.6,24,U.S. Department of State Bangladesh - Dhaka,126,2,23.796374,90.424614,050DK1010001,https://files.airnowtech.org/airnow/2019/20190512/daily_data_v2.dat,05/12/19|DK1010001|Dhaka|PM2.5-24hr|UG/M3|45.6|24|U.S. Department of State Bangladesh - Dhaka|126|2|23.796374|90.424614|050DK1010001,2026-07-18T03:21:12+00:00,d5d82f3ff3207f5a3337e9f2221b036a5eff9527f88a83309e8d506073cb4776
2019-05-13,DK1010001,Dhaka,PM2.5-24hr,UG/M3,59.4,24,U.S. Department of State Bangladesh - Dhaka,153,3,23.796374,90.424614,050DK1010001,https://files.airnowtech.org/airnow/2019/20190513/daily_data_v2.dat,05/13/19|DK1010001|Dhaka|PM2.5-24hr|UG/M3|59.4|24|U.S. Department of State Bangladesh - Dhaka|153|3|23.796374|90.424614|050DK1010001,2026-07-18T03:21:12+00:00,8c53eac7d8915a9ab3b918ec4efdec125661e87a9b8d386c60d3b1db5afed2d9
2019-05-14,DK1010001,Dhaka,PM2.5-24hr,UG/M3,48.9,24,U.S. Department of State Bangladesh - Dhaka,134,2,23.796374,90.424614,050DK1010001,https://files.airnowtech.org/airnow/2019/20190514/daily_data_v2.dat,05/14/19|DK1010001|Dhaka|PM2.5-24hr|UG/M3|48.9|24|U.S. Department of State Bangladesh - Dhaka|134|2|23.796374|90.424614|050DK1010001,2026-07-18T03:21:12+00:00,b62ce4ed811f1772de048d356c97ce32b0ea33e636729d65c2edc9f45339f7a5
2019-05-15,DK1010001,Dhaka,PM2.5-24hr,UG/M3,53.3,24,U.S. Department of State Bangladesh - Dhaka,145,2,23.796374,90.424614,050DK1010001,https://files.airnowtech.org/airnow/2019/20190515/daily_data_v2.dat,05/15/19|DK1010001|Dhaka|PM2.5-24hr|UG/M3|53.3|24|U.S. Department of State Bangladesh - Dhaka|145|2|23.796374|90.424614|050DK1010001,2026-07-18T03:21:12+00:00,33c2f5a6ca070776d9c81259016efe827f24e09132b9e0b75a051058c0a7c850
2019-05-16,DK1010001,Dhaka,PM2.5-24hr,UG/M3,46.1,24,U.S. Department of State Bangladesh - Dhaka,127,2,23.796374,90.424614,050DK1010001,https://files.airnowtech.org/airnow/2019/20190516/daily_data_v2.dat,05/16/19|DK1010001|Dhaka|PM2.5-24hr|UG/M3|46.1|24|U.S. Department of State Bangladesh - Dhaka|127|2|23.796374|90.424614|050DK1010001,2026-07-18T03:21:12+00:00,57bf3c73013e1a0bd0a9727f92b01208855e7f7dfe2f7b10a162c8b261223431
2019-05-17,DK1010001,Dhaka,PM2.5-24hr,UG/M3,40.5,24,U.S. Department of State Bangladesh - Dhaka,113,2,23.796374,90.424614,050DK1010001,https://files.airnowtech.org/airnow/2019/20190517/daily_data_v2.dat,05/17/19|DK1010001|Dhaka|PM2.5-24hr|UG/M3|40.5|24|U.S. Department of State Bangladesh - Dhaka|113|2|23.796374|90.424614|050DK1010001,2026-07-18T03:21:12+00:00,53a602814ba95812eb9129df75e47aed03508c1ddfcca0967da1ea1c04794692
2019-05-18,DK1010001,Dhaka,PM2.5-24hr,UG/M3,67.9,24,U.S. Department of State Bangladesh - Dhaka,157,3,23.796374,90.424614,050DK1010001,https://files.airnowtech.org/airnow/2019/20190518/daily_data_v2.dat,05/18/19|DK1010001|Dhaka|PM2.5-24hr|UG/M3|67.9|24|U.S. Department of State Bangladesh - Dhaka|157|3|23.796374|90.424614|050DK1010001,2026-07-18T03:21:12+00:00,65f1365db97548e3166560a49e75b80575b23be1822f34f3d05aaaf81b0e40bf
2019-05-19,DK1010001,Dhaka,PM2.5-24hr,UG/M3,64.0,24,U.S. Department of State Bangladesh - Dhaka,155,3,23.796374,90.424614,050DK1010001,https://files.airnowtech.org/airnow/2019/20190519/daily_data_v2.dat,05/19/19|DK1010001|Dhaka|PM2.5-24hr|UG/M3|64|24|U.S. Department of State Bangladesh - Dhaka|155|3|23.796374|90.424614|050DK1010001,2026-07-18T03:21:12+00:00,48b45e58ddcf6c5c7dbb05b9bdddd5c9864f34dcccc9102bea71cb753875907f
2019-05-20,DK1010001,Dhaka,PM2.5-24hr,UG/M3,73.3,24,U.S. Department of State Bangladesh - Dhaka,160,3,23.796374,90.424614,050DK1010001,https://files.airnowtech.org/airnow/2019/20190520/daily_data_v2.dat,05/20/19|DK1010001|Dhaka|PM2.5-24hr|UG/M3|73.3|24|U.S. Department of State Bangladesh - Dhaka|160|3|23.796374|90.424614|050DK1010001,2026-07-18T03:21:12+00:00,fe73c1a7c94faaca88cfed8b1501500f9244621f493e94864d2919e2c2bb2f1a
2019-05-21,DK1010001,Dhaka,PM2.5-24hr,UG/M3,79.0,24,U.S. Department of State Bangladesh - Dhaka,163,3,23.796374,90.424614,050DK1010001,https://files.airnowtech.org/airnow/2019/20190521/daily_data_v2.dat,05/21/19|DK1010001|Dhaka|PM2.5-24hr|UG/M3|79|24|U.S. Department of State Bangladesh - Dhaka|163|3|23.796374|90.424614|050DK1010001,2026-07-18T03:21:12+00:00,0294802f8577c0c5072a0730e7607f5982564651ff926561e6dacc413db3558e
2019-05-22,DK1010001,Dhaka,PM2.5-24hr,UG/M3,42.2,24,U.S. Department of State Bangladesh - Dhaka,117,2,23.796374,90.424614,050DK1010001,https://files.airnowtech.org/airnow/2019/20190522/daily_data_v2.dat,05/22/19|DK1010001|Dhaka|PM2.5-24hr|UG/M3|42.2|24|U.S. Department of State Bangladesh - Dhaka|117|2|23.796374|90.424614|050DK1010001,2026-07-18T03:21:12+00:00,d66b13f9ca3335a9e49553a6bfbeae86c8fd5a946c87a494c5b39f271490d040
2019-05-23,DK1010001,Dhaka,PM2.5-24hr,UG/M3,38.1,24,U.S. Department of State Bangladesh - Dhaka,107,2,23.796374,90.424614,050DK1010001,https://files.airnowtech.org/airnow/2019/20190523/daily_data_v2.dat,05/23/19|DK1010001|Dhaka|PM2.5-24hr|UG/M3|38.1|24|U.S. Department of State Bangladesh - Dhaka|107|2|23.796374|90.424614|050DK1010001,2026-07-18T03:21:12+00:00,cc3adc26a44f9197f45cd13c0244ff4821b6df9b3158ee626f6065a93fb83e82
2019-05-24,DK1010001,Dhaka,PM2.5-24hr,UG/M3,31.1,24,U.S. Department of State Bangladesh - Dhaka,91,1,23.796374,90.424614,050DK1010001,https://files.airnowtech.org/airnow/2019/20190524/daily_data_v2.dat,05/24/19|DK1010001|Dhaka|PM2.5-24hr|UG/M3|31.1|24|U.S. Department of State Bangladesh - Dhaka|91|1|23.796374|90.424614|050DK1010001,2026-07-18T03:21:12+00:00,060be31108fa6c0c6448a3f839c6d9896b062ccbca0ea669f48a7250a5cfe08a
2019-05-25,DK1010001,Dhaka,PM2.5-24hr,UG/M3,37.4,24,U.S. Department of State Bangladesh - Dhaka,106,2,23.796374,90.424614,050DK1010001,https://files.airnowtech.org/airnow/2019/20190525/daily_data_v2.dat,05/25/19|DK1010001|Dhaka|PM2.5-24hr|UG/M3|37.4|24|U.S. Department of State Bangladesh - Dhaka|106|2|23.796374|90.424614|050DK1010001,2026-07-18T03:21:12+00:00,2f2ad2765443ea377238708ebf4fdbc08e785f1743a3ac5a30ef8cfa2357272e
2019-05-26,DK1010001,Dhaka,PM2.5-24hr,UG/M3,44.7,24,U.S. Department of State Bangladesh - Dhaka,124,2,23.796374,90.424614,050DK1010001,https://files.airnowtech.org/airnow/2019/20190526/daily_data_v2.dat,05/26/19|DK1010001|Dhaka|PM2.5-24hr|UG/M3|44.7|24|U.S. Department of State Bangladesh - Dhaka|124|2|23.796374|90.424614|050DK1010001,2026-07-18T03:21:12+00:00,ff64b9c2d43cb28a7a01193c02408e273176831505f525e7ae1f24e0a324d80a
2019-05-27,DK1010001,Dhaka,PM2.5-24hr,UG/M3,41.0,24,U.S. Department of State Bangladesh - Dhaka,115,2,23.796374,90.424614,050DK1010001,https://files.airnowtech.org/airnow/2019/20190527/daily_data_v2.dat,05/27/19|DK1010001|Dhaka|PM2.5-24hr|UG/M3|41|24|U.S. Department of State Bangladesh - Dhaka|115|2|23.796374|90.424614|050DK1010001,2026-07-18T03:21:12+00:00,78fb0d7c9fd15fdf1a7755b7d6a89f0908ba8b6b2ca89cd2756d8d8fa0838864
2019-05-28,DK1010001,Dhaka,PM2.5-24hr,UG/M3,60.9,24,U.S. Department of State Bangladesh - Dhaka,154,3,23.796374,90.424614,050DK1010001,https://files.airnowtech.org/airnow/2019/20190528/daily_data_v2.dat,05/28/19|DK1010001|Dhaka|PM2.5-24hr|UG/M3|60.9|24|U.S. Department of State Bangladesh - Dhaka|154|3|23.796374|90.424614|050DK1010001,2026-07-18T03:21:12+00:00,4da9611e6f95963e1070a4a8f063b28aa858625803ef9bd40fec7b010920ff68
2019-05-29,DK1010001,Dhaka,PM2.5-24hr,UG/M3,54.5,24,U.S. Department of State Bangladesh - Dhaka,148,2,23.796374,90.424614,050DK1010001,https://files.airnowtech.org/airnow/2019/20190529/daily_data_v2.dat,05/29/19|DK1010001|Dhaka|PM2.5-24hr|UG/M3|54.5|24|U.S. Department of State Bangladesh - Dhaka|148|2|23.796374|90.424614|050DK1010001,2026-07-18T03:21:12+00:00,cf9cba864b6b5a66dabcc791553bcc536589bced47a31b76b962bd81d3e12937
2019-05-30,DK1010001,Dhaka,PM2.5-24hr,UG/M3,38.5,24,U.S. Department of State Bangladesh - Dhaka,108,2,23.796374,90.424614,050DK1010001,https://files.airnowtech.org/airnow/2019/20190530/daily_data_v2.dat,05/30/19|DK1010001|Dhaka|PM2.5-24hr|UG/M3|38.5|24|U.S. Department of State Bangladesh - Dhaka|108|2|23.796374|90.424614|050DK1010001,2026-07-18T03:21:12+00:00,d61b49fdb27823494294ea7a0c9b2b3f5857748b9b27d55679601a0654ddef79
2019-05-31,DK1010001,Dhaka,PM2.5-24hr,UG/M3,39.4,24,U.S. Department of State Bangladesh - Dhaka,111,2,23.796374,90.424614,050DK1010001,https://files.airnowtech.org/airnow/2019/20190531/daily_data_v2.dat,05/31/19|DK1010001|Dhaka|PM2.5-24hr|UG/M3|39.4|24|U.S. Department of State Bangladesh - Dhaka|111|2|23.796374|90.424614|050DK1010001,2026-07-18T03:21:12+00:00,cdbbe270d34c92c77b273ed31d6f25fed01efe5cc20b830e7d41ed8d981abfcd
2019-06-01,DK1010001,Dhaka,PM2.5-24hr,UG/M3,36.9,24,U.S. Department of State Bangladesh - Dhaka,104,2,23.796374,90.424614,050DK1010001,https://files.airnowtech.org/airnow/2019/20190601/daily_data_v2.dat,06/01/19|DK1010001|Dhaka|PM2.5-24hr|UG/M3|36.9|24|U.S. Department of State Bangladesh - Dhaka|104|2|23.796374|90.424614|050DK1010001,2026-07-18T03:21:12+00:00,451e32914fb41e7185bf6655171e421048ad7a07ee7748e9d71bf34517ba02b5
2019-06-02,DK1010001,Dhaka,PM2.5-24hr,UG/M3,40.5,24,U.S. Department of State Bangladesh - Dhaka,113,2,23.796374,90.424614,050DK1010001,https://files.airnowtech.org/airnow/2019/20190602/daily_data_v2.dat,06/02/19|DK1010001|Dhaka|PM2.5-24hr|UG/M3|40.5|24|U.S. Department of State Bangladesh - Dhaka|113|2|23.796374|90.424614|050DK1010001,2026-07-18T03:21:12+00:00,d3e2a7139d4ea25a4f2668572bb290951c7c274afc65491dadabd99958a48c17
2019-06-03,DK1010001,Dhaka,PM2.5-24hr,UG/M3,28.5,24,U.S. Department of State Bangladesh - Dhaka,85,1,23.796374,90.424614,050DK1010001,https://files.airnowtech.org/airnow/2019/20190603/daily_data_v2.dat,06/03/19|DK1010001|Dhaka|PM2.5-24hr|UG/M3|28.5|24|U.S. Department of State Bangladesh - Dhaka|85|1|23.796374|90.424614|050DK1010001,2026-07-18T03:21:12+00:00,996cdafffc0cd70cc531ff9230da069549cc35380ba8f10bca12c29a03650bf7
2019-06-04,DK1010001,Dhaka,PM2.5-24hr,UG/M3,20.0,24,U.S. Department of State Bangladesh - Dhaka,68,1,23.796374,90.424614,050DK1010001,https://files.airnowtech.org/airnow/2019/20190604/daily_data_v2.dat,06/04/19|DK1010001|Dhaka|PM2.5-24hr|UG/M3|20|24|U.S. Department of State Bangladesh - Dhaka|68|1|23.796374|90.424614|050DK1010001,2026-07-18T03:21:12+00:00,64284c4c1044dad62eac564bffdc044cfd2f954fb11592e9dcd6ccb489690f52
2019-06-05,DK1010001,Dhaka,PM2.5-24hr,UG/M3,9.5,24,U.S. Department of State Bangladesh - Dhaka,40,0,23.796374,90.424614,050DK1010001,https://files.airnowtech.org/airnow/2019/20190605/daily_data_v2.dat,06/05/19|DK1010001|Dhaka|PM2.5-24hr|UG/M3|9.5|24|U.S. Department of State Bangladesh - Dhaka|40|0|23.796374|90.424614|050DK1010001,2026-07-18T03:21:12+00:00,9e6364c36d8a2e50a50e813141e2c49076197bfdd70cb12301a35efb535b34f9
2019-06-06,DK1010001,Dhaka,PM2.5-24hr,UG/M3,13.4,24,U.S. Department of State Bangladesh - Dhaka,54,1,23.796374,90.424614,050DK1010001,https://files.airnowtech.org/airnow/2019/20190606/daily_data_v2.dat,06/06/19|DK1010001|Dhaka|PM2.5-24hr|UG/M3|13.4|24|U.S. Department of State Bangladesh - Dhaka|54|1|23.796374|90.424614|050DK1010001,2026-07-18T03:21:12+00:00,290f3d1f7e62e36d27b1714586b1aec4160c92d86b1ac1b56657762fc9c0225f
2019-06-07,DK1010001,Dhaka,PM2.5-24hr,UG/M3,12.5,24,U.S. Department of State Bangladesh - Dhaka,52,1,23.796374,90.424614,050DK1010001,https://files.airnowtech.org/airnow/2019/20190607/daily_data_v2.dat,06/07/19|DK1010001|Dhaka|PM2.5-24hr|UG/M3|12.5|24|U.S. Department of State Bangladesh - Dhaka|52|1|23.796374|90.424614|050DK1010001,2026-07-18T03:21:12+00:00,bfa7578af399447dff51b73bf15f23124f06bbb1a548f90d6212c85a3e7eefb8
2019-06-08,DK1010001,Dhaka,PM2.5-24hr,UG/M3,19.2,24,U.S. Department of State Bangladesh - Dhaka,66,1,23.796374,90.424614,050DK1010001,https://files.airnowtech.org/airnow/2019/20190608/daily_data_v2.dat,06/08/19|DK1010001|Dhaka|PM2.5-24hr|UG/M3|19.2|24|U.S. Department of State Bangladesh - Dhaka|66|1|23.796374|90.424614|050DK1010001,2026-07-18T03:21:12+00:00,ca0c63346c3240da22f8f5f4624fca2f1918f4be2f0a96f60486bfb1b5ca022e
2019-06-09,DK1010001,Dhaka,PM2.5-24hr,UG/M3,24.6,24,U.S. Department of State Bangladesh - Dhaka,77,1,23.796374,90.424614,050DK1010001,https://files.airnowtech.org/airnow/2019/20190609/daily_data_v2.dat,06/09/19|DK1010001|Dhaka|PM2.5-24hr|UG/M3|24.6|24|U.S. Department of State Bangladesh - Dhaka|77|1|23.796374|90.424614|050DK1010001,2026-07-18T03:21:12+00:00,49d79e33af45d5a6cb8a86cc64fee562865214653216c71652b2446e5ad44eda
2019-06-10,DK1010001,Dhaka,PM2.5-24hr,UG/M3,31.2,24,U.S. Department of State Bangladesh - Dhaka,91,1,23.796374,90.424614,050DK1010001,https://files.airnowtech.org/airnow/2019/20190610/daily_data_v2.dat,06/10/19|DK1010001|Dhaka|PM2.5-24hr|UG/M3|31.2|24|U.S. Department of State Bangladesh - Dhaka|91|1|23.796374|90.424614|050DK1010001,2026-07-18T03:21:12+00:00,5fb969e4fc4ad8c259dfba0e14852ec5cb4141268af0dad48f61cac48955c2d8
2019-06-11,DK1010001,Dhaka,PM2.5-24hr,UG/M3,32.1,24,U.S. Department of State Bangladesh - Dhaka,93,1,23.796374,90.424614,050DK1010001,https://files.airnowtech.org/airnow/2019/20190611/daily_data_v2.dat,06/11/19|DK1010001|Dhaka|PM2.5-24hr|UG/M3|32.1|24|U.S. Department of State Bangladesh - Dhaka|93|1|23.796374|90.424614|050DK1010001,2026-07-18T03:21:12+00:00,f0f5cc12251010d5b7ae78c7eaacc03f5894ba946ec8181332be3e09c21937cc
2019-06-12,DK1010001,Dhaka,PM2.5-24hr,UG/M3,29.1,24,U.S. Department of State Bangladesh - Dhaka,87,1,23.796374,90.424614,050DK1010001,https://files.airnowtech.org/airnow/2019/20190612/daily_data_v2.dat,06/12/19|DK1010001|Dhaka|PM2.5-24hr|UG/M3|29.1|24|U.S. Department of State Bangladesh - Dhaka|87|1|23.796374|90.424614|050DK1010001,2026-07-18T03:21:12+00:00,5b3d20255ca1667e90cdfba49e2a9d2f15c0d3be400aecdf654e806f3620564c
2019-06-13,DK1010001,Dhaka,PM2.5-24hr,UG/M3,42.6,24,U.S. Department of State Bangladesh - Dhaka,118,2,23.796374,90.424614,050DK1010001,https://files.airnowtech.org/airnow/2019/20190613/daily_data_v2.dat,06/13/19|DK1010001|Dhaka|PM2.5-24hr|UG/M3|42.6|24|U.S. Department of State Bangladesh - Dhaka|118|2|23.796374|90.424614|050DK1010001,2026-07-18T03:21:12+00:00,5a49268817abebda5492914bcaf2f8a98901a3dba0069c8c86fe3f439b9b6c6c
2019-06-14,DK1010001,Dhaka,PM2.5-24hr,UG/M3,34.8,24,U.S. Department of State Bangladesh - Dhaka,99,1,23.796374,90.424614,050DK1010001,https://files.airnowtech.org/airnow/2019/20190614/daily_data_v2.dat,06/14/19|DK1010001|Dhaka|PM2.5-24hr|UG/M3|34.8|24|U.S. Department of State Bangladesh - Dhaka|99|1|23.796374|90.424614|050DK1010001,2026-07-18T03:21:12+00:00,898e7ceb5828d5d78088a968e34e44855a7f9cf5bac4fee64fa31ccf1e92e7c9
2019-06-15,DK1010001,Dhaka,PM2.5-24hr,UG/M3,44.4,24,U.S. Department of State Bangladesh - Dhaka,123,2,23.796374,90.424614,050DK1010001,https://files.airnowtech.org/airnow/2019/20190615/daily_data_v2.dat,06/15/19|DK1010001|Dhaka|PM2.5-24hr|UG/M3|44.4|24|U.S. Department of State Bangladesh - Dhaka|123|2|23.796374|90.424614|050DK1010001,2026-07-18T03:21:12+00:00,821f27a77db29c2520f2b42bd3b98e777513657ae722519c5a5634b6fc4fce08
2019-06-16,DK1010001,Dhaka,PM2.5-24hr,UG/M3,40.2,24,U.S. Department of State Bangladesh - Dhaka,113,2,23.796374,90.424614,050DK1010001,https://files.airnowtech.org/airnow/2019/20190616/daily_data_v2.dat,06/16/19|DK1010001|Dhaka|PM2.5-24hr|UG/M3|40.2|24|U.S. Department of State Bangladesh - Dhaka|113|2|23.796374|90.424614|050DK1010001,2026-07-18T03:21:12+00:00,0edc951b91cde6fc261cdc07b1156888c1e43e78ffa024a2623eda5b33179ae7
2019-06-17,DK1010001,Dhaka,PM2.5-24hr,UG/M3,32.9,24,U.S. Department of State Bangladesh - Dhaka,95,1,23.796374,90.424614,050DK1010001,https://files.airnowtech.org/airnow/2019/20190617/daily_data_v2.dat,06/17/19|DK1010001|Dhaka|PM2.5-24hr|UG/M3|32.9|24|U.S. Department of State Bangladesh - Dhaka|95|1|23.796374|90.424614|050DK1010001,2026-07-18T03:21:12+00:00,7bce62319460471df0beb28e9074f4709b84f0320eed50ffcd1978993e8a28c1
2019-06-18,DK1010001,Dhaka,PM2.5-24hr,UG/M3,51.0,24,U.S. Department of State Bangladesh - Dhaka,139,2,23.796374,90.424614,050DK1010001,https://files.airnowtech.org/airnow/2019/20190618/daily_data_v2.dat,06/18/19|DK1010001|Dhaka|PM2.5-24hr|UG/M3|51|24|U.S. Department of State Bangladesh - Dhaka|139|2|23.796374|90.424614|050DK1010001,2026-07-18T03:21:12+00:00,b7d8f81ac8d804fb79de58519687ae9c116ec89237c54080fd494d66180237f7
2019-06-19,DK1010001,Dhaka,PM2.5-24hr,UG/M3,67.0,24,U.S. Department of State Bangladesh - Dhaka,157,3,23.796374,90.424614,050DK1010001,https://files.airnowtech.org/airnow/2019/20190619/daily_data_v2.dat,06/19/19|DK1010001|Dhaka|PM2.5-24hr|UG/M3|67|24|U.S. Department of State Bangladesh - Dhaka|157|3|23.796374|90.424614|050DK1010001,2026-07-18T03:21:12+00:00,0159aed2fbb787f88177ed9a7f18a2d92c80c4c4b90b38c2fa586ed1713d8dbd
2019-06-20,DK1010001,Dhaka,PM2.5-24hr,UG/M3,48.9,24,U.S. Department of State Bangladesh - Dhaka,134,2,23.796374,90.424614,050DK1010001,https://files.airnowtech.org/airnow/2019/20190620/daily_data_v2.dat,06/20/19|DK1010001|Dhaka|PM2.5-24hr|UG/M3|48.9|24|U.S. Department of State Bangladesh - Dhaka|134|2|23.796374|90.424614|050DK1010001,2026-07-18T03:21:12+00:00,2bbd1494205c9d9d5b332dc03c4fa0f59ef43fe1c4e9ae20adbdb5b18d66c482
2019-06-21,DK1010001,Dhaka,PM2.5-24hr,UG/M3,32.3,24,U.S. Department of State Bangladesh - Dhaka,93,1,23.796374,90.424614,050DK1010001,https://files.airnowtech.org/airnow/2019/20190621/daily_data_v2.dat,06/21/19|DK1010001|Dhaka|PM2.5-24hr|UG/M3|32.3|24|U.S. Department of State Bangladesh - Dhaka|93|1|23.796374|90.424614|050DK1010001,2026-07-18T03:21:12+00:00,ca0ef87260a9eb06a78180547d19eeb655699cba51001b2596f20e5703de402b
2019-06-22,DK1010001,Dhaka,PM2.5-24hr,UG/M3,26.0,24,U.S. Department of State Bangladesh - Dhaka,80,1,23.796374,90.424614,050DK1010001,https://files.airnowtech.org/airnow/2019/20190622/daily_data_v2.dat,06/22/19|DK1010001|Dhaka|PM2.5-24hr|UG/M3|26|24|U.S. Department of State Bangladesh - Dhaka|80|1|23.796374|90.424614|050DK1010001,2026-07-18T03:21:12+00:00,874caa97f71c99678c7d763f21da941c5a98d94bc7eb03e0098fbe4b1459055a
2019-06-23,DK1010001,Dhaka,PM2.5-24hr,UG/M3,29.0,24,U.S. Department of State Bangladesh - Dhaka,87,1,23.796374,90.424614,050DK1010001,https://files.airnowtech.org/airnow/2019/20190623/daily_data_v2.dat,06/23/19|DK1010001|Dhaka|PM2.5-24hr|UG/M3|29|24|U.S. Department of State Bangladesh - Dhaka|87|1|23.796374|90.424614|050DK1010001,2026-07-18T03:21:12+00:00,91e1ebb84d6a0bac0ec014dab81950a93d8d95d0ffeea3df35c559e6b718e2ba
2019-06-24,DK1010001,Dhaka,PM2.5-24hr,UG/M3,19.6,24,U.S. Department of State Bangladesh - Dhaka,67,1,23.796374,90.424614,050DK1010001,https://files.airnowtech.org/airnow/2019/20190624/daily_data_v2.dat,06/24/19|DK1010001|Dhaka|PM2.5-24hr|UG/M3|19.6|24|U.S. Department of State Bangladesh - Dhaka|67|1|23.796374|90.424614|050DK1010001,2026-07-18T03:21:12+00:00,ad94ec83f7d11846a458a297b7fe3d6b705cb05615a0b53283ee33e4e925a4fb
2019-06-25,DK1010001,Dhaka,PM2.5-24hr,UG/M3,25.1,24,U.S. Department of State Bangladesh - Dhaka,78,1,23.796374,90.424614,050DK1010001,https://files.airnowtech.org/airnow/2019/20190625/daily_data_v2.dat,06/25/19|DK1010001|Dhaka|PM2.5-24hr|UG/M3|25.1|24|U.S. Department of State Bangladesh - Dhaka|78|1|23.796374|90.424614|050DK1010001,2026-07-18T03:21:12+00:00,b64c8b0884df8082ef10bdf99059525d32326bb0045542575ec4f49d4988ec27
2019-06-26,DK1010001,Dhaka,PM2.5-24hr,UG/M3,16.0,24,U.S. Department of State Bangladesh - Dhaka,59,1,23.796374,90.424614,050DK1010001,https://files.airnowtech.org/airnow/2019/20190626/daily_data_v2.dat,06/26/19|DK1010001|Dhaka|PM2.5-24hr|UG/M3|16|24|U.S. Department of State Bangladesh - Dhaka|59|1|23.796374|90.424614|050DK1010001,2026-07-18T03:21:12+00:00,a1b0efb560898e5a3abbd28b76b9f8663d183bb2500773b6ae02afe9dc37520d
2019-06-27,DK1010001,Dhaka,PM2.5-24hr,UG/M3,21.7,24,U.S. Department of State Bangladesh - Dhaka,71,1,23.796374,90.424614,050DK1010001,https://files.airnowtech.org/airnow/2019/20190627/daily_data_v2.dat,06/27/19|DK1010001|Dhaka|PM2.5-24hr|UG/M3|21.7|24|U.S. Department of State Bangladesh - Dhaka|71|1|23.796374|90.424614|050DK1010001,2026-07-18T03:21:12+00:00,b7575f36944805dd05f3b0b3cc50956c059a8d678a786455e0b0c468a284006b
2019-06-28,DK1010001,Dhaka,PM2.5-24hr,UG/M3,25.6,24,U.S. Department of State Bangladesh - Dhaka,79,1,23.796374,90.424614,050DK1010001,https://files.airnowtech.org/airnow/2019/20190628/daily_data_v2.dat,06/28/19|DK1010001|Dhaka|PM2.5-24hr|UG/M3|25.6|24|U.S. Department of State Bangladesh - Dhaka|79|1|23.796374|90.424614|050DK1010001,2026-07-18T03:21:12+00:00,c01bd5b4a35014e256b270655ac537ab1f199a6c436b26b65a78c0e7aece3889
2019-06-29,DK1010001,Dhaka,PM2.5-24hr,UG/M3,39.7,24,U.S. Department of State Bangladesh - Dhaka,111,2,23.796374,90.424614,050DK1010001,https://files.airnowtech.org/airnow/2019/20190629/daily_data_v2.dat,06/29/19|DK1010001|Dhaka|PM2.5-24hr|UG/M3|39.7|24|U.S. Department of State Bangladesh - Dhaka|111|2|23.796374|90.424614|050DK1010001,2026-07-18T03:21:12+00:00,234f301bde23cb8757ef4466a272d7010201a0d2655bfa1a5eee17b79424cda2
2019-06-30,DK1010001,Dhaka,PM2.5-24hr,UG/M3,40.0,24,U.S. Department of State Bangladesh - Dhaka,112,2,23.796374,90.424614,050DK1010001,https://files.airnowtech.org/airnow/2019/20190630/daily_data_v2.dat,06/30/19|DK1010001|Dhaka|PM2.5-24hr|UG/M3|40|24|U.S. Department of State Bangladesh - Dhaka|112|2|23.796374|90.424614|050DK1010001,2026-07-18T03:21:12+00:00,83fb2ad0db268a23adfdf5fc1c48b7d0ff5e002b03db21f1afab60b36fe99db6
2019-07-01,DK1010001,Dhaka,PM2.5-24hr,UG/M3,21.8,24,U.S. Department of State Bangladesh - Dhaka,71,1,23.796374,90.424614,050DK1010001,https://files.airnowtech.org/airnow/2019/20190701/daily_data_v2.dat,07/01/19|DK1010001|Dhaka|PM2.5-24hr|UG/M3|21.8|24|U.S. Department of State Bangladesh - Dhaka|71|1|23.796374|90.424614|050DK1010001,2026-07-18T03:21:12+00:00,6504edbd2a45dbb471b971392b67218a53f653522991f8eb3187ca54b6ffe964
2019-07-02,DK1010001,Dhaka,PM2.5-24hr,UG/M3,19.9,24,U.S. Department of State Bangladesh - Dhaka,67,1,23.796374,90.424614,050DK1010001,https://files.airnowtech.org/airnow/2019/20190702/daily_data_v2.dat,07/02/19|DK1010001|Dhaka|PM2.5-24hr|UG/M3|19.9|24|U.S. Department of State Bangladesh - Dhaka|67|1|23.796374|90.424614|050DK1010001,2026-07-18T03:21:12+00:00,81f49d7dcf2d58c35341100552a37ff5f585a78fe89c2084d10a1f0458e9bf2a
2019-07-03,DK1010001,Dhaka,PM2.5-24hr,UG/M3,17.5,24,U.S. Department of State Bangladesh - Dhaka,62,1,23.796374,90.424614,050DK1010001,https://files.airnowtech.org/airnow/2019/20190703/daily_data_v2.dat,07/03/19|DK1010001|Dhaka|PM2.5-24hr|UG/M3|17.5|24|U.S. Department of State Bangladesh - Dhaka|62|1|23.796374|90.424614|050DK1010001,2026-07-18T03:21:12+00:00,db2ee1fb0ad8edecb0790ab55e455aa208b15676b61dfa28eeeba5a080d41236
2019-07-04,DK1010001,Dhaka,PM2.5-24hr,UG/M3,34.1,24,U.S. Department of State Bangladesh - Dhaka,97,1,23.796374,90.424614,050DK1010001,https://files.airnowtech.org/airnow/2019/20190704/daily_data_v2.dat,07/04/19|DK1010001|Dhaka|PM2.5-24hr|UG/M3|34.1|24|U.S. Department of State Bangladesh - Dhaka|97|1|23.796374|90.424614|050DK1010001,2026-07-18T03:21:12+00:00,352ab2fa6a29b3fc39272f1ad71afcbab107bc55fb6817ee63d1fe4602e98d0f
2019-07-05,DK1010001,Dhaka,PM2.5-24hr,UG/M3,20.5,24,U.S. Department of State Bangladesh - Dhaka,69,1,23.796374,90.424614,050DK1010001,https://files.airnowtech.org/airnow/2019/20190705/daily_data_v2.dat,07/05/19|DK1010001|Dhaka|PM2.5-24hr|UG/M3|20.5|24|U.S. Department of State Bangladesh - Dhaka|69|1|23.796374|90.424614|050DK1010001,2026-07-18T03:21:12+00:00,67d37a6f0ddea74846f3257f5765d54075d660b9b0eb5699197dfc5c6c700201
2019-07-06,DK1010001,Dhaka,PM2.5-24hr,UG/M3,17.8,24,U.S. Department of State Bangladesh - Dhaka,63,1,23.796374,90.424614,050DK1010001,https://files.airnowtech.org/airnow/2019/20190706/daily_data_v2.dat,07/06/19|DK1010001|Dhaka|PM2.5-24hr|UG/M3|17.8|24|U.S. Department of State Bangladesh - Dhaka|63|1|23.796374|90.424614|050DK1010001,2026-07-18T03:21:12+00:00,8b154557f91b28108dad6b8da31cf39dfa174ce0fa3fd8d73199d1fb201f2fa0
2019-07-07,DK1010001,Dhaka,PM2.5-24hr,UG/M3,35.0,24,U.S. Department of State Bangladesh - Dhaka,99,1,23.796374,90.424614,050DK1010001,https://files.airnowtech.org/airnow/2019/20190707/daily_data_v2.dat,07/07/19|DK1010001|Dhaka|PM2.5-24hr|UG/M3|35|24|U.S. Department of State Bangladesh - Dhaka|99|1|23.796374|90.424614|050DK1010001,2026-07-18T03:21:12+00:00,c646d2328fe268ac2f575942abd116ed5b065f511a882f0f7d4a91051a4b0163
2019-07-08,DK1010001,Dhaka,PM2.5-24hr,UG/M3,30.1,24,U.S. Department of State Bangladesh - Dhaka,89,1,23.796374,90.424614,050DK1010001,https://files.airnowtech.org/airnow/2019/20190708/daily_data_v2.dat,07/08/19|DK1010001|Dhaka|PM2.5-24hr|UG/M3|30.1|24|U.S. Department of State Bangladesh - Dhaka|89|1|23.796374|90.424614|050DK1010001,2026-07-18T03:21:12+00:00,873c36098597939f25b5ad280fab5fdae4dc7963b7b8d66bea542a0a5d541033
2019-07-09,DK1010001,Dhaka,PM2.5-24hr,UG/M3,28.7,24,U.S. Department of State Bangladesh - Dhaka,86,1,23.796374,90.424614,050DK1010001,https://files.airnowtech.org/airnow/2019/20190709/daily_data_v2.dat,07/09/19|DK1010001|Dhaka|PM2.5-24hr|UG/M3|28.7|24|U.S. Department of State Bangladesh - Dhaka|86|1|23.796374|90.424614|050DK1010001,2026-07-18T03:21:12+00:00,89d72a1f7cf50c19cf6f5692b9d5e5a22402b7b6f5a1caa3307c192461b6297a
2019-07-10,DK1010001,Dhaka,PM2.5-24hr,UG/M3,29.4,24,U.S. Department of State Bangladesh - Dhaka,87,1,23.796374,90.424614,050DK1010001,https://files.airnowtech.org/airnow/2019/20190710/daily_data_v2.dat,07/10/19|DK1010001|Dhaka|PM2.5-24hr|UG/M3|29.4|24|U.S. Department of State Bangladesh - Dhaka|87|1|23.796374|90.424614|050DK1010001,2026-07-18T03:21:12+00:00,6c689f0410477b94ce8c755dbdd01338b43003b1aa6c025c32f7d5f15916e74a
2019-07-11,DK1010001,Dhaka,PM2.5-24hr,UG/M3,23.0,24,U.S. Department of State Bangladesh - Dhaka,74,1,23.796374,90.424614,050DK1010001,https://files.airnowtech.org/airnow/2019/20190711/daily_data_v2.dat,07/11/19|DK1010001|Dhaka|PM2.5-24hr|UG/M3|23|24|U.S. Department of State Bangladesh - Dhaka|74|1|23.796374|90.424614|050DK1010001,2026-07-18T03:21:12+00:00,8c235fcfb405178424f507190a129acc61b72faef5aa6bf86dbf237f817dce9c
2019-07-12,DK1010001,Dhaka,PM2.5-24hr,UG/M3,30.5,24,U.S. Department of State Bangladesh - Dhaka,90,1,23.796374,90.424614,050DK1010001,https://files.airnowtech.org/airnow/2019/20190712/daily_data_v2.dat,07/12/19|DK1010001|Dhaka|PM2.5-24hr|UG/M3|30.5|24|U.S. Department of State Bangladesh - Dhaka|90|1|23.796374|90.424614|050DK1010001,2026-07-18T03:21:12+00:00,938b7eec24a50ed20e33e5b538148c27e7ba25f1b601778c41fda584cba63097
2019-07-13,DK1010001,Dhaka,PM2.5-24hr,UG/M3,28.2,24,U.S. Department of State Bangladesh - Dhaka,85,1,23.796374,90.424614,050DK1010001,https://files.airnowtech.org/airnow/2019/20190713/daily_data_v2.dat,07/13/19|DK1010001|Dhaka|PM2.5-24hr|UG/M3|28.2|24|U.S. Department of State Bangladesh - Dhaka|85|1|23.796374|90.424614|050DK1010001,2026-07-18T03:21:12+00:00,2c3714902cf0e16ea6567af43b9329ecc7c693c4942a6f6795ae59f44924f9cb
2019-07-14,DK1010001,Dhaka,PM2.5-24hr,UG/M3,33.5,24,U.S. Department of State Bangladesh - Dhaka,96,1,23.796374,90.424614,050DK1010001,https://files.airnowtech.org/airnow/2019/20190714/daily_data_v2.dat,07/14/19|DK1010001|Dhaka|PM2.5-24hr|UG/M3|33.5|24|U.S. Department of State Bangladesh - Dhaka|96|1|23.796374|90.424614|050DK1010001,2026-07-18T03:21:12+00:00,f95b73a79a0a1cc0f7f2ad847cde165359132d31223adf4ecd3b9faf17d4efbb
2019-07-15,DK1010001,Dhaka,PM2.5-24hr,UG/M3,42.3,24,U.S. Department of State Bangladesh - Dhaka,118,2,23.796374,90.424614,050DK1010001,https://files.airnowtech.org/airnow/2019/20190715/daily_data_v2.dat,07/15/19|DK1010001|Dhaka|PM2.5-24hr|UG/M3|42.3|24|U.S. Department of State Bangladesh - Dhaka|118|2|23.796374|90.424614|050DK1010001,2026-07-18T03:21:12+00:00,f9b576de309ce80cee3e6324f438799f989b99b699acd3afd625bc7b4265ff3c
2019-07-16,DK1010001,Dhaka,PM2.5-24hr,UG/M3,67.0,24,U.S. Department of State Bangladesh - Dhaka,157,3,23.796374,90.424614,050DK1010001,https://files.airnowtech.org/airnow/2019/20190716/daily_data_v2.dat,07/16/19|DK1010001|Dhaka|PM2.5-24hr|UG/M3|67|24|U.S. Department of State Bangladesh - Dhaka|157|3|23.796374|90.424614|050DK1010001,2026-07-18T03:21:12+00:00,a8a69e81054ad670b6a422f384289c3a6fab1a5145b854ccdc17556f869a960e
2019-07-17,DK1010001,Dhaka,PM2.5-24hr,UG/M3,76.4,24,U.S. Department of State Bangladesh - Dhaka,162,3,23.796374,90.424614,050DK1010001,https://files.airnowtech.org/airnow/2019/20190717/daily_data_v2.dat,07/17/19|DK1010001|Dhaka|PM2.5-24hr|UG/M3|76.4|24|U.S. Department of State Bangladesh - Dhaka|162|3|23.796374|90.424614|050DK1010001,2026-07-18T03:21:12+00:00,1bfbbfddabdf900ac415a3c2973a00bee52433e0ed00d20645b3de99189353f3
2019-07-18,DK1010001,Dhaka,PM2.5-24hr,UG/M3,74.4,24,U.S. Department of State Bangladesh - Dhaka,161,3,23.796374,90.424614,050DK1010001,https://files.airnowtech.org/airnow/2019/20190718/daily_data_v2.dat,07/18/19|DK1010001|Dhaka|PM2.5-24hr|UG/M3|74.4|24|U.S. Department of State Bangladesh - Dhaka|161|3|23.796374|90.424614|050DK1010001,2026-07-18T03:21:12+00:00,b366c3d3ca3137326bb587d3df583d63e36a59bace39df7d4a6f58118fab7880
2019-07-19,DK1010001,Dhaka,PM2.5-24hr,UG/M3,39.9,24,U.S. Department of State Bangladesh - Dhaka,112,2,23.796374,90.424614,050DK1010001,https://files.airnowtech.org/airnow/2019/20190719/daily_data_v2.dat,07/19/19|DK1010001|Dhaka|PM2.5-24hr|UG/M3|39.9|24|U.S. Department of State Bangladesh - Dhaka|112|2|23.796374|90.424614|050DK1010001,2026-07-18T03:21:12+00:00,8777201e4436d4daac025d8f2a472c0a90f06e2c70477b95f1f4c945f52790c2
2019-07-20,DK1010001,Dhaka,PM2.5-24hr,UG/M3,24.5,24,U.S. Department of State Bangladesh - Dhaka,77,1,23.796374,90.424614,050DK1010001,https://files.airnowtech.org/airnow/2019/20190720/daily_data_v2.dat,07/20/19|DK1010001|Dhaka|PM2.5-24hr|UG/M3|24.5|24|U.S. Department of State Bangladesh - Dhaka|77|1|23.796374|90.424614|050DK1010001,2026-07-18T03:21:12+00:00,575574046b43b8ed9d4e46a9a8f640beb08307461a231aab0f280b7ce4728a8c
2019-07-21,DK1010001,Dhaka,PM2.5-24hr,UG/M3,23.4,24,U.S. Department of State Bangladesh - Dhaka,75,1,23.796374,90.424614,050DK1010001,https://files.airnowtech.org/airnow/2019/20190721/daily_data_v2.dat,07/21/19|DK1010001|Dhaka|PM2.5-24hr|UG/M3|23.4|24|U.S. Department of State Bangladesh - Dhaka|75|1|23.796374|90.424614|050DK1010001,2026-07-18T03:21:12+00:00,c80a7bfd5724b0c86c2ca906a40d62af4e4e7d55e8e8e0b4118dfc7a6aa067b4
2019-07-22,DK1010001,Dhaka,PM2.5-24hr,UG/M3,18.5,24,U.S. Department of State Bangladesh - Dhaka,64,1,23.796374,90.424614,050DK1010001,https://files.airnowtech.org/airnow/2019/20190722/daily_data_v2.dat,07/22/19|DK1010001|Dhaka|PM2.5-24hr|UG/M3|18.5|24|U.S. Department of State Bangladesh - Dhaka|64|1|23.796374|90.424614|050DK1010001,2026-07-18T03:21:12+00:00,5b341efad745226b6fdbd5422feee0f5aaa0d741bde01ecd4d7b0835091930e4
2019-07-23,DK1010001,Dhaka,PM2.5-24hr,UG/M3,19.2,24,U.S. Department of State Bangladesh - Dhaka,66,1,23.796374,90.424614,050DK1010001,https://files.airnowtech.org/airnow/2019/20190723/daily_data_v2.dat,07/23/19|DK1010001|Dhaka|PM2.5-24hr|UG/M3|19.2|24|U.S. Department of State Bangladesh - Dhaka|66|1|23.796374|90.424614|050DK1010001,2026-07-18T03:21:12+00:00,47c9c28b976ed2fceb2037cf7810405bb6a762000f5ba45d032a08388026a6a7
2019-07-24,DK1010001,Dhaka,PM2.5-24hr,UG/M3,19.7,24,U.S. Department of State Bangladesh - Dhaka,67,1,23.796374,90.424614,050DK1010001,https://files.airnowtech.org/airnow/2019/20190724/daily_data_v2.dat,07/24/19|DK1010001|Dhaka|PM2.5-24hr|UG/M3|19.7|24|U.S. Department of State Bangladesh - Dhaka|67|1|23.796374|90.424614|050DK1010001,2026-07-18T03:21:12+00:00,825d1c4e02c2565ce448cd4a547c3e636cc515d0759e80f7beb51956f03a4f6d
2019-07-25,DK1010001,Dhaka,PM2.5-24hr,UG/M3,65.6,24,U.S. Department of State Bangladesh - Dhaka,156,3,23.796374,90.424614,050DK1010001,https://files.airnowtech.org/airnow/2019/20190725/daily_data_v2.dat,07/25/19|DK1010001|Dhaka|PM2.5-24hr|UG/M3|65.6|24|U.S. Department of State Bangladesh - Dhaka|156|3|23.796374|90.424614|050DK1010001,2026-07-18T03:21:12+00:00,f6ad12f0b6bbf1f84795fb7b90ccf8a8b8899ab1ce604aec2a0a7943c73c2ccf
2019-07-26,DK1010001,Dhaka,PM2.5-24hr,UG/M3,35.1,24,U.S. Department of State Bangladesh - Dhaka,99,1,23.796374,90.424614,050DK1010001,https://files.airnowtech.org/airnow/2019/20190726/daily_data_v2.dat,07/26/19|DK1010001|Dhaka|PM2.5-24hr|UG/M3|35.1|24|U.S. Department of State Bangladesh - Dhaka|99|1|23.796374|90.424614|050DK1010001,2026-07-18T03:21:12+00:00,b1b2c0dd9a743d8b486c39d4cab621d5d171235d3ea176626ca89d425341d263
2019-07-27,DK1010001,Dhaka,PM2.5-24hr,UG/M3,15.1,24,U.S. Department of State Bangladesh - Dhaka,57,1,23.796374,90.424614,050DK1010001,https://files.airnowtech.org/airnow/2019/20190727/daily_data_v2.dat,07/27/19|DK1010001|Dhaka|PM2.5-24hr|UG/M3|15.1|24|U.S. Department of State Bangladesh - Dhaka|57|1|23.796374|90.424614|050DK1010001,2026-07-18T03:21:12+00:00,e28d8b7fd8645349273c476dae91ce9431ad4a894b1b369fd7ebeafb6777a58e
2019-07-28,DK1010001,Dhaka,PM2.5-24hr,UG/M3,10.7,24,U.S. Department of State Bangladesh - Dhaka,45,0,23.796374,90.424614,050DK1010001,https://files.airnowtech.org/airnow/2019/20190728/daily_data_v2.dat,07/28/19|DK1010001|Dhaka|PM2.5-24hr|UG/M3|10.7|24|U.S. Department of State Bangladesh - Dhaka|45|0|23.796374|90.424614|050DK1010001,2026-07-18T03:21:13+00:00,ec5e29039a1194edea5d0cde3c1e9ca8fbb6172a2b64bf3874c8d2e69785d00f
2019-07-29,DK1010001,Dhaka,PM2.5-24hr,UG/M3,18.5,24,U.S. Department of State Bangladesh - Dhaka,64,1,23.796374,90.424614,050DK1010001,https://files.airnowtech.org/airnow/2019/20190729/daily_data_v2.dat,07/29/19|DK1010001|Dhaka|PM2.5-24hr|UG/M3|18.5|24|U.S. Department of State Bangladesh - Dhaka|64|1|23.796374|90.424614|050DK1010001,2026-07-18T03:21:13+00:00,3e9559756e0b04e6ed02e8742cd10d059d7e38d5218183a4b2a0b15acd01bfaa
2019-07-30,DK1010001,Dhaka,PM2.5-24hr,UG/M3,36.5,24,U.S. Department of State Bangladesh - Dhaka,103,2,23.796374,90.424614,050DK1010001,https://files.airnowtech.org/airnow/2019/20190730/daily_data_v2.dat,07/30/19|DK1010001|Dhaka|PM2.5-24hr|UG/M3|36.5|24|U.S. Department of State Bangladesh - Dhaka|103|2|23.796374|90.424614|050DK1010001,2026-07-18T03:21:13+00:00,fea9e4a27edb02773b19b933252d259333b2253efc2219e8d8279e0c57a16c8d
2019-07-31,DK1010001,Dhaka,PM2.5-24hr,UG/M3,46.6,24,U.S. Department of State Bangladesh - Dhaka,128,2,23.796374,90.424614,050DK1010001,https://files.airnowtech.org/airnow/2019/20190731/daily_data_v2.dat,07/31/19|DK1010001|Dhaka|PM2.5-24hr|UG/M3|46.6|24|U.S. Department of State Bangladesh - Dhaka|128|2|23.796374|90.424614|050DK1010001,2026-07-18T03:21:13+00:00,70c423b433a8238f193c3fde0847dd31ea3055cb0a9f5fabb61bb6826c80f486
2019-08-01,DK1010001,Dhaka,PM2.5-24hr,UG/M3,28.3,24,U.S. Department of State Bangladesh - Dhaka,85,1,23.796374,90.424614,050DK1010001,https://files.airnowtech.org/airnow/2019/20190801/daily_data_v2.dat,08/01/19|DK1010001|Dhaka|PM2.5-24hr|UG/M3|28.3|24|U.S. Department of State Bangladesh - Dhaka|85|1|23.796374|90.424614|050DK1010001,2026-07-18T03:21:13+00:00,38abc343e952cae06d00ba57ca7d5140f9e33bfb3cd9e6634955a974d1ac6168
2019-08-02,DK1010001,Dhaka,PM2.5-24hr,UG/M3,29.5,24,U.S. Department of State Bangladesh - Dhaka,88,1,23.796374,90.424614,050DK1010001,https://files.airnowtech.org/airnow/2019/20190802/daily_data_v2.dat,08/02/19|DK1010001|Dhaka|PM2.5-24hr|UG/M3|29.5|24|U.S. Department of State Bangladesh - Dhaka|88|1|23.796374|90.424614|050DK1010001,2026-07-18T03:21:13+00:00,b41070d8bd6d276e888be170178aa0b00ca4f7a105472d1f10153c133e1b7a56
2019-08-03,DK1010001,Dhaka,PM2.5-24hr,UG/M3,20.9,24,U.S. Department of State Bangladesh - Dhaka,70,1,23.796374,90.424614,050DK1010001,https://files.airnowtech.org/airnow/2019/20190803/daily_data_v2.dat,08/03/19|DK1010001|Dhaka|PM2.5-24hr|UG/M3|20.9|24|U.S. Department of State Bangladesh - Dhaka|70|1|23.796374|90.424614|050DK1010001,2026-07-18T03:21:13+00:00,430d4aad12148c2435031fb2dbb2df2bbccca11c1df8159a6d2546bac58d5422
2019-08-04,DK1010001,Dhaka,PM2.5-24hr,UG/M3,33.0,24,U.S. Department of State Bangladesh - Dhaka,95,1,23.796374,90.424614,050DK1010001,https://files.airnowtech.org/airnow/2019/20190804/daily_data_v2.dat,08/04/19|DK1010001|Dhaka|PM2.5-24hr|UG/M3|33|24|U.S. Department of State Bangladesh - Dhaka|95|1|23.796374|90.424614|050DK1010001,2026-07-18T03:21:13+00:00,d59982c7a51eee9be40a20a62306efc9b0ae6f9b19df3405da6e97354c9d4486
2019-08-05,DK1010001,Dhaka,PM2.5-24hr,UG/M3,25.3,24,U.S. Department of State Bangladesh - Dhaka,79,1,23.796374,90.424614,050DK1010001,https://files.airnowtech.org/airnow/2019/20190805/daily_data_v2.dat,08/05/19|DK1010001|Dhaka|PM2.5-24hr|UG/M3|25.3|24|U.S. Department of State Bangladesh - Dhaka|79|1|23.796374|90.424614|050DK1010001,2026-07-18T03:21:13+00:00,1387ca52cba3bc54e8e56b5595770a7fdf6f398ad51da8255c6ee0ab25fbb6c4
2019-08-06,DK1010001,Dhaka,PM2.5-24hr,UG/M3,25.4,24,U.S. Department of State Bangladesh - Dhaka,79,1,23.796374,90.424614,050DK1010001,https://files.airnowtech.org/airnow/2019/20190806/daily_data_v2.dat,08/06/19|DK1010001|Dhaka|PM2.5-24hr|UG/M3|25.4|24|U.S. Department of State Bangladesh - Dhaka|79|1|23.796374|90.424614|050DK1010001,2026-07-18T03:21:13+00:00,fe7c9a39393d1e4a35a0927847e81274b3347870e79a6f2f5f67acfa9425ab30
2019-08-07,DK1010001,Dhaka,PM2.5-24hr,UG/M3,10.8,24,U.S. Department of State Bangladesh - Dhaka,45,0,23.796374,90.424614,050DK1010001,https://files.airnowtech.org/airnow/2019/20190807/daily_data_v2.dat,08/07/19|DK1010001|Dhaka|PM2.5-24hr|UG/M3|10.8|24|U.S. Department of State Bangladesh - Dhaka|45|0|23.796374|90.424614|050DK1010001,2026-07-18T03:21:13+00:00,c0c745fbb00dba222b8b8b1af5ab7256c91d699b1f0756231440bf80aa66a398
2019-08-08,DK1010001,Dhaka,PM2.5-24hr,UG/M3,16.7,24,U.S. Department of State Bangladesh - Dhaka,61,1,23.796374,90.424614,050DK1010001,https://files.airnowtech.org/airnow/2019/20190808/daily_data_v2.dat,08/08/19|DK1010001|Dhaka|PM2.5-24hr|UG/M3|16.7|24|U.S. Department of State Bangladesh - Dhaka|61|1|23.796374|90.424614|050DK1010001,2026-07-18T03:21:13+00:00,da8135882545d0b8999fe334f2fd6b57ea520b28dfbe8cc0d90bf10fd5e1b75d
2019-08-09,DK1010001,Dhaka,PM2.5-24hr,UG/M3,31.5,24,U.S. Department of State Bangladesh - Dhaka,92,1,23.796374,90.424614,050DK1010001,https://files.airnowtech.org/airnow/2019/20190809/daily_data_v2.dat,08/09/19|DK1010001|Dhaka|PM2.5-24hr|UG/M3|31.5|24|U.S. Department of State Bangladesh - Dhaka|92|1|23.796374|90.424614|050DK1010001,2026-07-18T03:21:13+00:00,581993ec94cba068fcfb1126cd4dc550199e52e814b6c9cbe5246d1314335d6e
2019-08-10,DK1010001,Dhaka,PM2.5-24hr,UG/M3,31.2,24,U.S. Department of State Bangladesh - Dhaka,91,1,23.796374,90.424614,050DK1010001,https://files.airnowtech.org/airnow/2019/20190810/daily_data_v2.dat,08/10/19|DK1010001|Dhaka|PM2.5-24hr|UG/M3|31.2|24|U.S. Department of State Bangladesh - Dhaka|91|1|23.796374|90.424614|050DK1010001,2026-07-18T03:21:13+00:00,5412bffd4b4eeb0070d49f1c24df30d27aa4df65f20d0e7b69390e707ee3c0bf
2019-08-11,DK1010001,Dhaka,PM2.5-24hr,UG/M3,32.6,24,U.S. Department of State Bangladesh - Dhaka,94,1,23.796374,90.424614,050DK1010001,https://files.airnowtech.org/airnow/2019/20190811/daily_data_v2.dat,08/11/19|DK1010001|Dhaka|PM2.5-24hr|UG/M3|32.6|24|U.S. Department of State Bangladesh - Dhaka|94|1|23.796374|90.424614|050DK1010001,2026-07-18T03:21:13+00:00,2acb35f708ba92ea134a96dd7372c47fda4fc55924a40dbbb4fcfdc5f6590718
2019-08-12,DK1010001,Dhaka,PM2.5-24hr,UG/M3,11.5,24,U.S. Department of State Bangladesh - Dhaka,48,0,23.796374,90.424614,050DK1010001,https://files.airnowtech.org/airnow/2019/20190812/daily_data_v2.dat,08/12/19|DK1010001|Dhaka|PM2.5-24hr|UG/M3|11.5|24|U.S. Department of State Bangladesh - Dhaka|48|0|23.796374|90.424614|050DK1010001,2026-07-18T03:21:13+00:00,9cd3708c5272e6e797c64a8b08018b3ef6e4d2b68fe52a2f37825c31dbacaec7
2019-08-13,DK1010001,Dhaka,PM2.5-24hr,UG/M3,5.1,24,U.S. Department of State Bangladesh - Dhaka,21,0,23.796374,90.424614,050DK1010001,https://files.airnowtech.org/airnow/2019/20190813/daily_data_v2.dat,08/13/19|DK1010001|Dhaka|PM2.5-24hr|UG/M3|5.1|24|U.S. Department of State Bangladesh - Dhaka|21|0|23.796374|90.424614|050DK1010001,2026-07-18T03:21:13+00:00,3e37b539550acd994b313e0a6e4794d4c93003d5460574f30734f731c0c14f29
2019-08-14,DK1010001,Dhaka,PM2.5-24hr,UG/M3,15.4,24,U.S. Department of State Bangladesh - Dhaka,58,1,23.796374,90.424614,050DK1010001,https://files.airnowtech.org/airnow/2019/20190814/daily_data_v2.dat,08/14/19|DK1010001|Dhaka|PM2.5-24hr|UG/M3|15.4|24|U.S. Department of State Bangladesh - Dhaka|58|1|23.796374|90.424614|050DK1010001,2026-07-18T03:21:13+00:00,55cb47d0d0c9f8afd35ef4bc4d2da87ecc21bd161b338db3dcf6e1ac4c6b7112
2019-08-15,DK1010001,Dhaka,PM2.5-24hr,UG/M3,21.9,24,U.S. Department of State Bangladesh - Dhaka,72,1,23.796374,90.424614,050DK1010001,https://files.airnowtech.org/airnow/2019/20190815/daily_data_v2.dat,08/15/19|DK1010001|Dhaka|PM2.5-24hr|UG/M3|21.9|24|U.S. Department of State Bangladesh - Dhaka|72|1|23.796374|90.424614|050DK1010001,2026-07-18T03:21:13+00:00,d67deb29a357c6c05952839a425f735a99ba6783c277c47aecae461df4bdee95
2019-08-16,DK1010001,Dhaka,PM2.5-24hr,UG/M3,27.6,24,U.S. Department of State Bangladesh - Dhaka,84,1,23.796374,90.424614,050DK1010001,https://files.airnowtech.org/airnow/2019/20190816/daily_data_v2.dat,08/16/19|DK1010001|Dhaka|PM2.5-24hr|UG/M3|27.6|24|U.S. Department of State Bangladesh - Dhaka|84|1|23.796374|90.424614|050DK1010001,2026-07-18T03:21:13+00:00,036c2248533a65c0c5c76e7fad59046772f97afc73c91b5685adedad1c83f38e
2019-08-17,DK1010001,Dhaka,PM2.5-24hr,UG/M3,19.9,24,U.S. Department of State Bangladesh - Dhaka,67,1,23.796374,90.424614,050DK1010001,https://files.airnowtech.org/airnow/2019/20190817/daily_data_v2.dat,08/17/19|DK1010001|Dhaka|PM2.5-24hr|UG/M3|19.9|24|U.S. Department of State Bangladesh - Dhaka|67|1|23.796374|90.424614|050DK1010001,2026-07-18T03:21:13+00:00,ca5a0dafbf112d4eb0e442f47c54fa07136de1b6c6fbbbf871fb94c36da34fbc
2019-08-18,DK1010001,Dhaka,PM2.5-24hr,UG/M3,16.3,24,U.S. Department of State Bangladesh - Dhaka,60,1,23.796374,90.424614,050DK1010001,https://files.airnowtech.org/airnow/2019/20190818/daily_data_v2.dat,08/18/19|DK1010001|Dhaka|PM2.5-24hr|UG/M3|16.3|24|U.S. Department of State Bangladesh - Dhaka|60|1|23.796374|90.424614|050DK1010001,2026-07-18T03:21:13+00:00,53740a7b66feba31b5a413338814f03fc873b88be9d17e55f5c5d71e84d253a6
2019-08-19,DK1010001,Dhaka,PM2.5-24hr,UG/M3,29.9,24,U.S. Department of State Bangladesh - Dhaka,89,1,23.796374,90.424614,050DK1010001,https://files.airnowtech.org/airnow/2019/20190819/daily_data_v2.dat,08/19/19|DK1010001|Dhaka|PM2.5-24hr|UG/M3|29.9|24|U.S. Department of State Bangladesh - Dhaka|89|1|23.796374|90.424614|050DK1010001,2026-07-18T03:21:13+00:00,0fc8398bc305e69ad2491a026f5596032ecbd5c8cb7af707e815ce643d5e5415
2019-08-20,DK1010001,Dhaka,PM2.5-24hr,UG/M3,21.7,24,U.S. Department of State Bangladesh - Dhaka,71,1,23.796374,90.424614,050DK1010001,https://files.airnowtech.org/airnow/2019/20190820/daily_data_v2.dat,08/20/19|DK1010001|Dhaka|PM2.5-24hr|UG/M3|21.7|24|U.S. Department of State Bangladesh - Dhaka|71|1|23.796374|90.424614|050DK1010001,2026-07-18T03:21:13+00:00,fbe534078cb2402f58a336ab5c780f45a0cfabeeed064456a4cf44eb05900e6a
2019-08-21,DK1010001,Dhaka,PM2.5-24hr,UG/M3,40.3,24,U.S. Department of State Bangladesh - Dhaka,113,2,23.796374,90.424614,050DK1010001,https://files.airnowtech.org/airnow/2019/20190821/daily_data_v2.dat,08/21/19|DK1010001|Dhaka|PM2.5-24hr|UG/M3|40.3|24|U.S. Department of State Bangladesh - Dhaka|113|2|23.796374|90.424614|050DK1010001,2026-07-18T03:21:13+00:00,1e54c970ecc83e2c8fc7aada4d8da7cf262fa5e1a2beea3fead2b92edf96d11c
2019-08-22,DK1010001,Dhaka,PM2.5-24hr,UG/M3,45.3,24,U.S. Department of State Bangladesh - Dhaka,125,2,23.796374,90.424614,050DK1010001,https://files.airnowtech.org/airnow/2019/20190822/daily_data_v2.dat,08/22/19|DK1010001|Dhaka|PM2.5-24hr|UG/M3|45.3|24|U.S. Department of State Bangladesh - Dhaka|125|2|23.796374|90.424614|050DK1010001,2026-07-18T03:21:13+00:00,626fe501b164ff04f880b2ebff780d740fd6e8af6f6e449e6180ef5579d204fe
2019-08-23,DK1010001,Dhaka,PM2.5-24hr,UG/M3,33.0,24,U.S. Department of State Bangladesh - Dhaka,95,1,23.796374,90.424614,050DK1010001,https://files.airnowtech.org/airnow/2019/20190823/daily_data_v2.dat,08/23/19|DK1010001|Dhaka|PM2.5-24hr|UG/M3|33|24|U.S. Department of State Bangladesh - Dhaka|95|1|23.796374|90.424614|050DK1010001,2026-07-18T03:21:13+00:00,979b904c8e76396e0567e3c01ba3c31b07957215fe6720e02b7240b0f224be6e
2019-08-24,DK1010001,Dhaka,PM2.5-24hr,UG/M3,15.2,24,U.S. Department of State Bangladesh - Dhaka,58,1,23.796374,90.424614,050DK1010001,https://files.airnowtech.org/airnow/2019/20190824/daily_data_v2.dat,08/24/19|DK1010001|Dhaka|PM2.5-24hr|UG/M3|15.2|24|U.S. Department of State Bangladesh - Dhaka|58|1|23.796374|90.424614|050DK1010001,2026-07-18T03:21:13+00:00,d0715278b906016c33d20de4ff092f4bbf1d6bca543e68e27ead9a5102c930eb
2019-08-25,DK1010001,Dhaka,PM2.5-24hr,UG/M3,24.2,24,U.S. Department of State Bangladesh - Dhaka,76,1,23.796374,90.424614,050DK1010001,https://files.airnowtech.org/airnow/2019/20190825/daily_data_v2.dat,08/25/19|DK1010001|Dhaka|PM2.5-24hr|UG/M3|24.2|24|U.S. Department of State Bangladesh - Dhaka|76|1|23.796374|90.424614|050DK1010001,2026-07-18T03:21:13+00:00,793d0bda3e6f920acac7b3ac89a87e1856e1f1f03a4addd2fe3b710523019844
2019-08-26,DK1010001,Dhaka,PM2.5-24hr,UG/M3,37.8,24,U.S. Department of State Bangladesh - Dhaka,107,2,23.796374,90.424614,050DK1010001,https://files.airnowtech.org/airnow/2019/20190826/daily_data_v2.dat,08/26/19|DK1010001|Dhaka|PM2.5-24hr|UG/M3|37.8|24|U.S. Department of State Bangladesh - Dhaka|107|2|23.796374|90.424614|050DK1010001,2026-07-18T03:21:13+00:00,07a9c626e3c5f14c879b0f84dc4f50802e058f1d22579ca5eacb33df8ca343a4
2019-08-27,DK1010001,Dhaka,PM2.5-24hr,UG/M3,24.8,24,U.S. Department of State Bangladesh - Dhaka,78,1,23.796374,90.424614,050DK1010001,https://files.airnowtech.org/airnow/2019/20190827/daily_data_v2.dat,08/27/19|DK1010001|Dhaka|PM2.5-24hr|UG/M3|24.8|24|U.S. Department of State Bangladesh - Dhaka|78|1|23.796374|90.424614|050DK1010001,2026-07-18T03:21:13+00:00,22ddbccfc6e2f66af75860958f1deecbcdd359372b505e09ddc1d693a8687761
2019-08-28,DK1010001,Dhaka,PM2.5-24hr,UG/M3,35.0,24,U.S. Department of State Bangladesh - Dhaka,99,1,23.796374,90.424614,050DK1010001,https://files.airnowtech.org/airnow/2019/20190828/daily_data_v2.dat,08/28/19|DK1010001|Dhaka|PM2.5-24hr|UG/M3|35|24|U.S. Department of State Bangladesh - Dhaka|99|1|23.796374|90.424614|050DK1010001,2026-07-18T03:21:13+00:00,eb157bf4fafe74228e07c6ea2c49e67b2b14838c4c56c59190229fab52840d50
2019-08-29,DK1010001,Dhaka,PM2.5-24hr,UG/M3,28.0,24,U.S. Department of State Bangladesh - Dhaka,84,1,23.796374,90.424614,050DK1010001,https://files.airnowtech.org/airnow/2019/20190829/daily_data_v2.dat,08/29/19|DK1010001|Dhaka|PM2.5-24hr|UG/M3|28|24|U.S. Department of State Bangladesh - Dhaka|84|1|23.796374|90.424614|050DK1010001,2026-07-18T03:21:13+00:00,b98a86a8c69c9a526b74700bef766c7115ee6f49c358b2a54882d710a9135fb4
2019-08-30,DK1010001,Dhaka,PM2.5-24hr,UG/M3,31.5,24,U.S. Department of State Bangladesh - Dhaka,92,1,23.796374,90.424614,050DK1010001,https://files.airnowtech.org/airnow/2019/20190830/daily_data_v2.dat,08/30/19|DK1010001|Dhaka|PM2.5-24hr|UG/M3|31.5|24|U.S. Department of State Bangladesh - Dhaka|92|1|23.796374|90.424614|050DK1010001,2026-07-18T03:21:13+00:00,a4e16462133db951987ec7b0b99d090299d2dc361bdeaad83bfcb932057b1bdd
2019-08-31,DK1010001,Dhaka,PM2.5-24hr,UG/M3,35.5,24,U.S. Department of State Bangladesh - Dhaka,101,2,23.796374,90.424614,050DK1010001,https://files.airnowtech.org/airnow/2019/20190831/daily_data_v2.dat,08/31/19|DK1010001|Dhaka|PM2.5-24hr|UG/M3|35.5|24|U.S. Department of State Bangladesh - Dhaka|101|2|23.796374|90.424614|050DK1010001,2026-07-18T03:21:13+00:00,5e41b0510e1591f6a6ebc6b4d74ad45c8e9479435352ecc8e5411c1b50b90ab6
2019-09-01,DK1010001,Dhaka,PM2.5-24hr,UG/M3,42.5,24,U.S. Department of State Bangladesh - Dhaka,118,2,23.796374,90.424614,050DK1010001,https://files.airnowtech.org/airnow/2019/20190901/daily_data_v2.dat,09/01/19|DK1010001|Dhaka|PM2.5-24hr|UG/M3|42.5|24|U.S. Department of State Bangladesh - Dhaka|118|2|23.796374|90.424614|050DK1010001,2026-07-18T03:21:13+00:00,61d50b168b71da575117b8513d0ee26efe8690e62a8944b8651e9fdc70655e4f
2019-09-02,DK1010001,Dhaka,PM2.5-24hr,UG/M3,32.6,24,U.S. Department of State Bangladesh - Dhaka,94,1,23.796374,90.424614,050DK1010001,https://files.airnowtech.org/airnow/2019/20190902/daily_data_v2.dat,09/02/19|DK1010001|Dhaka|PM2.5-24hr|UG/M3|32.6|24|U.S. Department of State Bangladesh - Dhaka|94|1|23.796374|90.424614|050DK1010001,2026-07-18T03:21:13+00:00,89f2dc55d59a12a8e1732d4b7fbade871933733f516006b7192d494db7ff5cbc
2019-09-03,DK1010001,Dhaka,PM2.5-24hr,UG/M3,12.6,24,U.S. Department of State Bangladesh - Dhaka,52,1,23.796374,90.424614,050DK1010001,https://files.airnowtech.org/airnow/2019/20190903/daily_data_v2.dat,09/03/19|DK1010001|Dhaka|PM2.5-24hr|UG/M3|12.6|24|U.S. Department of State Bangladesh - Dhaka|52|1|23.796374|90.424614|050DK1010001,2026-07-18T03:21:13+00:00,e94a3b85d278b5e81cdf8e57f40a8ee551ed1e47565b6dc7f871afaf89f6d4e6
2019-09-04,DK1010001,Dhaka,PM2.5-24hr,UG/M3,16.0,24,U.S. Department of State Bangladesh - Dhaka,59,1,23.796374,90.424614,050DK1010001,https://files.airnowtech.org/airnow/2019/20190904/daily_data_v2.dat,09/04/19|DK1010001|Dhaka|PM2.5-24hr|UG/M3|16|24|U.S. Department of State Bangladesh - Dhaka|59|1|23.796374|90.424614|050DK1010001,2026-07-18T03:21:13+00:00,74f72114d15ba1724986d3036c726f4d0eb51386354c37fd62273d67dd84d157
2019-09-05,DK1010001,Dhaka,PM2.5-24hr,UG/M3,32.2,24,U.S. Department of State Bangladesh - Dhaka,93,1,23.796374,90.424614,050DK1010001,https://files.airnowtech.org/airnow/2019/20190905/daily_data_v2.dat,09/05/19|DK1010001|Dhaka|PM2.5-24hr|UG/M3|32.2|24|U.S. Department of State Bangladesh - Dhaka|93|1|23.796374|90.424614|050DK1010001,2026-07-18T03:21:13+00:00,d4a238e625c34a8065d98b132c1359f46813d38b8716604a2f0d18c0c0a1b9e9
2019-09-06,DK1010001,Dhaka,PM2.5-24hr,UG/M3,22.2,24,U.S. Department of State Bangladesh - Dhaka,72,1,23.796374,90.424614,050DK1010001,https://files.airnowtech.org/airnow/2019/20190906/daily_data_v2.dat,09/06/19|DK1010001|Dhaka|PM2.5-24hr|UG/M3|22.2|24|U.S. Department of State Bangladesh - Dhaka|72|1|23.796374|90.424614|050DK1010001,2026-07-18T03:21:13+00:00,5f619ba9d3a764d780c6fd9b7c5998cbb170d69853945437eb3c6dc0b0a30bb1
2019-09-07,DK1010001,Dhaka,PM2.5-24hr,UG/M3,18.7,24,U.S. Department of State Bangladesh - Dhaka,65,1,23.796374,90.424614,050DK1010001,https://files.airnowtech.org/airnow/2019/20190907/daily_data_v2.dat,09/07/19|DK1010001|Dhaka|PM2.5-24hr|UG/M3|18.7|24|U.S. Department of State Bangladesh - Dhaka|65|1|23.796374|90.424614|050DK1010001,2026-07-18T03:21:13+00:00,5030aedb46588cfab069610343fd2a43a596d12f4824ac9003d24fbde9789009
2019-09-08,DK1010001,Dhaka,PM2.5-24hr,UG/M3,28.9,24,U.S. Department of State Bangladesh - Dhaka,86,1,23.796374,90.424614,050DK1010001,https://files.airnowtech.org/airnow/2019/20190908/daily_data_v2.dat,09/08/19|DK1010001|Dhaka|PM2.5-24hr|UG/M3|28.9|24|U.S. Department of State Bangladesh - Dhaka|86|1|23.796374|90.424614|050DK1010001,2026-07-18T03:21:13+00:00,31c58c11755cfdd975bdb91a25750debd04589081f5be7d31b398b67077950f9
2019-09-09,DK1010001,Dhaka,PM2.5-24hr,UG/M3,38.4,24,U.S. Department of State Bangladesh - Dhaka,108,2,23.796374,90.424614,050DK1010001,https://files.airnowtech.org/airnow/2019/20190909/daily_data_v2.dat,09/09/19|DK1010001|Dhaka|PM2.5-24hr|UG/M3|38.4|24|U.S. Department of State Bangladesh - Dhaka|108|2|23.796374|90.424614|050DK1010001,2026-07-18T03:21:13+00:00,11647555584a0ab0a51172c83a15ff1092606a7d580bbff1bbd5911fb1cce448
2019-09-10,DK1010001,Dhaka,PM2.5-24hr,UG/M3,41.2,24,U.S. Department of State Bangladesh - Dhaka,115,2,23.796374,90.424614,050DK1010001,https://files.airnowtech.org/airnow/2019/20190910/daily_data_v2.dat,09/10/19|DK1010001|Dhaka|PM2.5-24hr|UG/M3|41.2|24|U.S. Department of State Bangladesh - Dhaka|115|2|23.796374|90.424614|050DK1010001,2026-07-18T03:21:13+00:00,e0cc2509f92dbeb50c7f8281b8ce78637519a24e5e245fd64235dac94f0cfe7c
2019-09-11,DK1010001,Dhaka,PM2.5-24hr,UG/M3,20.7,24,U.S. Department of State Bangladesh - Dhaka,69,1,23.796374,90.424614,050DK1010001,https://files.airnowtech.org/airnow/2019/20190911/daily_data_v2.dat,09/11/19|DK1010001|Dhaka|PM2.5-24hr|UG/M3|20.7|24|U.S. Department of State Bangladesh - Dhaka|69|1|23.796374|90.424614|050DK1010001,2026-07-18T03:21:13+00:00,6971917f4fd5188d9ed7d110dfcfdd097a35ca33e978c717656edcab340f48b3
2019-09-12,DK1010001,Dhaka,PM2.5-24hr,UG/M3,23.4,24,U.S. Department of State Bangladesh - Dhaka,75,1,23.796374,90.424614,050DK1010001,https://files.airnowtech.org/airnow/2019/20190912/daily_data_v2.dat,09/12/19|DK1010001|Dhaka|PM2.5-24hr|UG/M3|23.4|24|U.S. Department of State Bangladesh - Dhaka|75|1|23.796374|90.424614|050DK1010001,2026-07-18T03:21:13+00:00,ecf05fb5bda00f8de9ee0599343767fe88fb3852c582a7d5baf9ec4a56b5ab1d
2019-09-13,DK1010001,Dhaka,PM2.5-24hr,UG/M3,48.7,24,U.S. Department of State Bangladesh - Dhaka,134,2,23.796374,90.424614,050DK1010001,https://files.airnowtech.org/airnow/2019/20190913/daily_data_v2.dat,09/13/19|DK1010001|Dhaka|PM2.5-24hr|UG/M3|48.7|24|U.S. Department of State Bangladesh - Dhaka|134|2|23.796374|90.424614|050DK1010001,2026-07-18T03:21:13+00:00,0232d63c7e24faf2e9989fc069539426dd8e12c01144f81d59009eaaf176a9d7
2019-09-14,DK1010001,Dhaka,PM2.5-24hr,UG/M3,39.0,24,U.S. Department of State Bangladesh - Dhaka,110,2,23.796374,90.424614,050DK1010001,https://files.airnowtech.org/airnow/2019/20190914/daily_data_v2.dat,09/14/19|DK1010001|Dhaka|PM2.5-24hr|UG/M3|39|24|U.S. Department of State Bangladesh - Dhaka|110|2|23.796374|90.424614|050DK1010001,2026-07-18T03:21:13+00:00,827441f4c449a9bae425f5705ba526dbb80a56f2d7a0c40660bd21938d27ae10
2019-09-15,DK1010001,Dhaka,PM2.5-24hr,UG/M3,29.5,24,U.S. Department of State Bangladesh - Dhaka,88,1,23.796374,90.424614,050DK1010001,https://files.airnowtech.org/airnow/2019/20190915/daily_data_v2.dat,09/15/19|DK1010001|Dhaka|PM2.5-24hr|UG/M3|29.5|24|U.S. Department of State Bangladesh - Dhaka|88|1|23.796374|90.424614|050DK1010001,2026-07-18T03:21:13+00:00,fc1f42d363c84a3341e4d04cf2a9613cd83cf179f83d53a0b10505760155c166
2019-09-16,DK1010001,Dhaka,PM2.5-24hr,UG/M3,33.9,24,U.S. Department of State Bangladesh - Dhaka,97,1,23.796374,90.424614,050DK1010001,https://files.airnowtech.org/airnow/2019/20190916/daily_data_v2.dat,09/16/19|DK1010001|Dhaka|PM2.5-24hr|UG/M3|33.9|24|U.S. Department of State Bangladesh - Dhaka|97|1|23.796374|90.424614|050DK1010001,2026-07-18T03:21:13+00:00,789d399f206c1e9e6728df2376d1407329609bcb0016dea5b95e370520ae7804
2019-09-17,DK1010001,Dhaka,PM2.5-24hr,UG/M3,42.4,24,U.S. Department of State Bangladesh - Dhaka,118,2,23.796374,90.424614,050DK1010001,https://files.airnowtech.org/airnow/2019/20190917/daily_data_v2.dat,09/17/19|DK1010001|Dhaka|PM2.5-24hr|UG/M3|42.4|24|U.S. Department of State Bangladesh - Dhaka|118|2|23.796374|90.424614|050DK1010001,2026-07-18T03:21:13+00:00,df58087f6f84fd6983783cc5c78f8bbbbedf85584710696579ed657898839763
2019-09-18,DK1010001,Dhaka,PM2.5-24hr,UG/M3,55.6,24,U.S. Department of State Bangladesh - Dhaka,151,3,23.796374,90.424614,050DK1010001,https://files.airnowtech.org/airnow/2019/20190918/daily_data_v2.dat,09/18/19|DK1010001|Dhaka|PM2.5-24hr|UG/M3|55.6|24|U.S. Department of State Bangladesh - Dhaka|151|3|23.796374|90.424614|050DK1010001,2026-07-18T03:21:13+00:00,a4639e373b4e41625c2b02b4e64895186249dca6aa58234a7e8e9cd8edb53eb6
2019-09-19,DK1010001,Dhaka,PM2.5-24hr,UG/M3,76.2,24,U.S. Department of State Bangladesh - Dhaka,162,3,23.796374,90.424614,050DK1010001,https://files.airnowtech.org/airnow/2019/20190919/daily_data_v2.dat,09/19/19|DK1010001|Dhaka|PM2.5-24hr|UG/M3|76.2|24|U.S. Department of State Bangladesh - Dhaka|162|3|23.796374|90.424614|050DK1010001,2026-07-18T03:21:13+00:00,87072d3d7f19f1f4c390fb59520f8171a69c26d1afec0072e983350b803d34a5
2019-09-20,DK1010001,Dhaka,PM2.5-24hr,UG/M3,57.3,24,U.S. Department of State Bangladesh - Dhaka,152,3,23.796374,90.424614,050DK1010001,https://files.airnowtech.org/airnow/2019/20190920/daily_data_v2.dat,09/20/19|DK1010001|Dhaka|PM2.5-24hr|UG/M3|57.3|24|U.S. Department of State Bangladesh - Dhaka|152|3|23.796374|90.424614|050DK1010001,2026-07-18T03:21:13+00:00,ca50df59d98d34431e054c73205c1df975100c4acf42b58919662804c99d72ea
2019-09-21,DK1010001,Dhaka,PM2.5-24hr,UG/M3,45.5,24,U.S. Department of State Bangladesh - Dhaka,126,2,23.796374,90.424614,050DK1010001,https://files.airnowtech.org/airnow/2019/20190921/daily_data_v2.dat,09/21/19|DK1010001|Dhaka|PM2.5-24hr|UG/M3|45.5|24|U.S. Department of State Bangladesh - Dhaka|126|2|23.796374|90.424614|050DK1010001,2026-07-18T03:21:13+00:00,f0d866513ca42dca6a832b85d7cbb1cee2c49fca52a7c5dbb0c1db9e85064241
2019-09-22,DK1010001,Dhaka,PM2.5-24hr,UG/M3,46.3,24,U.S. Department of State Bangladesh - Dhaka,128,2,23.796374,90.424614,050DK1010001,https://files.airnowtech.org/airnow/2019/20190922/daily_data_v2.dat,09/22/19|DK1010001|Dhaka|PM2.5-24hr|UG/M3|46.3|24|U.S. Department of State Bangladesh - Dhaka|128|2|23.796374|90.424614|050DK1010001,2026-07-18T03:21:13+00:00,e2b528b5e581398c88c5992b8fcf1980b17b149fd59f48051bb2657efec58f7b
2019-09-23,DK1010001,Dhaka,PM2.5-24hr,UG/M3,35.1,24,U.S. Department of State Bangladesh - Dhaka,99,1,23.796374,90.424614,050DK1010001,https://files.airnowtech.org/airnow/2019/20190923/daily_data_v2.dat,09/23/19|DK1010001|Dhaka|PM2.5-24hr|UG/M3|35.1|24|U.S. Department of State Bangladesh - Dhaka|99|1|23.796374|90.424614|050DK1010001,2026-07-18T03:21:13+00:00,68e6c56c939a98009fae2942adf6268f61fe5e200e3f562dfe8d36cc1100e0bc
2019-09-24,DK1010001,Dhaka,PM2.5-24hr,UG/M3,27.0,24,U.S. Department of State Bangladesh - Dhaka,82,1,23.796374,90.424614,050DK1010001,https://files.airnowtech.org/airnow/2019/20190924/daily_data_v2.dat,09/24/19|DK1010001|Dhaka|PM2.5-24hr|UG/M3|27|24|U.S. Department of State Bangladesh - Dhaka|82|1|23.796374|90.424614|050DK1010001,2026-07-18T03:21:13+00:00,59e769ff92ab3d310716a67ca154af2683b9d9edd8d2c39b3eae42e5f8cfe12e
2019-09-25,DK1010001,Dhaka,PM2.5-24hr,UG/M3,18.0,24,U.S. Department of State Bangladesh - Dhaka,64,1,23.796374,90.424614,050DK1010001,https://files.airnowtech.org/airnow/2019/20190925/daily_data_v2.dat,09/25/19|DK1010001|Dhaka|PM2.5-24hr|UG/M3|18|24|U.S. Department of State Bangladesh - Dhaka|64|1|23.796374|90.424614|050DK1010001,2026-07-18T03:21:13+00:00,4d12805546c9fa5b47a0a1ebe7173dfa80f4b7f3190a52ee82d0e25c9d3407d0
2019-09-26,DK1010001,Dhaka,PM2.5-24hr,UG/M3,34.0,24,U.S. Department of State Bangladesh - Dhaka,97,1,23.796374,90.424614,050DK1010001,https://files.airnowtech.org/airnow/2019/20190926/daily_data_v2.dat,09/26/19|DK1010001|Dhaka|PM2.5-24hr|UG/M3|34|24|U.S. Department of State Bangladesh - Dhaka|97|1|23.796374|90.424614|050DK1010001,2026-07-18T03:21:13+00:00,606478295e1ee0d438bbc9f12bc792b1e61ce126501a3df34710b6bef7711866
2019-09-27,DK1010001,Dhaka,PM2.5-24hr,UG/M3,42.4,24,U.S. Department of State Bangladesh - Dhaka,118,2,23.796374,90.424614,050DK1010001,https://files.airnowtech.org/airnow/2019/20190927/daily_data_v2.dat,09/27/19|DK1010001|Dhaka|PM2.5-24hr|UG/M3|42.4|24|U.S. Department of State Bangladesh - Dhaka|118|2|23.796374|90.424614|050DK1010001,2026-07-18T03:21:13+00:00,05da154e8397baac4e4ffc7f07bf70a386f716352f1fb5b526772698bb036fef
2019-09-28,DK1010001,Dhaka,PM2.5-24hr,UG/M3,37.3,24,U.S. Department of State Bangladesh - Dhaka,106,2,23.796374,90.424614,050DK1010001,https://files.airnowtech.org/airnow/2019/20190928/daily_data_v2.dat,09/28/19|DK1010001|Dhaka|PM2.5-24hr|UG/M3|37.3|24|U.S. Department of State Bangladesh - Dhaka|106|2|23.796374|90.424614|050DK1010001,2026-07-18T03:21:13+00:00,17efd97dcbce2af86a62e359c491d06cd24654caa73106956fc03abd85a6e18c
2019-09-29,DK1010001,Dhaka,PM2.5-24hr,UG/M3,28.9,24,U.S. Department of State Bangladesh - Dhaka,87,1,23.796374,90.424614,050DK1010001,https://files.airnowtech.org/airnow/2019/20190929/daily_data_v2.dat,09/29/19|DK1010001|Dhaka|PM2.5-24hr|UG/M3|28.9|24|U.S. Department of State Bangladesh - Dhaka|87|1|23.796374|90.424614|050DK1010001,2026-07-18T03:21:13+00:00,707a0e2a854140688934b2807fb8db2a1f8ec3473c1b0bd1dd21f6a794d0fb02
2019-09-30,DK1010001,Dhaka,PM2.5-24hr,UG/M3,39.5,24,U.S. Department of State Bangladesh - Dhaka,111,2,23.796374,90.424614,050DK1010001,https://files.airnowtech.org/airnow/2019/20190930/daily_data_v2.dat,09/30/19|DK1010001|Dhaka|PM2.5-24hr|UG/M3|39.5|24|U.S. Department of State Bangladesh - Dhaka|111|2|23.796374|90.424614|050DK1010001,2026-07-18T03:21:13+00:00,cab62a89948ec901ca99ac4589ab12001db71a99fa45477ad7715c345df7a69c
2019-10-01,DK1010001,Dhaka,PM2.5-24hr,UG/M3,33.0,24,U.S. Department of State Bangladesh - Dhaka,95,1,23.796374,90.424614,050DK1010001,https://files.airnowtech.org/airnow/2019/20191001/daily_data_v2.dat,10/01/19|DK1010001|Dhaka|PM2.5-24hr|UG/M3|33|24|U.S. Department of State Bangladesh - Dhaka|95|1|23.796374|90.424614|050DK1010001,2026-07-18T03:21:13+00:00,d05290fd301524ccebf5426d0eef04c360a7597fd03e20235fd39a1dc89be6f3
2019-10-02,DK1010001,Dhaka,PM2.5-24hr,UG/M3,36.2,24,U.S. Department of State Bangladesh - Dhaka,103,2,23.796374,90.424614,050DK1010001,https://files.airnowtech.org/airnow/2019/20191002/daily_data_v2.dat,10/02/19|DK1010001|Dhaka|PM2.5-24hr|UG/M3|36.2|24|U.S. Department of State Bangladesh - Dhaka|103|2|23.796374|90.424614|050DK1010001,2026-07-18T03:21:13+00:00,26e05116b908ef332701f5cdba4f1a82b7b4d02971affb2160ebbce97357fe1f
2019-10-03,DK1010001,Dhaka,PM2.5-24hr,UG/M3,72.0,24,U.S. Department of State Bangladesh - Dhaka,160,3,23.796374,90.424614,050DK1010001,https://files.airnowtech.org/airnow/2019/20191003/daily_data_v2.dat,10/03/19|DK1010001|Dhaka|PM2.5-24hr|UG/M3|72|24|U.S. Department of State Bangladesh - Dhaka|160|3|23.796374|90.424614|050DK1010001,2026-07-18T03:21:13+00:00,582937c6a87c245a440859d89bf7825db0e989c0883edbf633d862533998ab81
2019-10-04,DK1010001,Dhaka,PM2.5-24hr,UG/M3,51.4,24,U.S. Department of State Bangladesh - Dhaka,140,2,23.796374,90.424614,050DK1010001,https://files.airnowtech.org/airnow/2019/20191004/daily_data_v2.dat,10/04/19|DK1010001|Dhaka|PM2.5-24hr|UG/M3|51.4|24|U.S. Department of State Bangladesh - Dhaka|140|2|23.796374|90.424614|050DK1010001,2026-07-18T03:21:13+00:00,53e9ea2a210651a09f6c7bce10a7b08c4471836220c4d8ac1750b2209106b2e0
2019-10-05,DK1010001,Dhaka,PM2.5-24hr,UG/M3,55.7,24,U.S. Department of State Bangladesh - Dhaka,151,3,23.796374,90.424614,050DK1010001,https://files.airnowtech.org/airnow/2019/20191005/daily_data_v2.dat,10/05/19|DK1010001|Dhaka|PM2.5-24hr|UG/M3|55.7|24|U.S. Department of State Bangladesh - Dhaka|151|3|23.796374|90.424614|050DK1010001,2026-07-18T03:21:13+00:00,157255159a5a6d427fa84296d34c42e64f7e718fd908c67db46819b92b3cbfc0
2019-10-06,DK1010001,Dhaka,PM2.5-24hr,UG/M3,67.5,24,U.S. Department of State Bangladesh - Dhaka,157,3,23.796374,90.424614,050DK1010001,https://files.airnowtech.org/airnow/2019/20191006/daily_data_v2.dat,10/06/19|DK1010001|Dhaka|PM2.5-24hr|UG/M3|67.5|24|U.S. Department of State Bangladesh - Dhaka|157|3|23.796374|90.424614|050DK1010001,2026-07-18T03:21:13+00:00,e8fa4a6541b17246c81a5fa2d70155caff3cdf1a12e82069aef659c017e0a8a4
2019-10-07,DK1010001,Dhaka,PM2.5-24hr,UG/M3,85.0,24,U.S. Department of State Bangladesh - Dhaka,166,3,23.796374,90.424614,050DK1010001,https://files.airnowtech.org/airnow/2019/20191007/daily_data_v2.dat,10/07/19|DK1010001|Dhaka|PM2.5-24hr|UG/M3|85|24|U.S. Department of State Bangladesh - Dhaka|166|3|23.796374|90.424614|050DK1010001,2026-07-18T03:21:13+00:00,4ce3733afb758d8810b76db0d4c27ad235c13ed7506e20c8b2fb66e102b3e8a7
2019-10-08,DK1010001,Dhaka,PM2.5-24hr,UG/M3,47.3,24,U.S. Department of State Bangladesh - Dhaka,130,2,23.796374,90.424614,050DK1010001,https://files.airnowtech.org/airnow/2019/20191008/daily_data_v2.dat,10/08/19|DK1010001|Dhaka|PM2.5-24hr|UG/M3|47.3|24|U.S. Department of State Bangladesh - Dhaka|130|2|23.796374|90.424614|050DK1010001,2026-07-18T03:21:13+00:00,b9ff9673735cd801a85e707a42d913afdc940dd9be934cbdb761fa9540f8e6b1
2019-10-09,DK1010001,Dhaka,PM2.5-24hr,UG/M3,31.6,24,U.S. Department of State Bangladesh - Dhaka,92,1,23.796374,90.424614,050DK1010001,https://files.airnowtech.org/airnow/2019/20191009/daily_data_v2.dat,10/09/19|DK1010001|Dhaka|PM2.5-24hr|UG/M3|31.6|24|U.S. Department of State Bangladesh - Dhaka|92|1|23.796374|90.424614|050DK1010001,2026-07-18T03:21:13+00:00,9623393612b8712531e56dc916744ce81eb3126631960aba0c65190a2e96e39c
2019-10-10,DK1010001,Dhaka,PM2.5-24hr,UG/M3,42.4,24,U.S. Department of State Bangladesh - Dhaka,118,2,23.796374,90.424614,050DK1010001,https://files.airnowtech.org/airnow/2019/20191010/daily_data_v2.dat,10/10/19|DK1010001|Dhaka|PM2.5-24hr|UG/M3|42.4|24|U.S. Department of State Bangladesh - Dhaka|118|2|23.796374|90.424614|050DK1010001,2026-07-18T03:21:13+00:00,5e2dada212973767733c0acfb4d78c3f6267d33b489433a459e63f75b64b0aa7
2019-10-11,DK1010001,Dhaka,PM2.5-24hr,UG/M3,25.2,24,U.S. Department of State Bangladesh - Dhaka,79,1,23.796374,90.424614,050DK1010001,https://files.airnowtech.org/airnow/2019/20191011/daily_data_v2.dat,10/11/19|DK1010001|Dhaka|PM2.5-24hr|UG/M3|25.2|24|U.S. Department of State Bangladesh - Dhaka|79|1|23.796374|90.424614|050DK1010001,2026-07-18T03:21:13+00:00,c5360fa04522ce07a38a416a6180b12240c07da353765f0849008d5ea7b3140e
2019-10-12,DK1010001,Dhaka,PM2.5-24hr,UG/M3,73.8,24,U.S. Department of State Bangladesh - Dhaka,161,3,23.796374,90.424614,050DK1010001,https://files.airnowtech.org/airnow/2019/20191012/daily_data_v2.dat,10/12/19|DK1010001|Dhaka|PM2.5-24hr|UG/M3|73.8|24|U.S. Department of State Bangladesh - Dhaka|161|3|23.796374|90.424614|050DK1010001,2026-07-18T03:21:13+00:00,a563660112e949ad6fdb171cc4742ba41a3bc3a16cbfb0b2f9cf3d5fc7f20b14
2019-10-13,DK1010001,Dhaka,PM2.5-24hr,UG/M3,64.0,24,U.S. Department of State Bangladesh - Dhaka,155,3,23.796374,90.424614,050DK1010001,https://files.airnowtech.org/airnow/2019/20191013/daily_data_v2.dat,10/13/19|DK1010001|Dhaka|PM2.5-24hr|UG/M3|64|24|U.S. Department of State Bangladesh - Dhaka|155|3|23.796374|90.424614|050DK1010001,2026-07-18T03:21:13+00:00,92d1d720a757bc3970597cba1b070b94cf10fb575563987e2a1b3f8590591c43
2019-10-14,DK1010001,Dhaka,PM2.5-24hr,UG/M3,69.3,24,U.S. Department of State Bangladesh - Dhaka,158,3,23.796374,90.424614,050DK1010001,https://files.airnowtech.org/airnow/2019/20191014/daily_data_v2.dat,10/14/19|DK1010001|Dhaka|PM2.5-24hr|UG/M3|69.3|24|U.S. Department of State Bangladesh - Dhaka|158|3|23.796374|90.424614|050DK1010001,2026-07-18T03:21:13+00:00,bfe0cf785abae179b6a5a427217807e64809307775bc05af43375cc98d196195
2019-10-15,DK1010001,Dhaka,PM2.5-24hr,UG/M3,74.5,24,U.S. Department of State Bangladesh - Dhaka,161,3,23.796374,90.424614,050DK1010001,https://files.airnowtech.org/airnow/2019/20191015/daily_data_v2.dat,10/15/19|DK1010001|Dhaka|PM2.5-24hr|UG/M3|74.5|24|U.S. Department of State Bangladesh - Dhaka|161|3|23.796374|90.424614|050DK1010001,2026-07-18T03:21:13+00:00,a76e058dc259ca4e9c0bb463544ebe4bdf9ff8359adcea54f116f24a8b9260d7
2019-10-16,DK1010001,Dhaka,PM2.5-24hr,UG/M3,50.0,24,U.S. Department of State Bangladesh - Dhaka,137,2,23.796374,90.424614,050DK1010001,https://files.airnowtech.org/airnow/2019/20191016/daily_data_v2.dat,10/16/19|DK1010001|Dhaka|PM2.5-24hr|UG/M3|50|24|U.S. Department of State Bangladesh - Dhaka|137|2|23.796374|90.424614|050DK1010001,2026-07-18T03:21:14+00:00,e29f8dd11c89adaed328899b15d801346e03e73ad4f2a42627959160f711e3ac
2019-10-17,DK1010001,Dhaka,PM2.5-24hr,UG/M3,46.9,24,U.S. Department of State Bangladesh - Dhaka,129,2,23.796374,90.424614,050DK1010001,https://files.airnowtech.org/airnow/2019/20191017/daily_data_v2.dat,10/17/19|DK1010001|Dhaka|PM2.5-24hr|UG/M3|46.9|24|U.S. Department of State Bangladesh - Dhaka|129|2|23.796374|90.424614|050DK1010001,2026-07-18T03:21:14+00:00,748efef72babb8ce1048d7dd03c436816a1cf3da88696d9b2f254c13f168f8cb
2019-10-18,DK1010001,Dhaka,PM2.5-24hr,UG/M3,54.0,24,U.S. Department of State Bangladesh - Dhaka,147,2,23.796374,90.424614,050DK1010001,https://files.airnowtech.org/airnow/2019/20191018/daily_data_v2.dat,10/18/19|DK1010001|Dhaka|PM2.5-24hr|UG/M3|54|24|U.S. Department of State Bangladesh - Dhaka|147|2|23.796374|90.424614|050DK1010001,2026-07-18T03:21:14+00:00,a9ce4f7be02186b63eace8b0593843f3a43e64ffd3c38c13ec364f883fe11f8f
2019-10-19,DK1010001,Dhaka,PM2.5-24hr,UG/M3,73.9,24,U.S. Department of State Bangladesh - Dhaka,161,3,23.796374,90.424614,050DK1010001,https://files.airnowtech.org/airnow/2019/20191019/daily_data_v2.dat,10/19/19|DK1010001|Dhaka|PM2.5-24hr|UG/M3|73.9|24|U.S. Department of State Bangladesh - Dhaka|161|3|23.796374|90.424614|050DK1010001,2026-07-18T03:21:14+00:00,8af5b9d7ff4cceaee2f28fbd1e771c0e8b58a96e2207a9b2e25bbc34eda19819
2019-10-20,DK1010001,Dhaka,PM2.5-24hr,UG/M3,78.9,24,U.S. Department of State Bangladesh - Dhaka,163,3,23.796374,90.424614,050DK1010001,https://files.airnowtech.org/airnow/2019/20191020/daily_data_v2.dat,10/20/19|DK1010001|Dhaka|PM2.5-24hr|UG/M3|78.9|24|U.S. Department of State Bangladesh - Dhaka|163|3|23.796374|90.424614|050DK1010001,2026-07-18T03:21:14+00:00,4c16ecd7f20578b8a3e63fcffd23634d470b4f0234bdee99564ccfb58451b4bb
2019-10-21,DK1010001,Dhaka,PM2.5-24hr,UG/M3,89.8,24,U.S. Department of State Bangladesh - Dhaka,169,3,23.796374,90.424614,050DK1010001,https://files.airnowtech.org/airnow/2019/20191021/daily_data_v2.dat,10/21/19|DK1010001|Dhaka|PM2.5-24hr|UG/M3|89.8|24|U.S. Department of State Bangladesh - Dhaka|169|3|23.796374|90.424614|050DK1010001,2026-07-18T03:21:14+00:00,10856a36a572588a6b1f1d81f3e9e0f98d4eed361ae3274e3bc7432b4327bbe0
2019-10-22,DK1010001,Dhaka,PM2.5-24hr,UG/M3,101.5,24,U.S. Department of State Bangladesh - Dhaka,175,3,23.796374,90.424614,050DK1010001,https://files.airnowtech.org/airnow/2019/20191022/daily_data_v2.dat,10/22/19|DK1010001|Dhaka|PM2.5-24hr|UG/M3|101.5|24|U.S. Department of State Bangladesh - Dhaka|175|3|23.796374|90.424614|050DK1010001,2026-07-18T03:21:14+00:00,934bca56f70415e0235ef7096a1464f0adb893fe173a1f5d875723543a1cd41a
2019-10-23,DK1010001,Dhaka,PM2.5-24hr,UG/M3,104.6,24,U.S. Department of State Bangladesh - Dhaka,176,3,23.796374,90.424614,050DK1010001,https://files.airnowtech.org/airnow/2019/20191023/daily_data_v2.dat,10/23/19|DK1010001|Dhaka|PM2.5-24hr|UG/M3|104.6|24|U.S. Department of State Bangladesh - Dhaka|176|3|23.796374|90.424614|050DK1010001,2026-07-18T03:21:14+00:00,25476ba1d5468ab63c49795a7f886eb0683a6ea4a5af90e6294ef0a991cf949e
2019-10-24,DK1010001,Dhaka,PM2.5-24hr,UG/M3,41.5,24,U.S. Department of State Bangladesh - Dhaka,116,2,23.796374,90.424614,050DK1010001,https://files.airnowtech.org/airnow/2019/20191024/daily_data_v2.dat,10/24/19|DK1010001|Dhaka|PM2.5-24hr|UG/M3|41.5|24|U.S. Department of State Bangladesh - Dhaka|116|2|23.796374|90.424614|050DK1010001,2026-07-18T03:21:14+00:00,54b9763c00870fd47283adc38243a74ee087eb7fce6d20b07017345829ec7557
2019-10-28,DK1010001,Dhaka,PM2.5-24hr,UG/M3,58.0,24,U.S. Department of State Bangladesh - Dhaka,152,3,23.796374,90.424614,050DK1010001,https://files.airnowtech.org/airnow/2019/20191028/daily_data_v2.dat,10/28/19|DK1010001|Dhaka|PM2.5-24hr|UG/M3|58|24|U.S. Department of State Bangladesh - Dhaka|152|3|23.796374|90.424614|050DK1010001,2026-07-18T03:21:14+00:00,a8552e871184460c465e74328b0daaf60cdb130726ef4644aae650f10a6fc6e4
2019-10-29,DK1010001,Dhaka,PM2.5-24hr,UG/M3,75.1,24,U.S. Department of State Bangladesh - Dhaka,161,3,23.796374,90.424614,050DK1010001,https://files.airnowtech.org/airnow/2019/20191029/daily_data_v2.dat,10/29/19|DK1010001|Dhaka|PM2.5-24hr|UG/M3|75.1|24|U.S. Department of State Bangladesh - Dhaka|161|3|23.796374|90.424614|050DK1010001,2026-07-18T03:21:14+00:00,2ec0818836e76ab2a6e7f6b2df71648051fbebf11dab06942439382130a8b414
2019-10-30,DK1010001,Dhaka,PM2.5-24hr,UG/M3,82.5,24,U.S. Department of State Bangladesh - Dhaka,165,3,23.796374,90.424614,050DK1010001,https://files.airnowtech.org/airnow/2019/20191030/daily_data_v2.dat,10/30/19|DK1010001|Dhaka|PM2.5-24hr|UG/M3|82.5|24|U.S. Department of State Bangladesh - Dhaka|165|3|23.796374|90.424614|050DK1010001,2026-07-18T03:21:14+00:00,c208fd7a8532853f4134d182a6cb71bb7384bfc7ec568157a14fafce113cbfd9
2019-10-31,DK1010001,Dhaka,PM2.5-24hr,UG/M3,65.4,24,U.S. Department of State Bangladesh - Dhaka,156,3,23.796374,90.424614,050DK1010001,https://files.airnowtech.org/airnow/2019/20191031/daily_data_v2.dat,10/31/19|DK1010001|Dhaka|PM2.5-24hr|UG/M3|65.4|24|U.S. Department of State Bangladesh - Dhaka|156|3|23.796374|90.424614|050DK1010001,2026-07-18T03:21:14+00:00,a6edc0959b28262e5d675b8a9d79999c3a42925395f8e6e59c62f8e93567f8eb
2019-11-01,DK1010001,Dhaka,PM2.5-24hr,UG/M3,73.1,24,U.S. Department of State Bangladesh - Dhaka,160,3,23.796374,90.424614,050DK1010001,https://files.airnowtech.org/airnow/2019/20191101/daily_data_v2.dat,11/01/19|DK1010001|Dhaka|PM2.5-24hr|UG/M3|73.1|24|U.S. Department of State Bangladesh - Dhaka|160|3|23.796374|90.424614|050DK1010001,2026-07-18T03:21:14+00:00,b7f08f2296e6830dd849ddd4fc0a47405cc838726313be5cc86f6caabcd6154f
2019-11-02,DK1010001,Dhaka,PM2.5-24hr,UG/M3,64.7,24,U.S. Department of State Bangladesh - Dhaka,156,3,23.796374,90.424614,050DK1010001,https://files.airnowtech.org/airnow/2019/20191102/daily_data_v2.dat,11/02/19|DK1010001|Dhaka|PM2.5-24hr|UG/M3|64.7|24|U.S. Department of State Bangladesh - Dhaka|156|3|23.796374|90.424614|050DK1010001,2026-07-18T03:21:14+00:00,95ac9a73d2d495b8f85bc817bd4bbdd2095ef1554e34e796859fa8109d349b93
2019-11-03,DK1010001,Dhaka,PM2.5-24hr,UG/M3,108.7,24,U.S. Department of State Bangladesh - Dhaka,179,3,23.796374,90.424614,050DK1010001,https://files.airnowtech.org/airnow/2019/20191103/daily_data_v2.dat,11/03/19|DK1010001|Dhaka|PM2.5-24hr|UG/M3|108.7|24|U.S. Department of State Bangladesh - Dhaka|179|3|23.796374|90.424614|050DK1010001,2026-07-18T03:21:14+00:00,492a2896d70b67a4a011f155a29d5aba9f4b0c8bd67ae160a3f165f45377dc06
2019-11-04,DK1010001,Dhaka,PM2.5-24hr,UG/M3,83.8,24,U.S. Department of State Bangladesh - Dhaka,166,3,23.796374,90.424614,050DK1010001,https://files.airnowtech.org/airnow/2019/20191104/daily_data_v2.dat,11/04/19|DK1010001|Dhaka|PM2.5-24hr|UG/M3|83.8|24|U.S. Department of State Bangladesh - Dhaka|166|3|23.796374|90.424614|050DK1010001,2026-07-18T03:21:14+00:00,dcbea43fbe23f6da07c92f7e9e0a85c653a691714d6d140bcca8b0ef288fcbbe
2019-11-05,DK1010001,Dhaka,PM2.5-24hr,UG/M3,83.1,24,U.S. Department of State Bangladesh - Dhaka,165,3,23.796374,90.424614,050DK1010001,https://files.airnowtech.org/airnow/2019/20191105/daily_data_v2.dat,11/05/19|DK1010001|Dhaka|PM2.5-24hr|UG/M3|83.1|24|U.S. Department of State Bangladesh - Dhaka|165|3|23.796374|90.424614|050DK1010001,2026-07-18T03:21:14+00:00,e310452d34981b84820cd59677020a53089611aa64b83168bf3bb8012dd1e5ba
2019-11-06,DK1010001,Dhaka,PM2.5-24hr,UG/M3,130.0,24,U.S. Department of State Bangladesh - Dhaka,189,3,23.796374,90.424614,050DK1010001,https://files.airnowtech.org/airnow/2019/20191106/daily_data_v2.dat,11/06/19|DK1010001|Dhaka|PM2.5-24hr|UG/M3|130|24|U.S. Department of State Bangladesh - Dhaka|189|3|23.796374|90.424614|050DK1010001,2026-07-18T03:21:14+00:00,aaa67fdcf79e16eef2a6267c5055019edac995044f7d9ba3316a23d09ad4cb78
2019-11-07,DK1010001,Dhaka,PM2.5-24hr,UG/M3,84.4,24,U.S. Department of State Bangladesh - Dhaka,166,3,23.796374,90.424614,050DK1010001,https://files.airnowtech.org/airnow/2019/20191107/daily_data_v2.dat,11/07/19|DK1010001|Dhaka|PM2.5-24hr|UG/M3|84.4|24|U.S. Department of State Bangladesh - Dhaka|166|3|23.796374|90.424614|050DK1010001,2026-07-18T03:21:14+00:00,0087740f4dfe3b3891a3fcca694582c812fe8d4aa2848532535cf15dc59eba28
2019-11-08,DK1010001,Dhaka,PM2.5-24hr,UG/M3,55.6,24,U.S. Department of State Bangladesh - Dhaka,151,3,23.796374,90.424614,050DK1010001,https://files.airnowtech.org/airnow/2019/20191108/daily_data_v2.dat,11/08/19|DK1010001|Dhaka|PM2.5-24hr|UG/M3|55.6|24|U.S. Department of State Bangladesh - Dhaka|151|3|23.796374|90.424614|050DK1010001,2026-07-18T03:21:14+00:00,77dac9f80406049480f07efcb337fff30f199f9a74321a29d156d5aed07f2b7f
2019-11-09,DK1010001,Dhaka,PM2.5-24hr,UG/M3,25.4,24,U.S. Department of State Bangladesh - Dhaka,79,1,23.796374,90.424614,050DK1010001,https://files.airnowtech.org/airnow/2019/20191109/daily_data_v2.dat,11/09/19|DK1010001|Dhaka|PM2.5-24hr|UG/M3|25.4|24|U.S. Department of State Bangladesh - Dhaka|79|1|23.796374|90.424614|050DK1010001,2026-07-18T03:21:14+00:00,9691f2c3576e2cf8a81c835e2a1d903dc5a5124044a7f094dc6f86a35b519911
2019-11-10,DK1010001,Dhaka,PM2.5-24hr,UG/M3,14.8,24,U.S. Department of State Bangladesh - Dhaka,57,1,23.796374,90.424614,050DK1010001,https://files.airnowtech.org/airnow/2019/20191110/daily_data_v2.dat,11/10/19|DK1010001|Dhaka|PM2.5-24hr|UG/M3|14.8|24|U.S. Department of State Bangladesh - Dhaka|57|1|23.796374|90.424614|050DK1010001,2026-07-18T03:21:14+00:00,b8e5ead764b989cc808d81e988224e809e285203fc755197cec0f1f69606fbb0
2019-11-11,DK1010001,Dhaka,PM2.5-24hr,UG/M3,43.5,24,U.S. Department of State Bangladesh - Dhaka,121,2,23.796374,90.424614,050DK1010001,https://files.airnowtech.org/airnow/2019/20191111/daily_data_v2.dat,11/11/19|DK1010001|Dhaka|PM2.5-24hr|UG/M3|43.5|24|U.S. Department of State Bangladesh - Dhaka|121|2|23.796374|90.424614|050DK1010001,2026-07-18T03:21:14+00:00,8b6e1f939efa5f5710980cce67406848f992c11b75e1c2a65ceeb7d8d600d87b
2019-11-12,DK1010001,Dhaka,PM2.5-24hr,UG/M3,73.1,24,U.S. Department of State Bangladesh - Dhaka,160,3,23.796374,90.424614,050DK1010001,https://files.airnowtech.org/airnow/2019/20191112/daily_data_v2.dat,11/12/19|DK1010001|Dhaka|PM2.5-24hr|UG/M3|73.1|24|U.S. Department of State Bangladesh - Dhaka|160|3|23.796374|90.424614|050DK1010001,2026-07-18T03:21:14+00:00,c2fec13f4b46687fa909902aced1e38b8ff43119f8b846571db55ed6aa2a1956
2019-11-13,DK1010001,Dhaka,PM2.5-24hr,UG/M3,82.4,24,U.S. Department of State Bangladesh - Dhaka,165,3,23.796374,90.424614,050DK1010001,https://files.airnowtech.org/airnow/2019/20191113/daily_data_v2.dat,11/13/19|DK1010001|Dhaka|PM2.5-24hr|UG/M3|82.4|24|U.S. Department of State Bangladesh - Dhaka|165|3|23.796374|90.424614|050DK1010001,2026-07-18T03:21:14+00:00,07873847158e4370a391ff20a886bfe2e73e12e1b5d3e0dfec2fc8e50d6b61ec
2019-11-14,DK1010001,Dhaka,PM2.5-24hr,UG/M3,71.2,24,U.S. Department of State Bangladesh - Dhaka,159,3,23.796374,90.424614,050DK1010001,https://files.airnowtech.org/airnow/2019/20191114/daily_data_v2.dat,11/14/19|DK1010001|Dhaka|PM2.5-24hr|UG/M3|71.2|24|U.S. Department of State Bangladesh - Dhaka|159|3|23.796374|90.424614|050DK1010001,2026-07-18T03:21:14+00:00,296a7b2977c05aa84a7bc8e0bd03a4551bf4f30e782dc4b47f2d1a21e0e2b063
2019-11-15,DK1010001,Dhaka,PM2.5-24hr,UG/M3,83.9,24,U.S. Department of State Bangladesh - Dhaka,166,3,23.796374,90.424614,050DK1010001,https://files.airnowtech.org/airnow/2019/20191115/daily_data_v2.dat,11/15/19|DK1010001|Dhaka|PM2.5-24hr|UG/M3|83.9|24|U.S. Department of State Bangladesh - Dhaka|166|3|23.796374|90.424614|050DK1010001,2026-07-18T03:21:14+00:00,1017c06cd2e7f6b7ae20f61c4e67bf5f5a1ab51788f2c4834d6e88a52bfef646
2019-11-16,DK1010001,Dhaka,PM2.5-24hr,UG/M3,105.8,24,U.S. Department of State Bangladesh - Dhaka,177,3,23.796374,90.424614,050DK1010001,https://files.airnowtech.org/airnow/2019/20191116/daily_data_v2.dat,11/16/19|DK1010001|Dhaka|PM2.5-24hr|UG/M3|105.8|24|U.S. Department of State Bangladesh - Dhaka|177|3|23.796374|90.424614|050DK1010001,2026-07-18T03:21:14+00:00,fdcb750d8ce2fc414b06e4ad81d4c1e300238d48822a1c6e52e41060705c2809
2019-11-17,DK1010001,Dhaka,PM2.5-24hr,UG/M3,124.5,24,U.S. Department of State Bangladesh - Dhaka,187,3,23.796374,90.424614,050DK1010001,https://files.airnowtech.org/airnow/2019/20191117/daily_data_v2.dat,11/17/19|DK1010001|Dhaka|PM2.5-24hr|UG/M3|124.5|24|U.S. Department of State Bangladesh - Dhaka|187|3|23.796374|90.424614|050DK1010001,2026-07-18T03:21:14+00:00,7da780c9437e7ca1ad536f3b7a33443932c4c5bef9633b1825789036e2890136
2019-11-18,DK1010001,Dhaka,PM2.5-24hr,UG/M3,127.2,24,U.S. Department of State Bangladesh - Dhaka,188,3,23.796374,90.424614,050DK1010001,https://files.airnowtech.org/airnow/2019/20191118/daily_data_v2.dat,11/18/19|DK1010001|Dhaka|PM2.5-24hr|UG/M3|127.2|24|U.S. Department of State Bangladesh - Dhaka|188|3|23.796374|90.424614|050DK1010001,2026-07-18T03:21:14+00:00,d862564c57189024aabc3d0d554641f6af7941905c7ade36d0c14423e647e02c
2019-11-19,DK1010001,Dhaka,PM2.5-24hr,UG/M3,167.7,24,U.S. Department of State Bangladesh - Dhaka,218,4,23.796374,90.424614,050DK1010001,https://files.airnowtech.org/airnow/2019/20191119/daily_data_v2.dat,11/19/19|DK1010001|Dhaka|PM2.5-24hr|UG/M3|167.7|24|U.S. Department of State Bangladesh - Dhaka|218|4|23.796374|90.424614|050DK1010001,2026-07-18T03:21:14+00:00,ced84d50d4e0706eda777fe384097a3d09855823b53731363d42058427efda0a
2019-11-20,DK1010001,Dhaka,PM2.5-24hr,UG/M3,114.5,24,U.S. Department of State Bangladesh - Dhaka,181,3,23.796374,90.424614,050DK1010001,https://files.airnowtech.org/airnow/2019/20191120/daily_data_v2.dat,11/20/19|DK1010001|Dhaka|PM2.5-24hr|UG/M3|114.5|24|U.S. Department of State Bangladesh - Dhaka|181|3|23.796374|90.424614|050DK1010001,2026-07-18T03:21:14+00:00,07af210b1b7eecdd24fb325fe7bffbb35e9c207ba241f80d0a2872aaa1ca2271
2019-11-21,DK1010001,Dhaka,PM2.5-24hr,UG/M3,100.2,24,U.S. Department of State Bangladesh - Dhaka,174,3,23.796374,90.424614,050DK1010001,https://files.airnowtech.org/airnow/2019/20191121/daily_data_v2.dat,11/21/19|DK1010001|Dhaka|PM2.5-24hr|UG/M3|100.2|24|U.S. Department of State Bangladesh - Dhaka|174|3|23.796374|90.424614|050DK1010001,2026-07-18T03:21:14+00:00,773220cf19eb5fd369357739fdf585d38d5f5d84568e1f9dd215b9eae43388ff
2019-11-22,DK1010001,Dhaka,PM2.5-24hr,UG/M3,124.9,24,U.S. Department of State Bangladesh - Dhaka,187,3,23.796374,90.424614,050DK1010001,https://files.airnowtech.org/airnow/2019/20191122/daily_data_v2.dat,11/22/19|DK1010001|Dhaka|PM2.5-24hr|UG/M3|124.9|24|U.S. Department of State Bangladesh - Dhaka|187|3|23.796374|90.424614|050DK1010001,2026-07-18T03:21:14+00:00,c493d22abef4a16381d035d2dce0b4f23f328cb058733f0f69dd36a7925d1c24
2019-11-23,DK1010001,Dhaka,PM2.5-24hr,UG/M3,116.6,24,U.S. Department of State Bangladesh - Dhaka,183,3,23.796374,90.424614,050DK1010001,https://files.airnowtech.org/airnow/2019/20191123/daily_data_v2.dat,11/23/19|DK1010001|Dhaka|PM2.5-24hr|UG/M3|116.6|24|U.S. Department of State Bangladesh - Dhaka|183|3|23.796374|90.424614|050DK1010001,2026-07-18T03:21:14+00:00,29a89af6e84c67b0c0e99cf913cb6ac3aa415d836de1f6c5867f7bd666e1a17f
2019-11-24,DK1010001,Dhaka,PM2.5-24hr,UG/M3,137.7,24,U.S. Department of State Bangladesh - Dhaka,193,3,23.796374,90.424614,050DK1010001,https://files.airnowtech.org/airnow/2019/20191124/daily_data_v2.dat,11/24/19|DK1010001|Dhaka|PM2.5-24hr|UG/M3|137.7|24|U.S. Department of State Bangladesh - Dhaka|193|3|23.796374|90.424614|050DK1010001,2026-07-18T03:21:14+00:00,c0a3a385df3f34808a7366bd8490c5a46d9c3fb9b0213c8ee822af9eef82c7ab
2019-11-25,DK1010001,Dhaka,PM2.5-24hr,UG/M3,105.3,24,U.S. Department of State Bangladesh - Dhaka,177,3,23.796374,90.424614,050DK1010001,https://files.airnowtech.org/airnow/2019/20191125/daily_data_v2.dat,11/25/19|DK1010001|Dhaka|PM2.5-24hr|UG/M3|105.3|24|U.S. Department of State Bangladesh - Dhaka|177|3|23.796374|90.424614|050DK1010001,2026-07-18T03:21:14+00:00,7156053efb21e188cadea13a7bb0d6efc332a9d0d4d8a0003cd8fbde2b78f8b9
2019-11-26,DK1010001,Dhaka,PM2.5-24hr,UG/M3,83.2,24,U.S. Department of State Bangladesh - Dhaka,165,3,23.796374,90.424614,050DK1010001,https://files.airnowtech.org/airnow/2019/20191126/daily_data_v2.dat,11/26/19|DK1010001|Dhaka|PM2.5-24hr|UG/M3|83.2|24|U.S. Department of State Bangladesh - Dhaka|165|3|23.796374|90.424614|050DK1010001,2026-07-18T03:21:14+00:00,8208c8cc0cae81cc443cf77b78385c0c50f52158cc378cf38f46435de4dd93d8
2019-11-27,DK1010001,Dhaka,PM2.5-24hr,UG/M3,65.0,24,U.S. Department of State Bangladesh - Dhaka,156,3,23.796374,90.424614,050DK1010001,https://files.airnowtech.org/airnow/2019/20191127/daily_data_v2.dat,11/27/19|DK1010001|Dhaka|PM2.5-24hr|UG/M3|65|24|U.S. Department of State Bangladesh - Dhaka|156|3|23.796374|90.424614|050DK1010001,2026-07-18T03:21:14+00:00,75efa5ceee68a1a9490fe09aa4a8a3939309ffcc1030b415e901f891b013a9d6
2019-11-28,DK1010001,Dhaka,PM2.5-24hr,UG/M3,81.9,24,U.S. Department of State Bangladesh - Dhaka,165,3,23.796374,90.424614,050DK1010001,https://files.airnowtech.org/airnow/2019/20191128/daily_data_v2.dat,11/28/19|DK1010001|Dhaka|PM2.5-24hr|UG/M3|81.9|24|U.S. Department of State Bangladesh - Dhaka|165|3|23.796374|90.424614|050DK1010001,2026-07-18T03:21:14+00:00,a05e8830ab4e4668612aa96ba7ba4e57a3ba1439df26c778a35f8988c28caf64
2019-11-29,DK1010001,Dhaka,PM2.5-24hr,UG/M3,107.1,24,U.S. Department of State Bangladesh - Dhaka,178,3,23.796374,90.424614,050DK1010001,https://files.airnowtech.org/airnow/2019/20191129/daily_data_v2.dat,11/29/19|DK1010001|Dhaka|PM2.5-24hr|UG/M3|107.1|24|U.S. Department of State Bangladesh - Dhaka|178|3|23.796374|90.424614|050DK1010001,2026-07-18T03:21:14+00:00,82d20b770869c147c36564663f97ae3bed641078f04db836a9d740379ebd7c70
2019-11-30,DK1010001,Dhaka,PM2.5-24hr,UG/M3,126.5,24,U.S. Department of State Bangladesh - Dhaka,188,3,23.796374,90.424614,050DK1010001,https://files.airnowtech.org/airnow/2019/20191130/daily_data_v2.dat,11/30/19|DK1010001|Dhaka|PM2.5-24hr|UG/M3|126.5|24|U.S. Department of State Bangladesh - Dhaka|188|3|23.796374|90.424614|050DK1010001,2026-07-18T03:21:14+00:00,224cacdc47a0f712d83b4fd4b20338075fced8ad0e18212ddddd2ca54f1a42b3
2019-12-01,DK1010001,Dhaka,PM2.5-24hr,UG/M3,126.6,24,U.S. Department of State Bangladesh - Dhaka,188,3,23.796374,90.424614,050DK1010001,https://files.airnowtech.org/airnow/2019/20191201/daily_data_v2.dat,12/01/19|DK1010001|Dhaka|PM2.5-24hr|UG/M3|126.6|24|U.S. Department of State Bangladesh - Dhaka|188|3|23.796374|90.424614|050DK1010001,2026-07-18T03:21:15+00:00,68eb5375d170646535859fd0b5bb28db7f2a3eeb849280bc16d28722591f1b06
2019-12-02,DK1010001,Dhaka,PM2.5-24hr,UG/M3,118.6,24,U.S. Department of State Bangladesh - Dhaka,184,3,23.796374,90.424614,050DK1010001,https://files.airnowtech.org/airnow/2019/20191202/daily_data_v2.dat,12/02/19|DK1010001|Dhaka|PM2.5-24hr|UG/M3|118.6|24|U.S. Department of State Bangladesh - Dhaka|184|3|23.796374|90.424614|050DK1010001,2026-07-18T03:21:15+00:00,2850e04efbd4c24463ada21a5139fb296ed40ec698d7e6bc0fc52c41fd02d31a
2019-12-03,DK1010001,Dhaka,PM2.5-24hr,UG/M3,132.0,24,U.S. Department of State Bangladesh - Dhaka,191,3,23.796374,90.424614,050DK1010001,https://files.airnowtech.org/airnow/2019/20191203/daily_data_v2.dat,12/03/19|DK1010001|Dhaka|PM2.5-24hr|UG/M3|132|24|U.S. Department of State Bangladesh - Dhaka|191|3|23.796374|90.424614|050DK1010001,2026-07-18T03:21:15+00:00,3dbf0984f7b712833253a2c794e3aedab04ce7f21557913210c82c89b33fbc1a
2019-12-04,DK1010001,Dhaka,PM2.5-24hr,UG/M3,108.0,24,U.S. Department of State Bangladesh - Dhaka,178,3,23.796374,90.424614,050DK1010001,https://files.airnowtech.org/airnow/2019/20191204/daily_data_v2.dat,12/04/19|DK1010001|Dhaka|PM2.5-24hr|UG/M3|108|24|U.S. Department of State Bangladesh - Dhaka|178|3|23.796374|90.424614|050DK1010001,2026-07-18T03:21:19+00:00,7db723b6811e2daa6f95622c535b0b3f3247b8e89d915ec4ed7bcb0495e943f7
2019-12-05,DK1010001,Dhaka,PM2.5-24hr,UG/M3,77.7,24,U.S. Department of State Bangladesh - Dhaka,163,3,23.796374,90.424614,050DK1010001,https://files.airnowtech.org/airnow/2019/20191205/daily_data_v2.dat,12/05/19|DK1010001|Dhaka|PM2.5-24hr|UG/M3|77.7|24|U.S. Department of State Bangladesh - Dhaka|163|3|23.796374|90.424614|050DK1010001,2026-07-18T03:21:19+00:00,05e95193055922762a1db8c49a8a81a7d14f7ae7a11029080b31b574e603980d
2019-12-06,DK1010001,Dhaka,PM2.5-24hr,UG/M3,59.6,24,U.S. Department of State Bangladesh - Dhaka,153,3,23.796374,90.424614,050DK1010001,https://files.airnowtech.org/airnow/2019/20191206/daily_data_v2.dat,12/06/19|DK1010001|Dhaka|PM2.5-24hr|UG/M3|59.6|24|U.S. Department of State Bangladesh - Dhaka|153|3|23.796374|90.424614|050DK1010001,2026-07-18T03:21:19+00:00,ef3e2618bca6a8af9f46bdee0d687f4b727208ee1b4f942e87d3c276f479f4d0
2019-12-07,DK1010001,Dhaka,PM2.5-24hr,UG/M3,83.6,24,U.S. Department of State Bangladesh - Dhaka,166,3,23.796374,90.424614,050DK1010001,https://files.airnowtech.org/airnow/2019/20191207/daily_data_v2.dat,12/07/19|DK1010001|Dhaka|PM2.5-24hr|UG/M3|83.6|24|U.S. Department of State Bangladesh - Dhaka|166|3|23.796374|90.424614|050DK1010001,2026-07-18T03:21:19+00:00,12e9d1b528cd515c78a72ebf3a18d9e2a698efdaf699c99a6d43226b7d0de063
2019-12-08,DK1010001,Dhaka,PM2.5-24hr,UG/M3,101.5,24,U.S. Department of State Bangladesh - Dhaka,175,3,23.796374,90.424614,050DK1010001,https://files.airnowtech.org/airnow/2019/20191208/daily_data_v2.dat,12/08/19|DK1010001|Dhaka|PM2.5-24hr|UG/M3|101.5|24|U.S. Department of State Bangladesh - Dhaka|175|3|23.796374|90.424614|050DK1010001,2026-07-18T03:21:19+00:00,5f816503ed05da7952ca6c6fb4a9f0d5bd012f826e6b43aa6a79444a4cde21ad
2019-12-09,DK1010001,Dhaka,PM2.5-24hr,UG/M3,150.3,24,U.S. Department of State Bangladesh - Dhaka,200,3,23.796374,90.424614,050DK1010001,https://files.airnowtech.org/airnow/2019/20191209/daily_data_v2.dat,12/09/19|DK1010001|Dhaka|PM2.5-24hr|UG/M3|150.3|24|U.S. Department of State Bangladesh - Dhaka|200|3|23.796374|90.424614|050DK1010001,2026-07-18T03:21:19+00:00,1f5ab7dc082179ae7a2d5136ec89328dcc3c22f917cbb87b18960b9cc2f7968b
2019-12-10,DK1010001,Dhaka,PM2.5-24hr,UG/M3,122.8,24,U.S. Department of State Bangladesh - Dhaka,186,3,23.796374,90.424614,050DK1010001,https://files.airnowtech.org/airnow/2019/20191210/daily_data_v2.dat,12/10/19|DK1010001|Dhaka|PM2.5-24hr|UG/M3|122.8|24|U.S. Department of State Bangladesh - Dhaka|186|3|23.796374|90.424614|050DK1010001,2026-07-18T03:21:19+00:00,5a2174f00de2b00394c3ad6ce105aa25f06c40579b8512e824287bd64c70b894
2019-12-11,DK1010001,Dhaka,PM2.5-24hr,UG/M3,148.2,24,U.S. Department of State Bangladesh - Dhaka,199,3,23.796374,90.424614,050DK1010001,https://files.airnowtech.org/airnow/2019/20191211/daily_data_v2.dat,12/11/19|DK1010001|Dhaka|PM2.5-24hr|UG/M3|148.2|24|U.S. Department of State Bangladesh - Dhaka|199|3|23.796374|90.424614|050DK1010001,2026-07-18T03:21:19+00:00,8673a3bb81a07e6eda7c6f0e1bc3f7ff4ae7189d381412ff90d95c6080f07ea1
2019-12-12,DK1010001,Dhaka,PM2.5-24hr,UG/M3,163.4,24,U.S. Department of State Bangladesh - Dhaka,214,4,23.796374,90.424614,050DK1010001,https://files.airnowtech.org/airnow/2019/20191212/daily_data_v2.dat,12/12/19|DK1010001|Dhaka|PM2.5-24hr|UG/M3|163.4|24|U.S. Department of State Bangladesh - Dhaka|214|4|23.796374|90.424614|050DK1010001,2026-07-18T03:21:19+00:00,7262309b6425f0f4e8dab692c118a46fc1798b92276a7c78e5d720b41dac7a88
2019-12-13,DK1010001,Dhaka,PM2.5-24hr,UG/M3,196.5,24,U.S. Department of State Bangladesh - Dhaka,247,4,23.796374,90.424614,050DK1010001,https://files.airnowtech.org/airnow/2019/20191213/daily_data_v2.dat,12/13/19|DK1010001|Dhaka|PM2.5-24hr|UG/M3|196.5|24|U.S. Department of State Bangladesh - Dhaka|247|4|23.796374|90.424614|050DK1010001,2026-07-18T03:21:19+00:00,70b15a364adbf2e256b5707a667963f90b4eb5ed854dafd3e19895ea9a9bace7
2019-12-14,DK1010001,Dhaka,PM2.5-24hr,UG/M3,139.5,24,U.S. Department of State Bangladesh - Dhaka,194,3,23.796374,90.424614,050DK1010001,https://files.airnowtech.org/airnow/2019/20191214/daily_data_v2.dat,12/14/19|DK1010001|Dhaka|PM2.5-24hr|UG/M3|139.5|24|U.S. Department of State Bangladesh - Dhaka|194|3|23.796374|90.424614|050DK1010001,2026-07-18T03:21:19+00:00,6526655d76681e596edd4e678c8b191d631351997f5d429f19fdac754e61f14e
2019-12-15,DK1010001,Dhaka,PM2.5-24hr,UG/M3,130.5,24,U.S. Department of State Bangladesh - Dhaka,190,3,23.796374,90.424614,050DK1010001,https://files.airnowtech.org/airnow/2019/20191215/daily_data_v2.dat,12/15/19|DK1010001|Dhaka|PM2.5-24hr|UG/M3|130.5|24|U.S. Department of State Bangladesh - Dhaka|190|3|23.796374|90.424614|050DK1010001,2026-07-18T03:21:19+00:00,c2610bf43a3959dd83f8c9d694a488d38092f4c3f33f7a8f43a8b8c691a4543c
2019-12-16,DK1010001,Dhaka,PM2.5-24hr,UG/M3,121.2,24,U.S. Department of State Bangladesh - Dhaka,185,3,23.796374,90.424614,050DK1010001,https://files.airnowtech.org/airnow/2019/20191216/daily_data_v2.dat,12/16/19|DK1010001|Dhaka|PM2.5-24hr|UG/M3|121.2|24|U.S. Department of State Bangladesh - Dhaka|185|3|23.796374|90.424614|050DK1010001,2026-07-18T03:21:19+00:00,939d3ce245f7e1901af3d374a1f59b1f0356b2c556c4078ea85308299e3db10c
2019-12-17,DK1010001,Dhaka,PM2.5-24hr,UG/M3,123.2,24,U.S. Department of State Bangladesh - Dhaka,186,3,23.796374,90.424614,050DK1010001,https://files.airnowtech.org/airnow/2019/20191217/daily_data_v2.dat,12/17/19|DK1010001|Dhaka|PM2.5-24hr|UG/M3|123.2|24|U.S. Department of State Bangladesh - Dhaka|186|3|23.796374|90.424614|050DK1010001,2026-07-18T03:21:19+00:00,488559d78a5863891fb9aeeb23aeaecff12abb4b7f58b81f67a930edf7bf6cd9
2019-12-18,DK1010001,Dhaka,PM2.5-24hr,UG/M3,144.2,24,U.S. Department of State Bangladesh - Dhaka,197,3,23.796374,90.424614,050DK1010001,https://files.airnowtech.org/airnow/2019/20191218/daily_data_v2.dat,12/18/19|DK1010001|Dhaka|PM2.5-24hr|UG/M3|144.2|24|U.S. Department of State Bangladesh - Dhaka|197|3|23.796374|90.424614|050DK1010001,2026-07-18T03:21:19+00:00,06dc9d2c799356e96fd84ea7e07a4ef7b83a2146da47a0488ed5ad033d1b95bb
2019-12-19,DK1010001,Dhaka,PM2.5-24hr,UG/M3,161.2,24,U.S. Department of State Bangladesh - Dhaka,212,4,23.796374,90.424614,050DK1010001,https://files.airnowtech.org/airnow/2019/20191219/daily_data_v2.dat,12/19/19|DK1010001|Dhaka|PM2.5-24hr|UG/M3|161.2|24|U.S. Department of State Bangladesh - Dhaka|212|4|23.796374|90.424614|050DK1010001,2026-07-18T03:21:19+00:00,f7269d1935223305fa8210f085e3c5154b7d41d657de601412d1b7c2a1f086db
2019-12-20,DK1010001,Dhaka,PM2.5-24hr,UG/M3,160.5,24,U.S. Department of State Bangladesh - Dhaka,211,4,23.796374,90.424614,050DK1010001,https://files.airnowtech.org/airnow/2019/20191220/daily_data_v2.dat,12/20/19|DK1010001|Dhaka|PM2.5-24hr|UG/M3|160.5|24|U.S. Department of State Bangladesh - Dhaka|211|4|23.796374|90.424614|050DK1010001,2026-07-18T03:21:19+00:00,65a6e654a3a0733a1ef182d933c04b2b11f930a2b7121a378bdc8bf1e858e4f8
2019-12-21,DK1010001,Dhaka,PM2.5-24hr,UG/M3,136.2,24,U.S. Department of State Bangladesh - Dhaka,193,3,23.796374,90.424614,050DK1010001,https://files.airnowtech.org/airnow/2019/20191221/daily_data_v2.dat,12/21/19|DK1010001|Dhaka|PM2.5-24hr|UG/M3|136.2|24|U.S. Department of State Bangladesh - Dhaka|193|3|23.796374|90.424614|050DK1010001,2026-07-18T03:21:19+00:00,d28f5c52f7e5f5de33279f293f0b5dd2319f6da34cf6d3721127ad2ea39ef990
2019-12-22,DK1010001,Dhaka,PM2.5-24hr,UG/M3,124.3,24,U.S. Department of State Bangladesh - Dhaka,187,3,23.796374,90.424614,050DK1010001,https://files.airnowtech.org/airnow/2019/20191222/daily_data_v2.dat,12/22/19|DK1010001|Dhaka|PM2.5-24hr|UG/M3|124.3|24|U.S. Department of State Bangladesh - Dhaka|187|3|23.796374|90.424614|050DK1010001,2026-07-18T03:21:19+00:00,dd149d1e1eb0848aecc21cc5c7b3774c8d39549b4e235f1eee695b2a6019b428
2019-12-23,DK1010001,Dhaka,PM2.5-24hr,UG/M3,139.0,24,U.S. Department of State Bangladesh - Dhaka,194,3,23.796374,90.424614,050DK1010001,https://files.airnowtech.org/airnow/2019/20191223/daily_data_v2.dat,12/23/19|DK1010001|Dhaka|PM2.5-24hr|UG/M3|139|24|U.S. Department of State Bangladesh - Dhaka|194|3|23.796374|90.424614|050DK1010001,2026-07-18T03:21:19+00:00,f35c87d71be8c39c509a50ff09af4c647d1cb155bebfb231fadccbb015058c6d
2019-12-24,DK1010001,Dhaka,PM2.5-24hr,UG/M3,217.5,24,U.S. Department of State Bangladesh - Dhaka,267,4,23.796374,90.424614,050DK1010001,https://files.airnowtech.org/airnow/2019/20191224/daily_data_v2.dat,12/24/19|DK1010001|Dhaka|PM2.5-24hr|UG/M3|217.5|24|U.S. Department of State Bangladesh - Dhaka|267|4|23.796374|90.424614|050DK1010001,2026-07-18T03:21:19+00:00,c20442a1d25c6318bc5762eebccef3699288df93d5d66cf050097f7d8c2b2ce9
2019-12-25,DK1010001,Dhaka,PM2.5-24hr,UG/M3,181.5,24,U.S. Department of State Bangladesh - Dhaka,232,4,23.796374,90.424614,050DK1010001,https://files.airnowtech.org/airnow/2019/20191225/daily_data_v2.dat,12/25/19|DK1010001|Dhaka|PM2.5-24hr|UG/M3|181.5|24|U.S. Department of State Bangladesh - Dhaka|232|4|23.796374|90.424614|050DK1010001,2026-07-18T03:21:19+00:00,a4de426467515a8ebced129f4111e5d80ce55a5889517fbc15dbde624b479dd8
2019-12-26,DK1010001,Dhaka,PM2.5-24hr,UG/M3,270.2,24,U.S. Department of State Bangladesh - Dhaka,321,5,23.796374,90.424614,050DK1010001,https://files.airnowtech.org/airnow/2019/20191226/daily_data_v2.dat,12/26/19|DK1010001|Dhaka|PM2.5-24hr|UG/M3|270.2|24|U.S. Department of State Bangladesh - Dhaka|321|5|23.796374|90.424614|050DK1010001,2026-07-18T03:21:19+00:00,2feabce56adf8f447143239e4304558274fc3fd3aeb301b9a666087c25d58290
2019-12-27,DK1010001,Dhaka,PM2.5-24hr,UG/M3,217.5,24,U.S. Department of State Bangladesh - Dhaka,267,4,23.796374,90.424614,050DK1010001,https://files.airnowtech.org/airnow/2019/20191227/daily_data_v2.dat,12/27/19|DK1010001|Dhaka|PM2.5-24hr|UG/M3|217.5|24|U.S. Department of State Bangladesh - Dhaka|267|4|23.796374|90.424614|050DK1010001,2026-07-18T03:21:19+00:00,27eb1fb0e6a57a736853509e9858dbbab02894566c1d8c1e66c6c7642e92c25d
2019-12-28,DK1010001,Dhaka,PM2.5-24hr,UG/M3,168.7,24,U.S. Department of State Bangladesh - Dhaka,219,4,23.796374,90.424614,050DK1010001,https://files.airnowtech.org/airnow/2019/20191228/daily_data_v2.dat,12/28/19|DK1010001|Dhaka|PM2.5-24hr|UG/M3|168.7|24|U.S. Department of State Bangladesh - Dhaka|219|4|23.796374|90.424614|050DK1010001,2026-07-18T03:21:19+00:00,aa23cdd690fd8b9134b7250e5754df0651b2a3c511b25c0c91c0757af1183fd1
2019-12-29,DK1010001,Dhaka,PM2.5-24hr,UG/M3,162.4,24,U.S. Department of State Bangladesh - Dhaka,213,4,23.796374,90.424614,050DK1010001,https://files.airnowtech.org/airnow/2019/20191229/daily_data_v2.dat,12/29/19|DK1010001|Dhaka|PM2.5-24hr|UG/M3|162.4|24|U.S. Department of State Bangladesh - Dhaka|213|4|23.796374|90.424614|050DK1010001,2026-07-18T03:21:19+00:00,d1696e2a666c2c389bf5cea3db6e1c5e009c61360cc78ea1a05e87206881f94f
2019-12-30,DK1010001,Dhaka,PM2.5-24hr,UG/M3,166.0,24,U.S. Department of State Bangladesh - Dhaka,216,4,23.796374,90.424614,050DK1010001,https://files.airnowtech.org/airnow/2019/20191230/daily_data_v2.dat,12/30/19|DK1010001|Dhaka|PM2.5-24hr|UG/M3|166|24|U.S. Department of State Bangladesh - Dhaka|216|4|23.796374|90.424614|050DK1010001,2026-07-18T03:21:19+00:00,0fe36d35705ce907cad64c8d2449995f6215915e06b7c453f2ad9e220a67cab6
2019-12-31,DK1010001,Dhaka,PM2.5-24hr,UG/M3,173.4,24,U.S. Department of State Bangladesh - Dhaka,224,4,23.796374,90.424614,050DK1010001,https://files.airnowtech.org/airnow/2019/20191231/daily_data_v2.dat,12/31/19|DK1010001|Dhaka|PM2.5-24hr|UG/M3|173.4|24|U.S. Department of State Bangladesh - Dhaka|224|4|23.796374|90.424614|050DK1010001,2026-07-18T03:21:19+00:00,0f9b0cfdc70040da2f277a354ba4e69d635e5c7efa183ccbcfe2bc22c416fcd2
2020-01-01,DK1010001,Dhaka,PM2.5-24hr,UG/M3,206.6,24,U.S. Department of State Bangladesh - Dhaka,257,4,23.796374,90.424614,050DK1010001,https://files.airnowtech.org/airnow/2020/20200101/daily_data_v2.dat,01/01/20|DK1010001|Dhaka|PM2.5-24hr|UG/M3|206.6|24|U.S. Department of State Bangladesh - Dhaka|257|4|23.796374|90.424614|050DK1010001,2026-07-18T03:21:19+00:00,326e2c579b12044753e9fd67e400cd0178685729c0197955eb37fc58b45a3425
2020-01-02,DK1010001,Dhaka,PM2.5-24hr,UG/M3,139.5,24,U.S. Department of State Bangladesh - Dhaka,194,3,23.796374,90.424614,050DK1010001,https://files.airnowtech.org/airnow/2020/20200102/daily_data_v2.dat,01/02/20|DK1010001|Dhaka|PM2.5-24hr|UG/M3|139.5|24|U.S. Department of State Bangladesh - Dhaka|194|3|23.796374|90.424614|050DK1010001,2026-07-18T03:21:19+00:00,5bc10cac2d0001f8dff6109668c70cc868bec0b3e84e17ec8b138ce7f1c97153
2020-01-03,DK1010001,Dhaka,PM2.5-24hr,UG/M3,46.2,24,U.S. Department of State Bangladesh - Dhaka,127,2,23.796374,90.424614,050DK1010001,https://files.airnowtech.org/airnow/2020/20200103/daily_data_v2.dat,01/03/20|DK1010001|Dhaka|PM2.5-24hr|UG/M3|46.2|24|U.S. Department of State Bangladesh - Dhaka|127|2|23.796374|90.424614|050DK1010001,2026-07-18T03:21:19+00:00,108c9892eb87d179c7f6f4941568bd2a9ab8d6ded927c5bb1a5615c8e6725dbe
2020-01-04,DK1010001,Dhaka,PM2.5-24hr,UG/M3,64.4,24,U.S. Department of State Bangladesh - Dhaka,156,3,23.796374,90.424614,050DK1010001,https://files.airnowtech.org/airnow/2020/20200104/daily_data_v2.dat,01/04/20|DK1010001|Dhaka|PM2.5-24hr|UG/M3|64.4|24|U.S. Department of State Bangladesh - Dhaka|156|3|23.796374|90.424614|050DK1010001,2026-07-18T03:21:19+00:00,058ae23ed596771355a9c344ea50f0c0f0decb5b834280caa3886910ba1536a2
2020-01-05,DK1010001,Dhaka,PM2.5-24hr,UG/M3,107.9,24,U.S. Department of State Bangladesh - Dhaka,178,3,23.796374,90.424614,050DK1010001,https://files.airnowtech.org/airnow/2020/20200105/daily_data_v2.dat,01/05/20|DK1010001|Dhaka|PM2.5-24hr|UG/M3|107.9|24|U.S. Department of State Bangladesh - Dhaka|178|3|23.796374|90.424614|050DK1010001,2026-07-18T03:21:19+00:00,c250a4919e3ae0d83357c326d8d5febad2a5e04ad70c0b5ebaa38fd96b21af7a
2020-01-06,DK1010001,Dhaka,PM2.5-24hr,UG/M3,129.8,24,U.S. Department of State Bangladesh - Dhaka,189,3,23.796374,90.424614,050DK1010001,https://files.airnowtech.org/airnow/2020/20200106/daily_data_v2.dat,01/06/20|DK1010001|Dhaka|PM2.5-24hr|UG/M3|129.8|24|U.S. Department of State Bangladesh - Dhaka|189|3|23.796374|90.424614|050DK1010001,2026-07-18T03:21:19+00:00,d6a568fded57babbd7893814ee7729a74790617d3786e1bd592e47bf5eb186ed
2020-01-07,DK1010001,Dhaka,PM2.5-24hr,UG/M3,183.2,24,U.S. Department of State Bangladesh - Dhaka,234,4,23.796374,90.424614,050DK1010001,https://files.airnowtech.org/airnow/2020/20200107/daily_data_v2.dat,01/07/20|DK1010001|Dhaka|PM2.5-24hr|UG/M3|183.2|24|U.S. Department of State Bangladesh - Dhaka|234|4|23.796374|90.424614|050DK1010001,2026-07-18T03:21:19+00:00,d687e33d0ff14d1a70ee473d6c6f4f64a691de854484b5d7ee4c2d1fb5c2171e
2020-01-08,DK1010001,Dhaka,PM2.5-24hr,UG/M3,129.9,24,U.S. Department of State Bangladesh - Dhaka,189,3,23.796374,90.424614,050DK1010001,https://files.airnowtech.org/airnow/2020/20200108/daily_data_v2.dat,01/08/20|DK1010001|Dhaka|PM2.5-24hr|UG/M3|129.9|24|U.S. Department of State Bangladesh - Dhaka|189|3|23.796374|90.424614|050DK1010001,2026-07-18T03:21:19+00:00,d458e598103465d9477a320280aea230fb0cbabc1ea33ae8c5e9e7a703df4933
2020-01-09,DK1010001,Dhaka,PM2.5-24hr,UG/M3,167.2,24,U.S. Department of State Bangladesh - Dhaka,218,4,23.796374,90.424614,050DK1010001,https://files.airnowtech.org/airnow/2020/20200109/daily_data_v2.dat,01/09/20|DK1010001|Dhaka|PM2.5-24hr|UG/M3|167.2|24|U.S. Department of State Bangladesh - Dhaka|218|4|23.796374|90.424614|050DK1010001,2026-07-18T03:21:19+00:00,b30b382f01b44ea9fbf1dd1935ed876e9ce1933bf8e4eec5fc338394fa010eb3
2020-01-10,DK1010001,Dhaka,PM2.5-24hr,UG/M3,139.6,24,U.S. Department of State Bangladesh - Dhaka,194,3,23.796374,90.424614,050DK1010001,https://files.airnowtech.org/airnow/2020/20200110/daily_data_v2.dat,01/10/20|DK1010001|Dhaka|PM2.5-24hr|UG/M3|139.6|24|U.S. Department of State Bangladesh - Dhaka|194|3|23.796374|90.424614|050DK1010001,2026-07-18T03:21:19+00:00,fadb4051de90480497dc31d48eef72ac6d3a1c4a951b88d6ce9c341bca3ad60f
2020-01-11,DK1010001,Dhaka,PM2.5-24hr,UG/M3,178.0,24,U.S. Department of State Bangladesh - Dhaka,228,4,23.796374,90.424614,050DK1010001,https://files.airnowtech.org/airnow/2020/20200111/daily_data_v2.dat,01/11/20|DK1010001|Dhaka|PM2.5-24hr|UG/M3|178|24|U.S. Department of State Bangladesh - Dhaka|228|4|23.796374|90.424614|050DK1010001,2026-07-18T03:21:19+00:00,25be8ecb0387a0f4c84bba21edb0c726ce76d06404769549f744c2c5ba467ee5
2020-01-12,DK1010001,Dhaka,PM2.5-24hr,UG/M3,203.7,24,U.S. Department of State Bangladesh - Dhaka,254,4,23.796374,90.424614,050DK1010001,https://files.airnowtech.org/airnow/2020/20200112/daily_data_v2.dat,01/12/20|DK1010001|Dhaka|PM2.5-24hr|UG/M3|203.7|24|U.S. Department of State Bangladesh - Dhaka|254|4|23.796374|90.424614|050DK1010001,2026-07-18T03:21:19+00:00,394ef81c865b91e1ac644f640f5cadd98d3ae2f96280d6a8602db7bc8a01753a
2020-01-13,DK1010001,Dhaka,PM2.5-24hr,UG/M3,227.7,24,U.S. Department of State Bangladesh - Dhaka,278,4,23.796374,90.424614,050DK1010001,https://files.airnowtech.org/airnow/2020/20200113/daily_data_v2.dat,01/13/20|DK1010001|Dhaka|PM2.5-24hr|UG/M3|227.7|24|U.S. Department of State Bangladesh - Dhaka|278|4|23.796374|90.424614|050DK1010001,2026-07-18T03:21:19+00:00,bceb52e7635de3a3b102dc5c404cb38ab5c673070df2102400af8c2d7be1f6d4
2020-01-14,DK1010001,Dhaka,PM2.5-24hr,UG/M3,244.7,24,U.S. Department of State Bangladesh - Dhaka,294,4,23.796374,90.424614,050DK1010001,https://files.airnowtech.org/airnow/2020/20200114/daily_data_v2.dat,01/14/20|DK1010001|Dhaka|PM2.5-24hr|UG/M3|244.7|24|U.S. Department of State Bangladesh - Dhaka|294|4|23.796374|90.424614|050DK1010001,2026-07-18T03:21:19+00:00,f71aa845945002dcea019bb7f2f1df449b5711904cc449de69680f4f31008153
2020-01-15,DK1010001,Dhaka,PM2.5-24hr,UG/M3,261.2,24,U.S. Department of State Bangladesh - Dhaka,312,5,23.796374,90.424614,050DK1010001,https://files.airnowtech.org/airnow/2020/20200115/daily_data_v2.dat,01/15/20|DK1010001|Dhaka|PM2.5-24hr|UG/M3|261.2|24|U.S. Department of State Bangladesh - Dhaka|312|5|23.796374|90.424614|050DK1010001,2026-07-18T03:21:19+00:00,de623a2dacdc090d094c8ca7dd7678f3ec76cb3454c43a25b0d25fe160178314
2020-01-16,DK1010001,Dhaka,PM2.5-24hr,UG/M3,208.8,24,U.S. Department of State Bangladesh - Dhaka,259,4,23.796374,90.424614,050DK1010001,https://files.airnowtech.org/airnow/2020/20200116/daily_data_v2.dat,01/16/20|DK1010001|Dhaka|PM2.5-24hr|UG/M3|208.8|24|U.S. Department of State Bangladesh - Dhaka|259|4|23.796374|90.424614|050DK1010001,2026-07-18T03:21:19+00:00,3c62f8416ca61515a6e988dba9d6bd47b4e5fb8d5474e69c540a8c57dd032524
2020-01-17,DK1010001,Dhaka,PM2.5-24hr,UG/M3,138.0,24,U.S. Department of State Bangladesh - Dhaka,194,3,23.796374,90.424614,050DK1010001,https://files.airnowtech.org/airnow/2020/20200117/daily_data_v2.dat,01/17/20|DK1010001|Dhaka|PM2.5-24hr|UG/M3|138|24|U.S. Department of State Bangladesh - Dhaka|194|3|23.796374|90.424614|050DK1010001,2026-07-18T03:21:19+00:00,3fa206d1eaf08b5ddf81438c2f60626757fd517570f161601db2e807f3e63bb2
2020-01-18,DK1010001,Dhaka,PM2.5-24hr,UG/M3,168.5,24,U.S. Department of State Bangladesh - Dhaka,219,4,23.796374,90.424614,050DK1010001,https://files.airnowtech.org/airnow/2020/20200118/daily_data_v2.dat,01/18/20|DK1010001|Dhaka|PM2.5-24hr|UG/M3|168.5|24|U.S. Department of State Bangladesh - Dhaka|219|4|23.796374|90.424614|050DK1010001,2026-07-18T03:21:19+00:00,9c78c4b5120963ed629812903d8b5f07c189a8f945b8d9c9147a1318590f4eb8
2020-01-19,DK1010001,Dhaka,PM2.5-24hr,UG/M3,185.8,24,U.S. Department of State Bangladesh - Dhaka,236,4,23.796374,90.424614,050DK1010001,https://files.airnowtech.org/airnow/2020/20200119/daily_data_v2.dat,01/19/20|DK1010001|Dhaka|PM2.5-24hr|UG/M3|185.8|24|U.S. Department of State Bangladesh - Dhaka|236|4|23.796374|90.424614|050DK1010001,2026-07-18T03:21:19+00:00,83a5debc9a9df3a070ec9dcf546dac64a3dcd66793af6f496aa5cf97a47c30f4
2020-01-20,DK1010001,Dhaka,PM2.5-24hr,UG/M3,138.7,24,U.S. Department of State Bangladesh - Dhaka,194,3,23.796374,90.424614,050DK1010001,https://files.airnowtech.org/airnow/2020/20200120/daily_data_v2.dat,01/20/20|DK1010001|Dhaka|PM2.5-24hr|UG/M3|138.7|24|U.S. Department of State Bangladesh - Dhaka|194|3|23.796374|90.424614|050DK1010001,2026-07-18T03:21:19+00:00,272f8ebeec4727b104b998a3be93e1d94208e3c9bfc1d56ebe381f5efaffef3e
2020-01-21,DK1010001,Dhaka,PM2.5-24hr,UG/M3,163.4,24,U.S. Department of State Bangladesh - Dhaka,214,4,23.796374,90.424614,050DK1010001,https://files.airnowtech.org/airnow/2020/20200121/daily_data_v2.dat,01/21/20|DK1010001|Dhaka|PM2.5-24hr|UG/M3|163.4|24|U.S. Department of State Bangladesh - Dhaka|214|4|23.796374|90.424614|050DK1010001,2026-07-18T03:21:19+00:00,bab193d5940d9a09b26ba4e6dfc3a2e80834f57fad2936f306fe9204f93db544
2020-01-22,DK1010001,Dhaka,PM2.5-24hr,UG/M3,177.6,24,U.S. Department of State Bangladesh - Dhaka,228,4,23.796374,90.424614,050DK1010001,https://files.airnowtech.org/airnow/2020/20200122/daily_data_v2.dat,01/22/20|DK1010001|Dhaka|PM2.5-24hr|UG/M3|177.6|24|U.S. Department of State Bangladesh - Dhaka|228|4|23.796374|90.424614|050DK1010001,2026-07-18T03:21:19+00:00,a28e36a1d4cacb4c9328bc87c4feeb69f28d6b472f6fb99c4da73d0e9ad8d9a5
2020-01-23,DK1010001,Dhaka,PM2.5-24hr,UG/M3,200.7,24,U.S. Department of State Bangladesh - Dhaka,251,4,23.796374,90.424614,050DK1010001,https://files.airnowtech.org/airnow/2020/20200123/daily_data_v2.dat,01/23/20|DK1010001|Dhaka|PM2.5-24hr|UG/M3|200.7|24|U.S. Department of State Bangladesh - Dhaka|251|4|23.796374|90.424614|050DK1010001,2026-07-18T03:21:19+00:00,2dc806593b86be79caa49737e4a6ac30add749a2756ab5c1216c4ef1e47609bb
2020-01-24,DK1010001,Dhaka,PM2.5-24hr,UG/M3,198.0,24,U.S. Department of State Bangladesh - Dhaka,248,4,23.796374,90.424614,050DK1010001,https://files.airnowtech.org/airnow/2020/20200124/daily_data_v2.dat,01/24/20|DK1010001|Dhaka|PM2.5-24hr|UG/M3|198|24|U.S. Department of State Bangladesh - Dhaka|248|4|23.796374|90.424614|050DK1010001,2026-07-18T03:21:19+00:00,faaee7f4cedb4897731b040e4b6cdaa8c405bc5cae37c1ef641a105f3d901a59
2020-01-25,DK1010001,Dhaka,PM2.5-24hr,UG/M3,157.9,24,U.S. Department of State Bangladesh - Dhaka,208,4,23.796374,90.424614,050DK1010001,https://files.airnowtech.org/airnow/2020/20200125/daily_data_v2.dat,01/25/20|DK1010001|Dhaka|PM2.5-24hr|UG/M3|157.9|24|U.S. Department of State Bangladesh - Dhaka|208|4|23.796374|90.424614|050DK1010001,2026-07-18T03:21:19+00:00,5e7d31eb65378870eff7c800417b9d005053aafd182e3fd8e66c05dfd5e6d5eb
2020-01-26,DK1010001,Dhaka,PM2.5-24hr,UG/M3,175.3,24,U.S. Department of State Bangladesh - Dhaka,226,4,23.796374,90.424614,050DK1010001,https://files.airnowtech.org/airnow/2020/20200126/daily_data_v2.dat,01/26/20|DK1010001|Dhaka|PM2.5-24hr|UG/M3|175.3|24|U.S. Department of State Bangladesh - Dhaka|226|4|23.796374|90.424614|050DK1010001,2026-07-18T03:21:19+00:00,87425446dbc3c0dce385923dfec89c01592c3829d37ac9340c9b46f326065c77
2020-01-27,DK1010001,Dhaka,PM2.5-24hr,UG/M3,219.8,24,U.S. Department of State Bangladesh - Dhaka,270,4,23.796374,90.424614,050DK1010001,https://files.airnowtech.org/airnow/2020/20200127/daily_data_v2.dat,01/27/20|DK1010001|Dhaka|PM2.5-24hr|UG/M3|219.8|24|U.S. Department of State Bangladesh - Dhaka|270|4|23.796374|90.424614|050DK1010001,2026-07-18T03:21:19+00:00,9b136513cb935c4ea33c19b942ae5f7b35cec66bb260642f5c9949fbd0b1caf3
2020-01-28,DK1010001,Dhaka,PM2.5-24hr,UG/M3,270.5,24,U.S. Department of State Bangladesh - Dhaka,321,5,23.796374,90.424614,050DK1010001,https://files.airnowtech.org/airnow/2020/20200128/daily_data_v2.dat,01/28/20|DK1010001|Dhaka|PM2.5-24hr|UG/M3|270.5|24|U.S. Department of State Bangladesh - Dhaka|321|5|23.796374|90.424614|050DK1010001,2026-07-18T03:21:19+00:00,c07aa02e1d3de17f7886ec82e02e3cd22be022a01f1526a0140a6820e9a339c3
2020-01-29,DK1010001,Dhaka,PM2.5-24hr,UG/M3,260.2,24,U.S. Department of State Bangladesh - Dhaka,311,5,23.796374,90.424614,050DK1010001,https://files.airnowtech.org/airnow/2020/20200129/daily_data_v2.dat,01/29/20|DK1010001|Dhaka|PM2.5-24hr|UG/M3|260.2|24|U.S. Department of State Bangladesh - Dhaka|311|5|23.796374|90.424614|050DK1010001,2026-07-18T03:21:19+00:00,76c524b1f1f47f87496125272946726aed5186ea9a0fdb8d03ef4ea9827748ef
2020-01-30,DK1010001,Dhaka,PM2.5-24hr,UG/M3,270.2,24,U.S. Department of State Bangladesh - Dhaka,321,5,23.796374,90.424614,050DK1010001,https://files.airnowtech.org/airnow/2020/20200130/daily_data_v2.dat,01/30/20|DK1010001|Dhaka|PM2.5-24hr|UG/M3|270.2|24|U.S. Department of State Bangladesh - Dhaka|321|5|23.796374|90.424614|050DK1010001,2026-07-18T03:21:19+00:00,dad2a8644fae4b58bfb2aafaf729c3b5ca2dff54bf19d9d8ade705b085db085c
2020-01-31,DK1010001,Dhaka,PM2.5-24hr,UG/M3,202.5,24,U.S. Department of State Bangladesh - Dhaka,253,4,23.796374,90.424614,050DK1010001,https://files.airnowtech.org/airnow/2020/20200131/daily_data_v2.dat,01/31/20|DK1010001|Dhaka|PM2.5-24hr|UG/M3|202.5|24|U.S. Department of State Bangladesh - Dhaka|253|4|23.796374|90.424614|050DK1010001,2026-07-18T03:21:20+00:00,9d4ab0dbd2c84e600ae7f463c223f9c927d7b590dfe54f029c57cb83268ae949
2020-02-01,DK1010001,Dhaka,PM2.5-24hr,UG/M3,135.4,24,U.S. Department of State Bangladesh - Dhaka,192,3,23.796374,90.424614,050DK1010001,https://files.airnowtech.org/airnow/2020/20200201/daily_data_v2.dat,02/01/20|DK1010001|Dhaka|PM2.5-24hr|UG/M3|135.4|24|U.S. Department of State Bangladesh - Dhaka|192|3|23.796374|90.424614|050DK1010001,2026-07-18T03:21:20+00:00,2c6f7d910438df7c4b716c2fae4956f72314d2cdf72f1ad803e2203fa34326d5
2020-02-02,DK1010001,Dhaka,PM2.5-24hr,UG/M3,115.2,24,U.S. Department of State Bangladesh - Dhaka,182,3,23.796374,90.424614,050DK1010001,https://files.airnowtech.org/airnow/2020/20200202/daily_data_v2.dat,02/02/20|DK1010001|Dhaka|PM2.5-24hr|UG/M3|115.2|24|U.S. Department of State Bangladesh - Dhaka|182|3|23.796374|90.424614|050DK1010001,2026-07-18T03:21:20+00:00,cf7293974c618ff35777af02bfba08171401f52711fb9e24ff1f51e3d79bb190
2020-02-03,DK1010001,Dhaka,PM2.5-24hr,UG/M3,145.3,24,U.S. Department of State Bangladesh - Dhaka,197,3,23.796374,90.424614,050DK1010001,https://files.airnowtech.org/airnow/2020/20200203/daily_data_v2.dat,02/03/20|DK1010001|Dhaka|PM2.5-24hr|UG/M3|145.3|24|U.S. Department of State Bangladesh - Dhaka|197|3|23.796374|90.424614|050DK1010001,2026-07-18T03:21:20+00:00,9877d4c6ca42d1ce16650bceec308aa011e40d80af0f426d7d3769d5968967c9
2020-02-04,DK1010001,Dhaka,PM2.5-24hr,UG/M3,142.5,24,U.S. Department of State Bangladesh - Dhaka,196,3,23.796374,90.424614,050DK1010001,https://files.airnowtech.org/airnow/2020/20200204/daily_data_v2.dat,02/04/20|DK1010001|Dhaka|PM2.5-24hr|UG/M3|142.5|24|U.S. Department of State Bangladesh - Dhaka|196|3|23.796374|90.424614|050DK1010001,2026-07-18T03:21:20+00:00,0a2c96a5412574848c6228bf375fe94c3362cf4d56541a70d547ed99df5c2375
2020-02-05,DK1010001,Dhaka,PM2.5-24hr,UG/M3,139.9,24,U.S. Department of State Bangladesh - Dhaka,195,3,23.796374,90.424614,050DK1010001,https://files.airnowtech.org/airnow/2020/20200205/daily_data_v2.dat,02/05/20|DK1010001|Dhaka|PM2.5-24hr|UG/M3|139.9|24|U.S. Department of State Bangladesh - Dhaka|195|3|23.796374|90.424614|050DK1010001,2026-07-18T03:21:20+00:00,204a50d8f9a442bbbf439d9940518cddce5733fa195a29aaa88e02a5424c0e6f
2020-02-06,DK1010001,Dhaka,PM2.5-24hr,UG/M3,147.2,24,U.S. Department of State Bangladesh - Dhaka,198,3,23.796374,90.424614,050DK1010001,https://files.airnowtech.org/airnow/2020/20200206/daily_data_v2.dat,02/06/20|DK1010001|Dhaka|PM2.5-24hr|UG/M3|147.2|24|U.S. Department of State Bangladesh - Dhaka|198|3|23.796374|90.424614|050DK1010001,2026-07-18T03:21:20+00:00,f24c261d0a4f3db7d5d11ab2f227caf4edb109b838d656a816e73cf51801a3b6
2020-02-07,DK1010001,Dhaka,PM2.5-24hr,UG/M3,143.9,24,U.S. Department of State Bangladesh - Dhaka,197,3,23.796374,90.424614,050DK1010001,https://files.airnowtech.org/airnow/2020/20200207/daily_data_v2.dat,02/07/20|DK1010001|Dhaka|PM2.5-24hr|UG/M3|143.9|24|U.S. Department of State Bangladesh - Dhaka|197|3|23.796374|90.424614|050DK1010001,2026-07-18T03:21:20+00:00,1b4a6dc2fd8171ceed662047f2c40f6201fec997767dfe6d1b72a8d6379a17a1
2020-02-08,DK1010001,Dhaka,PM2.5-24hr,UG/M3,152.8,24,U.S. Department of State Bangladesh - Dhaka,203,4,23.796374,90.424614,050DK1010001,https://files.airnowtech.org/airnow/2020/20200208/daily_data_v2.dat,02/08/20|DK1010001|Dhaka|PM2.5-24hr|UG/M3|152.8|24|U.S. Department of State Bangladesh - Dhaka|203|4|23.796374|90.424614|050DK1010001,2026-07-18T03:21:20+00:00,183b74ee9926e38159d357bc04f765ed2fa15b5f904b1c4eccaa365b4b0e1d3f
2020-02-09,DK1010001,Dhaka,PM2.5-24hr,UG/M3,155.0,24,U.S. Department of State Bangladesh - Dhaka,205,4,23.796374,90.424614,050DK1010001,https://files.airnowtech.org/airnow/2020/20200209/daily_data_v2.dat,02/09/20|DK1010001|Dhaka|PM2.5-24hr|UG/M3|155|24|U.S. Department of State Bangladesh - Dhaka|205|4|23.796374|90.424614|050DK1010001,2026-07-18T03:21:20+00:00,289c4e38daa6b1a5c30a2801aa8b104c12a8ce9a5d065493dccf7c3ee9df23f5
2020-02-10,DK1010001,Dhaka,PM2.5-24hr,UG/M3,116.6,24,U.S. Department of State Bangladesh - Dhaka,183,3,23.796374,90.424614,050DK1010001,https://files.airnowtech.org/airnow/2020/20200210/daily_data_v2.dat,02/10/20|DK1010001|Dhaka|PM2.5-24hr|UG/M3|116.6|24|U.S. Department of State Bangladesh - Dhaka|183|3|23.796374|90.424614|050DK1010001,2026-07-18T03:21:20+00:00,4bea6b920490b6ae3964a4b56594a4cbf624838d35a430e1d6976f9ddac45302
2020-02-11,DK1010001,Dhaka,PM2.5-24hr,UG/M3,129.5,24,U.S. Department of State Bangladesh - Dhaka,189,3,23.796374,90.424614,050DK1010001,https://files.airnowtech.org/airnow/2020/20200211/daily_data_v2.dat,02/11/20|DK1010001|Dhaka|PM2.5-24hr|UG/M3|129.5|24|U.S. Department of State Bangladesh - Dhaka|189|3|23.796374|90.424614|050DK1010001,2026-07-18T03:21:20+00:00,79f6b80c81baf79f48cf1d944659fa14383fda6950ef8dff0d16521efdf3bade
2020-02-12,DK1010001,Dhaka,PM2.5-24hr,UG/M3,139.3,24,U.S. Department of State Bangladesh - Dhaka,194,3,23.796374,90.424614,050DK1010001,https://files.airnowtech.org/airnow/2020/20200212/daily_data_v2.dat,02/12/20|DK1010001|Dhaka|PM2.5-24hr|UG/M3|139.3|24|U.S. Department of State Bangladesh - Dhaka|194|3|23.796374|90.424614|050DK1010001,2026-07-18T03:21:20+00:00,84153c9c7237b8d7647f5416d16aba43a918b5faebc3b1937781b19c9eb39151
2020-02-13,DK1010001,Dhaka,PM2.5-24hr,UG/M3,154.6,24,U.S. Department of State Bangladesh - Dhaka,205,4,23.796374,90.424614,050DK1010001,https://files.airnowtech.org/airnow/2020/20200213/daily_data_v2.dat,02/13/20|DK1010001|Dhaka|PM2.5-24hr|UG/M3|154.6|24|U.S. Department of State Bangladesh - Dhaka|205|4|23.796374|90.424614|050DK1010001,2026-07-18T03:21:20+00:00,a6b3d8c1fe629a8e3ade01ff557909511cf62dd0ede77b721d3c53b511f2dafd
2020-02-14,DK1010001,Dhaka,PM2.5-24hr,UG/M3,251.5,24,U.S. Department of State Bangladesh - Dhaka,302,5,23.796374,90.424614,050DK1010001,https://files.airnowtech.org/airnow/2020/20200214/daily_data_v2.dat,02/14/20|DK1010001|Dhaka|PM2.5-24hr|UG/M3|251.5|24|U.S. Department of State Bangladesh - Dhaka|302|5|23.796374|90.424614|050DK1010001,2026-07-18T03:21:20+00:00,0537077c6d06e4cdfb37487f30b8794f5b7f98d4081e8789451de11b9e92b914
2020-02-15,DK1010001,Dhaka,PM2.5-24hr,UG/M3,162.2,24,U.S. Department of State Bangladesh - Dhaka,213,4,23.796374,90.424614,050DK1010001,https://files.airnowtech.org/airnow/2020/20200215/daily_data_v2.dat,02/15/20|DK1010001|Dhaka|PM2.5-24hr|UG/M3|162.2|24|U.S. Department of State Bangladesh - Dhaka|213|4|23.796374|90.424614|050DK1010001,2026-07-18T03:21:20+00:00,492a01312c2e2135e57c15bde7686f243bcab25d1edfa5ce7e3a089a788dc197
2020-02-16,DK1010001,Dhaka,PM2.5-24hr,UG/M3,190.9,24,U.S. Department of State Bangladesh - Dhaka,241,4,23.796374,90.424614,050DK1010001,https://files.airnowtech.org/airnow/2020/20200216/daily_data_v2.dat,02/16/20|DK1010001|Dhaka|PM2.5-24hr|UG/M3|190.9|24|U.S. Department of State Bangladesh - Dhaka|241|4|23.796374|90.424614|050DK1010001,2026-07-18T03:21:20+00:00,af6d67fc86be0f033900854b1b98137494132d15e043fe7b777045bf6b2d99d7
2020-02-17,DK1010001,Dhaka,PM2.5-24hr,UG/M3,196.7,24,U.S. Department of State Bangladesh - Dhaka,247,4,23.796374,90.424614,050DK1010001,https://files.airnowtech.org/airnow/2020/20200217/daily_data_v2.dat,02/17/20|DK1010001|Dhaka|PM2.5-24hr|UG/M3|196.7|24|U.S. Department of State Bangladesh - Dhaka|247|4|23.796374|90.424614|050DK1010001,2026-07-18T03:21:20+00:00,5e513c4959201cee9e4b1b8206dd10df0b7c19013b8c73c9cf41cf04003680d4
2020-02-18,DK1010001,Dhaka,PM2.5-24hr,UG/M3,208.2,24,U.S. Department of State Bangladesh - Dhaka,258,4,23.796374,90.424614,050DK1010001,https://files.airnowtech.org/airnow/2020/20200218/daily_data_v2.dat,02/18/20|DK1010001|Dhaka|PM2.5-24hr|UG/M3|208.2|24|U.S. Department of State Bangladesh - Dhaka|258|4|23.796374|90.424614|050DK1010001,2026-07-18T03:21:20+00:00,0beec1c717d3577da736f9c42011ac3b8161ef0c177727566b093993d1747075
2020-02-19,DK1010001,Dhaka,PM2.5-24hr,UG/M3,214.0,24,U.S. Department of State Bangladesh - Dhaka,264,4,23.796374,90.424614,050DK1010001,https://files.airnowtech.org/airnow/2020/20200219/daily_data_v2.dat,02/19/20|DK1010001|Dhaka|PM2.5-24hr|UG/M3|214|24|U.S. Department of State Bangladesh - Dhaka|264|4|23.796374|90.424614|050DK1010001,2026-07-18T03:21:20+00:00,db417ae7ea515a0cceeef6c97980d0b38113487a125d1eb904c1d4bbc9ec066c
2020-02-20,DK1010001,Dhaka,PM2.5-24hr,UG/M3,277.5,24,U.S. Department of State Bangladesh - Dhaka,328,5,23.796374,90.424614,050DK1010001,https://files.airnowtech.org/airnow/2020/20200220/daily_data_v2.dat,02/20/20|DK1010001|Dhaka|PM2.5-24hr|UG/M3|277.5|24|U.S. Department of State Bangladesh - Dhaka|328|5|23.796374|90.424614|050DK1010001,2026-07-18T03:21:20+00:00,c8916823128c4bc10098c3e78b342a8cd3d3b896102983de3168a9bf0b61f57f
2020-02-21,DK1010001,Dhaka,PM2.5-24hr,UG/M3,178.0,24,U.S. Department of State Bangladesh - Dhaka,228,4,23.796374,90.424614,050DK1010001,https://files.airnowtech.org/airnow/2020/20200221/daily_data_v2.dat,02/21/20|DK1010001|Dhaka|PM2.5-24hr|UG/M3|178|24|U.S. Department of State Bangladesh - Dhaka|228|4|23.796374|90.424614|050DK1010001,2026-07-18T03:21:20+00:00,73ff23bdcc4b60050860ba40ff3e62d86290ffe9f0f79d1ac5ca740011764d58
2020-02-22,DK1010001,Dhaka,PM2.5-24hr,UG/M3,138.7,24,U.S. Department of State Bangladesh - Dhaka,194,3,23.796374,90.424614,050DK1010001,https://files.airnowtech.org/airnow/2020/20200222/daily_data_v2.dat,02/22/20|DK1010001|Dhaka|PM2.5-24hr|UG/M3|138.7|24|U.S. Department of State Bangladesh - Dhaka|194|3|23.796374|90.424614|050DK1010001,2026-07-18T03:21:20+00:00,af68291b8ec15709987e40d55271ed6aeac5e6099391bf92456d8d0d4746393e
2020-02-23,DK1010001,Dhaka,PM2.5-24hr,UG/M3,166.5,24,U.S. Department of State Bangladesh - Dhaka,217,4,23.796374,90.424614,050DK1010001,https://files.airnowtech.org/airnow/2020/20200223/daily_data_v2.dat,02/23/20|DK1010001|Dhaka|PM2.5-24hr|UG/M3|166.5|24|U.S. Department of State Bangladesh - Dhaka|217|4|23.796374|90.424614|050DK1010001,2026-07-18T03:21:20+00:00,bf7b74b4ef395eb38cbbba938fd61ca55f1eed32dc32b9557e0ff10ee0373f74
2020-02-24,DK1010001,Dhaka,PM2.5-24hr,UG/M3,197.0,24,U.S. Department of State Bangladesh - Dhaka,247,4,23.796374,90.424614,050DK1010001,https://files.airnowtech.org/airnow/2020/20200224/daily_data_v2.dat,02/24/20|DK1010001|Dhaka|PM2.5-24hr|UG/M3|197|24|U.S. Department of State Bangladesh - Dhaka|247|4|23.796374|90.424614|050DK1010001,2026-07-18T03:21:20+00:00,7ef16cd0a510012c83f26f1b596194e69dfbe93d4b7eb2094eeb85e6a9eb6f3f
2020-02-25,DK1010001,Dhaka,PM2.5-24hr,UG/M3,162.4,24,U.S. Department of State Bangladesh - Dhaka,213,4,23.796374,90.424614,050DK1010001,https://files.airnowtech.org/airnow/2020/20200225/daily_data_v2.dat,02/25/20|DK1010001|Dhaka|PM2.5-24hr|UG/M3|162.4|24|U.S. Department of State Bangladesh - Dhaka|213|4|23.796374|90.424614|050DK1010001,2026-07-18T03:21:20+00:00,e7a580ea0f6c2f72fe8112c773ee97f5849bc30e6a9152da37cf8c48e09c9df6
2020-02-26,DK1010001,Dhaka,PM2.5-24hr,UG/M3,107.2,24,U.S. Department of State Bangladesh - Dhaka,178,3,23.796374,90.424614,050DK1010001,https://files.airnowtech.org/airnow/2020/20200226/daily_data_v2.dat,02/26/20|DK1010001|Dhaka|PM2.5-24hr|UG/M3|107.2|24|U.S. Department of State Bangladesh - Dhaka|178|3|23.796374|90.424614|050DK1010001,2026-07-18T03:21:20+00:00,b3c2b72705c47f24ecda66e360cb562ec6ade8853a3d1b70f6f417c622a772bf
2020-02-27,DK1010001,Dhaka,PM2.5-24hr,UG/M3,130.9,24,U.S. Department of State Bangladesh - Dhaka,190,3,23.796374,90.424614,050DK1010001,https://files.airnowtech.org/airnow/2020/20200227/daily_data_v2.dat,02/27/20|DK1010001|Dhaka|PM2.5-24hr|UG/M3|130.9|24|U.S. Department of State Bangladesh - Dhaka|190|3|23.796374|90.424614|050DK1010001,2026-07-18T03:21:20+00:00,eb6cd5ebf209da2416feaae8439f1d236bd54db1711caa1e784bd5ffa6de38c6
2020-02-28,DK1010001,Dhaka,PM2.5-24hr,UG/M3,106.2,24,U.S. Department of State Bangladesh - Dhaka,177,3,23.796374,90.424614,050DK1010001,https://files.airnowtech.org/airnow/2020/20200228/daily_data_v2.dat,02/28/20|DK1010001|Dhaka|PM2.5-24hr|UG/M3|106.2|24|U.S. Department of State Bangladesh - Dhaka|177|3|23.796374|90.424614|050DK1010001,2026-07-18T03:21:20+00:00,b56aebcff1bdca70e763952392db88c0d6cd7db83a70c675388cef82973ca912
2020-02-29,DK1010001,Dhaka,PM2.5-24hr,UG/M3,132.5,24,U.S. Department of State Bangladesh - Dhaka,191,3,23.796374,90.424614,050DK1010001,https://files.airnowtech.org/airnow/2020/20200229/daily_data_v2.dat,02/29/20|DK1010001|Dhaka|PM2.5-24hr|UG/M3|132.5|24|U.S. Department of State Bangladesh - Dhaka|191|3|23.796374|90.424614|050DK1010001,2026-07-18T03:21:20+00:00,f83811e6ca045f89bb8a3c3a6a21c42993d3773411613bc82ffaa665a16fde8d
2020-03-01,DK1010001,Dhaka,PM2.5-24hr,UG/M3,124.0,24,U.S. Department of State Bangladesh - Dhaka,186,3,23.796374,90.424614,050DK1010001,https://files.airnowtech.org/airnow/2020/20200301/daily_data_v2.dat,03/01/20|DK1010001|Dhaka|PM2.5-24hr|UG/M3|124|24|U.S. Department of State Bangladesh - Dhaka|186|3|23.796374|90.424614|050DK1010001,2026-07-18T03:21:20+00:00,e0952d57fd82470bb47dfa1f8251ad0b50d2b30beb3c142aee8098afdd9d3a01
2020-03-02,DK1010001,Dhaka,PM2.5-24hr,UG/M3,150.8,24,U.S. Department of State Bangladesh - Dhaka,201,4,23.796374,90.424614,050DK1010001,https://files.airnowtech.org/airnow/2020/20200302/daily_data_v2.dat,03/02/20|DK1010001|Dhaka|PM2.5-24hr|UG/M3|150.8|24|U.S. Department of State Bangladesh - Dhaka|201|4|23.796374|90.424614|050DK1010001,2026-07-18T03:21:20+00:00,2d4db9657790593ca84eafc5a38b6479292e8343cc3aa2a151044851b30557ee
2020-03-03,DK1010001,Dhaka,PM2.5-24hr,UG/M3,105.0,24,U.S. Department of State Bangladesh - Dhaka,177,3,23.796374,90.424614,050DK1010001,https://files.airnowtech.org/airnow/2020/20200303/daily_data_v2.dat,03/03/20|DK1010001|Dhaka|PM2.5-24hr|UG/M3|105|24|U.S. Department of State Bangladesh - Dhaka|177|3|23.796374|90.424614|050DK1010001,2026-07-18T03:21:20+00:00,8940eec234445469ad035c9fae7dffdb9474e0ffc0e350f69a66c2a4ffb278cd
2020-03-04,DK1010001,Dhaka,PM2.5-24hr,UG/M3,95.7,24,U.S. Department of State Bangladesh - Dhaka,172,3,23.796374,90.424614,050DK1010001,https://files.airnowtech.org/airnow/2020/20200304/daily_data_v2.dat,03/04/20|DK1010001|Dhaka|PM2.5-24hr|UG/M3|95.7|24|U.S. Department of State Bangladesh - Dhaka|172|3|23.796374|90.424614|050DK1010001,2026-07-18T03:21:20+00:00,1569a6a6af8628a252e5b807609d5b9e8c15d772ecf1fd38487f22961081310b
2020-03-05,DK1010001,Dhaka,PM2.5-24hr,UG/M3,76.2,24,U.S. Department of State Bangladesh - Dhaka,162,3,23.796374,90.424614,050DK1010001,https://files.airnowtech.org/airnow/2020/20200305/daily_data_v2.dat,03/05/20|DK1010001|Dhaka|PM2.5-24hr|UG/M3|76.2|24|U.S. Department of State Bangladesh - Dhaka|162|3|23.796374|90.424614|050DK1010001,2026-07-18T03:21:20+00:00,605cdeb5eb4299ad591fa9767d99668b0850a1ab3e64744b24c2f969939fc21a
2020-03-06,DK1010001,Dhaka,PM2.5-24hr,UG/M3,90.4,24,U.S. Department of State Bangladesh - Dhaka,169,3,23.796374,90.424614,050DK1010001,https://files.airnowtech.org/airnow/2020/20200306/daily_data_v2.dat,03/06/20|DK1010001|Dhaka|PM2.5-24hr|UG/M3|90.4|24|U.S. Department of State Bangladesh - Dhaka|169|3|23.796374|90.424614|050DK1010001,2026-07-18T03:21:20+00:00,b33bf932b5a0e18e416fcbdab5291efd5f8dc9936a979cbc92018f568d2737e4
2020-03-07,DK1010001,Dhaka,PM2.5-24hr,UG/M3,89.5,24,U.S. Department of State Bangladesh - Dhaka,169,3,23.796374,90.424614,050DK1010001,https://files.airnowtech.org/airnow/2020/20200307/daily_data_v2.dat,03/07/20|DK1010001|Dhaka|PM2.5-24hr|UG/M3|89.5|24|U.S. Department of State Bangladesh - Dhaka|169|3|23.796374|90.424614|050DK1010001,2026-07-18T03:21:20+00:00,bfacb042bbe5eff01146bc7328ca6080bba2686f517a72a009f57deecbdfb073
2020-03-08,DK1010001,Dhaka,PM2.5-24hr,UG/M3,166.2,24,U.S. Department of State Bangladesh - Dhaka,217,4,23.796374,90.424614,050DK1010001,https://files.airnowtech.org/airnow/2020/20200308/daily_data_v2.dat,03/08/20|DK1010001|Dhaka|PM2.5-24hr|UG/M3|166.2|24|U.S. Department of State Bangladesh - Dhaka|217|4|23.796374|90.424614|050DK1010001,2026-07-18T03:21:20+00:00,8f1bf347033302c298ca8d643eb5ce4aa0d04861c856ad7970684e3930bae4e6
2020-03-09,DK1010001,Dhaka,PM2.5-24hr,UG/M3,87.3,24,U.S. Department of State Bangladesh - Dhaka,167,3,23.796374,90.424614,050DK1010001,https://files.airnowtech.org/airnow/2020/20200309/daily_data_v2.dat,03/09/20|DK1010001|Dhaka|PM2.5-24hr|UG/M3|87.3|24|U.S. Department of State Bangladesh - Dhaka|167|3|23.796374|90.424614|050DK1010001,2026-07-18T03:21:20+00:00,df2b9b8fef7045372522a9b6152dac8655055a4e63937fc3c6176cc9bccde140
2020-03-10,DK1010001,Dhaka,PM2.5-24hr,UG/M3,105.8,24,U.S. Department of State Bangladesh - Dhaka,177,3,23.796374,90.424614,050DK1010001,https://files.airnowtech.org/airnow/2020/20200310/daily_data_v2.dat,03/10/20|DK1010001|Dhaka|PM2.5-24hr|UG/M3|105.8|24|U.S. Department of State Bangladesh - Dhaka|177|3|23.796374|90.424614|050DK1010001,2026-07-18T03:21:20+00:00,a2343b425b006d9a29b79bc2bed0c55010567c6e17c8f8bc778b2d7ac3ca3b62
2020-03-11,DK1010001,Dhaka,PM2.5-24hr,UG/M3,125.5,24,U.S. Department of State Bangladesh - Dhaka,187,3,23.796374,90.424614,050DK1010001,https://files.airnowtech.org/airnow/2020/20200311/daily_data_v2.dat,03/11/20|DK1010001|Dhaka|PM2.5-24hr|UG/M3|125.5|24|U.S. Department of State Bangladesh - Dhaka|187|3|23.796374|90.424614|050DK1010001,2026-07-18T03:21:20+00:00,3938dbf8cff30c020566a5273929db9a97135f84a4e234dc0a2b521358e37988
2020-03-12,DK1010001,Dhaka,PM2.5-24hr,UG/M3,130.5,24,U.S. Department of State Bangladesh - Dhaka,190,3,23.796374,90.424614,050DK1010001,https://files.airnowtech.org/airnow/2020/20200312/daily_data_v2.dat,03/12/20|DK1010001|Dhaka|PM2.5-24hr|UG/M3|130.5|24|U.S. Department of State Bangladesh - Dhaka|190|3|23.796374|90.424614|050DK1010001,2026-07-18T03:21:20+00:00,573b0ffa1ff019c8184da764a7af2b7f60cd0537628d27f75567adc61c8bef16
2020-03-13,DK1010001,Dhaka,PM2.5-24hr,UG/M3,112.7,24,U.S. Department of State Bangladesh - Dhaka,181,3,23.796374,90.424614,050DK1010001,https://files.airnowtech.org/airnow/2020/20200313/daily_data_v2.dat,03/13/20|DK1010001|Dhaka|PM2.5-24hr|UG/M3|112.7|24|U.S. Department of State Bangladesh - Dhaka|181|3|23.796374|90.424614|050DK1010001,2026-07-18T03:21:20+00:00,7a81659cac69f0f8d39b6d3fba658aa69a6d79171c3f667109eef5addb303a92
2020-03-14,DK1010001,Dhaka,PM2.5-24hr,UG/M3,80.8,24,U.S. Department of State Bangladesh - Dhaka,164,3,23.796374,90.424614,050DK1010001,https://files.airnowtech.org/airnow/2020/20200314/daily_data_v2.dat,03/14/20|DK1010001|Dhaka|PM2.5-24hr|UG/M3|80.8|24|U.S. Department of State Bangladesh - Dhaka|164|3|23.796374|90.424614|050DK1010001,2026-07-18T03:21:20+00:00,ebf7c014ad7517617f763d9059685db2ef59f4bfb6c7ec37095a91db12575a07
2020-03-15,DK1010001,Dhaka,PM2.5-24hr,UG/M3,65.0,24,U.S. Department of State Bangladesh - Dhaka,156,3,23.796374,90.424614,050DK1010001,https://files.airnowtech.org/airnow/2020/20200315/daily_data_v2.dat,03/15/20|DK1010001|Dhaka|PM2.5-24hr|UG/M3|65|24|U.S. Department of State Bangladesh - Dhaka|156|3|23.796374|90.424614|050DK1010001,2026-07-18T03:21:20+00:00,e6a716d9a1add99769d8139591ef13b21a8144b7daf0e2d5a4814c7a172cd8d9
2020-03-16,DK1010001,Dhaka,PM2.5-24hr,UG/M3,81.7,24,U.S. Department of State Bangladesh - Dhaka,165,3,23.796374,90.424614,050DK1010001,https://files.airnowtech.org/airnow/2020/20200316/daily_data_v2.dat,03/16/20|DK1010001|Dhaka|PM2.5-24hr|UG/M3|81.7|24|U.S. Department of State Bangladesh - Dhaka|165|3|23.796374|90.424614|050DK1010001,2026-07-18T03:21:20+00:00,c788ecebec862b905319c700a500bb32c5d02018448deffb12e49882d7b48e94
2020-03-17,DK1010001,Dhaka,PM2.5-24hr,UG/M3,81.7,24,U.S. Department of State Bangladesh - Dhaka,165,3,23.796374,90.424614,050DK1010001,https://files.airnowtech.org/airnow/2020/20200317/daily_data_v2.dat,03/17/20|DK1010001|Dhaka|PM2.5-24hr|UG/M3|81.7|24|U.S. Department of State Bangladesh - Dhaka|165|3|23.796374|90.424614|050DK1010001,2026-07-18T03:21:20+00:00,124b32194c492ce344a6f5baeb4a8c835b8c090e3a12b974d7da2da2ce37001c
2020-03-18,DK1010001,Dhaka,PM2.5-24hr,UG/M3,88.3,24,U.S. Department of State Bangladesh - Dhaka,168,3,23.796374,90.424614,050DK1010001,https://files.airnowtech.org/airnow/2020/20200318/daily_data_v2.dat,03/18/20|DK1010001|Dhaka|PM2.5-24hr|UG/M3|88.3|24|U.S. Department of State Bangladesh - Dhaka|168|3|23.796374|90.424614|050DK1010001,2026-07-18T03:21:20+00:00,4b2ab338b7f1b795a58631c4acd29d95398a0f1d4c75a1e54cabf4f6da2d7f16
2020-03-19,DK1010001,Dhaka,PM2.5-24hr,UG/M3,101.7,24,U.S. Department of State Bangladesh - Dhaka,175,3,23.796374,90.424614,050DK1010001,https://files.airnowtech.org/airnow/2020/20200319/daily_data_v2.dat,03/19/20|DK1010001|Dhaka|PM2.5-24hr|UG/M3|101.7|24|U.S. Department of State Bangladesh - Dhaka|175|3|23.796374|90.424614|050DK1010001,2026-07-18T03:21:20+00:00,d55802a5f3be3e0da682b5aba7b701f6062029ee80ed8c40296654d905d80127
2020-03-20,DK1010001,Dhaka,PM2.5-24hr,UG/M3,151.7,24,U.S. Department of State Bangladesh - Dhaka,202,4,23.796374,90.424614,050DK1010001,https://files.airnowtech.org/airnow/2020/20200320/daily_data_v2.dat,03/20/20|DK1010001|Dhaka|PM2.5-24hr|UG/M3|151.7|24|U.S. Department of State Bangladesh - Dhaka|202|4|23.796374|90.424614|050DK1010001,2026-07-18T03:21:20+00:00,6020a81058372aa65689b95cffe66c3635f1e68e637b7964ba30bc7c81783a85
2020-03-21,DK1010001,Dhaka,PM2.5-24hr,UG/M3,136.4,24,U.S. Department of State Bangladesh - Dhaka,193,3,23.796374,90.424614,050DK1010001,https://files.airnowtech.org/airnow/2020/20200321/daily_data_v2.dat,03/21/20|DK1010001|Dhaka|PM2.5-24hr|UG/M3|136.4|24|U.S. Department of State Bangladesh - Dhaka|193|3|23.796374|90.424614|050DK1010001,2026-07-18T03:21:20+00:00,7c750f108d421f0440ba303fd5f8af1853bf3044d7f864a01cb52efc3d8be3cc
2020-03-22,DK1010001,Dhaka,PM2.5-24hr,UG/M3,46.6,24,U.S. Department of State Bangladesh - Dhaka,128,2,23.796374,90.424614,050DK1010001,https://files.airnowtech.org/airnow/2020/20200322/daily_data_v2.dat,03/22/20|DK1010001|Dhaka|PM2.5-24hr|UG/M3|46.6|24|U.S. Department of State Bangladesh - Dhaka|128|2|23.796374|90.424614|050DK1010001,2026-07-18T03:21:20+00:00,457d398aa72f12155ef5fcb1d0af8f13d2fbce8d37c0c7f86d20d6cb1dd56904
2020-03-23,DK1010001,Dhaka,PM2.5-24hr,UG/M3,78.7,24,U.S. Department of State Bangladesh - Dhaka,163,3,23.796374,90.424614,050DK1010001,https://files.airnowtech.org/airnow/2020/20200323/daily_data_v2.dat,03/23/20|DK1010001|Dhaka|PM2.5-24hr|UG/M3|78.7|24|U.S. Department of State Bangladesh - Dhaka|163|3|23.796374|90.424614|050DK1010001,2026-07-18T03:21:20+00:00,17af158e400292c5caf7b40b470835e3a97efb88a1b743cb934a20ed6c0f10f4
2020-03-24,DK1010001,Dhaka,PM2.5-24hr,UG/M3,135.2,24,U.S. Department of State Bangladesh - Dhaka,192,3,23.796374,90.424614,050DK1010001,https://files.airnowtech.org/airnow/2020/20200324/daily_data_v2.dat,03/24/20|DK1010001|Dhaka|PM2.5-24hr|UG/M3|135.2|24|U.S. Department of State Bangladesh - Dhaka|192|3|23.796374|90.424614|050DK1010001,2026-07-18T03:21:20+00:00,cf1511afad9f11a5e01801579cc1d59a26cffc566b006ff3c6c239e0bd70b550
2020-03-25,DK1010001,Dhaka,PM2.5-24hr,UG/M3,136.0,24,U.S. Department of State Bangladesh - Dhaka,193,3,23.796374,90.424614,050DK1010001,https://files.airnowtech.org/airnow/2020/20200325/daily_data_v2.dat,03/25/20|DK1010001|Dhaka|PM2.5-24hr|UG/M3|136|24|U.S. Department of State Bangladesh - Dhaka|193|3|23.796374|90.424614|050DK1010001,2026-07-18T03:21:20+00:00,d89922144a1fc1112222695a5b0afb9930bfa25f00a125c3dfea450e6eee24a1
2020-03-26,DK1010001,Dhaka,PM2.5-24hr,UG/M3,136.4,24,U.S. Department of State Bangladesh - Dhaka,193,3,23.796374,90.424614,050DK1010001,https://files.airnowtech.org/airnow/2020/20200326/daily_data_v2.dat,03/26/20|DK1010001|Dhaka|PM2.5-24hr|UG/M3|136.4|24|U.S. Department of State Bangladesh - Dhaka|193|3|23.796374|90.424614|050DK1010001,2026-07-18T03:21:20+00:00,ff090573792b23fb3ef19555dfd30d115b8d30533aacf9fb108e70e01d642aab
2020-03-27,DK1010001,Dhaka,PM2.5-24hr,UG/M3,94.5,24,U.S. Department of State Bangladesh - Dhaka,171,3,23.796374,90.424614,050DK1010001,https://files.airnowtech.org/airnow/2020/20200327/daily_data_v2.dat,03/27/20|DK1010001|Dhaka|PM2.5-24hr|UG/M3|94.5|24|U.S. Department of State Bangladesh - Dhaka|171|3|23.796374|90.424614|050DK1010001,2026-07-18T03:21:20+00:00,5f669a7f9653c859853c13df70dde424e50489bbf1b07676c068a6696abbbd2d
2020-03-28,DK1010001,Dhaka,PM2.5-24hr,UG/M3,75.7,24,U.S. Department of State Bangladesh - Dhaka,161,3,23.796374,90.424614,050DK1010001,https://files.airnowtech.org/airnow/2020/20200328/daily_data_v2.dat,03/28/20|DK1010001|Dhaka|PM2.5-24hr|UG/M3|75.7|24|U.S. Department of State Bangladesh - Dhaka|161|3|23.796374|90.424614|050DK1010001,2026-07-18T03:21:20+00:00,35ae01c412edd346b3291a385ae3604e2e9db114fd01b1e10c29237db11f8b00
2020-03-29,DK1010001,Dhaka,PM2.5-24hr,UG/M3,48.7,24,U.S. Department of State Bangladesh - Dhaka,134,2,23.796374,90.424614,050DK1010001,https://files.airnowtech.org/airnow/2020/20200329/daily_data_v2.dat,03/29/20|DK1010001|Dhaka|PM2.5-24hr|UG/M3|48.7|24|U.S. Department of State Bangladesh - Dhaka|134|2|23.796374|90.424614|050DK1010001,2026-07-18T03:21:20+00:00,a667c1ff6ba1724bc6d18e459f78dbb9d82f01c76578354f2b8d654f33950eef
2020-03-30,DK1010001,Dhaka,PM2.5-24hr,UG/M3,48.7,24,U.S. Department of State Bangladesh - Dhaka,134,2,23.796374,90.424614,050DK1010001,https://files.airnowtech.org/airnow/2020/20200330/daily_data_v2.dat,03/30/20|DK1010001|Dhaka|PM2.5-24hr|UG/M3|48.7|24|U.S. Department of State Bangladesh - Dhaka|134|2|23.796374|90.424614|050DK1010001,2026-07-18T03:21:20+00:00,a763d2fc9e0473986b55e22c8da380f8c28a44d30493de333a53f47e99529c07
2020-03-31,DK1010001,Dhaka,PM2.5-24hr,UG/M3,85.3,24,U.S. Department of State Bangladesh - Dhaka,166,3,23.796374,90.424614,050DK1010001,https://files.airnowtech.org/airnow/2020/20200331/daily_data_v2.dat,03/31/20|DK1010001|Dhaka|PM2.5-24hr|UG/M3|85.3|24|U.S. Department of State Bangladesh - Dhaka|166|3|23.796374|90.424614|050DK1010001,2026-07-18T03:21:20+00:00,ebb893d11dcf64aa01f254c56a854e6d4888fdb0af947845b93ce014d17d5733
2020-04-01,DK1010001,Dhaka,PM2.5-24hr,UG/M3,118.0,24,U.S. Department of State Bangladesh - Dhaka,183,3,23.796374,90.424614,050DK1010001,https://files.airnowtech.org/airnow/2020/20200401/daily_data_v2.dat,04/01/20|DK1010001|Dhaka|PM2.5-24hr|UG/M3|118|24|U.S. Department of State Bangladesh - Dhaka|183|3|23.796374|90.424614|050DK1010001,2026-07-18T03:21:20+00:00,9bd6e55a123369f1487363df68c5082456e67f51d1bd9cade8bd78aa78204303
2020-04-02,DK1010001,Dhaka,PM2.5-24hr,UG/M3,61.5,24,U.S. Department of State Bangladesh - Dhaka,154,3,23.796374,90.424614,050DK1010001,https://files.airnowtech.org/airnow/2020/20200402/daily_data_v2.dat,04/02/20|DK1010001|Dhaka|PM2.5-24hr|UG/M3|61.5|24|U.S. Department of State Bangladesh - Dhaka|154|3|23.796374|90.424614|050DK1010001,2026-07-18T03:21:20+00:00,ac0858e49a0d67d56b414b6ef702706ab477f318922e622954524c3d10d0abef
2020-04-03,DK1010001,Dhaka,PM2.5-24hr,UG/M3,78.2,24,U.S. Department of State Bangladesh - Dhaka,163,3,23.796374,90.424614,050DK1010001,https://files.airnowtech.org/airnow/2020/20200403/daily_data_v2.dat,04/03/20|DK1010001|Dhaka|PM2.5-24hr|UG/M3|78.2|24|U.S. Department of State Bangladesh - Dhaka|163|3|23.796374|90.424614|050DK1010001,2026-07-18T03:21:20+00:00,f854953205aca14636b19f6ca824cac2fcfe7cd7925884983c9839e5fd9dc40f
2020-04-04,DK1010001,Dhaka,PM2.5-24hr,UG/M3,62.4,24,U.S. Department of State Bangladesh - Dhaka,155,3,23.796374,90.424614,050DK1010001,https://files.airnowtech.org/airnow/2020/20200404/daily_data_v2.dat,04/04/20|DK1010001|Dhaka|PM2.5-24hr|UG/M3|62.4|24|U.S. Department of State Bangladesh - Dhaka|155|3|23.796374|90.424614|050DK1010001,2026-07-18T03:21:20+00:00,5d5b27c6f71ad940ba1ad1ce335912d829d657a9af778383c60d8010716eeb3d
2020-04-05,DK1010001,Dhaka,PM2.5-24hr,UG/M3,97.7,24,U.S. Department of State Bangladesh - Dhaka,173,3,23.796374,90.424614,050DK1010001,https://files.airnowtech.org/airnow/2020/20200405/daily_data_v2.dat,04/05/20|DK1010001|Dhaka|PM2.5-24hr|UG/M3|97.7|24|U.S. Department of State Bangladesh - Dhaka|173|3|23.796374|90.424614|050DK1010001,2026-07-18T03:21:20+00:00,45dff38115191b3e494d80736119ef2803cec54c0381c1c356a8d6dc029a6516
2020-04-06,DK1010001,Dhaka,PM2.5-24hr,UG/M3,105.2,24,U.S. Department of State Bangladesh - Dhaka,177,3,23.796374,90.424614,050DK1010001,https://files.airnowtech.org/airnow/2020/20200406/daily_data_v2.dat,04/06/20|DK1010001|Dhaka|PM2.5-24hr|UG/M3|105.2|24|U.S. Department of State Bangladesh - Dhaka|177|3|23.796374|90.424614|050DK1010001,2026-07-18T03:21:20+00:00,4d68fad95bd4d48195f2f611f8a791bd78dbde9424e89d742e4f8da59c086902
2020-04-07,DK1010001,Dhaka,PM2.5-24hr,UG/M3,52.9,24,U.S. Department of State Bangladesh - Dhaka,144,2,23.796374,90.424614,050DK1010001,https://files.airnowtech.org/airnow/2020/20200407/daily_data_v2.dat,04/07/20|DK1010001|Dhaka|PM2.5-24hr|UG/M3|52.9|24|U.S. Department of State Bangladesh - Dhaka|144|2|23.796374|90.424614|050DK1010001,2026-07-18T03:21:20+00:00,1eff3f378994b20c43ce75486d51be95b9f17bebfc8f314fb709db6c4b824fdb
2020-04-08,DK1010001,Dhaka,PM2.5-24hr,UG/M3,47.0,24,U.S. Department of State Bangladesh - Dhaka,130,2,23.796374,90.424614,050DK1010001,https://files.airnowtech.org/airnow/2020/20200408/daily_data_v2.dat,04/08/20|DK1010001|Dhaka|PM2.5-24hr|UG/M3|47|24|U.S. Department of State Bangladesh - Dhaka|130|2|23.796374|90.424614|050DK1010001,2026-07-18T03:21:20+00:00,1619d374bb1d882207b90c70e548af373266b094ebac61d99bd223fb112ea14e
2020-04-09,DK1010001,Dhaka,PM2.5-24hr,UG/M3,55.7,24,U.S. Department of State Bangladesh - Dhaka,151,3,23.796374,90.424614,050DK1010001,https://files.airnowtech.org/airnow/2020/20200409/daily_data_v2.dat,04/09/20|DK1010001|Dhaka|PM2.5-24hr|UG/M3|55.7|24|U.S. Department of State Bangladesh - Dhaka|151|3|23.796374|90.424614|050DK1010001,2026-07-18T03:21:20+00:00,82f0e2aa61b6ef94a6807ddea27cfee5204cb69d9ad3411a2ee94d7be2067e2c
2020-04-10,DK1010001,Dhaka,PM2.5-24hr,UG/M3,51.5,24,U.S. Department of State Bangladesh - Dhaka,140,2,23.796374,90.424614,050DK1010001,https://files.airnowtech.org/airnow/2020/20200410/daily_data_v2.dat,04/10/20|DK1010001|Dhaka|PM2.5-24hr|UG/M3|51.5|24|U.S. Department of State Bangladesh - Dhaka|140|2|23.796374|90.424614|050DK1010001,2026-07-18T03:21:20+00:00,038d416d07c369d6ce6c38c2a1df4db611a45d992d6c0f08ab892f92ef40ad51
2020-04-11,DK1010001,Dhaka,PM2.5-24hr,UG/M3,28.4,24,U.S. Department of State Bangladesh - Dhaka,85,1,23.796374,90.424614,050DK1010001,https://files.airnowtech.org/airnow/2020/20200411/daily_data_v2.dat,04/11/20|DK1010001|Dhaka|PM2.5-24hr|UG/M3|28.4|24|U.S. Department of State Bangladesh - Dhaka|85|1|23.796374|90.424614|050DK1010001,2026-07-18T03:21:20+00:00,b0696a0ee76fb7a19323f8ce53c076d025e88b027e350cb8624ac399f9cff389
2020-04-12,DK1010001,Dhaka,PM2.5-24hr,UG/M3,35.6,24,U.S. Department of State Bangladesh - Dhaka,101,2,23.796374,90.424614,050DK1010001,https://files.airnowtech.org/airnow/2020/20200412/daily_data_v2.dat,04/12/20|DK1010001|Dhaka|PM2.5-24hr|UG/M3|35.6|24|U.S. Department of State Bangladesh - Dhaka|101|2|23.796374|90.424614|050DK1010001,2026-07-18T03:21:20+00:00,7d728067f645050e98e8dea0e372ee65b89124cb6fed2e9b3aff1ed73b9c9ace
2020-04-13,DK1010001,Dhaka,PM2.5-24hr,UG/M3,76.1,24,U.S. Department of State Bangladesh - Dhaka,162,3,23.796374,90.424614,050DK1010001,https://files.airnowtech.org/airnow/2020/20200413/daily_data_v2.dat,04/13/20|DK1010001|Dhaka|PM2.5-24hr|UG/M3|76.1|24|U.S. Department of State Bangladesh - Dhaka|162|3|23.796374|90.424614|050DK1010001,2026-07-18T03:21:20+00:00,e3f22d29e1e494255553bf508b9244cca221ece7f108dabf0783cacd4ec28e79
2020-04-14,DK1010001,Dhaka,PM2.5-24hr,UG/M3,68.8,24,U.S. Department of State Bangladesh - Dhaka,158,3,23.796374,90.424614,050DK1010001,https://files.airnowtech.org/airnow/2020/20200414/daily_data_v2.dat,04/14/20|DK1010001|Dhaka|PM2.5-24hr|UG/M3|68.8|24|U.S. Department of State Bangladesh - Dhaka|158|3|23.796374|90.424614|050DK1010001,2026-07-18T03:21:20+00:00,0fd4845344f9c9287bc03d30cf455afcc2369688b0e95e2d9e76a704e91cc97e
2020-04-15,DK1010001,Dhaka,PM2.5-24hr,UG/M3,32.5,24,U.S. Department of State Bangladesh - Dhaka,94,1,23.796374,90.424614,050DK1010001,https://files.airnowtech.org/airnow/2020/20200415/daily_data_v2.dat,04/15/20|DK1010001|Dhaka|PM2.5-24hr|UG/M3|32.5|24|U.S. Department of State Bangladesh - Dhaka|94|1|23.796374|90.424614|050DK1010001,2026-07-18T03:21:20+00:00,6d51e438af20c2991680cd4ebdf7de7ea1d458439de8a5a0b5aecc7fd01a1483
2020-04-16,DK1010001,Dhaka,PM2.5-24hr,UG/M3,41.5,24,U.S. Department of State Bangladesh - Dhaka,116,2,23.796374,90.424614,050DK1010001,https://files.airnowtech.org/airnow/2020/20200416/daily_data_v2.dat,04/16/20|DK1010001|Dhaka|PM2.5-24hr|UG/M3|41.5|24|U.S. Department of State Bangladesh - Dhaka|116|2|23.796374|90.424614|050DK1010001,2026-07-18T03:21:20+00:00,5fa3a74111ec8c5e3481e0851b4c33388b8baaa3b655bebf9820e3641b6e700d
2020-04-17,DK1010001,Dhaka,PM2.5-24hr,UG/M3,32.4,24,U.S. Department of State Bangladesh - Dhaka,94,1,23.796374,90.424614,050DK1010001,https://files.airnowtech.org/airnow/2020/20200417/daily_data_v2.dat,04/17/20|DK1010001|Dhaka|PM2.5-24hr|UG/M3|32.4|24|U.S. Department of State Bangladesh - Dhaka|94|1|23.796374|90.424614|050DK1010001,2026-07-18T03:21:20+00:00,1022f4ef1bca478d2c44d52c7cc9f81e3c1e4a0a6c8c10a9c54b9452620395a1
2020-04-18,DK1010001,Dhaka,PM2.5-24hr,UG/M3,34.1,24,U.S. Department of State Bangladesh - Dhaka,97,1,23.796374,90.424614,050DK1010001,https://files.airnowtech.org/airnow/2020/20200418/daily_data_v2.dat,04/18/20|DK1010001|Dhaka|PM2.5-24hr|UG/M3|34.1|24|U.S. Department of State Bangladesh - Dhaka|97|1|23.796374|90.424614|050DK1010001,2026-07-18T03:21:20+00:00,5f212668af96cf4bdc2c8097f0475b628061d8f98ada350bb3d30e46703a7ad7
2020-04-19,DK1010001,Dhaka,PM2.5-24hr,UG/M3,30.2,24,U.S. Department of State Bangladesh - Dhaka,89,1,23.796374,90.424614,050DK1010001,https://files.airnowtech.org/airnow/2020/20200419/daily_data_v2.dat,04/19/20|DK1010001|Dhaka|PM2.5-24hr|UG/M3|30.2|24|U.S. Department of State Bangladesh - Dhaka|89|1|23.796374|90.424614|050DK1010001,2026-07-18T03:21:20+00:00,8cd3b3d2e65dcbb4be76e2b42a723606b1d3ba59528bf8e37648632415e05993
2020-04-20,DK1010001,Dhaka,PM2.5-24hr,UG/M3,33.7,24,U.S. Department of State Bangladesh - Dhaka,97,1,23.796374,90.424614,050DK1010001,https://files.airnowtech.org/airnow/2020/20200420/daily_data_v2.dat,04/20/20|DK1010001|Dhaka|PM2.5-24hr|UG/M3|33.7|24|U.S. Department of State Bangladesh - Dhaka|97|1|23.796374|90.424614|050DK1010001,2026-07-18T03:21:20+00:00,7d007a8eef6db1e97a4cde538a0492da8e33dabb44ad9bfb12edd489822fade8
2020-04-21,DK1010001,Dhaka,PM2.5-24hr,UG/M3,58.2,24,U.S. Department of State Bangladesh - Dhaka,152,3,23.796374,90.424614,050DK1010001,https://files.airnowtech.org/airnow/2020/20200421/daily_data_v2.dat,04/21/20|DK1010001|Dhaka|PM2.5-24hr|UG/M3|58.2|24|U.S. Department of State Bangladesh - Dhaka|152|3|23.796374|90.424614|050DK1010001,2026-07-18T03:21:20+00:00,57f00cae1a19891ad34c6ad21a8e73e9439ab0e8e47c61cecdd892755f8bd5ae
2020-04-22,DK1010001,Dhaka,PM2.5-24hr,UG/M3,51.7,24,U.S. Department of State Bangladesh - Dhaka,141,2,23.796374,90.424614,050DK1010001,https://files.airnowtech.org/airnow/2020/20200422/daily_data_v2.dat,04/22/20|DK1010001|Dhaka|PM2.5-24hr|UG/M3|51.7|24|U.S. Department of State Bangladesh - Dhaka|141|2|23.796374|90.424614|050DK1010001,2026-07-18T03:21:20+00:00,52e4034cbb060127e39e26a6f5ce182339a8a8dd2919ddda8d5d9cf324f801ae
2020-04-23,DK1010001,Dhaka,PM2.5-24hr,UG/M3,43.2,24,U.S. Department of State Bangladesh - Dhaka,120,2,23.796374,90.424614,050DK1010001,https://files.airnowtech.org/airnow/2020/20200423/daily_data_v2.dat,04/23/20|DK1010001|Dhaka|PM2.5-24hr|UG/M3|43.2|24|U.S. Department of State Bangladesh - Dhaka|120|2|23.796374|90.424614|050DK1010001,2026-07-18T03:21:20+00:00,847731a890eedaeaf8320471a277c8a5281c389be8d3b79d79268eda5bac399d
2020-04-24,DK1010001,Dhaka,PM2.5-24hr,UG/M3,42.0,24,U.S. Department of State Bangladesh - Dhaka,117,2,23.796374,90.424614,050DK1010001,https://files.airnowtech.org/airnow/2020/20200424/daily_data_v2.dat,04/24/20|DK1010001|Dhaka|PM2.5-24hr|UG/M3|42|24|U.S. Department of State Bangladesh - Dhaka|117|2|23.796374|90.424614|050DK1010001,2026-07-18T03:21:20+00:00,561b49baea30507c10b1d7345a58dbad49c8c05aec320e8d65652ff59db78422
2020-04-25,DK1010001,Dhaka,PM2.5-24hr,UG/M3,36.1,24,U.S. Department of State Bangladesh - Dhaka,103,2,23.796374,90.424614,050DK1010001,https://files.airnowtech.org/airnow/2020/20200425/daily_data_v2.dat,04/25/20|DK1010001|Dhaka|PM2.5-24hr|UG/M3|36.1|24|U.S. Department of State Bangladesh - Dhaka|103|2|23.796374|90.424614|050DK1010001,2026-07-18T03:21:20+00:00,c8659a873d7c50b45c83e44e081f40c1a71e7a79bf99161875c69191415345ee
2020-04-26,DK1010001,Dhaka,PM2.5-24hr,UG/M3,25.5,24,U.S. Department of State Bangladesh - Dhaka,79,1,23.796374,90.424614,050DK1010001,https://files.airnowtech.org/airnow/2020/20200426/daily_data_v2.dat,04/26/20|DK1010001|Dhaka|PM2.5-24hr|UG/M3|25.5|24|U.S. Department of State Bangladesh - Dhaka|79|1|23.796374|90.424614|050DK1010001,2026-07-18T03:21:20+00:00,ca360d326e56f96fc027d9130fd3ca63871724cc27db5b389706e176e223d8a3
2020-04-27,DK1010001,Dhaka,PM2.5-24hr,UG/M3,37.5,24,U.S. Department of State Bangladesh - Dhaka,106,2,23.796374,90.424614,050DK1010001,https://files.airnowtech.org/airnow/2020/20200427/daily_data_v2.dat,04/27/20|DK1010001|Dhaka|PM2.5-24hr|UG/M3|37.5|24|U.S. Department of State Bangladesh - Dhaka|106|2|23.796374|90.424614|050DK1010001,2026-07-18T03:21:20+00:00,fc26730da14b574ad8929487c3eeeb4679c5ef357399e6ee6d47bd9fe2355da3
2020-04-28,DK1010001,Dhaka,PM2.5-24hr,UG/M3,48.9,24,U.S. Department of State Bangladesh - Dhaka,134,2,23.796374,90.424614,050DK1010001,https://files.airnowtech.org/airnow/2020/20200428/daily_data_v2.dat,04/28/20|DK1010001|Dhaka|PM2.5-24hr|UG/M3|48.9|24|U.S. Department of State Bangladesh - Dhaka|134|2|23.796374|90.424614|050DK1010001,2026-07-18T03:21:20+00:00,eae1cc8ef742b0d1e7f4b9d481b2de4c249a4529ca91779267a56e87c44995c6
2020-04-29,DK1010001,Dhaka,PM2.5-24hr,UG/M3,38.0,24,U.S. Department of State Bangladesh - Dhaka,107,2,23.796374,90.424614,050DK1010001,https://files.airnowtech.org/airnow/2020/20200429/daily_data_v2.dat,04/29/20|DK1010001|Dhaka|PM2.5-24hr|UG/M3|38|24|U.S. Department of State Bangladesh - Dhaka|107|2|23.796374|90.424614|050DK1010001,2026-07-18T03:21:20+00:00,444702cd1ce1ce58544e5475c5fe6c894cb925d832b2a69d7c40711f531c504b
2020-04-30,DK1010001,Dhaka,PM2.5-24hr,UG/M3,46.9,24,U.S. Department of State Bangladesh - Dhaka,129,2,23.796374,90.424614,050DK1010001,https://files.airnowtech.org/airnow/2020/20200430/daily_data_v2.dat,04/30/20|DK1010001|Dhaka|PM2.5-24hr|UG/M3|46.9|24|U.S. Department of State Bangladesh - Dhaka|129|2|23.796374|90.424614|050DK1010001,2026-07-18T03:21:20+00:00,f435c2bec9dbbc3c4a40aea4f51e65037c296b861421206235893d01d1414cf5
2020-05-01,DK1010001,Dhaka,PM2.5-24hr,UG/M3,58.7,24,U.S. Department of State Bangladesh - Dhaka,153,3,23.796374,90.424614,050DK1010001,https://files.airnowtech.org/airnow/2020/20200501/daily_data_v2.dat,05/01/20|DK1010001|Dhaka|PM2.5-24hr|UG/M3|58.7|24|U.S. Department of State Bangladesh - Dhaka|153|3|23.796374|90.424614|050DK1010001,2026-07-18T03:21:20+00:00,ce64f3bcb7773ee4a1fcdb1db5aec477264d98f0ddcd91219452baaac1b039ef
2020-05-02,DK1010001,Dhaka,PM2.5-24hr,UG/M3,42.9,24,U.S. Department of State Bangladesh - Dhaka,119,2,23.796374,90.424614,050DK1010001,https://files.airnowtech.org/airnow/2020/20200502/daily_data_v2.dat,05/02/20|DK1010001|Dhaka|PM2.5-24hr|UG/M3|42.9|24|U.S. Department of State Bangladesh - Dhaka|119|2|23.796374|90.424614|050DK1010001,2026-07-18T03:21:20+00:00,8a8b3d82ee60c1b579dfafd4d9157625e6a6fbacc402738912ae30398b49babf
2020-05-03,DK1010001,Dhaka,PM2.5-24hr,UG/M3,36.8,24,U.S. Department of State Bangladesh - Dhaka,104,2,23.796374,90.424614,050DK1010001,https://files.airnowtech.org/airnow/2020/20200503/daily_data_v2.dat,05/03/20|DK1010001|Dhaka|PM2.5-24hr|UG/M3|36.8|24|U.S. Department of State Bangladesh - Dhaka|104|2|23.796374|90.424614|050DK1010001,2026-07-18T03:21:21+00:00,47d8b4f10a1c51b6a5fb99e14eb71604decc7ba9605bdb2314ad0ccadc273a04
2020-05-04,DK1010001,Dhaka,PM2.5-24hr,UG/M3,64.2,24,U.S. Department of State Bangladesh - Dhaka,156,3,23.796374,90.424614,050DK1010001,https://files.airnowtech.org/airnow/2020/20200504/daily_data_v2.dat,05/04/20|DK1010001|Dhaka|PM2.5-24hr|UG/M3|64.2|24|U.S. Department of State Bangladesh - Dhaka|156|3|23.796374|90.424614|050DK1010001,2026-07-18T03:21:21+00:00,7e35d76c6b6d3ea573ac284ee90ed6c7f8c381da9f61e00d8253873bffbb4460
2020-05-05,DK1010001,Dhaka,PM2.5-24hr,UG/M3,27.3,24,U.S. Department of State Bangladesh - Dhaka,83,1,23.796374,90.424614,050DK1010001,https://files.airnowtech.org/airnow/2020/20200505/daily_data_v2.dat,05/05/20|DK1010001|Dhaka|PM2.5-24hr|UG/M3|27.3|24|U.S. Department of State Bangladesh - Dhaka|83|1|23.796374|90.424614|050DK1010001,2026-07-18T03:21:21+00:00,a086dc2995ca9099324b079ff58ab4f31cea1db3f5ef93c022b485bd9855ceb3
2020-05-06,DK1010001,Dhaka,PM2.5-24hr,UG/M3,35.0,24,U.S. Department of State Bangladesh - Dhaka,99,1,23.796374,90.424614,050DK1010001,https://files.airnowtech.org/airnow/2020/20200506/daily_data_v2.dat,05/06/20|DK1010001|Dhaka|PM2.5-24hr|UG/M3|35|24|U.S. Department of State Bangladesh - Dhaka|99|1|23.796374|90.424614|050DK1010001,2026-07-18T03:21:21+00:00,dffdf128654b737028a24adab7b53d472e18db8942c4e5cdd6b25b60b027e01b
2020-05-07,DK1010001,Dhaka,PM2.5-24hr,UG/M3,83.9,24,U.S. Department of State Bangladesh - Dhaka,166,3,23.796374,90.424614,050DK1010001,https://files.airnowtech.org/airnow/2020/20200507/daily_data_v2.dat,05/07/20|DK1010001|Dhaka|PM2.5-24hr|UG/M3|83.9|24|U.S. Department of State Bangladesh - Dhaka|166|3|23.796374|90.424614|050DK1010001,2026-07-18T03:21:21+00:00,8487754ef1bfe393fbb10f19adce968efa13b855030a226ffd7dd762f7b8abc6
2020-05-08,DK1010001,Dhaka,PM2.5-24hr,UG/M3,63.0,24,U.S. Department of State Bangladesh - Dhaka,155,3,23.796374,90.424614,050DK1010001,https://files.airnowtech.org/airnow/2020/20200508/daily_data_v2.dat,05/08/20|DK1010001|Dhaka|PM2.5-24hr|UG/M3|63|24|U.S. Department of State Bangladesh - Dhaka|155|3|23.796374|90.424614|050DK1010001,2026-07-18T03:21:21+00:00,21453b3fcf0ed4631bb038a97cb25b4b4bd3085540a273d36af3958b01cc1f35
2020-05-09,DK1010001,Dhaka,PM2.5-24hr,UG/M3,75.6,24,U.S. Department of State Bangladesh - Dhaka,161,3,23.796374,90.424614,050DK1010001,https://files.airnowtech.org/airnow/2020/20200509/daily_data_v2.dat,05/09/20|DK1010001|Dhaka|PM2.5-24hr|UG/M3|75.6|24|U.S. Department of State Bangladesh - Dhaka|161|3|23.796374|90.424614|050DK1010001,2026-07-18T03:21:21+00:00,d25d36a1b65390922b4c4dd203cafe6aa1eb51bb6ba87672e3149ebdcae79627
2020-05-10,DK1010001,Dhaka,PM2.5-24hr,UG/M3,62.5,24,U.S. Department of State Bangladesh - Dhaka,155,3,23.796374,90.424614,050DK1010001,https://files.airnowtech.org/airnow/2020/20200510/daily_data_v2.dat,05/10/20|DK1010001|Dhaka|PM2.5-24hr|UG/M3|62.5|24|U.S. Department of State Bangladesh - Dhaka|155|3|23.796374|90.424614|050DK1010001,2026-07-18T03:21:21+00:00,a347163cb95ad2882244ca4d172df9f608a94df2e194a689a8cd320237c7c57a
2020-05-11,DK1010001,Dhaka,PM2.5-24hr,UG/M3,55.7,24,U.S. Department of State Bangladesh - Dhaka,151,3,23.796374,90.424614,050DK1010001,https://files.airnowtech.org/airnow/2020/20200511/daily_data_v2.dat,05/11/20|DK1010001|Dhaka|PM2.5-24hr|UG/M3|55.7|24|U.S. Department of State Bangladesh - Dhaka|151|3|23.796374|90.424614|050DK1010001,2026-07-18T03:21:21+00:00,9449716b594b6d6ea5d4e137dcb153e721ab836173941a62891d472baf271cb4
2020-05-12,DK1010001,Dhaka,PM2.5-24hr,UG/M3,55.9,24,U.S. Department of State Bangladesh - Dhaka,151,3,23.796374,90.424614,050DK1010001,https://files.airnowtech.org/airnow/2020/20200512/daily_data_v2.dat,05/12/20|DK1010001|Dhaka|PM2.5-24hr|UG/M3|55.9|24|U.S. Department of State Bangladesh - Dhaka|151|3|23.796374|90.424614|050DK1010001,2026-07-18T03:21:21+00:00,74d432d434d7edd0267928c48720fa71fecf75638e9604fb2d1ef89cf66b795b
2020-05-13,DK1010001,Dhaka,PM2.5-24hr,UG/M3,47.4,24,U.S. Department of State Bangladesh - Dhaka,131,2,23.796374,90.424614,050DK1010001,https://files.airnowtech.org/airnow/2020/20200513/daily_data_v2.dat,05/13/20|DK1010001|Dhaka|PM2.5-24hr|UG/M3|47.4|24|U.S. Department of State Bangladesh - Dhaka|131|2|23.796374|90.424614|050DK1010001,2026-07-18T03:21:21+00:00,82531ede10b9c661f8199709a79d96a7aafa3d0005e746e591a79f3354126308
2020-05-14,DK1010001,Dhaka,PM2.5-24hr,UG/M3,65.0,24,U.S. Department of State Bangladesh - Dhaka,156,3,23.796374,90.424614,050DK1010001,https://files.airnowtech.org/airnow/2020/20200514/daily_data_v2.dat,05/14/20|DK1010001|Dhaka|PM2.5-24hr|UG/M3|65|24|U.S. Department of State Bangladesh - Dhaka|156|3|23.796374|90.424614|050DK1010001,2026-07-18T03:21:21+00:00,64da53eb430faffd386634ffe4a4c0cac0fe67cf24175a5c85d044eb86685105
2020-05-15,DK1010001,Dhaka,PM2.5-24hr,UG/M3,40.2,24,U.S. Department of State Bangladesh - Dhaka,113,2,23.796374,90.424614,050DK1010001,https://files.airnowtech.org/airnow/2020/20200515/daily_data_v2.dat,05/15/20|DK1010001|Dhaka|PM2.5-24hr|UG/M3|40.2|24|U.S. Department of State Bangladesh - Dhaka|113|2|23.796374|90.424614|050DK1010001,2026-07-18T03:21:21+00:00,a01c99238b7e4c3c14b8ee42457fc5676a3c29152492c44a62c3c8fc86d134a7
2020-05-16,DK1010001,Dhaka,PM2.5-24hr,UG/M3,39.9,24,U.S. Department of State Bangladesh - Dhaka,112,2,23.796374,90.424614,050DK1010001,https://files.airnowtech.org/airnow/2020/20200516/daily_data_v2.dat,05/16/20|DK1010001|Dhaka|PM2.5-24hr|UG/M3|39.9|24|U.S. Department of State Bangladesh - Dhaka|112|2|23.796374|90.424614|050DK1010001,2026-07-18T03:21:21+00:00,4301b5aacb49b3e5df76e059de10c94683fc8130747d80e04a8e3eef86ca1d7d
2020-05-17,DK1010001,Dhaka,PM2.5-24hr,UG/M3,29.0,24,U.S. Department of State Bangladesh - Dhaka,87,1,23.796374,90.424614,050DK1010001,https://files.airnowtech.org/airnow/2020/20200517/daily_data_v2.dat,05/17/20|DK1010001|Dhaka|PM2.5-24hr|UG/M3|29|24|U.S. Department of State Bangladesh - Dhaka|87|1|23.796374|90.424614|050DK1010001,2026-07-18T03:21:21+00:00,5eeca61ba1a28113cd754eccd50c07baa3e9b488094e50cf6b24648c4fa393ea
2020-05-18,DK1010001,Dhaka,PM2.5-24hr,UG/M3,42.9,24,U.S. Department of State Bangladesh - Dhaka,119,2,23.796374,90.424614,050DK1010001,https://files.airnowtech.org/airnow/2020/20200518/daily_data_v2.dat,05/18/20|DK1010001|Dhaka|PM2.5-24hr|UG/M3|42.9|24|U.S. Department of State Bangladesh - Dhaka|119|2|23.796374|90.424614|050DK1010001,2026-07-18T03:21:21+00:00,4c5ffc2c6ef5dc8bf97fa1f4324da74bb148778b3daf0eaa417a4b20fa92410c
2020-05-28,DK1010001,Dhaka,PM2.5-24hr,UG/M3,25.7,24,U.S. Department of State Bangladesh - Dhaka,80,1,23.796374,90.424614,050DK1010001,https://files.airnowtech.org/airnow/2020/20200528/daily_data_v2.dat,05/28/20|DK1010001|Dhaka|PM2.5-24hr|UG/M3|25.7|24|U.S. Department of State Bangladesh - Dhaka|80|1|23.796374|90.424614|050DK1010001,2026-07-18T03:21:21+00:00,d795b1e326085f3e8939581facc8d42fb6d1682516e240ad227478a72672d29a
2020-05-29,DK1010001,Dhaka,PM2.5-24hr,UG/M3,30.3,24,U.S. Department of State Bangladesh - Dhaka,89,1,23.796374,90.424614,050DK1010001,https://files.airnowtech.org/airnow/2020/20200529/daily_data_v2.dat,05/29/20|DK1010001|Dhaka|PM2.5-24hr|UG/M3|30.3|24|U.S. Department of State Bangladesh - Dhaka|89|1|23.796374|90.424614|050DK1010001,2026-07-18T03:21:21+00:00,401ad53d35e8a7ddfe828ee8874156bb13f8947185a302391eb7eb7a38c078ba
2020-05-30,DK1010001,Dhaka,PM2.5-24hr,UG/M3,22.0,24,U.S. Department of State Bangladesh - Dhaka,72,1,23.796374,90.424614,050DK1010001,https://files.airnowtech.org/airnow/2020/20200530/daily_data_v2.dat,05/30/20|DK1010001|Dhaka|PM2.5-24hr|UG/M3|22|24|U.S. Department of State Bangladesh - Dhaka|72|1|23.796374|90.424614|050DK1010001,2026-07-18T03:21:21+00:00,887cb809670f8206458b08a925db46f14a0eee8f813273ff40ba25347f5b114f
2020-05-31,DK1010001,Dhaka,PM2.5-24hr,UG/M3,30.3,24,U.S. Department of State Bangladesh - Dhaka,89,1,23.796374,90.424614,050DK1010001,https://files.airnowtech.org/airnow/2020/20200531/daily_data_v2.dat,05/31/20|DK1010001|Dhaka|PM2.5-24hr|UG/M3|30.3|24|U.S. Department of State Bangladesh - Dhaka|89|1|23.796374|90.424614|050DK1010001,2026-07-18T03:21:21+00:00,429a874ce999f22d87f3a8f331dd4eb79ec4f4693ec284934e53c1fef9aa161b
2020-06-01,DK1010001,Dhaka,PM2.5-24hr,UG/M3,35.4,24,U.S. Department of State Bangladesh - Dhaka,100,1,23.796374,90.424614,050DK1010001,https://files.airnowtech.org/airnow/2020/20200601/daily_data_v2.dat,06/01/20|DK1010001|Dhaka|PM2.5-24hr|UG/M3|35.4|24|U.S. Department of State Bangladesh - Dhaka|100|1|23.796374|90.424614|050DK1010001,2026-07-18T03:21:21+00:00,4a62ffe493efc510f9f5926c8e9535b19180f35528c4c31421bdf1c308fd9499
2020-06-02,DK1010001,Dhaka,PM2.5-24hr,UG/M3,42.0,24,U.S. Department of State Bangladesh - Dhaka,117,2,23.796374,90.424614,050DK1010001,https://files.airnowtech.org/airnow/2020/20200602/daily_data_v2.dat,06/02/20|DK1010001|Dhaka|PM2.5-24hr|UG/M3|42|24|U.S. Department of State Bangladesh - Dhaka|117|2|23.796374|90.424614|050DK1010001,2026-07-18T03:21:21+00:00,28a86d118dda2c750290711a25d56f6d9a521b682108c16cae798f09c9f5f18a
2020-06-03,DK1010001,Dhaka,PM2.5-24hr,UG/M3,28.2,24,U.S. Department of State Bangladesh - Dhaka,85,1,23.796374,90.424614,050DK1010001,https://files.airnowtech.org/airnow/2020/20200603/daily_data_v2.dat,06/03/20|DK1010001|Dhaka|PM2.5-24hr|UG/M3|28.2|24|U.S. Department of State Bangladesh - Dhaka|85|1|23.796374|90.424614|050DK1010001,2026-07-18T03:21:21+00:00,31b24dd890c6f7edc350c03a3179a6a6f60e1b722e4f27026a877901558169e4
2020-06-04,DK1010001,Dhaka,PM2.5-24hr,UG/M3,27.9,24,U.S. Department of State Bangladesh - Dhaka,84,1,23.796374,90.424614,050DK1010001,https://files.airnowtech.org/airnow/2020/20200604/daily_data_v2.dat,06/04/20|DK1010001|Dhaka|PM2.5-24hr|UG/M3|27.9|24|U.S. Department of State Bangladesh - Dhaka|84|1|23.796374|90.424614|050DK1010001,2026-07-18T03:21:21+00:00,8dacb28f1f9a62fdab4b1a32a917cfe2b622e13118dbcd04088cb65baff138f8
2020-06-05,DK1010001,Dhaka,PM2.5-24hr,UG/M3,42.2,24,U.S. Department of State Bangladesh - Dhaka,118,2,23.796374,90.424614,050DK1010001,https://files.airnowtech.org/airnow/2020/20200605/daily_data_v2.dat,06/05/20|DK1010001|Dhaka|PM2.5-24hr|UG/M3|42.2|24|U.S. Department of State Bangladesh - Dhaka|118|2|23.796374|90.424614|050DK1010001,2026-07-18T03:21:21+00:00,3a25053eba412b245a4ac858adefcf4eca2f3fe2e67752df169873a008987964
2020-06-06,DK1010001,Dhaka,PM2.5-24hr,UG/M3,31.5,24,U.S. Department of State Bangladesh - Dhaka,92,1,23.796374,90.424614,050DK1010001,https://files.airnowtech.org/airnow/2020/20200606/daily_data_v2.dat,06/06/20|DK1010001|Dhaka|PM2.5-24hr|UG/M3|31.5|24|U.S. Department of State Bangladesh - Dhaka|92|1|23.796374|90.424614|050DK1010001,2026-07-18T03:21:21+00:00,1a8fe6a15289acfab9e8049dae3c781ab74a7e6fecb315c690edf04b4eab6067
2020-06-07,DK1010001,Dhaka,PM2.5-24hr,UG/M3,53.6,24,U.S. Department of State Bangladesh - Dhaka,146,2,23.796374,90.424614,050DK1010001,https://files.airnowtech.org/airnow/2020/20200607/daily_data_v2.dat,06/07/20|DK1010001|Dhaka|PM2.5-24hr|UG/M3|53.6|24|U.S. Department of State Bangladesh - Dhaka|146|2|23.796374|90.424614|050DK1010001,2026-07-18T03:21:21+00:00,2b1894314b11212366d5dabb250296f035871f0a312813238282e3880ff024f7
2020-06-08,DK1010001,Dhaka,PM2.5-24hr,UG/M3,56.6,24,U.S. Department of State Bangladesh - Dhaka,152,3,23.796374,90.424614,050DK1010001,https://files.airnowtech.org/airnow/2020/20200608/daily_data_v2.dat,06/08/20|DK1010001|Dhaka|PM2.5-24hr|UG/M3|56.6|24|U.S. Department of State Bangladesh - Dhaka|152|3|23.796374|90.424614|050DK1010001,2026-07-18T03:21:21+00:00,56109c727ca3122f261fe6488f7aca26c19bd7697702e555bb73ae88e7ecf3da
2020-06-09,DK1010001,Dhaka,PM2.5-24hr,UG/M3,63.8,24,U.S. Department of State Bangladesh - Dhaka,155,3,23.796374,90.424614,050DK1010001,https://files.airnowtech.org/airnow/2020/20200609/daily_data_v2.dat,06/09/20|DK1010001|Dhaka|PM2.5-24hr|UG/M3|63.8|24|U.S. Department of State Bangladesh - Dhaka|155|3|23.796374|90.424614|050DK1010001,2026-07-18T03:21:21+00:00,6adccbf2854ce0e1932545372943362913f3934380bf1e823294c89485466f98
2020-06-10,DK1010001,Dhaka,PM2.5-24hr,UG/M3,43.0,24,U.S. Department of State Bangladesh - Dhaka,119,2,23.796374,90.424614,050DK1010001,https://files.airnowtech.org/airnow/2020/20200610/daily_data_v2.dat,06/10/20|DK1010001|Dhaka|PM2.5-24hr|UG/M3|43|24|U.S. Department of State Bangladesh - Dhaka|119|2|23.796374|90.424614|050DK1010001,2026-07-18T03:21:21+00:00,e0e3222585791363d38b92d7a144ffd82b2fcbb8c10bcb04e8c93de8767d433a
2020-06-11,DK1010001,Dhaka,PM2.5-24hr,UG/M3,30.6,24,U.S. Department of State Bangladesh - Dhaka,90,1,23.796374,90.424614,050DK1010001,https://files.airnowtech.org/airnow/2020/20200611/daily_data_v2.dat,06/11/20|DK1010001|Dhaka|PM2.5-24hr|UG/M3|30.6|24|U.S. Department of State Bangladesh - Dhaka|90|1|23.796374|90.424614|050DK1010001,2026-07-18T03:21:21+00:00,bbf8feef6a486449ba3678c326b51cbc46100216db971abd56ab0951e823622b
2020-06-12,DK1010001,Dhaka,PM2.5-24hr,UG/M3,22.9,24,U.S. Department of State Bangladesh - Dhaka,74,1,23.796374,90.424614,050DK1010001,https://files.airnowtech.org/airnow/2020/20200612/daily_data_v2.dat,06/12/20|DK1010001|Dhaka|PM2.5-24hr|UG/M3|22.9|24|U.S. Department of State Bangladesh - Dhaka|74|1|23.796374|90.424614|050DK1010001,2026-07-18T03:21:21+00:00,1ca5f359d75377c973322c75c6ce0675ac7d3cb5d275c9d9a9991b7b096ea005
2020-06-13,DK1010001,Dhaka,PM2.5-24hr,UG/M3,24.2,24,U.S. Department of State Bangladesh - Dhaka,77,1,23.796374,90.424614,050DK1010001,https://files.airnowtech.org/airnow/2020/20200613/daily_data_v2.dat,06/13/20|DK1010001|Dhaka|PM2.5-24hr|UG/M3|24.2|24|U.S. Department of State Bangladesh - Dhaka|77|1|23.796374|90.424614|050DK1010001,2026-07-18T03:21:21+00:00,2382a94e7eb291ada8a27ef962e7c16fc51a27c6e248ed26b53d540e63d6b1b7
2020-06-14,DK1010001,Dhaka,PM2.5-24hr,UG/M3,31.4,24,U.S. Department of State Bangladesh - Dhaka,92,1,23.796374,90.424614,050DK1010001,https://files.airnowtech.org/airnow/2020/20200614/daily_data_v2.dat,06/14/20|DK1010001|Dhaka|PM2.5-24hr|UG/M3|31.4|24|U.S. Department of State Bangladesh - Dhaka|92|1|23.796374|90.424614|050DK1010001,2026-07-18T03:21:21+00:00,cd89ff5a496d880caa4ad3c9a4e7ef855e0fb543803d44f58182604801711737
2020-06-15,DK1010001,Dhaka,PM2.5-24hr,UG/M3,35.0,24,U.S. Department of State Bangladesh - Dhaka,99,1,23.796374,90.424614,050DK1010001,https://files.airnowtech.org/airnow/2020/20200615/daily_data_v2.dat,06/15/20|DK1010001|Dhaka|PM2.5-24hr|UG/M3|35|24|U.S. Department of State Bangladesh - Dhaka|99|1|23.796374|90.424614|050DK1010001,2026-07-18T03:21:21+00:00,8e56e324645778df7514d761c8787334e01c73073e418e999a4bb8458a4d69f6
2020-06-16,DK1010001,Dhaka,PM2.5-24hr,UG/M3,34.8,24,U.S. Department of State Bangladesh - Dhaka,99,1,23.796374,90.424614,050DK1010001,https://files.airnowtech.org/airnow/2020/20200616/daily_data_v2.dat,06/16/20|DK1010001|Dhaka|PM2.5-24hr|UG/M3|34.8|24|U.S. Department of State Bangladesh - Dhaka|99|1|23.796374|90.424614|050DK1010001,2026-07-18T03:21:21+00:00,3f1137d50789aac6c4281725628bfff6e072f683fc3c6b49d5ae649045df5314
2020-06-17,DK1010001,Dhaka,PM2.5-24hr,UG/M3,39.0,24,U.S. Department of State Bangladesh - Dhaka,110,2,23.796374,90.424614,050DK1010001,https://files.airnowtech.org/airnow/2020/20200617/daily_data_v2.dat,06/17/20|DK1010001|Dhaka|PM2.5-24hr|UG/M3|39|24|U.S. Department of State Bangladesh - Dhaka|110|2|23.796374|90.424614|050DK1010001,2026-07-18T03:21:21+00:00,62f2567f5d4794143ecf9fed1835703519ab40c3e4e18ac277014f2d9d67836f
2020-06-18,DK1010001,Dhaka,PM2.5-24hr,UG/M3,23.7,24,U.S. Department of State Bangladesh - Dhaka,75,1,23.796374,90.424614,050DK1010001,https://files.airnowtech.org/airnow/2020/20200618/daily_data_v2.dat,06/18/20|DK1010001|Dhaka|PM2.5-24hr|UG/M3|23.7|24|U.S. Department of State Bangladesh - Dhaka|75|1|23.796374|90.424614|050DK1010001,2026-07-18T03:21:21+00:00,b77387ba1bfec95d282e2c0501f88cb0be6c43fc7d08d9d32393a8d179281f3c
2020-06-19,DK1010001,Dhaka,PM2.5-24hr,UG/M3,30.0,24,U.S. Department of State Bangladesh - Dhaka,89,1,23.796374,90.424614,050DK1010001,https://files.airnowtech.org/airnow/2020/20200619/daily_data_v2.dat,06/19/20|DK1010001|Dhaka|PM2.5-24hr|UG/M3|30|24|U.S. Department of State Bangladesh - Dhaka|89|1|23.796374|90.424614|050DK1010001,2026-07-18T03:21:21+00:00,15129e8f538a8f810b4999869b97f8b09f9a10a00def262340401be489c446fa
2020-06-20,DK1010001,Dhaka,PM2.5-24hr,UG/M3,29.1,24,U.S. Department of State Bangladesh - Dhaka,87,1,23.796374,90.424614,050DK1010001,https://files.airnowtech.org/airnow/2020/20200620/daily_data_v2.dat,06/20/20|DK1010001|Dhaka|PM2.5-24hr|UG/M3|29.1|24|U.S. Department of State Bangladesh - Dhaka|87|1|23.796374|90.424614|050DK1010001,2026-07-18T03:21:21+00:00,cea58cda0a1013818830e7465801fd2068b9f0859f269880f7cc5666a67eba9a
2020-06-21,DK1010001,Dhaka,PM2.5-24hr,UG/M3,25.1,24,U.S. Department of State Bangladesh - Dhaka,79,1,23.796374,90.424614,050DK1010001,https://files.airnowtech.org/airnow/2020/20200621/daily_data_v2.dat,06/21/20|DK1010001|Dhaka|PM2.5-24hr|UG/M3|25.1|24|U.S. Department of State Bangladesh - Dhaka|79|1|23.796374|90.424614|050DK1010001,2026-07-18T03:21:21+00:00,782c30681cc3d18b9f79b879b21bd14d6cba14e7e60f191bd83cc63b4afced15
2020-06-22,DK1010001,Dhaka,PM2.5-24hr,UG/M3,30.2,24,U.S. Department of State Bangladesh - Dhaka,89,1,23.796374,90.424614,050DK1010001,https://files.airnowtech.org/airnow/2020/20200622/daily_data_v2.dat,06/22/20|DK1010001|Dhaka|PM2.5-24hr|UG/M3|30.2|24|U.S. Department of State Bangladesh - Dhaka|89|1|23.796374|90.424614|050DK1010001,2026-07-18T03:21:21+00:00,3670e1ca803e53d09b6706fde1f43ced660cb9615b08bff378fd1c433e446e0d
2020-06-23,DK1010001,Dhaka,PM2.5-24hr,UG/M3,34.3,24,U.S. Department of State Bangladesh - Dhaka,98,1,23.796374,90.424614,050DK1010001,https://files.airnowtech.org/airnow/2020/20200623/daily_data_v2.dat,06/23/20|DK1010001|Dhaka|PM2.5-24hr|UG/M3|34.3|24|U.S. Department of State Bangladesh - Dhaka|98|1|23.796374|90.424614|050DK1010001,2026-07-18T03:21:21+00:00,2d5386ebc35110450868ae4210f061f5e4132c8e7c7c4ae310f49ed3d1173a1f
2020-06-24,DK1010001,Dhaka,PM2.5-24hr,UG/M3,23.9,24,U.S. Department of State Bangladesh - Dhaka,76,1,23.796374,90.424614,050DK1010001,https://files.airnowtech.org/airnow/2020/20200624/daily_data_v2.dat,06/24/20|DK1010001|Dhaka|PM2.5-24hr|UG/M3|23.9|24|U.S. Department of State Bangladesh - Dhaka|76|1|23.796374|90.424614|050DK1010001,2026-07-18T03:21:21+00:00,e5f99444af02fc50ead4f42dda4cd9adf3da52f47dd14b1aada7fb81bc98fbad
2020-06-25,DK1010001,Dhaka,PM2.5-24hr,UG/M3,23.7,24,U.S. Department of State Bangladesh - Dhaka,75,1,23.796374,90.424614,050DK1010001,https://files.airnowtech.org/airnow/2020/20200625/daily_data_v2.dat,06/25/20|DK1010001|Dhaka|PM2.5-24hr|UG/M3|23.7|24|U.S. Department of State Bangladesh - Dhaka|75|1|23.796374|90.424614|050DK1010001,2026-07-18T03:21:21+00:00,d0602245d66ae18bdf65e839b816a3391758cadff769fc50309b6b7e5f0ca0ce
2020-06-26,DK1010001,Dhaka,PM2.5-24hr,UG/M3,19.7,24,U.S. Department of State Bangladesh - Dhaka,67,1,23.796374,90.424614,050DK1010001,https://files.airnowtech.org/airnow/2020/20200626/daily_data_v2.dat,06/26/20|DK1010001|Dhaka|PM2.5-24hr|UG/M3|19.7|24|U.S. Department of State Bangladesh - Dhaka|67|1|23.796374|90.424614|050DK1010001,2026-07-18T03:21:21+00:00,4219eb121ab984d6b219ab9323e921a8e7e6b551d1a0afd051c4b24ff14994ea
2020-06-27,DK1010001,Dhaka,PM2.5-24hr,UG/M3,16.5,24,U.S. Department of State Bangladesh - Dhaka,60,1,23.796374,90.424614,050DK1010001,https://files.airnowtech.org/airnow/2020/20200627/daily_data_v2.dat,06/27/20|DK1010001|Dhaka|PM2.5-24hr|UG/M3|16.5|24|U.S. Department of State Bangladesh - Dhaka|60|1|23.796374|90.424614|050DK1010001,2026-07-18T03:21:21+00:00,016f922e49c29b227128e8b6d5842e4ff0984db2fe6f7265fafc12f16928aa90
2020-06-28,DK1010001,Dhaka,PM2.5-24hr,UG/M3,37.5,24,U.S. Department of State Bangladesh - Dhaka,106,2,23.796374,90.424614,050DK1010001,https://files.airnowtech.org/airnow/2020/20200628/daily_data_v2.dat,06/28/20|DK1010001|Dhaka|PM2.5-24hr|UG/M3|37.5|24|U.S. Department of State Bangladesh - Dhaka|106|2|23.796374|90.424614|050DK1010001,2026-07-18T03:21:21+00:00,6d5e3a8dc0562be9dd7aa3fbb0327b70800b531d1f801d1f3feda6ae4c0fb864
2020-06-29,DK1010001,Dhaka,PM2.5-24hr,UG/M3,43.5,24,U.S. Department of State Bangladesh - Dhaka,121,2,23.796374,90.424614,050DK1010001,https://files.airnowtech.org/airnow/2020/20200629/daily_data_v2.dat,06/29/20|DK1010001|Dhaka|PM2.5-24hr|UG/M3|43.5|24|U.S. Department of State Bangladesh - Dhaka|121|2|23.796374|90.424614|050DK1010001,2026-07-18T03:21:21+00:00,5610f6b864759134e0399165c69a8c63c8fd38275e61904e5cd73e41712e6abb
2020-06-30,DK1010001,Dhaka,PM2.5-24hr,UG/M3,23.3,24,U.S. Department of State Bangladesh - Dhaka,75,1,23.796374,90.424614,050DK1010001,https://files.airnowtech.org/airnow/2020/20200630/daily_data_v2.dat,06/30/20|DK1010001|Dhaka|PM2.5-24hr|UG/M3|23.3|24|U.S. Department of State Bangladesh - Dhaka|75|1|23.796374|90.424614|050DK1010001,2026-07-18T03:21:21+00:00,57a4dc2ae5dafefc66b21cfa2c77faf42adc26758841fcbdfe0c2086765d1ebb
2020-07-01,DK1010001,Dhaka,PM2.5-24hr,UG/M3,16.2,24,U.S. Department of State Bangladesh - Dhaka,60,1,23.796374,90.424614,050DK1010001,https://files.airnowtech.org/airnow/2020/20200701/daily_data_v2.dat,07/01/20|DK1010001|Dhaka|PM2.5-24hr|UG/M3|16.2|24|U.S. Department of State Bangladesh - Dhaka|60|1|23.796374|90.424614|050DK1010001,2026-07-18T03:21:21+00:00,37cc4eb685e862783af3b3c5e03e496a69e8c7096f0e1e7ee2a8d9d42d977692
2020-07-02,DK1010001,Dhaka,PM2.5-24hr,UG/M3,25.4,24,U.S. Department of State Bangladesh - Dhaka,79,1,23.796374,90.424614,050DK1010001,https://files.airnowtech.org/airnow/2020/20200702/daily_data_v2.dat,07/02/20|DK1010001|Dhaka|PM2.5-24hr|UG/M3|25.4|24|U.S. Department of State Bangladesh - Dhaka|79|1|23.796374|90.424614|050DK1010001,2026-07-18T03:21:21+00:00,589a6bea0d5aaa300b9703a53ed7eaf993a539c6e70262cc2e5cffaaeb6801ea
2020-07-03,DK1010001,Dhaka,PM2.5-24hr,UG/M3,34.1,24,U.S. Department of State Bangladesh - Dhaka,97,1,23.796374,90.424614,050DK1010001,https://files.airnowtech.org/airnow/2020/20200703/daily_data_v2.dat,07/03/20|DK1010001|Dhaka|PM2.5-24hr|UG/M3|34.1|24|U.S. Department of State Bangladesh - Dhaka|97|1|23.796374|90.424614|050DK1010001,2026-07-18T03:21:21+00:00,7476c041d74fdd182752bcb4e77777470e85a18be1d528d7508ef819815294fd
2020-07-04,DK1010001,Dhaka,PM2.5-24hr,UG/M3,38.8,24,U.S. Department of State Bangladesh - Dhaka,109,2,23.796374,90.424614,050DK1010001,https://files.airnowtech.org/airnow/2020/20200704/daily_data_v2.dat,07/04/20|DK1010001|Dhaka|PM2.5-24hr|UG/M3|38.8|24|U.S. Department of State Bangladesh - Dhaka|109|2|23.796374|90.424614|050DK1010001,2026-07-18T03:21:21+00:00,b64aa1a333eda99147c4eb6877d968c189a15661fb58b79c83152a79497d00f6
2020-07-05,DK1010001,Dhaka,PM2.5-24hr,UG/M3,24.2,24,U.S. Department of State Bangladesh - Dhaka,76,1,23.796374,90.424614,050DK1010001,https://files.airnowtech.org/airnow/2020/20200705/daily_data_v2.dat,07/05/20|DK1010001|Dhaka|PM2.5-24hr|UG/M3|24.2|24|U.S. Department of State Bangladesh - Dhaka|76|1|23.796374|90.424614|050DK1010001,2026-07-18T03:21:21+00:00,3afee1a9cc8bc46b3491e022739b940d00fc55eb97a68c9d444b2f9394fcd484
2020-07-06,DK1010001,Dhaka,PM2.5-24hr,UG/M3,17.2,24,U.S. Department of State Bangladesh - Dhaka,62,1,23.796374,90.424614,050DK1010001,https://files.airnowtech.org/airnow/2020/20200706/daily_data_v2.dat,07/06/20|DK1010001|Dhaka|PM2.5-24hr|UG/M3|17.2|24|U.S. Department of State Bangladesh - Dhaka|62|1|23.796374|90.424614|050DK1010001,2026-07-18T03:21:21+00:00,a4ee24279d4f862316a314536295314245ac275b03b0ff7168267012626fdd65
2020-07-07,DK1010001,Dhaka,PM2.5-24hr,UG/M3,23.5,24,U.S. Department of State Bangladesh - Dhaka,75,1,23.796374,90.424614,050DK1010001,https://files.airnowtech.org/airnow/2020/20200707/daily_data_v2.dat,07/07/20|DK1010001|Dhaka|PM2.5-24hr|UG/M3|23.5|24|U.S. Department of State Bangladesh - Dhaka|75|1|23.796374|90.424614|050DK1010001,2026-07-18T03:21:21+00:00,cd653c6f490ace56a9f17b3a93c69670d3c64cc41ebee606443750307dd75b3f
2020-07-08,DK1010001,Dhaka,PM2.5-24hr,UG/M3,48.5,24,U.S. Department of State Bangladesh - Dhaka,133,2,23.796374,90.424614,050DK1010001,https://files.airnowtech.org/airnow/2020/20200708/daily_data_v2.dat,07/08/20|DK1010001|Dhaka|PM2.5-24hr|UG/M3|48.5|24|U.S. Department of State Bangladesh - Dhaka|133|2|23.796374|90.424614|050DK1010001,2026-07-18T03:21:21+00:00,9aa1cfe0fbc7a0e8c0f4af36ace596e9a252e73972e651051d22cc1647defe4b
2020-07-09,DK1010001,Dhaka,PM2.5-24hr,UG/M3,21.1,24,U.S. Department of State Bangladesh - Dhaka,70,1,23.796374,90.424614,050DK1010001,https://files.airnowtech.org/airnow/2020/20200709/daily_data_v2.dat,07/09/20|DK1010001|Dhaka|PM2.5-24hr|UG/M3|21.1|24|U.S. Department of State Bangladesh - Dhaka|70|1|23.796374|90.424614|050DK1010001,2026-07-18T03:21:21+00:00,0ec98c2d34b10b6160e04ebc9637dff032481077addd0de529c1ea0a0a38a973
2020-07-12,DK1010001,Dhaka,PM2.5-24hr,UG/M3,43.7,24,U.S. Department of State Bangladesh - Dhaka,121,2,23.796374,90.424614,050DK1010001,https://files.airnowtech.org/airnow/2020/20200712/daily_data_v2.dat,07/12/20|DK1010001|Dhaka|PM2.5-24hr|UG/M3|43.7|24|U.S. Department of State Bangladesh - Dhaka|121|2|23.796374|90.424614|050DK1010001,2026-07-18T03:21:21+00:00,a44013afa075e241bd18196bd54f2cb6483859983370c9283509b4a999f3fefc
2020-07-13,DK1010001,Dhaka,PM2.5-24hr,UG/M3,58.3,24,U.S. Department of State Bangladesh - Dhaka,152,3,23.796374,90.424614,050DK1010001,https://files.airnowtech.org/airnow/2020/20200713/daily_data_v2.dat,07/13/20|DK1010001|Dhaka|PM2.5-24hr|UG/M3|58.3|24|U.S. Department of State Bangladesh - Dhaka|152|3|23.796374|90.424614|050DK1010001,2026-07-18T03:21:21+00:00,91f227d67af56ed857e72df67dceb5186c70452234d04ade15970a62b2fe5dcf
2020-07-14,DK1010001,Dhaka,PM2.5-24hr,UG/M3,32.7,24,U.S. Department of State Bangladesh - Dhaka,95,1,23.796374,90.424614,050DK1010001,https://files.airnowtech.org/airnow/2020/20200714/daily_data_v2.dat,07/14/20|DK1010001|Dhaka|PM2.5-24hr|UG/M3|32.7|24|U.S. Department of State Bangladesh - Dhaka|95|1|23.796374|90.424614|050DK1010001,2026-07-18T03:21:21+00:00,bb63b51ca4a686a2c7939f969b2447ff5ba963ba43e8c6d19c77826cc300c571
2020-07-15,DK1010001,Dhaka,PM2.5-24hr,UG/M3,49.5,24,U.S. Department of State Bangladesh - Dhaka,136,2,23.796374,90.424614,050DK1010001,https://files.airnowtech.org/airnow/2020/20200715/daily_data_v2.dat,07/15/20|DK1010001|Dhaka|PM2.5-24hr|UG/M3|49.5|24|U.S. Department of State Bangladesh - Dhaka|136|2|23.796374|90.424614|050DK1010001,2026-07-18T03:21:21+00:00,23354d80d6c79513330d15401d2916f67441a4aa792cad28b9baa0c4e26f2fcf
2020-07-16,DK1010001,Dhaka,PM2.5-24hr,UG/M3,36.3,24,U.S. Department of State Bangladesh - Dhaka,103,2,23.796374,90.424614,050DK1010001,https://files.airnowtech.org/airnow/2020/20200716/daily_data_v2.dat,07/16/20|DK1010001|Dhaka|PM2.5-24hr|UG/M3|36.3|24|U.S. Department of State Bangladesh - Dhaka|103|2|23.796374|90.424614|050DK1010001,2026-07-18T03:21:21+00:00,7464bd5bfbce54e85e53d9a01d9821b27adeb1e8e4111ff121b712944afe5e77
2020-07-17,DK1010001,Dhaka,PM2.5-24hr,UG/M3,32.2,24,U.S. Department of State Bangladesh - Dhaka,93,1,23.796374,90.424614,050DK1010001,https://files.airnowtech.org/airnow/2020/20200717/daily_data_v2.dat,07/17/20|DK1010001|Dhaka|PM2.5-24hr|UG/M3|32.2|24|U.S. Department of State Bangladesh - Dhaka|93|1|23.796374|90.424614|050DK1010001,2026-07-18T03:21:21+00:00,a6de46ad546c4316fd1c38d8982a6b12fdb91c3667c29ef1bbb284ef6393c0c2
2020-07-18,DK1010001,Dhaka,PM2.5-24hr,UG/M3,27.9,24,U.S. Department of State Bangladesh - Dhaka,84,1,23.796374,90.424614,050DK1010001,https://files.airnowtech.org/airnow/2020/20200718/daily_data_v2.dat,07/18/20|DK1010001|Dhaka|PM2.5-24hr|UG/M3|27.9|24|U.S. Department of State Bangladesh - Dhaka|84|1|23.796374|90.424614|050DK1010001,2026-07-18T03:21:21+00:00,cc5e7ccc2e73caf47e056100cda42303943c6e6359860846e6e1a3176904b6b9
2020-07-19,DK1010001,Dhaka,PM2.5-24hr,UG/M3,16.4,24,U.S. Department of State Bangladesh - Dhaka,60,1,23.796374,90.424614,050DK1010001,https://files.airnowtech.org/airnow/2020/20200719/daily_data_v2.dat,07/19/20|DK1010001|Dhaka|PM2.5-24hr|UG/M3|16.4|24|U.S. Department of State Bangladesh - Dhaka|60|1|23.796374|90.424614|050DK1010001,2026-07-18T03:21:21+00:00,cd88df14e49da69e75100f2a1fb48ff42ab3effae7df71d703cc248341f4630a
2020-07-20,DK1010001,Dhaka,PM2.5-24hr,UG/M3,31.5,24,U.S. Department of State Bangladesh - Dhaka,92,1,23.796374,90.424614,050DK1010001,https://files.airnowtech.org/airnow/2020/20200720/daily_data_v2.dat,07/20/20|DK1010001|Dhaka|PM2.5-24hr|UG/M3|31.5|24|U.S. Department of State Bangladesh - Dhaka|92|1|23.796374|90.424614|050DK1010001,2026-07-18T03:21:21+00:00,c3ce204d07c9fee40f7a4dd958ae43d685d724c345c1e471777d1d73f3afdcc4
2020-07-21,DK1010001,Dhaka,PM2.5-24hr,UG/M3,35.8,24,U.S. Department of State Bangladesh - Dhaka,102,2,23.796374,90.424614,050DK1010001,https://files.airnowtech.org/airnow/2020/20200721/daily_data_v2.dat,07/21/20|DK1010001|Dhaka|PM2.5-24hr|UG/M3|35.8|24|U.S. Department of State Bangladesh - Dhaka|102|2|23.796374|90.424614|050DK1010001,2026-07-18T03:21:21+00:00,60a8ad3417d8b091a1b173d90fde8e2981c78aaa57cda5aa29513e9bd21de218
2020-07-22,DK1010001,Dhaka,PM2.5-24hr,UG/M3,31.7,24,U.S. Department of State Bangladesh - Dhaka,92,1,23.796374,90.424614,050DK1010001,https://files.airnowtech.org/airnow/2020/20200722/daily_data_v2.dat,07/22/20|DK1010001|Dhaka|PM2.5-24hr|UG/M3|31.7|24|U.S. Department of State Bangladesh - Dhaka|92|1|23.796374|90.424614|050DK1010001,2026-07-18T03:21:21+00:00,2100032077ddf6dc850fff80b26e0615b195925fceaa561d9fb5fa8413ed12f1
2020-07-23,DK1010001,Dhaka,PM2.5-24hr,UG/M3,40.7,24,U.S. Department of State Bangladesh - Dhaka,114,2,23.796374,90.424614,050DK1010001,https://files.airnowtech.org/airnow/2020/20200723/daily_data_v2.dat,07/23/20|DK1010001|Dhaka|PM2.5-24hr|UG/M3|40.7|24|U.S. Department of State Bangladesh - Dhaka|114|2|23.796374|90.424614|050DK1010001,2026-07-18T03:21:21+00:00,f07c65d5d3b4eea08d22c4bfe4e2adc484c6dc77605f1beb77a8f313070623ae
2020-07-24,DK1010001,Dhaka,PM2.5-24hr,UG/M3,31.9,24,U.S. Department of State Bangladesh - Dhaka,93,1,23.796374,90.424614,050DK1010001,https://files.airnowtech.org/airnow/2020/20200724/daily_data_v2.dat,07/24/20|DK1010001|Dhaka|PM2.5-24hr|UG/M3|31.9|24|U.S. Department of State Bangladesh - Dhaka|93|1|23.796374|90.424614|050DK1010001,2026-07-18T03:21:21+00:00,0af33229028be12ac9d58dac80f26edece4c1e5d0060d4ef9c26485bb9169f06
2020-07-25,DK1010001,Dhaka,PM2.5-24hr,UG/M3,37.0,24,U.S. Department of State Bangladesh - Dhaka,105,2,23.796374,90.424614,050DK1010001,https://files.airnowtech.org/airnow/2020/20200725/daily_data_v2.dat,07/25/20|DK1010001|Dhaka|PM2.5-24hr|UG/M3|37|24|U.S. Department of State Bangladesh - Dhaka|105|2|23.796374|90.424614|050DK1010001,2026-07-18T03:21:21+00:00,798f3ecc1fd38ac15d8cfd7c7ef65ae1451f336946b7ce07aa80cf8a59adfde4
2020-07-26,DK1010001,Dhaka,PM2.5-24hr,UG/M3,31.3,24,U.S. Department of State Bangladesh - Dhaka,92,1,23.796374,90.424614,050DK1010001,https://files.airnowtech.org/airnow/2020/20200726/daily_data_v2.dat,07/26/20|DK1010001|Dhaka|PM2.5-24hr|UG/M3|31.3|24|U.S. Department of State Bangladesh - Dhaka|92|1|23.796374|90.424614|050DK1010001,2026-07-18T03:21:21+00:00,a76967b3515f4bea59635cf5d3060cc06bdb1b38e741fe6d010a1c61d7163816
2020-07-27,DK1010001,Dhaka,PM2.5-24hr,UG/M3,28.7,24,U.S. Department of State Bangladesh - Dhaka,86,1,23.796374,90.424614,050DK1010001,https://files.airnowtech.org/airnow/2020/20200727/daily_data_v2.dat,07/27/20|DK1010001|Dhaka|PM2.5-24hr|UG/M3|28.7|24|U.S. Department of State Bangladesh - Dhaka|86|1|23.796374|90.424614|050DK1010001,2026-07-18T03:21:21+00:00,4a3158ad3e9903f32f7020ec827fa542ebff282281940e9308715d95b1fc89ae
2020-07-28,DK1010001,Dhaka,PM2.5-24hr,UG/M3,46.4,24,U.S. Department of State Bangladesh - Dhaka,128,2,23.796374,90.424614,050DK1010001,https://files.airnowtech.org/airnow/2020/20200728/daily_data_v2.dat,07/28/20|DK1010001|Dhaka|PM2.5-24hr|UG/M3|46.4|24|U.S. Department of State Bangladesh - Dhaka|128|2|23.796374|90.424614|050DK1010001,2026-07-18T03:21:21+00:00,3ae9ba067aef0e8fffbf9ab062d490609f073bd83bef3ab4f65d88805ce3e56a
2020-07-29,DK1010001,Dhaka,PM2.5-24hr,UG/M3,41.6,24,U.S. Department of State Bangladesh - Dhaka,116,2,23.796374,90.424614,050DK1010001,https://files.airnowtech.org/airnow/2020/20200729/daily_data_v2.dat,07/29/20|DK1010001|Dhaka|PM2.5-24hr|UG/M3|41.6|24|U.S. Department of State Bangladesh - Dhaka|116|2|23.796374|90.424614|050DK1010001,2026-07-18T03:21:21+00:00,90b84087199d6f5c8fc3129f104c05e4849d7c71900987c247899eb05757bb12
2020-07-30,DK1010001,Dhaka,PM2.5-24hr,UG/M3,19.0,24,U.S. Department of State Bangladesh - Dhaka,66,1,23.796374,90.424614,050DK1010001,https://files.airnowtech.org/airnow/2020/20200730/daily_data_v2.dat,07/30/20|DK1010001|Dhaka|PM2.5-24hr|UG/M3|19|24|U.S. Department of State Bangladesh - Dhaka|66|1|23.796374|90.424614|050DK1010001,2026-07-18T03:21:21+00:00,520ba9998c90300880f117312c0a32bb0b03024aef2f7350120db8c83c373238
2020-07-31,DK1010001,Dhaka,PM2.5-24hr,UG/M3,16.7,24,U.S. Department of State Bangladesh - Dhaka,61,1,23.796374,90.424614,050DK1010001,https://files.airnowtech.org/airnow/2020/20200731/daily_data_v2.dat,07/31/20|DK1010001|Dhaka|PM2.5-24hr|UG/M3|16.7|24|U.S. Department of State Bangladesh - Dhaka|61|1|23.796374|90.424614|050DK1010001,2026-07-18T03:21:21+00:00,7a97ea34c7451f258bac36a159808f656a1cf28afeb84d498aa190a196843e8a
2020-08-01,DK1010001,Dhaka,PM2.5-24hr,UG/M3,20.8,24,U.S. Department of State Bangladesh - Dhaka,69,1,23.796374,90.424614,050DK1010001,https://files.airnowtech.org/airnow/2020/20200801/daily_data_v2.dat,08/01/20|DK1010001|Dhaka|PM2.5-24hr|UG/M3|20.8|24|U.S. Department of State Bangladesh - Dhaka|69|1|23.796374|90.424614|050DK1010001,2026-07-18T03:21:21+00:00,b88a6238b3755708e6647f0754bc684e7e43f962d4012959cb6a5ed036cf2854
2020-08-02,DK1010001,Dhaka,PM2.5-24hr,UG/M3,30.1,24,U.S. Department of State Bangladesh - Dhaka,89,1,23.796374,90.424614,050DK1010001,https://files.airnowtech.org/airnow/2020/20200802/daily_data_v2.dat,08/02/20|DK1010001|Dhaka|PM2.5-24hr|UG/M3|30.1|24|U.S. Department of State Bangladesh - Dhaka|89|1|23.796374|90.424614|050DK1010001,2026-07-18T03:21:21+00:00,6352e6eb6a8582b4bde6ac1b24c143a2045eeef7d5291a3a72fec32849a570b2
2020-08-03,DK1010001,Dhaka,PM2.5-24hr,UG/M3,38.7,24,U.S. Department of State Bangladesh - Dhaka,109,2,23.796374,90.424614,050DK1010001,https://files.airnowtech.org/airnow/2020/20200803/daily_data_v2.dat,08/03/20|DK1010001|Dhaka|PM2.5-24hr|UG/M3|38.7|24|U.S. Department of State Bangladesh - Dhaka|109|2|23.796374|90.424614|050DK1010001,2026-07-18T03:21:21+00:00,089d33685540cf4a3d264cacd24583120e13f4d28aed435e6e2e876f39946650
2020-08-04,DK1010001,Dhaka,PM2.5-24hr,UG/M3,34.5,24,U.S. Department of State Bangladesh - Dhaka,98,1,23.796374,90.424614,050DK1010001,https://files.airnowtech.org/airnow/2020/20200804/daily_data_v2.dat,08/04/20|DK1010001|Dhaka|PM2.5-24hr|UG/M3|34.5|24|U.S. Department of State Bangladesh - Dhaka|98|1|23.796374|90.424614|050DK1010001,2026-07-18T03:21:21+00:00,a611bfbc15c7786278a5450956259badc1750be05f272be3fdef9f85e4447fc6
2020-08-05,DK1010001,Dhaka,PM2.5-24hr,UG/M3,6.4,24,U.S. Department of State Bangladesh - Dhaka,27,0,23.796374,90.424614,050DK1010001,https://files.airnowtech.org/airnow/2020/20200805/daily_data_v2.dat,08/05/20|DK1010001|Dhaka|PM2.5-24hr|UG/M3|6.4|24|U.S. Department of State Bangladesh - Dhaka|27|0|23.796374|90.424614|050DK1010001,2026-07-18T03:21:21+00:00,2459e05ecb3dabf1e1723a207c7c3e3b563984c02905b9ddcc75ed6d3e5236d6
2020-08-06,DK1010001,Dhaka,PM2.5-24hr,UG/M3,15.3,24,U.S. Department of State Bangladesh - Dhaka,58,1,23.796374,90.424614,050DK1010001,https://files.airnowtech.org/airnow/2020/20200806/daily_data_v2.dat,08/06/20|DK1010001|Dhaka|PM2.5-24hr|UG/M3|15.3|24|U.S. Department of State Bangladesh - Dhaka|58|1|23.796374|90.424614|050DK1010001,2026-07-18T03:21:21+00:00,7f6cf90013a54a1c466bc197714a5e7b8488822de3347649a45b77d18af33e99
2020-08-07,DK1010001,Dhaka,PM2.5-24hr,UG/M3,26.0,24,U.S. Department of State Bangladesh - Dhaka,80,1,23.796374,90.424614,050DK1010001,https://files.airnowtech.org/airnow/2020/20200807/daily_data_v2.dat,08/07/20|DK1010001|Dhaka|PM2.5-24hr|UG/M3|26|24|U.S. Department of State Bangladesh - Dhaka|80|1|23.796374|90.424614|050DK1010001,2026-07-18T03:21:22+00:00,b6287bb3ced14d29a4a9bd17da1b242505ec45d3053e0ce2c4f7fc1310e07a7c
2020-08-08,DK1010001,Dhaka,PM2.5-24hr,UG/M3,32.2,24,U.S. Department of State Bangladesh - Dhaka,93,1,23.796374,90.424614,050DK1010001,https://files.airnowtech.org/airnow/2020/20200808/daily_data_v2.dat,08/08/20|DK1010001|Dhaka|PM2.5-24hr|UG/M3|32.2|24|U.S. Department of State Bangladesh - Dhaka|93|1|23.796374|90.424614|050DK1010001,2026-07-18T03:21:22+00:00,20c1a528224f7859628a5bec58bd4497a6a165ec6483a007d664db9ad7340270
2020-08-09,DK1010001,Dhaka,PM2.5-24hr,UG/M3,23.5,24,U.S. Department of State Bangladesh - Dhaka,75,1,23.796374,90.424614,050DK1010001,https://files.airnowtech.org/airnow/2020/20200809/daily_data_v2.dat,08/09/20|DK1010001|Dhaka|PM2.5-24hr|UG/M3|23.5|24|U.S. Department of State Bangladesh - Dhaka|75|1|23.796374|90.424614|050DK1010001,2026-07-18T03:21:22+00:00,04177e8f88c08eab57a3def4b0adc3d4d0cefdd8c8979bb54cf13a3b12c45218
2020-08-10,DK1010001,Dhaka,PM2.5-24hr,UG/M3,31.2,24,U.S. Department of State Bangladesh - Dhaka,91,1,23.796374,90.424614,050DK1010001,https://files.airnowtech.org/airnow/2020/20200810/daily_data_v2.dat,08/10/20|DK1010001|Dhaka|PM2.5-24hr|UG/M3|31.2|24|U.S. Department of State Bangladesh - Dhaka|91|1|23.796374|90.424614|050DK1010001,2026-07-18T03:21:22+00:00,3aabaed3e68dc79b924a3245a799ce0496f9f3f23c10983f565f3058a5b7adf3
2020-08-11,DK1010001,Dhaka,PM2.5-24hr,UG/M3,32.7,24,U.S. Department of State Bangladesh - Dhaka,94,1,23.796374,90.424614,050DK1010001,https://files.airnowtech.org/airnow/2020/20200811/daily_data_v2.dat,08/11/20|DK1010001|Dhaka|PM2.5-24hr|UG/M3|32.7|24|U.S. Department of State Bangladesh - Dhaka|94|1|23.796374|90.424614|050DK1010001,2026-07-18T03:21:22+00:00,40ebd1472afa392e3f127a76a9f2101724f595849839814374aa37ae94adf0ed
2020-08-12,DK1010001,Dhaka,PM2.5-24hr,UG/M3,24.0,24,U.S. Department of State Bangladesh - Dhaka,76,1,23.796374,90.424614,050DK1010001,https://files.airnowtech.org/airnow/2020/20200812/daily_data_v2.dat,08/12/20|DK1010001|Dhaka|PM2.5-24hr|UG/M3|24|24|U.S. Department of State Bangladesh - Dhaka|76|1|23.796374|90.424614|050DK1010001,2026-07-18T03:21:22+00:00,09135ff2789ad8f7fb909c958269384a1f49ddb1824c7ffa0ebf3bf1e98c6b7c
2020-08-13,DK1010001,Dhaka,PM2.5-24hr,UG/M3,36.0,24,U.S. Department of State Bangladesh - Dhaka,102,2,23.796374,90.424614,050DK1010001,https://files.airnowtech.org/airnow/2020/20200813/daily_data_v2.dat,08/13/20|DK1010001|Dhaka|PM2.5-24hr|UG/M3|36|24|U.S. Department of State Bangladesh - Dhaka|102|2|23.796374|90.424614|050DK1010001,2026-07-18T03:21:22+00:00,bd15190a2f4e8f292bcc8fe553447c8d3e30ee341097259ec24f54a7d3d73c60
2020-08-14,DK1010001,Dhaka,PM2.5-24hr,UG/M3,24.6,24,U.S. Department of State Bangladesh - Dhaka,77,1,23.796374,90.424614,050DK1010001,https://files.airnowtech.org/airnow/2020/20200814/daily_data_v2.dat,08/14/20|DK1010001|Dhaka|PM2.5-24hr|UG/M3|24.6|24|U.S. Department of State Bangladesh - Dhaka|77|1|23.796374|90.424614|050DK1010001,2026-07-18T03:21:22+00:00,2182b182dcfa9ce398f39a18e83127f0c907ee5123b218ac3c97e079f7e52ad6
2020-08-15,DK1010001,Dhaka,PM2.5-24hr,UG/M3,9.9,24,U.S. Department of State Bangladesh - Dhaka,41,0,23.796374,90.424614,050DK1010001,https://files.airnowtech.org/airnow/2020/20200815/daily_data_v2.dat,08/15/20|DK1010001|Dhaka|PM2.5-24hr|UG/M3|9.9|24|U.S. Department of State Bangladesh - Dhaka|41|0|23.796374|90.424614|050DK1010001,2026-07-18T03:21:22+00:00,1db87570997e1fb89523d3760b0b2df54d1befe47a53f43e590a698a3b9fe31e
2020-08-16,DK1010001,Dhaka,PM2.5-24hr,UG/M3,16.1,24,U.S. Department of State Bangladesh - Dhaka,60,1,23.796374,90.424614,050DK1010001,https://files.airnowtech.org/airnow/2020/20200816/daily_data_v2.dat,08/16/20|DK1010001|Dhaka|PM2.5-24hr|UG/M3|16.1|24|U.S. Department of State Bangladesh - Dhaka|60|1|23.796374|90.424614|050DK1010001,2026-07-18T03:21:22+00:00,79785da267823af8a82419b03fa7ed04fb030f75f70e99184c8b684c1dd3d565
2020-08-17,DK1010001,Dhaka,PM2.5-24hr,UG/M3,30.8,24,U.S. Department of State Bangladesh - Dhaka,90,1,23.796374,90.424614,050DK1010001,https://files.airnowtech.org/airnow/2020/20200817/daily_data_v2.dat,08/17/20|DK1010001|Dhaka|PM2.5-24hr|UG/M3|30.8|24|U.S. Department of State Bangladesh - Dhaka|90|1|23.796374|90.424614|050DK1010001,2026-07-18T03:21:22+00:00,b4fbcc2699d95e93d654b72519d62931b0c11827622742005ffe30ea079a08b1
2020-08-18,DK1010001,Dhaka,PM2.5-24hr,UG/M3,23.8,24,U.S. Department of State Bangladesh - Dhaka,76,1,23.796374,90.424614,050DK1010001,https://files.airnowtech.org/airnow/2020/20200818/daily_data_v2.dat,08/18/20|DK1010001|Dhaka|PM2.5-24hr|UG/M3|23.8|24|U.S. Department of State Bangladesh - Dhaka|76|1|23.796374|90.424614|050DK1010001,2026-07-18T03:21:22+00:00,4e632b07e74e55f0c152488876d75f23d7a8f914f8bc364d3e77bdba0773785f
2020-08-19,DK1010001,Dhaka,PM2.5-24hr,UG/M3,13.3,24,U.S. Department of State Bangladesh - Dhaka,54,1,23.796374,90.424614,050DK1010001,https://files.airnowtech.org/airnow/2020/20200819/daily_data_v2.dat,08/19/20|DK1010001|Dhaka|PM2.5-24hr|UG/M3|13.3|24|U.S. Department of State Bangladesh - Dhaka|54|1|23.796374|90.424614|050DK1010001,2026-07-18T03:21:22+00:00,21043cee82eeef2f6095b0189087cb1157afb198a9a2ca9c970048bcc1c15636
2020-08-20,DK1010001,Dhaka,PM2.5-24hr,UG/M3,13.1,24,U.S. Department of State Bangladesh - Dhaka,53,1,23.796374,90.424614,050DK1010001,https://files.airnowtech.org/airnow/2020/20200820/daily_data_v2.dat,08/20/20|DK1010001|Dhaka|PM2.5-24hr|UG/M3|13.1|24|U.S. Department of State Bangladesh - Dhaka|53|1|23.796374|90.424614|050DK1010001,2026-07-18T03:21:22+00:00,7ac03c58f05edcccef52a6eff6a77ca2f4c888ef38eda54f86471d75b7832dd0
2020-08-21,DK1010001,Dhaka,PM2.5-24hr,UG/M3,23.3,24,U.S. Department of State Bangladesh - Dhaka,75,1,23.796374,90.424614,050DK1010001,https://files.airnowtech.org/airnow/2020/20200821/daily_data_v2.dat,08/21/20|DK1010001|Dhaka|PM2.5-24hr|UG/M3|23.3|24|U.S. Department of State Bangladesh - Dhaka|75|1|23.796374|90.424614|050DK1010001,2026-07-18T03:21:22+00:00,83428aec8de22dc7e66010387bb4754726a44feb397e4624aca86e19de277904
2020-08-22,DK1010001,Dhaka,PM2.5-24hr,UG/M3,49.9,24,U.S. Department of State Bangladesh - Dhaka,136,2,23.796374,90.424614,050DK1010001,https://files.airnowtech.org/airnow/2020/20200822/daily_data_v2.dat,08/22/20|DK1010001|Dhaka|PM2.5-24hr|UG/M3|49.9|24|U.S. Department of State Bangladesh - Dhaka|136|2|23.796374|90.424614|050DK1010001,2026-07-18T03:21:22+00:00,78e5bcb44bd0c260736501ed74ab0f9eec7fa2544e7dafc8fef1f9abd243db86
2020-08-23,DK1010001,Dhaka,PM2.5-24hr,UG/M3,40.3,24,U.S. Department of State Bangladesh - Dhaka,113,2,23.796374,90.424614,050DK1010001,https://files.airnowtech.org/airnow/2020/20200823/daily_data_v2.dat,08/23/20|DK1010001|Dhaka|PM2.5-24hr|UG/M3|40.3|24|U.S. Department of State Bangladesh - Dhaka|113|2|23.796374|90.424614|050DK1010001,2026-07-18T03:21:22+00:00,41aad0b7974582714c2c04877810e54638127dd998570d46d11379535fe5d946
2020-08-24,DK1010001,Dhaka,PM2.5-24hr,UG/M3,45.2,24,U.S. Department of State Bangladesh - Dhaka,125,2,23.796374,90.424614,050DK1010001,https://files.airnowtech.org/airnow/2020/20200824/daily_data_v2.dat,08/24/20|DK1010001|Dhaka|PM2.5-24hr|UG/M3|45.2|24|U.S. Department of State Bangladesh - Dhaka|125|2|23.796374|90.424614|050DK1010001,2026-07-18T03:21:22+00:00,1781629944fec43add1da092199b040696618b1fe1e237d6ba1d741f48596b40
2020-08-25,DK1010001,Dhaka,PM2.5-24hr,UG/M3,8.6,24,U.S. Department of State Bangladesh - Dhaka,36,0,23.796374,90.424614,050DK1010001,https://files.airnowtech.org/airnow/2020/20200825/daily_data_v2.dat,08/25/20|DK1010001|Dhaka|PM2.5-24hr|UG/M3|8.6|24|U.S. Department of State Bangladesh - Dhaka|36|0|23.796374|90.424614|050DK1010001,2026-07-18T03:21:22+00:00,e20008432416f17fc79fca3ea5bb6b79381021e27ead1a737fc11c4ac7ddc9e8
2020-08-26,DK1010001,Dhaka,PM2.5-24hr,UG/M3,14.6,24,U.S. Department of State Bangladesh - Dhaka,56,1,23.796374,90.424614,050DK1010001,https://files.airnowtech.org/airnow/2020/20200826/daily_data_v2.dat,08/26/20|DK1010001|Dhaka|PM2.5-24hr|UG/M3|14.6|24|U.S. Department of State Bangladesh - Dhaka|56|1|23.796374|90.424614|050DK1010001,2026-07-18T03:21:22+00:00,b9f96b05d1b32fa0e16c876c1c4b0f2cdd045bad6252c153c2ef3859371eae65
2020-08-27,DK1010001,Dhaka,PM2.5-24hr,UG/M3,32.4,24,U.S. Department of State Bangladesh - Dhaka,94,1,23.796374,90.424614,050DK1010001,https://files.airnowtech.org/airnow/2020/20200827/daily_data_v2.dat,08/27/20|DK1010001|Dhaka|PM2.5-24hr|UG/M3|32.4|24|U.S. Department of State Bangladesh - Dhaka|94|1|23.796374|90.424614|050DK1010001,2026-07-18T03:21:22+00:00,72b6d2f2da6353c01eeac6eb8a8e6f7455aa67773fc5d92e2f13ed879cfb3454
2020-08-28,DK1010001,Dhaka,PM2.5-24hr,UG/M3,42.4,24,U.S. Department of State Bangladesh - Dhaka,118,2,23.796374,90.424614,050DK1010001,https://files.airnowtech.org/airnow/2020/20200828/daily_data_v2.dat,08/28/20|DK1010001|Dhaka|PM2.5-24hr|UG/M3|42.4|24|U.S. Department of State Bangladesh - Dhaka|118|2|23.796374|90.424614|050DK1010001,2026-07-18T03:21:22+00:00,7408488e6d32991e18e47d724171ac5dc1518abca358cb505a03ff25fceaaf61
2020-08-29,DK1010001,Dhaka,PM2.5-24hr,UG/M3,29.1,24,U.S. Department of State Bangladesh - Dhaka,87,1,23.796374,90.424614,050DK1010001,https://files.airnowtech.org/airnow/2020/20200829/daily_data_v2.dat,08/29/20|DK1010001|Dhaka|PM2.5-24hr|UG/M3|29.1|24|U.S. Department of State Bangladesh - Dhaka|87|1|23.796374|90.424614|050DK1010001,2026-07-18T03:21:22+00:00,a02b587e395938f4cd65202f0f5b4fa9b8a164c19a7f2c47546c4baef1a7358a
2020-08-31,DK1010001,Dhaka,PM2.5-24hr,UG/M3,48.0,24,U.S. Department of State Bangladesh - Dhaka,132,2,23.796374,90.424614,050DK1010001,https://files.airnowtech.org/airnow/2020/20200831/daily_data_v2.dat,08/31/20|DK1010001|Dhaka|PM2.5-24hr|UG/M3|48|24|U.S. Department of State Bangladesh - Dhaka|132|2|23.796374|90.424614|050DK1010001,2026-07-18T03:21:22+00:00,93961298e16281bb98761aaf13480369a61bce260c06d20004fd30b5f20d9190
2020-09-01,DK1010001,Dhaka,PM2.5-24hr,UG/M3,43.5,24,U.S. Department of State Bangladesh - Dhaka,121,2,23.796374,90.424614,050DK1010001,https://files.airnowtech.org/airnow/2020/20200901/daily_data_v2.dat,09/01/20|DK1010001|Dhaka|PM2.5-24hr|UG/M3|43.5|24|U.S. Department of State Bangladesh - Dhaka|121|2|23.796374|90.424614|050DK1010001,2026-07-18T03:21:22+00:00,8232046035441d6b3503216822ec4fa2aff1307dabf55d8a2726a0b11d9769a9
2020-09-02,DK1010001,Dhaka,PM2.5-24hr,UG/M3,37.1,24,U.S. Department of State Bangladesh - Dhaka,105,2,23.796374,90.424614,050DK1010001,https://files.airnowtech.org/airnow/2020/20200902/daily_data_v2.dat,09/02/20|DK1010001|Dhaka|PM2.5-24hr|UG/M3|37.1|24|U.S. Department of State Bangladesh - Dhaka|105|2|23.796374|90.424614|050DK1010001,2026-07-18T03:21:22+00:00,8678d80d58e0f807293f817316c30bad468e4de182463bfe170982644f98c0a8
2020-09-03,DK1010001,Dhaka,PM2.5-24hr,UG/M3,33.0,24,U.S. Department of State Bangladesh - Dhaka,95,1,23.796374,90.424614,050DK1010001,https://files.airnowtech.org/airnow/2020/20200903/daily_data_v2.dat,09/03/20|DK1010001|Dhaka|PM2.5-24hr|UG/M3|33|24|U.S. Department of State Bangladesh - Dhaka|95|1|23.796374|90.424614|050DK1010001,2026-07-18T03:21:22+00:00,e91fde41d6cf2fde90f8ab87196343bdf83dff869952837e4b9885a8c3cf4bc0
2020-09-04,DK1010001,Dhaka,PM2.5-24hr,UG/M3,24.7,24,U.S. Department of State Bangladesh - Dhaka,77,1,23.796374,90.424614,050DK1010001,https://files.airnowtech.org/airnow/2020/20200904/daily_data_v2.dat,09/04/20|DK1010001|Dhaka|PM2.5-24hr|UG/M3|24.7|24|U.S. Department of State Bangladesh - Dhaka|77|1|23.796374|90.424614|050DK1010001,2026-07-18T03:21:22+00:00,b471ee2629bcb029483b3392c892b298735ac7992e039d2e3b6bef3524213d86
2020-09-05,DK1010001,Dhaka,PM2.5-24hr,UG/M3,24.1,24,U.S. Department of State Bangladesh - Dhaka,76,1,23.796374,90.424614,050DK1010001,https://files.airnowtech.org/airnow/2020/20200905/daily_data_v2.dat,09/05/20|DK1010001|Dhaka|PM2.5-24hr|UG/M3|24.1|24|U.S. Department of State Bangladesh - Dhaka|76|1|23.796374|90.424614|050DK1010001,2026-07-18T03:21:22+00:00,9ef844c27a50f874f6c0a4930f118b87aef9fe9847f32950f2ff389cd0f5b41a
2020-09-06,DK1010001,Dhaka,PM2.5-24hr,UG/M3,19.8,24,U.S. Department of State Bangladesh - Dhaka,67,1,23.796374,90.424614,050DK1010001,https://files.airnowtech.org/airnow/2020/20200906/daily_data_v2.dat,09/06/20|DK1010001|Dhaka|PM2.5-24hr|UG/M3|19.8|24|U.S. Department of State Bangladesh - Dhaka|67|1|23.796374|90.424614|050DK1010001,2026-07-18T03:21:22+00:00,2306519f1baf6e4d43f66f472cdbdf4c4f52b59e6fec992479b41879113bb640
2020-09-07,DK1010001,Dhaka,PM2.5-24hr,UG/M3,18.0,24,U.S. Department of State Bangladesh - Dhaka,63,1,23.796374,90.424614,050DK1010001,https://files.airnowtech.org/airnow/2020/20200907/daily_data_v2.dat,09/07/20|DK1010001|Dhaka|PM2.5-24hr|UG/M3|18|24|U.S. Department of State Bangladesh - Dhaka|63|1|23.796374|90.424614|050DK1010001,2026-07-18T03:21:22+00:00,32745481a6bffa61f559f737d3e620b06b85a9c61364e339fccb03ff2b565cbe
2020-09-08,DK1010001,Dhaka,PM2.5-24hr,UG/M3,28.6,24,U.S. Department of State Bangladesh - Dhaka,86,1,23.796374,90.424614,050DK1010001,https://files.airnowtech.org/airnow/2020/20200908/daily_data_v2.dat,09/08/20|DK1010001|Dhaka|PM2.5-24hr|UG/M3|28.6|24|U.S. Department of State Bangladesh - Dhaka|86|1|23.796374|90.424614|050DK1010001,2026-07-18T03:21:22+00:00,52c286d977cfdfab08a22b275d45bf0e87386e2a87cb610c2cba3501e9f869e5
2020-09-09,DK1010001,Dhaka,PM2.5-24hr,UG/M3,65.6,24,U.S. Department of State Bangladesh - Dhaka,156,3,23.796374,90.424614,050DK1010001,https://files.airnowtech.org/airnow/2020/20200909/daily_data_v2.dat,09/09/20|DK1010001|Dhaka|PM2.5-24hr|UG/M3|65.6|24|U.S. Department of State Bangladesh - Dhaka|156|3|23.796374|90.424614|050DK1010001,2026-07-18T03:21:22+00:00,926639f733fe769d0e1731ce424f4bdc75a5729dd9eb896e2c6d09b8b12d9476
2020-09-10,DK1010001,Dhaka,PM2.5-24hr,UG/M3,46.8,24,U.S. Department of State Bangladesh - Dhaka,129,2,23.796374,90.424614,050DK1010001,https://files.airnowtech.org/airnow/2020/20200910/daily_data_v2.dat,09/10/20|DK1010001|Dhaka|PM2.5-24hr|UG/M3|46.8|24|U.S. Department of State Bangladesh - Dhaka|129|2|23.796374|90.424614|050DK1010001,2026-07-18T03:21:22+00:00,24f21c1912fafc0148cf8add3ff903c54b239c5ac1943f7ce239eb1cc2df1eca
2020-09-11,DK1010001,Dhaka,PM2.5-24hr,UG/M3,24.2,24,U.S. Department of State Bangladesh - Dhaka,77,1,23.796374,90.424614,050DK1010001,https://files.airnowtech.org/airnow/2020/20200911/daily_data_v2.dat,09/11/20|DK1010001|Dhaka|PM2.5-24hr|UG/M3|24.2|24|U.S. Department of State Bangladesh - Dhaka|77|1|23.796374|90.424614|050DK1010001,2026-07-18T03:21:22+00:00,5e6b5b8456f519e89ee390e8ac735f9be51b77433f56164dd38c58778519ae0a
2020-09-12,DK1010001,Dhaka,PM2.5-24hr,UG/M3,30.3,24,U.S. Department of State Bangladesh - Dhaka,89,1,23.796374,90.424614,050DK1010001,https://files.airnowtech.org/airnow/2020/20200912/daily_data_v2.dat,09/12/20|DK1010001|Dhaka|PM2.5-24hr|UG/M3|30.3|24|U.S. Department of State Bangladesh - Dhaka|89|1|23.796374|90.424614|050DK1010001,2026-07-18T03:21:22+00:00,8fcba98598a80269999bbe6891c25cbe568a16e353102ec2e16843e685a6155a
2020-09-13,DK1010001,Dhaka,PM2.5-24hr,UG/M3,25.2,24,U.S. Department of State Bangladesh - Dhaka,79,1,23.796374,90.424614,050DK1010001,https://files.airnowtech.org/airnow/2020/20200913/daily_data_v2.dat,09/13/20|DK1010001|Dhaka|PM2.5-24hr|UG/M3|25.2|24|U.S. Department of State Bangladesh - Dhaka|79|1|23.796374|90.424614|050DK1010001,2026-07-18T03:21:22+00:00,1d6e8bb93ed142fb2e2bbdbd431e345ea83d6b1cffc94b076609933e90f48157
2020-09-14,DK1010001,Dhaka,PM2.5-24hr,UG/M3,33.3,24,U.S. Department of State Bangladesh - Dhaka,96,1,23.796374,90.424614,050DK1010001,https://files.airnowtech.org/airnow/2020/20200914/daily_data_v2.dat,09/14/20|DK1010001|Dhaka|PM2.5-24hr|UG/M3|33.3|24|U.S. Department of State Bangladesh - Dhaka|96|1|23.796374|90.424614|050DK1010001,2026-07-18T03:21:22+00:00,5dcecee3ae2918310472d7998487c241b4753fd250050e64eeea31be49f7908f
2020-09-15,DK1010001,Dhaka,PM2.5-24hr,UG/M3,49.1,24,U.S. Department of State Bangladesh - Dhaka,134,2,23.796374,90.424614,050DK1010001,https://files.airnowtech.org/airnow/2020/20200915/daily_data_v2.dat,09/15/20|DK1010001|Dhaka|PM2.5-24hr|UG/M3|49.1|24|U.S. Department of State Bangladesh - Dhaka|134|2|23.796374|90.424614|050DK1010001,2026-07-18T03:21:22+00:00,968c12285631757d924d1a46fe688f3d6eff9e907559d70b3273e24a3e95ac2e
2020-09-16,DK1010001,Dhaka,PM2.5-24hr,UG/M3,22.3,24,U.S. Department of State Bangladesh - Dhaka,72,1,23.796374,90.424614,050DK1010001,https://files.airnowtech.org/airnow/2020/20200916/daily_data_v2.dat,09/16/20|DK1010001|Dhaka|PM2.5-24hr|UG/M3|22.3|24|U.S. Department of State Bangladesh - Dhaka|72|1|23.796374|90.424614|050DK1010001,2026-07-18T03:21:22+00:00,e7e7714c4690594639656940e135a02ab67e282053444312553c56b2f445a47b
2020-09-17,DK1010001,Dhaka,PM2.5-24hr,UG/M3,24.0,24,U.S. Department of State Bangladesh - Dhaka,76,1,23.796374,90.424614,050DK1010001,https://files.airnowtech.org/airnow/2020/20200917/daily_data_v2.dat,09/17/20|DK1010001|Dhaka|PM2.5-24hr|UG/M3|24|24|U.S. Department of State Bangladesh - Dhaka|76|1|23.796374|90.424614|050DK1010001,2026-07-18T03:21:22+00:00,a2401a703be6edc5b5cc61ecd136287cecd230dd4b4a2cb0617c783b8089681a
2020-09-18,DK1010001,Dhaka,PM2.5-24hr,UG/M3,35.3,24,U.S. Department of State Bangladesh - Dhaka,100,1,23.796374,90.424614,050DK1010001,https://files.airnowtech.org/airnow/2020/20200918/daily_data_v2.dat,09/18/20|DK1010001|Dhaka|PM2.5-24hr|UG/M3|35.3|24|U.S. Department of State Bangladesh - Dhaka|100|1|23.796374|90.424614|050DK1010001,2026-07-18T03:21:22+00:00,c5109a4c10c8c9527789f3ce25f83244cbe165a6a287a8109eb28884df5f591c
2020-09-19,DK1010001,Dhaka,PM2.5-24hr,UG/M3,34.0,24,U.S. Department of State Bangladesh - Dhaka,97,1,23.796374,90.424614,050DK1010001,https://files.airnowtech.org/airnow/2020/20200919/daily_data_v2.dat,09/19/20|DK1010001|Dhaka|PM2.5-24hr|UG/M3|34|24|U.S. Department of State Bangladesh - Dhaka|97|1|23.796374|90.424614|050DK1010001,2026-07-18T03:21:22+00:00,69ccf3606290a9dc4ab15e09f10fa9c2394f47ef6f1458fd580f74da43859dca
2020-09-20,DK1010001,Dhaka,PM2.5-24hr,UG/M3,41.4,24,U.S. Department of State Bangladesh - Dhaka,116,2,23.796374,90.424614,050DK1010001,https://files.airnowtech.org/airnow/2020/20200920/daily_data_v2.dat,09/20/20|DK1010001|Dhaka|PM2.5-24hr|UG/M3|41.4|24|U.S. Department of State Bangladesh - Dhaka|116|2|23.796374|90.424614|050DK1010001,2026-07-18T03:21:22+00:00,70eb6ba4a3a9149acc916d481eaa2048062358043ad6bac2508132b4d4b89203
2020-09-21,DK1010001,Dhaka,PM2.5-24hr,UG/M3,13.0,24,U.S. Department of State Bangladesh - Dhaka,53,1,23.796374,90.424614,050DK1010001,https://files.airnowtech.org/airnow/2020/20200921/daily_data_v2.dat,09/21/20|DK1010001|Dhaka|PM2.5-24hr|UG/M3|13|24|U.S. Department of State Bangladesh - Dhaka|53|1|23.796374|90.424614|050DK1010001,2026-07-18T03:21:22+00:00,2e450088411de951ed8ba1fe0d442938e9b809a830d1e91c36b8b4151f8c7fe5
2020-09-22,DK1010001,Dhaka,PM2.5-24hr,UG/M3,29.0,24,U.S. Department of State Bangladesh - Dhaka,87,1,23.796374,90.424614,050DK1010001,https://files.airnowtech.org/airnow/2020/20200922/daily_data_v2.dat,09/22/20|DK1010001|Dhaka|PM2.5-24hr|UG/M3|29|24|U.S. Department of State Bangladesh - Dhaka|87|1|23.796374|90.424614|050DK1010001,2026-07-18T03:21:22+00:00,a374a97506aded1d932e60bbe8f08af8b6ff18450e6d459415d5b2e2af9205e3
2020-09-23,DK1010001,Dhaka,PM2.5-24hr,UG/M3,30.3,24,U.S. Department of State Bangladesh - Dhaka,89,1,23.796374,90.424614,050DK1010001,https://files.airnowtech.org/airnow/2020/20200923/daily_data_v2.dat,09/23/20|DK1010001|Dhaka|PM2.5-24hr|UG/M3|30.3|24|U.S. Department of State Bangladesh - Dhaka|89|1|23.796374|90.424614|050DK1010001,2026-07-18T03:21:22+00:00,a1b4821e23c5aa8139307c6113e0dca70dfc1ab2ce39c4395e284bccec0621fa
2020-09-24,DK1010001,Dhaka,PM2.5-24hr,UG/M3,24.1,24,U.S. Department of State Bangladesh - Dhaka,76,1,23.796374,90.424614,050DK1010001,https://files.airnowtech.org/airnow/2020/20200924/daily_data_v2.dat,09/24/20|DK1010001|Dhaka|PM2.5-24hr|UG/M3|24.1|24|U.S. Department of State Bangladesh - Dhaka|76|1|23.796374|90.424614|050DK1010001,2026-07-18T03:21:22+00:00,9b34f73e5cfd41241a593bb0435ab0a05ad4a2a8ec08b6776419aec000d68676
2020-09-25,DK1010001,Dhaka,PM2.5-24hr,UG/M3,20.0,24,U.S. Department of State Bangladesh - Dhaka,68,1,23.796374,90.424614,050DK1010001,https://files.airnowtech.org/airnow/2020/20200925/daily_data_v2.dat,09/25/20|DK1010001|Dhaka|PM2.5-24hr|UG/M3|20|24|U.S. Department of State Bangladesh - Dhaka|68|1|23.796374|90.424614|050DK1010001,2026-07-18T03:21:22+00:00,4c55d5e98046aeae08afd73ae5d3114503eeecdd973d1bb30604c7dbe292472f
2020-09-26,DK1010001,Dhaka,PM2.5-24hr,UG/M3,29.0,24,U.S. Department of State Bangladesh - Dhaka,87,1,23.796374,90.424614,050DK1010001,https://files.airnowtech.org/airnow/2020/20200926/daily_data_v2.dat,09/26/20|DK1010001|Dhaka|PM2.5-24hr|UG/M3|29|24|U.S. Department of State Bangladesh - Dhaka|87|1|23.796374|90.424614|050DK1010001,2026-07-18T03:21:22+00:00,159251bdcdbeddfacb671092ec73387e751a90614f44b28824832f5d81848abf
2020-09-27,DK1010001,Dhaka,PM2.5-24hr,UG/M3,47.6,24,U.S. Department of State Bangladesh - Dhaka,131,2,23.796374,90.424614,050DK1010001,https://files.airnowtech.org/airnow/2020/20200927/daily_data_v2.dat,09/27/20|DK1010001|Dhaka|PM2.5-24hr|UG/M3|47.6|24|U.S. Department of State Bangladesh - Dhaka|131|2|23.796374|90.424614|050DK1010001,2026-07-18T03:21:22+00:00,fc4a625e1b41ede6a4ba272489bb41f99c094f25a91f0f9c3f32d7b6c5139e83
2020-09-28,DK1010001,Dhaka,PM2.5-24hr,UG/M3,47.2,24,U.S. Department of State Bangladesh - Dhaka,130,2,23.796374,90.424614,050DK1010001,https://files.airnowtech.org/airnow/2020/20200928/daily_data_v2.dat,09/28/20|DK1010001|Dhaka|PM2.5-24hr|UG/M3|47.2|24|U.S. Department of State Bangladesh - Dhaka|130|2|23.796374|90.424614|050DK1010001,2026-07-18T03:21:22+00:00,9bb0957a0a6e26ad04b91e1202191a449945101eabca98be0538178642d0d60f
2020-09-29,DK1010001,Dhaka,PM2.5-24hr,UG/M3,68.1,24,U.S. Department of State Bangladesh - Dhaka,158,3,23.796374,90.424614,050DK1010001,https://files.airnowtech.org/airnow/2020/20200929/daily_data_v2.dat,09/29/20|DK1010001|Dhaka|PM2.5-24hr|UG/M3|68.1|24|U.S. Department of State Bangladesh - Dhaka|158|3|23.796374|90.424614|050DK1010001,2026-07-18T03:21:22+00:00,c46c52345c3c0fa28f19103f913158c2f030fbbd7e648de93e3d30dcd4e7417e
2020-09-30,DK1010001,Dhaka,PM2.5-24hr,UG/M3,60.0,24,U.S. Department of State Bangladesh - Dhaka,153,3,23.796374,90.424614,050DK1010001,https://files.airnowtech.org/airnow/2020/20200930/daily_data_v2.dat,09/30/20|DK1010001|Dhaka|PM2.5-24hr|UG/M3|60|24|U.S. Department of State Bangladesh - Dhaka|153|3|23.796374|90.424614|050DK1010001,2026-07-18T03:21:22+00:00,6dd455234d215db697933c26921d6135a0a2cb037c0abb76d12c3405890bce48
2020-10-01,DK1010001,Dhaka,PM2.5-24hr,UG/M3,76.7,24,U.S. Department of State Bangladesh - Dhaka,162,3,23.796374,90.424614,050DK1010001,https://files.airnowtech.org/airnow/2020/20201001/daily_data_v2.dat,10/01/20|DK1010001|Dhaka|PM2.5-24hr|UG/M3|76.7|24|U.S. Department of State Bangladesh - Dhaka|162|3|23.796374|90.424614|050DK1010001,2026-07-18T03:21:22+00:00,2ba754e679733c52616e52214e39a3e4ad7b0f4776776f54e950850cbca72d5d
2020-10-02,DK1010001,Dhaka,PM2.5-24hr,UG/M3,38.2,24,U.S. Department of State Bangladesh - Dhaka,108,2,23.796374,90.424614,050DK1010001,https://files.airnowtech.org/airnow/2020/20201002/daily_data_v2.dat,10/02/20|DK1010001|Dhaka|PM2.5-24hr|UG/M3|38.2|24|U.S. Department of State Bangladesh - Dhaka|108|2|23.796374|90.424614|050DK1010001,2026-07-18T03:21:22+00:00,9076ad4d91ecfee3284e6e6e6412fbf611839d6b2b3fe382e207df72b8191c24
2020-10-03,DK1010001,Dhaka,PM2.5-24hr,UG/M3,48.0,24,U.S. Department of State Bangladesh - Dhaka,132,2,23.796374,90.424614,050DK1010001,https://files.airnowtech.org/airnow/2020/20201003/daily_data_v2.dat,10/03/20|DK1010001|Dhaka|PM2.5-24hr|UG/M3|48|24|U.S. Department of State Bangladesh - Dhaka|132|2|23.796374|90.424614|050DK1010001,2026-07-18T03:21:22+00:00,97683d44aa82a0227a53cb806b00325f49836e7ace20869617c85d758855fff8
2020-10-04,DK1010001,Dhaka,PM2.5-24hr,UG/M3,44.8,24,U.S. Department of State Bangladesh - Dhaka,124,2,23.796374,90.424614,050DK1010001,https://files.airnowtech.org/airnow/2020/20201004/daily_data_v2.dat,10/04/20|DK1010001|Dhaka|PM2.5-24hr|UG/M3|44.8|24|U.S. Department of State Bangladesh - Dhaka|124|2|23.796374|90.424614|050DK1010001,2026-07-18T03:21:22+00:00,737c1ce320cfd3baa93f834312229efb74f925de349d4f88fcbb38f2b108e2ec
2020-10-05,DK1010001,Dhaka,PM2.5-24hr,UG/M3,60.8,24,U.S. Department of State Bangladesh - Dhaka,154,3,23.796374,90.424614,050DK1010001,https://files.airnowtech.org/airnow/2020/20201005/daily_data_v2.dat,10/05/20|DK1010001|Dhaka|PM2.5-24hr|UG/M3|60.8|24|U.S. Department of State Bangladesh - Dhaka|154|3|23.796374|90.424614|050DK1010001,2026-07-18T03:21:22+00:00,30a6f52a377620fe9cf36fd52e162f614b81a3fc7eb8dad795eac19c6e7b998f
2020-10-06,DK1010001,Dhaka,PM2.5-24hr,UG/M3,39.1,24,U.S. Department of State Bangladesh - Dhaka,110,2,23.796374,90.424614,050DK1010001,https://files.airnowtech.org/airnow/2020/20201006/daily_data_v2.dat,10/06/20|DK1010001|Dhaka|PM2.5-24hr|UG/M3|39.1|24|U.S. Department of State Bangladesh - Dhaka|110|2|23.796374|90.424614|050DK1010001,2026-07-18T03:21:22+00:00,25830616172ea44a33576301687ed151adb349cb961bf2af19b849d9b0a8119b
2020-10-07,DK1010001,Dhaka,PM2.5-24hr,UG/M3,47.5,24,U.S. Department of State Bangladesh - Dhaka,131,2,23.796374,90.424614,050DK1010001,https://files.airnowtech.org/airnow/2020/20201007/daily_data_v2.dat,10/07/20|DK1010001|Dhaka|PM2.5-24hr|UG/M3|47.5|24|U.S. Department of State Bangladesh - Dhaka|131|2|23.796374|90.424614|050DK1010001,2026-07-18T03:21:22+00:00,edaabeabe95bc907f20cc8e594c78509ccaae2f97f6d224fbe19d78aa1bd101a
2020-10-08,DK1010001,Dhaka,PM2.5-24hr,UG/M3,42.6,24,U.S. Department of State Bangladesh - Dhaka,118,2,23.796374,90.424614,050DK1010001,https://files.airnowtech.org/airnow/2020/20201008/daily_data_v2.dat,10/08/20|DK1010001|Dhaka|PM2.5-24hr|UG/M3|42.6|24|U.S. Department of State Bangladesh - Dhaka|118|2|23.796374|90.424614|050DK1010001,2026-07-18T03:21:22+00:00,f2fc41d8da216452fd7c0eaedf3a535a273a3467b15c7f33eaee357cce9890f6
2020-10-09,DK1010001,Dhaka,PM2.5-24hr,UG/M3,58.5,24,U.S. Department of State Bangladesh - Dhaka,153,3,23.796374,90.424614,050DK1010001,https://files.airnowtech.org/airnow/2020/20201009/daily_data_v2.dat,10/09/20|DK1010001|Dhaka|PM2.5-24hr|UG/M3|58.5|24|U.S. Department of State Bangladesh - Dhaka|153|3|23.796374|90.424614|050DK1010001,2026-07-18T03:21:22+00:00,61b533751355325a3991292e8308e4642e1312e54408896ea1c7c78f164e806d
2020-10-10,DK1010001,Dhaka,PM2.5-24hr,UG/M3,65.5,24,U.S. Department of State Bangladesh - Dhaka,156,3,23.796374,90.424614,050DK1010001,https://files.airnowtech.org/airnow/2020/20201010/daily_data_v2.dat,10/10/20|DK1010001|Dhaka|PM2.5-24hr|UG/M3|65.5|24|U.S. Department of State Bangladesh - Dhaka|156|3|23.796374|90.424614|050DK1010001,2026-07-18T03:21:22+00:00,b637dbb558052007103f80c2414f22a838a021ddef06136c1ea558d4af8d8dca
2020-10-11,DK1010001,Dhaka,PM2.5-24hr,UG/M3,72.9,24,U.S. Department of State Bangladesh - Dhaka,160,3,23.796374,90.424614,050DK1010001,https://files.airnowtech.org/airnow/2020/20201011/daily_data_v2.dat,10/11/20|DK1010001|Dhaka|PM2.5-24hr|UG/M3|72.9|24|U.S. Department of State Bangladesh - Dhaka|160|3|23.796374|90.424614|050DK1010001,2026-07-18T03:21:22+00:00,8567d866de0dcdb92caa489f402219a95ca400df812c20355a5d21b000010ff2
2020-10-12,DK1010001,Dhaka,PM2.5-24hr,UG/M3,71.4,24,U.S. Department of State Bangladesh - Dhaka,159,3,23.796374,90.424614,050DK1010001,https://files.airnowtech.org/airnow/2020/20201012/daily_data_v2.dat,10/12/20|DK1010001|Dhaka|PM2.5-24hr|UG/M3|71.4|24|U.S. Department of State Bangladesh - Dhaka|159|3|23.796374|90.424614|050DK1010001,2026-07-18T03:21:22+00:00,eb6696dcc643bdaf761fcf90574fb6cbb879bb30fdfb4e504e95df813f06f468
2020-10-13,DK1010001,Dhaka,PM2.5-24hr,UG/M3,93.9,24,U.S. Department of State Bangladesh - Dhaka,171,3,23.796374,90.424614,050DK1010001,https://files.airnowtech.org/airnow/2020/20201013/daily_data_v2.dat,10/13/20|DK1010001|Dhaka|PM2.5-24hr|UG/M3|93.9|24|U.S. Department of State Bangladesh - Dhaka|171|3|23.796374|90.424614|050DK1010001,2026-07-18T03:21:22+00:00,066b8afc56237c83911d1f8b485cd4eca17b58c2fb819a0d3542d4e2a351a837
2020-10-14,DK1010001,Dhaka,PM2.5-24hr,UG/M3,89.4,24,U.S. Department of State Bangladesh - Dhaka,169,3,23.796374,90.424614,050DK1010001,https://files.airnowtech.org/airnow/2020/20201014/daily_data_v2.dat,10/14/20|DK1010001|Dhaka|PM2.5-24hr|UG/M3|89.4|24|U.S. Department of State Bangladesh - Dhaka|169|3|23.796374|90.424614|050DK1010001,2026-07-18T03:21:22+00:00,560b085f35df8e54f88a06e31be78c534c9505e12a9ff894385b6b821367af5d
2020-10-15,DK1010001,Dhaka,PM2.5-24hr,UG/M3,114.3,24,U.S. Department of State Bangladesh - Dhaka,181,3,23.796374,90.424614,050DK1010001,https://files.airnowtech.org/airnow/2020/20201015/daily_data_v2.dat,10/15/20|DK1010001|Dhaka|PM2.5-24hr|UG/M3|114.3|24|U.S. Department of State Bangladesh - Dhaka|181|3|23.796374|90.424614|050DK1010001,2026-07-18T03:21:22+00:00,64c8033d007de937f1af2dbe2eb2897e7602c6ab0cae04c7532ac7492da3b785
2020-10-16,DK1010001,Dhaka,PM2.5-24hr,UG/M3,66.1,24,U.S. Department of State Bangladesh - Dhaka,157,3,23.796374,90.424614,050DK1010001,https://files.airnowtech.org/airnow/2020/20201016/daily_data_v2.dat,10/16/20|DK1010001|Dhaka|PM2.5-24hr|UG/M3|66.1|24|U.S. Department of State Bangladesh - Dhaka|157|3|23.796374|90.424614|050DK1010001,2026-07-18T03:21:22+00:00,c27653db77390770534e4f9e04395cabadfa9185db33d289ff6f28a108668fd5
2020-10-17,DK1010001,Dhaka,PM2.5-24hr,UG/M3,63.0,24,U.S. Department of State Bangladesh - Dhaka,155,3,23.796374,90.424614,050DK1010001,https://files.airnowtech.org/airnow/2020/20201017/daily_data_v2.dat,10/17/20|DK1010001|Dhaka|PM2.5-24hr|UG/M3|63|24|U.S. Department of State Bangladesh - Dhaka|155|3|23.796374|90.424614|050DK1010001,2026-07-18T03:21:22+00:00,ab129fb94fbe6a83343eaa38b2467190b7bdb70ab6d3b49847cc886ec5f299bd
2020-10-18,DK1010001,Dhaka,PM2.5-24hr,UG/M3,72.0,24,U.S. Department of State Bangladesh - Dhaka,160,3,23.796374,90.424614,050DK1010001,https://files.airnowtech.org/airnow/2020/20201018/daily_data_v2.dat,10/18/20|DK1010001|Dhaka|PM2.5-24hr|UG/M3|72|24|U.S. Department of State Bangladesh - Dhaka|160|3|23.796374|90.424614|050DK1010001,2026-07-18T03:21:22+00:00,5cdb302b054a2ca97ebc0d6d41fff260eb1df6d374ccbe75bf370a1e8cbbb768
2020-10-19,DK1010001,Dhaka,PM2.5-24hr,UG/M3,53.9,24,U.S. Department of State Bangladesh - Dhaka,146,2,23.796374,90.424614,050DK1010001,https://files.airnowtech.org/airnow/2020/20201019/daily_data_v2.dat,10/19/20|DK1010001|Dhaka|PM2.5-24hr|UG/M3|53.9|24|U.S. Department of State Bangladesh - Dhaka|146|2|23.796374|90.424614|050DK1010001,2026-07-18T03:21:22+00:00,34b4694b214a73f6b96cb6d23fce6d23fb754e92bb501362b71d217941c7d567
2020-10-20,DK1010001,Dhaka,PM2.5-24hr,UG/M3,73.0,24,U.S. Department of State Bangladesh - Dhaka,160,3,23.796374,90.424614,050DK1010001,https://files.airnowtech.org/airnow/2020/20201020/daily_data_v2.dat,10/20/20|DK1010001|Dhaka|PM2.5-24hr|UG/M3|73|24|U.S. Department of State Bangladesh - Dhaka|160|3|23.796374|90.424614|050DK1010001,2026-07-18T03:21:22+00:00,6e6785e8fe59de64ec674b543bfba199caa2cb680d216e80d3f2cffdd6ad42d7
2020-10-21,DK1010001,Dhaka,PM2.5-24hr,UG/M3,37.1,24,U.S. Department of State Bangladesh - Dhaka,105,2,23.796374,90.424614,050DK1010001,https://files.airnowtech.org/airnow/2020/20201021/daily_data_v2.dat,10/21/20|DK1010001|Dhaka|PM2.5-24hr|UG/M3|37.1|24|U.S. Department of State Bangladesh - Dhaka|105|2|23.796374|90.424614|050DK1010001,2026-07-18T03:21:22+00:00,8f3b3d9e82167f6c13f95ee37ae4979a2402b78470ef08cab83e9e4e826b7c87
2020-10-22,DK1010001,Dhaka,PM2.5-24hr,UG/M3,12.6,24,U.S. Department of State Bangladesh - Dhaka,52,1,23.796374,90.424614,050DK1010001,https://files.airnowtech.org/airnow/2020/20201022/daily_data_v2.dat,10/22/20|DK1010001|Dhaka|PM2.5-24hr|UG/M3|12.6|24|U.S. Department of State Bangladesh - Dhaka|52|1|23.796374|90.424614|050DK1010001,2026-07-18T03:21:22+00:00,3fc53f6d0254e1cfd5317a6cf86a1fe81170bf47b35bc885f4664e7414ed8629
2020-10-23,DK1010001,Dhaka,PM2.5-24hr,UG/M3,10.6,24,U.S. Department of State Bangladesh - Dhaka,44,0,23.796374,90.424614,050DK1010001,https://files.airnowtech.org/airnow/2020/20201023/daily_data_v2.dat,10/23/20|DK1010001|Dhaka|PM2.5-24hr|UG/M3|10.6|24|U.S. Department of State Bangladesh - Dhaka|44|0|23.796374|90.424614|050DK1010001,2026-07-18T03:21:22+00:00,6bd83bad666e7594d6c7dcc976c49220ec39ba9499c4d64ea94bb522718652f2
2020-10-24,DK1010001,Dhaka,PM2.5-24hr,UG/M3,25.9,24,U.S. Department of State Bangladesh - Dhaka,80,1,23.796374,90.424614,050DK1010001,https://files.airnowtech.org/airnow/2020/20201024/daily_data_v2.dat,10/24/20|DK1010001|Dhaka|PM2.5-24hr|UG/M3|25.9|24|U.S. Department of State Bangladesh - Dhaka|80|1|23.796374|90.424614|050DK1010001,2026-07-18T03:21:22+00:00,b92276db394478034e0798a2599ddcf97895e31b69ed8005e3d74d26deae52b9
2020-10-25,DK1010001,Dhaka,PM2.5-24hr,UG/M3,29.7,24,U.S. Department of State Bangladesh - Dhaka,88,1,23.796374,90.424614,050DK1010001,https://files.airnowtech.org/airnow/2020/20201025/daily_data_v2.dat,10/25/20|DK1010001|Dhaka|PM2.5-24hr|UG/M3|29.7|24|U.S. Department of State Bangladesh - Dhaka|88|1|23.796374|90.424614|050DK1010001,2026-07-18T03:21:22+00:00,6eb4488763068222c4ced97cd80dec842eee97233e55673afcd89c2ea72f98af
2020-10-26,DK1010001,Dhaka,PM2.5-24hr,UG/M3,74.6,24,U.S. Department of State Bangladesh - Dhaka,161,3,23.796374,90.424614,050DK1010001,https://files.airnowtech.org/airnow/2020/20201026/daily_data_v2.dat,10/26/20|DK1010001|Dhaka|PM2.5-24hr|UG/M3|74.6|24|U.S. Department of State Bangladesh - Dhaka|161|3|23.796374|90.424614|050DK1010001,2026-07-18T03:21:22+00:00,32ca41a59e833c05ea5d60a16a85f6d45cc9ea57b557b56c76688894fea98dc9
2020-10-27,DK1010001,Dhaka,PM2.5-24hr,UG/M3,93.3,24,U.S. Department of State Bangladesh - Dhaka,171,3,23.796374,90.424614,050DK1010001,https://files.airnowtech.org/airnow/2020/20201027/daily_data_v2.dat,10/27/20|DK1010001|Dhaka|PM2.5-24hr|UG/M3|93.3|24|U.S. Department of State Bangladesh - Dhaka|171|3|23.796374|90.424614|050DK1010001,2026-07-18T03:21:22+00:00,a19985074e73095bffa0b74496de265df3ff10c6c54dd1585cbf40289d860c79
2020-10-28,DK1010001,Dhaka,PM2.5-24hr,UG/M3,64.2,24,U.S. Department of State Bangladesh - Dhaka,156,3,23.796374,90.424614,050DK1010001,https://files.airnowtech.org/airnow/2020/20201028/daily_data_v2.dat,10/28/20|DK1010001|Dhaka|PM2.5-24hr|UG/M3|64.2|24|U.S. Department of State Bangladesh - Dhaka|156|3|23.796374|90.424614|050DK1010001,2026-07-18T03:21:22+00:00,2a3cc7b153b7d0f865a997bb622384a0fc997f43fb74234e5d3ab33605438a0e
2020-10-29,DK1010001,Dhaka,PM2.5-24hr,UG/M3,50.9,24,U.S. Department of State Bangladesh - Dhaka,139,2,23.796374,90.424614,050DK1010001,https://files.airnowtech.org/airnow/2020/20201029/daily_data_v2.dat,10/29/20|DK1010001|Dhaka|PM2.5-24hr|UG/M3|50.9|24|U.S. Department of State Bangladesh - Dhaka|139|2|23.796374|90.424614|050DK1010001,2026-07-18T03:21:22+00:00,f078f6f107f32c8bc994eec24901c955a26ab834c08c2ce973cfed70e8bc18e2
2020-10-30,DK1010001,Dhaka,PM2.5-24hr,UG/M3,46.7,24,U.S. Department of State Bangladesh - Dhaka,129,2,23.796374,90.424614,050DK1010001,https://files.airnowtech.org/airnow/2020/20201030/daily_data_v2.dat,10/30/20|DK1010001|Dhaka|PM2.5-24hr|UG/M3|46.7|24|U.S. Department of State Bangladesh - Dhaka|129|2|23.796374|90.424614|050DK1010001,2026-07-18T03:21:22+00:00,64ebab6ff1c9f3029cf8010b95b314b9b45810b95c6ae592dbeeb630978936b3
2020-10-31,DK1010001,Dhaka,PM2.5-24hr,UG/M3,40.7,24,U.S. Department of State Bangladesh - Dhaka,114,2,23.796374,90.424614,050DK1010001,https://files.airnowtech.org/airnow/2020/20201031/daily_data_v2.dat,10/31/20|DK1010001|Dhaka|PM2.5-24hr|UG/M3|40.7|24|U.S. Department of State Bangladesh - Dhaka|114|2|23.796374|90.424614|050DK1010001,2026-07-18T03:21:22+00:00,f68698694228ac8d7a98e960b37000a639e8ff35cc827cf71bda5e0383569541
2020-11-01,DK1010001,Dhaka,PM2.5-24hr,UG/M3,24.8,24,U.S. Department of State Bangladesh - Dhaka,78,1,23.796374,90.424614,050DK1010001,https://files.airnowtech.org/airnow/2020/20201101/daily_data_v2.dat,11/01/20|DK1010001|Dhaka|PM2.5-24hr|UG/M3|24.8|24|U.S. Department of State Bangladesh - Dhaka|78|1|23.796374|90.424614|050DK1010001,2026-07-18T03:21:22+00:00,588c21842d9f7ab54718ef209abfaabfffcb6c7c256d644785b157f9f681d3de
2020-11-02,DK1010001,Dhaka,PM2.5-24hr,UG/M3,44.5,24,U.S. Department of State Bangladesh - Dhaka,123,2,23.796374,90.424614,050DK1010001,https://files.airnowtech.org/airnow/2020/20201102/daily_data_v2.dat,11/02/20|DK1010001|Dhaka|PM2.5-24hr|UG/M3|44.5|24|U.S. Department of State Bangladesh - Dhaka|123|2|23.796374|90.424614|050DK1010001,2026-07-18T03:21:22+00:00,cb37bf91bc3ec38fde05707685f8ea43b928c86f346a32285a2650f62a65b535
2020-11-03,DK1010001,Dhaka,PM2.5-24hr,UG/M3,46.8,24,U.S. Department of State Bangladesh - Dhaka,129,2,23.796374,90.424614,050DK1010001,https://files.airnowtech.org/airnow/2020/20201103/daily_data_v2.dat,11/03/20|DK1010001|Dhaka|PM2.5-24hr|UG/M3|46.8|24|U.S. Department of State Bangladesh - Dhaka|129|2|23.796374|90.424614|050DK1010001,2026-07-18T03:21:22+00:00,db3f8ed7413e7bd644903c8fd2aa8c16a662f742cda5ac309d81821a7b3d0de9
2020-11-04,DK1010001,Dhaka,PM2.5-24hr,UG/M3,154.5,24,U.S. Department of State Bangladesh - Dhaka,205,4,23.796374,90.424614,050DK1010001,https://files.airnowtech.org/airnow/2020/20201104/daily_data_v2.dat,11/04/20|DK1010001|Dhaka|PM2.5-24hr|UG/M3|154.5|24|U.S. Department of State Bangladesh - Dhaka|205|4|23.796374|90.424614|050DK1010001,2026-07-18T03:21:22+00:00,eb4e03af581f3f24c90b5a71ead8fdd4d5cb62138ee1c9e8e871711ce6eaa324
2020-11-05,DK1010001,Dhaka,PM2.5-24hr,UG/M3,128.0,24,U.S. Department of State Bangladesh - Dhaka,188,3,23.796374,90.424614,050DK1010001,https://files.airnowtech.org/airnow/2020/20201105/daily_data_v2.dat,11/05/20|DK1010001|Dhaka|PM2.5-24hr|UG/M3|128|24|U.S. Department of State Bangladesh - Dhaka|188|3|23.796374|90.424614|050DK1010001,2026-07-18T03:21:22+00:00,b52228ab5d682319506c48e83c1dc24954ccdd2711feb3919e9963ccc1956ebe
2020-11-06,DK1010001,Dhaka,PM2.5-24hr,UG/M3,126.7,24,U.S. Department of State Bangladesh - Dhaka,188,3,23.796374,90.424614,050DK1010001,https://files.airnowtech.org/airnow/2020/20201106/daily_data_v2.dat,11/06/20|DK1010001|Dhaka|PM2.5-24hr|UG/M3|126.7|24|U.S. Department of State Bangladesh - Dhaka|188|3|23.796374|90.424614|050DK1010001,2026-07-18T03:21:22+00:00,2a21fc091a3cecadaf90a21c0b71c45c69f92669222de45c7580e571eaefac14
2020-11-07,DK1010001,Dhaka,PM2.5-24hr,UG/M3,95.7,24,U.S. Department of State Bangladesh - Dhaka,172,3,23.796374,90.424614,050DK1010001,https://files.airnowtech.org/airnow/2020/20201107/daily_data_v2.dat,11/07/20|DK1010001|Dhaka|PM2.5-24hr|UG/M3|95.7|24|U.S. Department of State Bangladesh - Dhaka|172|3|23.796374|90.424614|050DK1010001,2026-07-18T03:21:22+00:00,f33f2db747c81035c09e4c79b7fc4242f6098e7ccc255d706bbfe13ffa76ccd7
2020-11-08,DK1010001,Dhaka,PM2.5-24hr,UG/M3,68.7,24,U.S. Department of State Bangladesh - Dhaka,158,3,23.796374,90.424614,050DK1010001,https://files.airnowtech.org/airnow/2020/20201108/daily_data_v2.dat,11/08/20|DK1010001|Dhaka|PM2.5-24hr|UG/M3|68.7|24|U.S. Department of State Bangladesh - Dhaka|158|3|23.796374|90.424614|050DK1010001,2026-07-18T03:21:22+00:00,105f5c57aaba1829b7ace8cae5786aa95080b01b983886795b41f6ac26012466
2020-11-09,DK1010001,Dhaka,PM2.5-24hr,UG/M3,40.2,24,U.S. Department of State Bangladesh - Dhaka,113,2,23.796374,90.424614,050DK1010001,https://files.airnowtech.org/airnow/2020/20201109/daily_data_v2.dat,11/09/20|DK1010001|Dhaka|PM2.5-24hr|UG/M3|40.2|24|U.S. Department of State Bangladesh - Dhaka|113|2|23.796374|90.424614|050DK1010001,2026-07-18T03:21:22+00:00,1c032d069a6f3341b3462aca029f2f0c2c909a75dc9c6f3e7aeaac6c953ca154
2020-11-10,DK1010001,Dhaka,PM2.5-24hr,UG/M3,46.9,24,U.S. Department of State Bangladesh - Dhaka,129,2,23.796374,90.424614,050DK1010001,https://files.airnowtech.org/airnow/2020/20201110/daily_data_v2.dat,11/10/20|DK1010001|Dhaka|PM2.5-24hr|UG/M3|46.9|24|U.S. Department of State Bangladesh - Dhaka|129|2|23.796374|90.424614|050DK1010001,2026-07-18T03:21:23+00:00,9c179129894c20497de6c7aeea95a71a8566a605363a3355b46d48093f422fbc
2020-11-11,DK1010001,Dhaka,PM2.5-24hr,UG/M3,48.4,24,U.S. Department of State Bangladesh - Dhaka,133,2,23.796374,90.424614,050DK1010001,https://files.airnowtech.org/airnow/2020/20201111/daily_data_v2.dat,11/11/20|DK1010001|Dhaka|PM2.5-24hr|UG/M3|48.4|24|U.S. Department of State Bangladesh - Dhaka|133|2|23.796374|90.424614|050DK1010001,2026-07-18T03:21:23+00:00,48e62b424078c6d334c2002f4097ca6e19a4fd9d8f321d9145f3353c2b71c2dd
2020-11-12,DK1010001,Dhaka,PM2.5-24hr,UG/M3,59.4,24,U.S. Department of State Bangladesh - Dhaka,153,3,23.796374,90.424614,050DK1010001,https://files.airnowtech.org/airnow/2020/20201112/daily_data_v2.dat,11/12/20|DK1010001|Dhaka|PM2.5-24hr|UG/M3|59.4|24|U.S. Department of State Bangladesh - Dhaka|153|3|23.796374|90.424614|050DK1010001,2026-07-18T03:21:23+00:00,de67e01e26345f1b1d908e3c2c551d2fcbd46ffed476d96050c222f57503002e
2020-11-13,DK1010001,Dhaka,PM2.5-24hr,UG/M3,57.9,24,U.S. Department of State Bangladesh - Dhaka,152,3,23.796374,90.424614,050DK1010001,https://files.airnowtech.org/airnow/2020/20201113/daily_data_v2.dat,11/13/20|DK1010001|Dhaka|PM2.5-24hr|UG/M3|57.9|24|U.S. Department of State Bangladesh - Dhaka|152|3|23.796374|90.424614|050DK1010001,2026-07-18T03:21:23+00:00,cb856f229e8efeb8be8a5899a6d897da2c0a6158ffc15155a309c137765fb6fd
2020-11-14,DK1010001,Dhaka,PM2.5-24hr,UG/M3,60.7,24,U.S. Department of State Bangladesh - Dhaka,154,3,23.796374,90.424614,050DK1010001,https://files.airnowtech.org/airnow/2020/20201114/daily_data_v2.dat,11/14/20|DK1010001|Dhaka|PM2.5-24hr|UG/M3|60.7|24|U.S. Department of State Bangladesh - Dhaka|154|3|23.796374|90.424614|050DK1010001,2026-07-18T03:21:23+00:00,10df432ac08a544cef49d2b612bef2197b6b79a20e1e5e980c844a564dc25db8
2020-11-17,DK1010001,Dhaka,PM2.5-24hr,UG/M3,97.5,24,U.S. Department of State Bangladesh - Dhaka,173,3,23.796374,90.424614,050DK1010001,https://files.airnowtech.org/airnow/2020/20201117/daily_data_v2.dat,11/17/20|DK1010001|Dhaka|PM2.5-24hr|UG/M3|97.5|24|U.S. Department of State Bangladesh - Dhaka|173|3|23.796374|90.424614|050DK1010001,2026-07-18T03:21:23+00:00,6ffa671812f3ebb8444f0a98a811c7917311fd08f997d2f1992eb215ee200ca7
2020-11-18,DK1010001,Dhaka,PM2.5-24hr,UG/M3,145.3,24,U.S. Department of State Bangladesh - Dhaka,197,3,23.796374,90.424614,050DK1010001,https://files.airnowtech.org/airnow/2020/20201118/daily_data_v2.dat,11/18/20|DK1010001|Dhaka|PM2.5-24hr|UG/M3|145.3|24|U.S. Department of State Bangladesh - Dhaka|197|3|23.796374|90.424614|050DK1010001,2026-07-18T03:21:23+00:00,6eec2100e03787c0f752c7e0879ef451640c85057aef3bd9a8fb01c149eb7b3a
2020-11-19,DK1010001,Dhaka,PM2.5-24hr,UG/M3,162.9,24,U.S. Department of State Bangladesh - Dhaka,213,4,23.796374,90.424614,050DK1010001,https://files.airnowtech.org/airnow/2020/20201119/daily_data_v2.dat,11/19/20|DK1010001|Dhaka|PM2.5-24hr|UG/M3|162.9|24|U.S. Department of State Bangladesh - Dhaka|213|4|23.796374|90.424614|050DK1010001,2026-07-18T03:21:23+00:00,51c1dc77165d04f96926c537a958da287b6958409e9db6a76a92ffd6e5572cf8
2020-11-20,DK1010001,Dhaka,PM2.5-24hr,UG/M3,173.8,24,U.S. Department of State Bangladesh - Dhaka,224,4,23.796374,90.424614,050DK1010001,https://files.airnowtech.org/airnow/2020/20201120/daily_data_v2.dat,11/20/20|DK1010001|Dhaka|PM2.5-24hr|UG/M3|173.8|24|U.S. Department of State Bangladesh - Dhaka|224|4|23.796374|90.424614|050DK1010001,2026-07-18T03:21:23+00:00,e5d80fb07c80b78432e6ed286119cc1de5fc0fd153b4ec81fef86f5243c05811
2020-11-21,DK1010001,Dhaka,PM2.5-24hr,UG/M3,157.2,24,U.S. Department of State Bangladesh - Dhaka,208,4,23.796374,90.424614,050DK1010001,https://files.airnowtech.org/airnow/2020/20201121/daily_data_v2.dat,11/21/20|DK1010001|Dhaka|PM2.5-24hr|UG/M3|157.2|24|U.S. Department of State Bangladesh - Dhaka|208|4|23.796374|90.424614|050DK1010001,2026-07-18T03:21:23+00:00,94b65a44d62ef02216def49f323d790e361fafbc175f6a351e8fcae380bb5438
2020-11-22,DK1010001,Dhaka,PM2.5-24hr,UG/M3,115.2,24,U.S. Department of State Bangladesh - Dhaka,182,3,23.796374,90.424614,050DK1010001,https://files.airnowtech.org/airnow/2020/20201122/daily_data_v2.dat,11/22/20|DK1010001|Dhaka|PM2.5-24hr|UG/M3|115.2|24|U.S. Department of State Bangladesh - Dhaka|182|3|23.796374|90.424614|050DK1010001,2026-07-18T03:21:23+00:00,346fc19f9db453111fe6fb84582642336bba18369525398210961a79d6418ac2
2020-11-23,DK1010001,Dhaka,PM2.5-24hr,UG/M3,129.4,24,U.S. Department of State Bangladesh - Dhaka,189,3,23.796374,90.424614,050DK1010001,https://files.airnowtech.org/airnow/2020/20201123/daily_data_v2.dat,11/23/20|DK1010001|Dhaka|PM2.5-24hr|UG/M3|129.4|24|U.S. Department of State Bangladesh - Dhaka|189|3|23.796374|90.424614|050DK1010001,2026-07-18T03:21:23+00:00,a14b735628bd67b2af791a29c403091de9f80424d2a370e4e3f92edb6e5fca3c
2020-11-24,DK1010001,Dhaka,PM2.5-24hr,UG/M3,132.7,24,U.S. Department of State Bangladesh - Dhaka,191,3,23.796374,90.424614,050DK1010001,https://files.airnowtech.org/airnow/2020/20201124/daily_data_v2.dat,11/24/20|DK1010001|Dhaka|PM2.5-24hr|UG/M3|132.7|24|U.S. Department of State Bangladesh - Dhaka|191|3|23.796374|90.424614|050DK1010001,2026-07-18T03:21:23+00:00,84ca00a72bd930a2bad8442a96f7fab26672877aae1c0b88ed9ca344c1e1b631
2020-11-25,DK1010001,Dhaka,PM2.5-24hr,UG/M3,101.8,24,U.S. Department of State Bangladesh - Dhaka,175,3,23.796374,90.424614,050DK1010001,https://files.airnowtech.org/airnow/2020/20201125/daily_data_v2.dat,11/25/20|DK1010001|Dhaka|PM2.5-24hr|UG/M3|101.8|24|U.S. Department of State Bangladesh - Dhaka|175|3|23.796374|90.424614|050DK1010001,2026-07-18T03:21:23+00:00,a62e9db34133b5a6908b007dadfca6343569b123c1264477c12eccddb5b97431
2020-11-26,DK1010001,Dhaka,PM2.5-24hr,UG/M3,89.5,24,U.S. Department of State Bangladesh - Dhaka,169,3,23.796374,90.424614,050DK1010001,https://files.airnowtech.org/airnow/2020/20201126/daily_data_v2.dat,11/26/20|DK1010001|Dhaka|PM2.5-24hr|UG/M3|89.5|24|U.S. Department of State Bangladesh - Dhaka|169|3|23.796374|90.424614|050DK1010001,2026-07-18T03:21:23+00:00,28264dae302c3e0de2c19f6e51a08fde26feaac559fe6a00d4fb9737131464f2
2020-11-27,DK1010001,Dhaka,PM2.5-24hr,UG/M3,109.9,24,U.S. Department of State Bangladesh - Dhaka,179,3,23.796374,90.424614,050DK1010001,https://files.airnowtech.org/airnow/2020/20201127/daily_data_v2.dat,11/27/20|DK1010001|Dhaka|PM2.5-24hr|UG/M3|109.9|24|U.S. Department of State Bangladesh - Dhaka|179|3|23.796374|90.424614|050DK1010001,2026-07-18T03:21:23+00:00,506ff6a3139deef126d1a3f2f8ce796f88b46ca90a85f7e92222055da367eb92
2020-11-28,DK1010001,Dhaka,PM2.5-24hr,UG/M3,96.8,24,U.S. Department of State Bangladesh - Dhaka,172,3,23.796374,90.424614,050DK1010001,https://files.airnowtech.org/airnow/2020/20201128/daily_data_v2.dat,11/28/20|DK1010001|Dhaka|PM2.5-24hr|UG/M3|96.8|24|U.S. Department of State Bangladesh - Dhaka|172|3|23.796374|90.424614|050DK1010001,2026-07-18T03:21:23+00:00,6acf505175c6cb8da2742b2704f5b2b1100f321bab5f36d65983046676a51bff
2020-11-29,DK1010001,Dhaka,PM2.5-24hr,UG/M3,112.2,24,U.S. Department of State Bangladesh - Dhaka,180,3,23.796374,90.424614,050DK1010001,https://files.airnowtech.org/airnow/2020/20201129/daily_data_v2.dat,11/29/20|DK1010001|Dhaka|PM2.5-24hr|UG/M3|112.2|24|U.S. Department of State Bangladesh - Dhaka|180|3|23.796374|90.424614|050DK1010001,2026-07-18T03:21:23+00:00,5f32be0b9decd8bd940e7f8fccf209fc6f27a503e8179e1b8022717c58f3a002
2020-11-30,DK1010001,Dhaka,PM2.5-24hr,UG/M3,119.5,24,U.S. Department of State Bangladesh - Dhaka,184,3,23.796374,90.424614,050DK1010001,https://files.airnowtech.org/airnow/2020/20201130/daily_data_v2.dat,11/30/20|DK1010001|Dhaka|PM2.5-24hr|UG/M3|119.5|24|U.S. Department of State Bangladesh - Dhaka|184|3|23.796374|90.424614|050DK1010001,2026-07-18T03:21:23+00:00,031ffb0e302d121269b5c78b886996b612b1d3b10a88ae8aeab0347f81fd1ce8
2020-12-01,DK1010001,Dhaka,PM2.5-24hr,UG/M3,142.6,24,U.S. Department of State Bangladesh - Dhaka,196,3,23.796374,90.424614,050DK1010001,https://files.airnowtech.org/airnow/2020/20201201/daily_data_v2.dat,12/01/20|DK1010001|Dhaka|PM2.5-24hr|UG/M3|142.6|24|U.S. Department of State Bangladesh - Dhaka|196|3|23.796374|90.424614|050DK1010001,2026-07-18T03:21:23+00:00,8193d94201570cb53eb09f79ddd9c2694b1cc43dae74f22ecf3fe50879c0f0be
2020-12-02,DK1010001,Dhaka,PM2.5-24hr,UG/M3,153.9,24,U.S. Department of State Bangladesh - Dhaka,204,4,23.796374,90.424614,050DK1010001,https://files.airnowtech.org/airnow/2020/20201202/daily_data_v2.dat,12/02/20|DK1010001|Dhaka|PM2.5-24hr|UG/M3|153.9|24|U.S. Department of State Bangladesh - Dhaka|204|4|23.796374|90.424614|050DK1010001,2026-07-18T03:21:23+00:00,339b06b526f304084b74e6f2bb2186faed0a94e569a6cae9bf311ff3614c15f1
2020-12-03,DK1010001,Dhaka,PM2.5-24hr,UG/M3,173.8,24,U.S. Department of State Bangladesh - Dhaka,224,4,23.796374,90.424614,050DK1010001,https://files.airnowtech.org/airnow/2020/20201203/daily_data_v2.dat,12/03/20|DK1010001|Dhaka|PM2.5-24hr|UG/M3|173.8|24|U.S. Department of State Bangladesh - Dhaka|224|4|23.796374|90.424614|050DK1010001,2026-07-18T03:21:23+00:00,3c21124e2d6a983aeedb2a01627310279aeaf1dcdc4f926b7755ecaaab73953d
2020-12-04,DK1010001,Dhaka,PM2.5-24hr,UG/M3,202.8,24,U.S. Department of State Bangladesh - Dhaka,253,4,23.796374,90.424614,050DK1010001,https://files.airnowtech.org/airnow/2020/20201204/daily_data_v2.dat,12/04/20|DK1010001|Dhaka|PM2.5-24hr|UG/M3|202.8|24|U.S. Department of State Bangladesh - Dhaka|253|4|23.796374|90.424614|050DK1010001,2026-07-18T03:21:23+00:00,a9e72b77d598c6f3039ff5a32539eb02b4061ef4159eb88cbed8e8c74dd2dc14
2020-12-05,DK1010001,Dhaka,PM2.5-24hr,UG/M3,261.0,24,U.S. Department of State Bangladesh - Dhaka,311,5,23.796374,90.424614,050DK1010001,https://files.airnowtech.org/airnow/2020/20201205/daily_data_v2.dat,12/05/20|DK1010001|Dhaka|PM2.5-24hr|UG/M3|261|24|U.S. Department of State Bangladesh - Dhaka|311|5|23.796374|90.424614|050DK1010001,2026-07-18T03:21:23+00:00,207a8ece1519b34a40f0507c37b30c50b33aa4edc6a95ceb6294e6a50d7b6089
2020-12-06,DK1010001,Dhaka,PM2.5-24hr,UG/M3,202.1,24,U.S. Department of State Bangladesh - Dhaka,252,4,23.796374,90.424614,050DK1010001,https://files.airnowtech.org/airnow/2020/20201206/daily_data_v2.dat,12/06/20|DK1010001|Dhaka|PM2.5-24hr|UG/M3|202.1|24|U.S. Department of State Bangladesh - Dhaka|252|4|23.796374|90.424614|050DK1010001,2026-07-18T03:21:23+00:00,5fecbad05e28a74b51f04c0ec99137f3bffaf8f02058862bccd869b99beb01bf
2020-12-07,DK1010001,Dhaka,PM2.5-24hr,UG/M3,161.1,24,U.S. Department of State Bangladesh - Dhaka,212,4,23.796374,90.424614,050DK1010001,https://files.airnowtech.org/airnow/2020/20201207/daily_data_v2.dat,12/07/20|DK1010001|Dhaka|PM2.5-24hr|UG/M3|161.1|24|U.S. Department of State Bangladesh - Dhaka|212|4|23.796374|90.424614|050DK1010001,2026-07-18T03:21:23+00:00,5f67363112b40aa6772ee588c90287068bb7c8c84a61321d3badfe0966285900
2020-12-08,DK1010001,Dhaka,PM2.5-24hr,UG/M3,148.9,24,U.S. Department of State Bangladesh - Dhaka,199,3,23.796374,90.424614,050DK1010001,https://files.airnowtech.org/airnow/2020/20201208/daily_data_v2.dat,12/08/20|DK1010001|Dhaka|PM2.5-24hr|UG/M3|148.9|24|U.S. Department of State Bangladesh - Dhaka|199|3|23.796374|90.424614|050DK1010001,2026-07-18T03:21:23+00:00,48620523dc96d5e842e2198e17332bb95218398f2ccd533e7a4ce3b70853e0ef
2020-12-09,DK1010001,Dhaka,PM2.5-24hr,UG/M3,178.8,24,U.S. Department of State Bangladesh - Dhaka,229,4,23.796374,90.424614,050DK1010001,https://files.airnowtech.org/airnow/2020/20201209/daily_data_v2.dat,12/09/20|DK1010001|Dhaka|PM2.5-24hr|UG/M3|178.8|24|U.S. Department of State Bangladesh - Dhaka|229|4|23.796374|90.424614|050DK1010001,2026-07-18T03:21:23+00:00,1587810f577e42fe73168f719dc4a5b0024fe6ba1c81a7296e1fa919dfaea763
2020-12-10,DK1010001,Dhaka,PM2.5-24hr,UG/M3,113.5,24,U.S. Department of State Bangladesh - Dhaka,181,3,23.796374,90.424614,050DK1010001,https://files.airnowtech.org/airnow/2020/20201210/daily_data_v2.dat,12/10/20|DK1010001|Dhaka|PM2.5-24hr|UG/M3|113.5|24|U.S. Department of State Bangladesh - Dhaka|181|3|23.796374|90.424614|050DK1010001,2026-07-18T03:21:23+00:00,0d501c1575cdf8b779b5a374ef8e67d608f5b3f7c01e8ab216ba41d2107d4cc5
2020-12-11,DK1010001,Dhaka,PM2.5-24hr,UG/M3,127.9,24,U.S. Department of State Bangladesh - Dhaka,188,3,23.796374,90.424614,050DK1010001,https://files.airnowtech.org/airnow/2020/20201211/daily_data_v2.dat,12/11/20|DK1010001|Dhaka|PM2.5-24hr|UG/M3|127.9|24|U.S. Department of State Bangladesh - Dhaka|188|3|23.796374|90.424614|050DK1010001,2026-07-18T03:21:23+00:00,457bf01da9ff9a93f40f94d3cfefc0f806b7365b203cd086a3a3248a9b32fbe4
2020-12-12,DK1010001,Dhaka,PM2.5-24hr,UG/M3,168.0,24,U.S. Department of State Bangladesh - Dhaka,218,4,23.796374,90.424614,050DK1010001,https://files.airnowtech.org/airnow/2020/20201212/daily_data_v2.dat,12/12/20|DK1010001|Dhaka|PM2.5-24hr|UG/M3|168|24|U.S. Department of State Bangladesh - Dhaka|218|4|23.796374|90.424614|050DK1010001,2026-07-18T03:21:23+00:00,8924d915352fa5e09fe1eb83ecb61d771cff8bff45bbc62c6bf484e8c6696da4
2020-12-13,DK1010001,Dhaka,PM2.5-24hr,UG/M3,209.2,24,U.S. Department of State Bangladesh - Dhaka,259,4,23.796374,90.424614,050DK1010001,https://files.airnowtech.org/airnow/2020/20201213/daily_data_v2.dat,12/13/20|DK1010001|Dhaka|PM2.5-24hr|UG/M3|209.2|24|U.S. Department of State Bangladesh - Dhaka|259|4|23.796374|90.424614|050DK1010001,2026-07-18T03:21:23+00:00,43ff83064c6d1be11f763748a418745000c38c0e7fb1dd8b3bbb92d7318bbbf0
2020-12-14,DK1010001,Dhaka,PM2.5-24hr,UG/M3,216.0,24,U.S. Department of State Bangladesh - Dhaka,266,4,23.796374,90.424614,050DK1010001,https://files.airnowtech.org/airnow/2020/20201214/daily_data_v2.dat,12/14/20|DK1010001|Dhaka|PM2.5-24hr|UG/M3|216|24|U.S. Department of State Bangladesh - Dhaka|266|4|23.796374|90.424614|050DK1010001,2026-07-18T03:21:23+00:00,8ae0f413a87d9c33b18fcbeed5339f41d84ad7ba5e8fc775ec1e17d85ede74bd
2020-12-15,DK1010001,Dhaka,PM2.5-24hr,UG/M3,174.7,24,U.S. Department of State Bangladesh - Dhaka,225,4,23.796374,90.424614,050DK1010001,https://files.airnowtech.org/airnow/2020/20201215/daily_data_v2.dat,12/15/20|DK1010001|Dhaka|PM2.5-24hr|UG/M3|174.7|24|U.S. Department of State Bangladesh - Dhaka|225|4|23.796374|90.424614|050DK1010001,2026-07-18T03:21:23+00:00,d578c14f06ed29f2675a81e44b6b02af8ba4d328840c65281abbd14eb8c07d7a
2020-12-16,DK1010001,Dhaka,PM2.5-24hr,UG/M3,150.4,24,U.S. Department of State Bangladesh - Dhaka,200,3,23.796374,90.424614,050DK1010001,https://files.airnowtech.org/airnow/2020/20201216/daily_data_v2.dat,12/16/20|DK1010001|Dhaka|PM2.5-24hr|UG/M3|150.4|24|U.S. Department of State Bangladesh - Dhaka|200|3|23.796374|90.424614|050DK1010001,2026-07-18T03:21:23+00:00,644d9d5677a96010e96a4acbf237e092a97fd62c49eab0ad3187b2e1cdcc3df9
2020-12-17,DK1010001,Dhaka,PM2.5-24hr,UG/M3,185.8,24,U.S. Department of State Bangladesh - Dhaka,236,4,23.796374,90.424614,050DK1010001,https://files.airnowtech.org/airnow/2020/20201217/daily_data_v2.dat,12/17/20|DK1010001|Dhaka|PM2.5-24hr|UG/M3|185.8|24|U.S. Department of State Bangladesh - Dhaka|236|4|23.796374|90.424614|050DK1010001,2026-07-18T03:21:23+00:00,f98d968fc98f8bb619df1414f490c3d4a9ad348252692ef6290da203505d36f2
2020-12-18,DK1010001,Dhaka,PM2.5-24hr,UG/M3,141.0,24,U.S. Department of State Bangladesh - Dhaka,195,3,23.796374,90.424614,050DK1010001,https://files.airnowtech.org/airnow/2020/20201218/daily_data_v2.dat,12/18/20|DK1010001|Dhaka|PM2.5-24hr|UG/M3|141|24|U.S. Department of State Bangladesh - Dhaka|195|3|23.796374|90.424614|050DK1010001,2026-07-18T03:21:23+00:00,711789f39ef49bd6f0ec261c14ee3185a4e4d74474b99ccf0c366fd249f5dd3e
2020-12-19,DK1010001,Dhaka,PM2.5-24hr,UG/M3,139.7,24,U.S. Department of State Bangladesh - Dhaka,195,3,23.796374,90.424614,050DK1010001,https://files.airnowtech.org/airnow/2020/20201219/daily_data_v2.dat,12/19/20|DK1010001|Dhaka|PM2.5-24hr|UG/M3|139.7|24|U.S. Department of State Bangladesh - Dhaka|195|3|23.796374|90.424614|050DK1010001,2026-07-18T03:21:23+00:00,51a42fd64f78666c2a2de7fe8027ce7b4cd7994ba0dc5a9a75eb64b482996ab2
2020-12-20,DK1010001,Dhaka,PM2.5-24hr,UG/M3,214.2,24,U.S. Department of State Bangladesh - Dhaka,264,4,23.796374,90.424614,050DK1010001,https://files.airnowtech.org/airnow/2020/20201220/daily_data_v2.dat,12/20/20|DK1010001|Dhaka|PM2.5-24hr|UG/M3|214.2|24|U.S. Department of State Bangladesh - Dhaka|264|4|23.796374|90.424614|050DK1010001,2026-07-18T03:21:23+00:00,b21a776313a3a742fe3011dfee052f11307338b6d69d56c46aa27df016e33f97
2020-12-21,DK1010001,Dhaka,PM2.5-24hr,UG/M3,209.8,24,U.S. Department of State Bangladesh - Dhaka,260,4,23.796374,90.424614,050DK1010001,https://files.airnowtech.org/airnow/2020/20201221/daily_data_v2.dat,12/21/20|DK1010001|Dhaka|PM2.5-24hr|UG/M3|209.8|24|U.S. Department of State Bangladesh - Dhaka|260|4|23.796374|90.424614|050DK1010001,2026-07-18T03:21:23+00:00,569902413ff8b58e68f80eb248c6e322bae6de45d4f007df0d7d0d81f2b46a35
2020-12-22,DK1010001,Dhaka,PM2.5-24hr,UG/M3,222.9,24,U.S. Department of State Bangladesh - Dhaka,273,4,23.796374,90.424614,050DK1010001,https://files.airnowtech.org/airnow/2020/20201222/daily_data_v2.dat,12/22/20|DK1010001|Dhaka|PM2.5-24hr|UG/M3|222.9|24|U.S. Department of State Bangladesh - Dhaka|273|4|23.796374|90.424614|050DK1010001,2026-07-18T03:21:23+00:00,be2a6ba35c55cad3ff274849f45aaa45fde678b1cfd7e54977dbf132e3b60d07
2020-12-23,DK1010001,Dhaka,PM2.5-24hr,UG/M3,236.2,24,U.S. Department of State Bangladesh - Dhaka,286,4,23.796374,90.424614,050DK1010001,https://files.airnowtech.org/airnow/2020/20201223/daily_data_v2.dat,12/23/20|DK1010001|Dhaka|PM2.5-24hr|UG/M3|236.2|24|U.S. Department of State Bangladesh - Dhaka|286|4|23.796374|90.424614|050DK1010001,2026-07-18T03:21:23+00:00,e0048ebfd404a44ee921561aecafcbaeda3a7861ef09e1378562a46d24ea3a77
2020-12-24,DK1010001,Dhaka,PM2.5-24hr,UG/M3,168.7,24,U.S. Department of State Bangladesh - Dhaka,219,4,23.796374,90.424614,050DK1010001,https://files.airnowtech.org/airnow/2020/20201224/daily_data_v2.dat,12/24/20|DK1010001|Dhaka|PM2.5-24hr|UG/M3|168.7|24|U.S. Department of State Bangladesh - Dhaka|219|4|23.796374|90.424614|050DK1010001,2026-07-18T03:21:23+00:00,c2c729a3a6c74cc5a78d93dd69ec18b485d4c223d7182e8f6d1e75a5bf4d6b95
2020-12-25,DK1010001,Dhaka,PM2.5-24hr,UG/M3,136.9,24,U.S. Department of State Bangladesh - Dhaka,193,3,23.796374,90.424614,050DK1010001,https://files.airnowtech.org/airnow/2020/20201225/daily_data_v2.dat,12/25/20|DK1010001|Dhaka|PM2.5-24hr|UG/M3|136.9|24|U.S. Department of State Bangladesh - Dhaka|193|3|23.796374|90.424614|050DK1010001,2026-07-18T03:21:23+00:00,eee200cdb1810c05b05c46f8c2fbe1bb3c03cdebb4c5fc5ceaa7fac13a43e73e
2020-12-26,DK1010001,Dhaka,PM2.5-24hr,UG/M3,157.9,24,U.S. Department of State Bangladesh - Dhaka,208,4,23.796374,90.424614,050DK1010001,https://files.airnowtech.org/airnow/2020/20201226/daily_data_v2.dat,12/26/20|DK1010001|Dhaka|PM2.5-24hr|UG/M3|157.9|24|U.S. Department of State Bangladesh - Dhaka|208|4|23.796374|90.424614|050DK1010001,2026-07-18T03:21:23+00:00,8a0caecd1f1222e74901ebf736cc43d30292268eae93f1c0f3918912b4202609
2020-12-27,DK1010001,Dhaka,PM2.5-24hr,UG/M3,177.0,24,U.S. Department of State Bangladesh - Dhaka,227,4,23.796374,90.424614,050DK1010001,https://files.airnowtech.org/airnow/2020/20201227/daily_data_v2.dat,12/27/20|DK1010001|Dhaka|PM2.5-24hr|UG/M3|177|24|U.S. Department of State Bangladesh - Dhaka|227|4|23.796374|90.424614|050DK1010001,2026-07-18T03:21:23+00:00,3509788a716b771108aa976f9f90bb6a30274433fb7a710af5884ac63549be97
2020-12-28,DK1010001,Dhaka,PM2.5-24hr,UG/M3,213.9,24,U.S. Department of State Bangladesh - Dhaka,264,4,23.796374,90.424614,050DK1010001,https://files.airnowtech.org/airnow/2020/20201228/daily_data_v2.dat,12/28/20|DK1010001|Dhaka|PM2.5-24hr|UG/M3|213.9|24|U.S. Department of State Bangladesh - Dhaka|264|4|23.796374|90.424614|050DK1010001,2026-07-18T03:21:23+00:00,f30637e586f948281b5151602d77f5e85d33a91958390561f4b83358b972faee
2020-12-29,DK1010001,Dhaka,PM2.5-24hr,UG/M3,201.3,24,U.S. Department of State Bangladesh - Dhaka,251,4,23.796374,90.424614,050DK1010001,https://files.airnowtech.org/airnow/2020/20201229/daily_data_v2.dat,12/29/20|DK1010001|Dhaka|PM2.5-24hr|UG/M3|201.3|24|U.S. Department of State Bangladesh - Dhaka|251|4|23.796374|90.424614|050DK1010001,2026-07-18T03:21:23+00:00,459c3076ea5a55a6f22ddd5c76282b7ad89dc91af01c5a2469521f24ef00600d
2020-12-30,DK1010001,Dhaka,PM2.5-24hr,UG/M3,161.6,24,U.S. Department of State Bangladesh - Dhaka,212,4,23.796374,90.424614,050DK1010001,https://files.airnowtech.org/airnow/2020/20201230/daily_data_v2.dat,12/30/20|DK1010001|Dhaka|PM2.5-24hr|UG/M3|161.6|24|U.S. Department of State Bangladesh - Dhaka|212|4|23.796374|90.424614|050DK1010001,2026-07-18T03:21:23+00:00,416bb95b5c6ed7d7f54b0eda34693f99b2b79049c11a8e33d5db81e8d67ad6d5
2020-12-31,DK1010001,Dhaka,PM2.5-24hr,UG/M3,172.2,24,U.S. Department of State Bangladesh - Dhaka,223,4,23.796374,90.424614,050DK1010001,https://files.airnowtech.org/airnow/2020/20201231/daily_data_v2.dat,12/31/20|DK1010001|Dhaka|PM2.5-24hr|UG/M3|172.2|24|U.S. Department of State Bangladesh - Dhaka|223|4|23.796374|90.424614|050DK1010001,2026-07-18T03:21:23+00:00,2d1686b1d1340595053a93e5a237ce5e721bb1dea8e03508dc69921391ba0c12
2021-01-01,DK1010001,Dhaka,PM2.5-24hr,UG/M3,153.0,24,U.S. Department of State Bangladesh - Dhaka,204,4,23.796374,90.424614,050DK1010001,https://files.airnowtech.org/airnow/2021/20210101/daily_data_v2.dat,01/01/21|DK1010001|Dhaka|PM2.5-24hr|UG/M3|153|24|U.S. Department of State Bangladesh - Dhaka|204|4|23.796374|90.424614|050DK1010001,2026-07-18T03:21:23+00:00,03fecdacda495458053a0690f9dd76d4e306c3d59aadfd387755719cddd0f26f
2021-01-02,DK1010001,Dhaka,PM2.5-24hr,UG/M3,139.3,24,U.S. Department of State Bangladesh - Dhaka,194,3,23.796374,90.424614,050DK1010001,https://files.airnowtech.org/airnow/2021/20210102/daily_data_v2.dat,01/02/21|DK1010001|Dhaka|PM2.5-24hr|UG/M3|139.3|24|U.S. Department of State Bangladesh - Dhaka|194|3|23.796374|90.424614|050DK1010001,2026-07-18T03:21:23+00:00,fb9d9c9325c314534d565f1cf5f33559e5ff3e880bf01216b704b87674042d71
2021-01-03,DK1010001,Dhaka,PM2.5-24hr,UG/M3,152.4,24,U.S. Department of State Bangladesh - Dhaka,203,4,23.796374,90.424614,050DK1010001,https://files.airnowtech.org/airnow/2021/20210103/daily_data_v2.dat,01/03/21|DK1010001|Dhaka|PM2.5-24hr|UG/M3|152.4|24|U.S. Department of State Bangladesh - Dhaka|203|4|23.796374|90.424614|050DK1010001,2026-07-18T03:21:23+00:00,2cfbd300d2d040b56ae4ce6ceb7afa2bb76d3963a7e3d1023fc64b3b4362c2a4
2021-01-04,DK1010001,Dhaka,PM2.5-24hr,UG/M3,185.7,24,U.S. Department of State Bangladesh - Dhaka,236,4,23.796374,90.424614,050DK1010001,https://files.airnowtech.org/airnow/2021/20210104/daily_data_v2.dat,01/04/21|DK1010001|Dhaka|PM2.5-24hr|UG/M3|185.7|24|U.S. Department of State Bangladesh - Dhaka|236|4|23.796374|90.424614|050DK1010001,2026-07-18T03:21:23+00:00,95b4bdb6aa2a3ba20d81de960cd0472dcdc87a976b3a52807ec4e5b043bd9212
2021-01-05,DK1010001,Dhaka,PM2.5-24hr,UG/M3,186.5,24,U.S. Department of State Bangladesh - Dhaka,237,4,23.796374,90.424614,050DK1010001,https://files.airnowtech.org/airnow/2021/20210105/daily_data_v2.dat,01/05/21|DK1010001|Dhaka|PM2.5-24hr|UG/M3|186.5|24|U.S. Department of State Bangladesh - Dhaka|237|4|23.796374|90.424614|050DK1010001,2026-07-18T03:21:23+00:00,6559d4bade11b7fe8eb97e5c87d66ae75974c8c76ebd3fd5d748150e082057cc
2021-01-06,DK1010001,Dhaka,PM2.5-24hr,UG/M3,184.1,24,U.S. Department of State Bangladesh - Dhaka,234,4,23.796374,90.424614,050DK1010001,https://files.airnowtech.org/airnow/2021/20210106/daily_data_v2.dat,01/06/21|DK1010001|Dhaka|PM2.5-24hr|UG/M3|184.1|24|U.S. Department of State Bangladesh - Dhaka|234|4|23.796374|90.424614|050DK1010001,2026-07-18T03:21:23+00:00,cd1b688b3150aa10c917af9287d79bd071c5718998aac5091d97ad12696c8e5b
2021-01-07,DK1010001,Dhaka,PM2.5-24hr,UG/M3,228.9,24,U.S. Department of State Bangladesh - Dhaka,279,4,23.796374,90.424614,050DK1010001,https://files.airnowtech.org/airnow/2021/20210107/daily_data_v2.dat,01/07/21|DK1010001|Dhaka|PM2.5-24hr|UG/M3|228.9|24|U.S. Department of State Bangladesh - Dhaka|279|4|23.796374|90.424614|050DK1010001,2026-07-18T03:21:23+00:00,593c1965f6e166ac03148d313f1efe397a6dae48deefc4c825a11e043f610c48
2021-01-08,DK1010001,Dhaka,PM2.5-24hr,UG/M3,174.4,24,U.S. Department of State Bangladesh - Dhaka,225,4,23.796374,90.424614,050DK1010001,https://files.airnowtech.org/airnow/2021/20210108/daily_data_v2.dat,01/08/21|DK1010001|Dhaka|PM2.5-24hr|UG/M3|174.4|24|U.S. Department of State Bangladesh - Dhaka|225|4|23.796374|90.424614|050DK1010001,2026-07-18T03:21:23+00:00,cc4d3d1bb03bba0dbb18b70a66d7bf55b947205b34109694d534c8562d01b71e
2021-01-09,DK1010001,Dhaka,PM2.5-24hr,UG/M3,196.7,24,U.S. Department of State Bangladesh - Dhaka,247,4,23.796374,90.424614,050DK1010001,https://files.airnowtech.org/airnow/2021/20210109/daily_data_v2.dat,01/09/21|DK1010001|Dhaka|PM2.5-24hr|UG/M3|196.7|24|U.S. Department of State Bangladesh - Dhaka|247|4|23.796374|90.424614|050DK1010001,2026-07-18T03:21:23+00:00,8954b1205d35a6b00bb6326c26286ce13e98c5473a612b258df4b2b4057b4777
2021-01-10,DK1010001,Dhaka,PM2.5-24hr,UG/M3,265.2,24,U.S. Department of State Bangladesh - Dhaka,316,5,23.796374,90.424614,050DK1010001,https://files.airnowtech.org/airnow/2021/20210110/daily_data_v2.dat,01/10/21|DK1010001|Dhaka|PM2.5-24hr|UG/M3|265.2|24|U.S. Department of State Bangladesh - Dhaka|316|5|23.796374|90.424614|050DK1010001,2026-07-18T03:21:23+00:00,1e4a1ad80d3130ddcf71d372c2b652e73a6154709210d9d1cdfc90c6c1abc1e8
2021-01-11,DK1010001,Dhaka,PM2.5-24hr,UG/M3,266.5,24,U.S. Department of State Bangladesh - Dhaka,317,5,23.796374,90.424614,050DK1010001,https://files.airnowtech.org/airnow/2021/20210111/daily_data_v2.dat,01/11/21|DK1010001|Dhaka|PM2.5-24hr|UG/M3|266.5|24|U.S. Department of State Bangladesh - Dhaka|317|5|23.796374|90.424614|050DK1010001,2026-07-18T03:21:23+00:00,006a4bb2b6ef03301b82168dbc6c0feec6a4e99aad31f4b6529b08fdf040ec6c
2021-01-12,DK1010001,Dhaka,PM2.5-24hr,UG/M3,186.3,24,U.S. Department of State Bangladesh - Dhaka,237,4,23.796374,90.424614,050DK1010001,https://files.airnowtech.org/airnow/2021/20210112/daily_data_v2.dat,01/12/21|DK1010001|Dhaka|PM2.5-24hr|UG/M3|186.3|24|U.S. Department of State Bangladesh - Dhaka|237|4|23.796374|90.424614|050DK1010001,2026-07-18T03:21:23+00:00,755c95736fecb708caa34028875132cfa61a75bd2f747107f168825cec657fc3
2021-01-13,DK1010001,Dhaka,PM2.5-24hr,UG/M3,159.1,24,U.S. Department of State Bangladesh - Dhaka,210,4,23.796374,90.424614,050DK1010001,https://files.airnowtech.org/airnow/2021/20210113/daily_data_v2.dat,01/13/21|DK1010001|Dhaka|PM2.5-24hr|UG/M3|159.1|24|U.S. Department of State Bangladesh - Dhaka|210|4|23.796374|90.424614|050DK1010001,2026-07-18T03:21:23+00:00,1f4e107dd21e42bc70381cb8031d229639fa9be2a79b3dc2339bdc7e69a98645
2021-01-14,DK1010001,Dhaka,PM2.5-24hr,UG/M3,177.5,24,U.S. Department of State Bangladesh - Dhaka,228,4,23.796374,90.424614,050DK1010001,https://files.airnowtech.org/airnow/2021/20210114/daily_data_v2.dat,01/14/21|DK1010001|Dhaka|PM2.5-24hr|UG/M3|177.5|24|U.S. Department of State Bangladesh - Dhaka|228|4|23.796374|90.424614|050DK1010001,2026-07-18T03:21:23+00:00,d5fc65244467781dfcfebf28355246c5382356f1e463336d372649805a99f8cc
2021-01-15,DK1010001,Dhaka,PM2.5-24hr,UG/M3,181.5,24,U.S. Department of State Bangladesh - Dhaka,232,4,23.796374,90.424614,050DK1010001,https://files.airnowtech.org/airnow/2021/20210115/daily_data_v2.dat,01/15/21|DK1010001|Dhaka|PM2.5-24hr|UG/M3|181.5|24|U.S. Department of State Bangladesh - Dhaka|232|4|23.796374|90.424614|050DK1010001,2026-07-18T03:21:23+00:00,2143f7e2648b2ff8a557051f7e78cc91be2fd9433bc0c5e5d0efc4518a91d4ca
2021-01-16,DK1010001,Dhaka,PM2.5-24hr,UG/M3,251.9,24,U.S. Department of State Bangladesh - Dhaka,302,5,23.796374,90.424614,050DK1010001,https://files.airnowtech.org/airnow/2021/20210116/daily_data_v2.dat,01/16/21|DK1010001|Dhaka|PM2.5-24hr|UG/M3|251.9|24|U.S. Department of State Bangladesh - Dhaka|302|5|23.796374|90.424614|050DK1010001,2026-07-18T03:21:23+00:00,5e04577b007fe4930c3c8c1fd33132dfa782c83c16e8e37b0d90363106917864
2021-01-17,DK1010001,Dhaka,PM2.5-24hr,UG/M3,263.7,24,U.S. Department of State Bangladesh - Dhaka,314,5,23.796374,90.424614,050DK1010001,https://files.airnowtech.org/airnow/2021/20210117/daily_data_v2.dat,01/17/21|DK1010001|Dhaka|PM2.5-24hr|UG/M3|263.7|24|U.S. Department of State Bangladesh - Dhaka|314|5|23.796374|90.424614|050DK1010001,2026-07-18T03:21:23+00:00,2cfcbe8f51165a8b4be076568b82d9757e108eb5c93db3d21f7c56b792aa71e5
2021-01-18,DK1010001,Dhaka,PM2.5-24hr,UG/M3,248.3,24,U.S. Department of State Bangladesh - Dhaka,298,4,23.796374,90.424614,050DK1010001,https://files.airnowtech.org/airnow/2021/20210118/daily_data_v2.dat,01/18/21|DK1010001|Dhaka|PM2.5-24hr|UG/M3|248.3|24|U.S. Department of State Bangladesh - Dhaka|298|4|23.796374|90.424614|050DK1010001,2026-07-18T03:21:23+00:00,b3ea2bf67f3d1d72e533f93cf1f8f87ec0d544f06c905bd1162366c7ee98b2ec
2021-01-19,DK1010001,Dhaka,PM2.5-24hr,UG/M3,354.7,24,U.S. Department of State Bangladesh - Dhaka,404,5,23.796374,90.424614,050DK1010001,https://files.airnowtech.org/airnow/2021/20210119/daily_data_v2.dat,01/19/21|DK1010001|Dhaka|PM2.5-24hr|UG/M3|354.7|24|U.S. Department of State Bangladesh - Dhaka|404|5|23.796374|90.424614|050DK1010001,2026-07-18T03:21:23+00:00,83a5b880e1dd013b98d7e01aac4624a1b2b1b66d72dfff923e8127970bfb152a
2021-01-20,DK1010001,Dhaka,PM2.5-24hr,UG/M3,298.3,24,U.S. Department of State Bangladesh - Dhaka,348,5,23.796374,90.424614,050DK1010001,https://files.airnowtech.org/airnow/2021/20210120/daily_data_v2.dat,01/20/21|DK1010001|Dhaka|PM2.5-24hr|UG/M3|298.3|24|U.S. Department of State Bangladesh - Dhaka|348|5|23.796374|90.424614|050DK1010001,2026-07-18T03:21:23+00:00,c2e836eba3d942967251f7441563a17efe7f15a50a851792fd7cf91080cd407d
2021-01-21,DK1010001,Dhaka,PM2.5-24hr,UG/M3,254.0,24,U.S. Department of State Bangladesh - Dhaka,304,5,23.796374,90.424614,050DK1010001,https://files.airnowtech.org/airnow/2021/20210121/daily_data_v2.dat,01/21/21|DK1010001|Dhaka|PM2.5-24hr|UG/M3|254|24|U.S. Department of State Bangladesh - Dhaka|304|5|23.796374|90.424614|050DK1010001,2026-07-18T03:21:23+00:00,008f15da013cc2e60be6fafc0416857101aab4f2df91ec6e0522a28ed1dc79f8
2021-01-23,DK1010001,Dhaka,PM2.5-24hr,UG/M3,197.5,24,U.S. Department of State Bangladesh - Dhaka,248,4,23.796374,90.424614,050DK1010001,https://files.airnowtech.org/airnow/2021/20210123/daily_data_v2.dat,01/23/21|DK1010001|Dhaka|PM2.5-24hr|UG/M3|197.5|24|U.S. Department of State Bangladesh - Dhaka|248|4|23.796374|90.424614|050DK1010001,2026-07-18T03:21:23+00:00,9c4dfbcf50e045032b8553aefab5ba11fca7890ef7f1d7aa183c6eeba275f8ed
2021-01-24,DK1010001,Dhaka,PM2.5-24hr,UG/M3,239.4,24,U.S. Department of State Bangladesh - Dhaka,289,4,23.796374,90.424614,050DK1010001,https://files.airnowtech.org/airnow/2021/20210124/daily_data_v2.dat,01/24/21|DK1010001|Dhaka|PM2.5-24hr|UG/M3|239.4|24|U.S. Department of State Bangladesh - Dhaka|289|4|23.796374|90.424614|050DK1010001,2026-07-18T03:21:23+00:00,75aa00d17e31f218c2b3f7bc4c696468b092c24991fdcf281071c171ab4bee59
2021-01-25,DK1010001,Dhaka,PM2.5-24hr,UG/M3,204.5,24,U.S. Department of State Bangladesh - Dhaka,255,4,23.796374,90.424614,050DK1010001,https://files.airnowtech.org/airnow/2021/20210125/daily_data_v2.dat,01/25/21|DK1010001|Dhaka|PM2.5-24hr|UG/M3|204.5|24|U.S. Department of State Bangladesh - Dhaka|255|4|23.796374|90.424614|050DK1010001,2026-07-18T03:21:23+00:00,17061bff44c480fccb37146aa12ddd22f544cdcb735d20ea1e46b572395b63d5
2021-01-26,DK1010001,Dhaka,PM2.5-24hr,UG/M3,216.9,24,U.S. Department of State Bangladesh - Dhaka,267,4,23.796374,90.424614,050DK1010001,https://files.airnowtech.org/airnow/2021/20210126/daily_data_v2.dat,01/26/21|DK1010001|Dhaka|PM2.5-24hr|UG/M3|216.9|24|U.S. Department of State Bangladesh - Dhaka|267|4|23.796374|90.424614|050DK1010001,2026-07-18T03:21:23+00:00,06248fe6d573d994d19faa3d8460c1fa50a66e6e63f37274da814456dfdaaacd
2021-01-27,DK1010001,Dhaka,PM2.5-24hr,UG/M3,175.4,24,U.S. Department of State Bangladesh - Dhaka,226,4,23.796374,90.424614,050DK1010001,https://files.airnowtech.org/airnow/2021/20210127/daily_data_v2.dat,01/27/21|DK1010001|Dhaka|PM2.5-24hr|UG/M3|175.4|24|U.S. Department of State Bangladesh - Dhaka|226|4|23.796374|90.424614|050DK1010001,2026-07-18T03:21:23+00:00,45a93d192ac566fae6f9486ea8902cb86c4d447c969eb3838b8d9bb5f5d95aad
2021-01-28,DK1010001,Dhaka,PM2.5-24hr,UG/M3,204.1,24,U.S. Department of State Bangladesh - Dhaka,254,4,23.796374,90.424614,050DK1010001,https://files.airnowtech.org/airnow/2021/20210128/daily_data_v2.dat,01/28/21|DK1010001|Dhaka|PM2.5-24hr|UG/M3|204.1|24|U.S. Department of State Bangladesh - Dhaka|254|4|23.796374|90.424614|050DK1010001,2026-07-18T03:21:23+00:00,56094f987293f833fd18a9da482cad9e035d53ca0fbf3c020303e4b7119bc09e
2021-01-29,DK1010001,Dhaka,PM2.5-24hr,UG/M3,187.6,24,U.S. Department of State Bangladesh - Dhaka,238,4,23.796374,90.424614,050DK1010001,https://files.airnowtech.org/airnow/2021/20210129/daily_data_v2.dat,01/29/21|DK1010001|Dhaka|PM2.5-24hr|UG/M3|187.6|24|U.S. Department of State Bangladesh - Dhaka|238|4|23.796374|90.424614|050DK1010001,2026-07-18T03:21:23+00:00,87bcc48bc28be9d384fe84ff8d88fcd6bfebca074fecae2f53b7ddd6643e5157
2021-01-30,DK1010001,Dhaka,PM2.5-24hr,UG/M3,190.2,24,U.S. Department of State Bangladesh - Dhaka,240,4,23.796374,90.424614,050DK1010001,https://files.airnowtech.org/airnow/2021/20210130/daily_data_v2.dat,01/30/21|DK1010001|Dhaka|PM2.5-24hr|UG/M3|190.2|24|U.S. Department of State Bangladesh - Dhaka|240|4|23.796374|90.424614|050DK1010001,2026-07-18T03:21:23+00:00,5dbd0c5dc309b779d2b60a28d5e891a0a958323f5f1d154cd13e74bd87bf5f8a
2021-01-31,DK1010001,Dhaka,PM2.5-24hr,UG/M3,209.5,24,U.S. Department of State Bangladesh - Dhaka,259,4,23.796374,90.424614,050DK1010001,https://files.airnowtech.org/airnow/2021/20210131/daily_data_v2.dat,01/31/21|DK1010001|Dhaka|PM2.5-24hr|UG/M3|209.5|24|U.S. Department of State Bangladesh - Dhaka|259|4|23.796374|90.424614|050DK1010001,2026-07-18T03:21:23+00:00,03d78155026cef194652ddecb54ec9a42b8fc32a964f0da7b63dbd825a1beeb8
2021-02-01,DK1010001,Dhaka,PM2.5-24hr,UG/M3,205.5,24,U.S. Department of State Bangladesh - Dhaka,256,4,23.796374,90.424614,050DK1010001,https://files.airnowtech.org/airnow/2021/20210201/daily_data_v2.dat,02/01/21|DK1010001|Dhaka|PM2.5-24hr|UG/M3|205.5|24|U.S. Department of State Bangladesh - Dhaka|256|4|23.796374|90.424614|050DK1010001,2026-07-18T03:21:23+00:00,452da52ac055843654b47c83f97ede8413bc97f1e8c3f07fd674dd7904af29ce
2021-02-02,DK1010001,Dhaka,PM2.5-24hr,UG/M3,198.3,24,U.S. Department of State Bangladesh - Dhaka,248,4,23.796374,90.424614,050DK1010001,https://files.airnowtech.org/airnow/2021/20210202/daily_data_v2.dat,02/02/21|DK1010001|Dhaka|PM2.5-24hr|UG/M3|198.3|24|U.S. Department of State Bangladesh - Dhaka|248|4|23.796374|90.424614|050DK1010001,2026-07-18T03:21:23+00:00,2cfd525c8b906b5aa01e8e3c1dd7096cab5fb956543526882b9179a9f405b62b
2021-02-03,DK1010001,Dhaka,PM2.5-24hr,UG/M3,180.5,24,U.S. Department of State Bangladesh - Dhaka,231,4,23.796374,90.424614,050DK1010001,https://files.airnowtech.org/airnow/2021/20210203/daily_data_v2.dat,02/03/21|DK1010001|Dhaka|PM2.5-24hr|UG/M3|180.5|24|U.S. Department of State Bangladesh - Dhaka|231|4|23.796374|90.424614|050DK1010001,2026-07-18T03:21:23+00:00,b40ac89bbf72392b232de5b3a135d1c5177e81a363c087886f3b3c31710a7015
2021-02-04,DK1010001,Dhaka,PM2.5-24hr,UG/M3,187.4,24,U.S. Department of State Bangladesh - Dhaka,238,4,23.796374,90.424614,050DK1010001,https://files.airnowtech.org/airnow/2021/20210204/daily_data_v2.dat,02/04/21|DK1010001|Dhaka|PM2.5-24hr|UG/M3|187.4|24|U.S. Department of State Bangladesh - Dhaka|238|4|23.796374|90.424614|050DK1010001,2026-07-18T03:21:23+00:00,c584555cbbc3d56451c68d3599e5c3f7e32b154dfbb7191754802178146fd5a8
2021-02-05,DK1010001,Dhaka,PM2.5-24hr,UG/M3,155.4,24,U.S. Department of State Bangladesh - Dhaka,206,4,23.796374,90.424614,050DK1010001,https://files.airnowtech.org/airnow/2021/20210205/daily_data_v2.dat,02/05/21|DK1010001|Dhaka|PM2.5-24hr|UG/M3|155.4|24|U.S. Department of State Bangladesh - Dhaka|206|4|23.796374|90.424614|050DK1010001,2026-07-18T03:21:23+00:00,bb19c6f66e468d8cde9aa934701b6bd42f409ce8d348d3c36633d6ab4992da2b
2021-02-06,DK1010001,Dhaka,PM2.5-24hr,UG/M3,148.0,24,U.S. Department of State Bangladesh - Dhaka,199,3,23.796374,90.424614,050DK1010001,https://files.airnowtech.org/airnow/2021/20210206/daily_data_v2.dat,02/06/21|DK1010001|Dhaka|PM2.5-24hr|UG/M3|148|24|U.S. Department of State Bangladesh - Dhaka|199|3|23.796374|90.424614|050DK1010001,2026-07-18T03:21:23+00:00,f377f92b1554476a04360fa507c8011c0a5280ce120b0a182320cb2a9360900c
2021-02-07,DK1010001,Dhaka,PM2.5-24hr,UG/M3,111.8,24,U.S. Department of State Bangladesh - Dhaka,180,3,23.796374,90.424614,050DK1010001,https://files.airnowtech.org/airnow/2021/20210207/daily_data_v2.dat,02/07/21|DK1010001|Dhaka|PM2.5-24hr|UG/M3|111.8|24|U.S. Department of State Bangladesh - Dhaka|180|3|23.796374|90.424614|050DK1010001,2026-07-18T03:21:23+00:00,5bc276408c9a2b4913d6b939f500520d4d3410147ec8e659b8d2744da1939d27
2021-02-08,DK1010001,Dhaka,PM2.5-24hr,UG/M3,109.7,24,U.S. Department of State Bangladesh - Dhaka,179,3,23.796374,90.424614,050DK1010001,https://files.airnowtech.org/airnow/2021/20210208/daily_data_v2.dat,02/08/21|DK1010001|Dhaka|PM2.5-24hr|UG/M3|109.7|24|U.S. Department of State Bangladesh - Dhaka|179|3|23.796374|90.424614|050DK1010001,2026-07-18T03:21:23+00:00,8a53e7a7ed2573c4f2bd5eac98caba6acce322a769568038cbaf679855656cc7
2021-02-09,DK1010001,Dhaka,PM2.5-24hr,UG/M3,119.1,24,U.S. Department of State Bangladesh - Dhaka,184,3,23.796374,90.424614,050DK1010001,https://files.airnowtech.org/airnow/2021/20210209/daily_data_v2.dat,02/09/21|DK1010001|Dhaka|PM2.5-24hr|UG/M3|119.1|24|U.S. Department of State Bangladesh - Dhaka|184|3|23.796374|90.424614|050DK1010001,2026-07-18T03:21:23+00:00,ffcfe3c455865b5c53b221c1bc4c483f07aa119b2c4af7875efb38b6afaf1eaa
2021-02-10,DK1010001,Dhaka,PM2.5-24hr,UG/M3,174.5,24,U.S. Department of State Bangladesh - Dhaka,225,4,23.796374,90.424614,050DK1010001,https://files.airnowtech.org/airnow/2021/20210210/daily_data_v2.dat,02/10/21|DK1010001|Dhaka|PM2.5-24hr|UG/M3|174.5|24|U.S. Department of State Bangladesh - Dhaka|225|4|23.796374|90.424614|050DK1010001,2026-07-18T03:21:23+00:00,1302e4e49b830345387a9839855adf5f6c4a234dc0c0c42409d9163da74b80e5
2021-02-11,DK1010001,Dhaka,PM2.5-24hr,UG/M3,215.1,24,U.S. Department of State Bangladesh - Dhaka,265,4,23.796374,90.424614,050DK1010001,https://files.airnowtech.org/airnow/2021/20210211/daily_data_v2.dat,02/11/21|DK1010001|Dhaka|PM2.5-24hr|UG/M3|215.1|24|U.S. Department of State Bangladesh - Dhaka|265|4|23.796374|90.424614|050DK1010001,2026-07-18T03:21:23+00:00,6954288a94ca8db16adb4d9d260edc2053a5e1d4d216ee468751fa5751f3f5bd
2021-02-12,DK1010001,Dhaka,PM2.5-24hr,UG/M3,263.8,24,U.S. Department of State Bangladesh - Dhaka,314,5,23.796374,90.424614,050DK1010001,https://files.airnowtech.org/airnow/2021/20210212/daily_data_v2.dat,02/12/21|DK1010001|Dhaka|PM2.5-24hr|UG/M3|263.8|24|U.S. Department of State Bangladesh - Dhaka|314|5|23.796374|90.424614|050DK1010001,2026-07-18T03:21:23+00:00,5b61ae99f02a2b6f564be9b3dff86471055c616e35c54abba668caf977d9cbf0
2021-02-13,DK1010001,Dhaka,PM2.5-24hr,UG/M3,227.1,24,U.S. Department of State Bangladesh - Dhaka,277,4,23.796374,90.424614,050DK1010001,https://files.airnowtech.org/airnow/2021/20210213/daily_data_v2.dat,02/13/21|DK1010001|Dhaka|PM2.5-24hr|UG/M3|227.1|24|U.S. Department of State Bangladesh - Dhaka|277|4|23.796374|90.424614|050DK1010001,2026-07-18T03:21:23+00:00,259354bf72e556d47fb392847edcb0563fc51bac391684ee6f6f2223328b97f2
2021-02-14,DK1010001,Dhaka,PM2.5-24hr,UG/M3,259.2,24,U.S. Department of State Bangladesh - Dhaka,310,5,23.796374,90.424614,050DK1010001,https://files.airnowtech.org/airnow/2021/20210214/daily_data_v2.dat,02/14/21|DK1010001|Dhaka|PM2.5-24hr|UG/M3|259.2|24|U.S. Department of State Bangladesh - Dhaka|310|5|23.796374|90.424614|050DK1010001,2026-07-18T03:21:23+00:00,078475afe6e6a875d2f81d018bdade7e5a9746061f887a213d8d6274c7afa3fb
2021-02-15,DK1010001,Dhaka,PM2.5-24hr,UG/M3,265.4,24,U.S. Department of State Bangladesh - Dhaka,316,5,23.796374,90.424614,050DK1010001,https://files.airnowtech.org/airnow/2021/20210215/daily_data_v2.dat,02/15/21|DK1010001|Dhaka|PM2.5-24hr|UG/M3|265.4|24|U.S. Department of State Bangladesh - Dhaka|316|5|23.796374|90.424614|050DK1010001,2026-07-18T03:21:23+00:00,c8ec46b05b6aa3058407098f70a5cf0a586a8c896daf6e8141101c1c03bacb02
2021-02-16,DK1010001,Dhaka,PM2.5-24hr,UG/M3,244.8,24,U.S. Department of State Bangladesh - Dhaka,294,4,23.796374,90.424614,050DK1010001,https://files.airnowtech.org/airnow/2021/20210216/daily_data_v2.dat,02/16/21|DK1010001|Dhaka|PM2.5-24hr|UG/M3|244.8|24|U.S. Department of State Bangladesh - Dhaka|294|4|23.796374|90.424614|050DK1010001,2026-07-18T03:21:23+00:00,6bcd8c9f4a82e1a7ad6b94c2e57ac5009ff9125b1924e95424db42b1e6851ac6
2021-02-17,DK1010001,Dhaka,PM2.5-24hr,UG/M3,191.7,24,U.S. Department of State Bangladesh - Dhaka,242,4,23.796374,90.424614,050DK1010001,https://files.airnowtech.org/airnow/2021/20210217/daily_data_v2.dat,02/17/21|DK1010001|Dhaka|PM2.5-24hr|UG/M3|191.7|24|U.S. Department of State Bangladesh - Dhaka|242|4|23.796374|90.424614|050DK1010001,2026-07-18T03:21:23+00:00,0e24ca76866eca85f994652b25c9aac35d01a90caeae9718e8cc3ec564e200a5
2021-02-18,DK1010001,Dhaka,PM2.5-24hr,UG/M3,194.4,24,U.S. Department of State Bangladesh - Dhaka,245,4,23.796374,90.424614,050DK1010001,https://files.airnowtech.org/airnow/2021/20210218/daily_data_v2.dat,02/18/21|DK1010001|Dhaka|PM2.5-24hr|UG/M3|194.4|24|U.S. Department of State Bangladesh - Dhaka|245|4|23.796374|90.424614|050DK1010001,2026-07-18T03:21:23+00:00,be2eef87a0d31627a3f0e0b74959858d3b385eec3cd43264854ce1eb548d9b63
2021-02-19,DK1010001,Dhaka,PM2.5-24hr,UG/M3,154.2,24,U.S. Department of State Bangladesh - Dhaka,205,4,23.796374,90.424614,050DK1010001,https://files.airnowtech.org/airnow/2021/20210219/daily_data_v2.dat,02/19/21|DK1010001|Dhaka|PM2.5-24hr|UG/M3|154.2|24|U.S. Department of State Bangladesh - Dhaka|205|4|23.796374|90.424614|050DK1010001,2026-07-18T03:21:23+00:00,1e075a16adab6a6709bfc9a5811dd9c4dd88e6ac031e3fee04f9d492b8e90f5d
2021-02-20,DK1010001,Dhaka,PM2.5-24hr,UG/M3,142.7,24,U.S. Department of State Bangladesh - Dhaka,196,3,23.796374,90.424614,050DK1010001,https://files.airnowtech.org/airnow/2021/20210220/daily_data_v2.dat,02/20/21|DK1010001|Dhaka|PM2.5-24hr|UG/M3|142.7|24|U.S. Department of State Bangladesh - Dhaka|196|3|23.796374|90.424614|050DK1010001,2026-07-18T03:21:24+00:00,e58034ca89472a2071afed1787dbb3055433c774159758426b3e16f9753d51df
2021-02-21,DK1010001,Dhaka,PM2.5-24hr,UG/M3,136.6,24,U.S. Department of State Bangladesh - Dhaka,193,3,23.796374,90.424614,050DK1010001,https://files.airnowtech.org/airnow/2021/20210221/daily_data_v2.dat,02/21/21|DK1010001|Dhaka|PM2.5-24hr|UG/M3|136.6|24|U.S. Department of State Bangladesh - Dhaka|193|3|23.796374|90.424614|050DK1010001,2026-07-18T03:21:24+00:00,64c63a35ec8dd6a2894204d563dd27ca80209bbbc6521232c8af68366934f0f3
2021-02-22,DK1010001,Dhaka,PM2.5-24hr,UG/M3,142.9,24,U.S. Department of State Bangladesh - Dhaka,196,3,23.796374,90.424614,050DK1010001,https://files.airnowtech.org/airnow/2021/20210222/daily_data_v2.dat,02/22/21|DK1010001|Dhaka|PM2.5-24hr|UG/M3|142.9|24|U.S. Department of State Bangladesh - Dhaka|196|3|23.796374|90.424614|050DK1010001,2026-07-18T03:21:24+00:00,d3e73d670dc7ed8091c71572ff962aabcd9926f1cff029d571948ac776f6c64a
2021-02-23,DK1010001,Dhaka,PM2.5-24hr,UG/M3,169.4,24,U.S. Department of State Bangladesh - Dhaka,220,4,23.796374,90.424614,050DK1010001,https://files.airnowtech.org/airnow/2021/20210223/daily_data_v2.dat,02/23/21|DK1010001|Dhaka|PM2.5-24hr|UG/M3|169.4|24|U.S. Department of State Bangladesh - Dhaka|220|4|23.796374|90.424614|050DK1010001,2026-07-18T03:21:24+00:00,9f68018755db856e32bef67bb25e76d08c1ffb4fb115a0cf786b153c847fe9cd
2021-02-24,DK1010001,Dhaka,PM2.5-24hr,UG/M3,266.1,24,U.S. Department of State Bangladesh - Dhaka,317,5,23.796374,90.424614,050DK1010001,https://files.airnowtech.org/airnow/2021/20210224/daily_data_v2.dat,02/24/21|DK1010001|Dhaka|PM2.5-24hr|UG/M3|266.1|24|U.S. Department of State Bangladesh - Dhaka|317|5|23.796374|90.424614|050DK1010001,2026-07-18T03:21:24+00:00,5c50c9a6907302c9f59c33f86dbd41dd28179e33317657ba3be5b27de6c51320
2021-02-25,DK1010001,Dhaka,PM2.5-24hr,UG/M3,231.8,24,U.S. Department of State Bangladesh - Dhaka,282,4,23.796374,90.424614,050DK1010001,https://files.airnowtech.org/airnow/2021/20210225/daily_data_v2.dat,02/25/21|DK1010001|Dhaka|PM2.5-24hr|UG/M3|231.8|24|U.S. Department of State Bangladesh - Dhaka|282|4|23.796374|90.424614|050DK1010001,2026-07-18T03:21:24+00:00,0e529f995ff36bb1cdd91ef0ef1b1c18175213f063beb5422a34628b69edbb2c
2021-02-26,DK1010001,Dhaka,PM2.5-24hr,UG/M3,129.2,24,U.S. Department of State Bangladesh - Dhaka,189,3,23.796374,90.424614,050DK1010001,https://files.airnowtech.org/airnow/2021/20210226/daily_data_v2.dat,02/26/21|DK1010001|Dhaka|PM2.5-24hr|UG/M3|129.2|24|U.S. Department of State Bangladesh - Dhaka|189|3|23.796374|90.424614|050DK1010001,2026-07-18T03:21:24+00:00,9389e37b2ef5f76510965c6e6e55d158afefc3ea7ba792cab6b98689e585b918
2021-02-27,DK1010001,Dhaka,PM2.5-24hr,UG/M3,109.1,24,U.S. Department of State Bangladesh - Dhaka,179,3,23.796374,90.424614,050DK1010001,https://files.airnowtech.org/airnow/2021/20210227/daily_data_v2.dat,02/27/21|DK1010001|Dhaka|PM2.5-24hr|UG/M3|109.1|24|U.S. Department of State Bangladesh - Dhaka|179|3|23.796374|90.424614|050DK1010001,2026-07-18T03:21:24+00:00,06da521bce1b5894dc88b44c47eff00c599f564ff3710bcbe31f1f7cac9e7c3c
2021-02-28,DK1010001,Dhaka,PM2.5-24hr,UG/M3,79.7,24,U.S. Department of State Bangladesh - Dhaka,163,3,23.796374,90.424614,050DK1010001,https://files.airnowtech.org/airnow/2021/20210228/daily_data_v2.dat,02/28/21|DK1010001|Dhaka|PM2.5-24hr|UG/M3|79.7|24|U.S. Department of State Bangladesh - Dhaka|163|3|23.796374|90.424614|050DK1010001,2026-07-18T03:21:24+00:00,f34a672a33d770edb536da7ab63369068e19a28d28ef94c58116feedf57c52bc
2021-03-01,DK1010001,Dhaka,PM2.5-24hr,UG/M3,94.6,24,U.S. Department of State Bangladesh - Dhaka,171,3,23.796374,90.424614,050DK1010001,https://files.airnowtech.org/airnow/2021/20210301/daily_data_v2.dat,03/01/21|DK1010001|Dhaka|PM2.5-24hr|UG/M3|94.6|24|U.S. Department of State Bangladesh - Dhaka|171|3|23.796374|90.424614|050DK1010001,2026-07-18T03:21:24+00:00,bbed69ac7434763036c73fd58c1a3a856014758e77905e4ab9454e7fc0dba2e7
2021-03-02,DK1010001,Dhaka,PM2.5-24hr,UG/M3,102.3,24,U.S. Department of State Bangladesh - Dhaka,175,3,23.796374,90.424614,050DK1010001,https://files.airnowtech.org/airnow/2021/20210302/daily_data_v2.dat,03/02/21|DK1010001|Dhaka|PM2.5-24hr|UG/M3|102.3|24|U.S. Department of State Bangladesh - Dhaka|175|3|23.796374|90.424614|050DK1010001,2026-07-18T03:21:24+00:00,b77047006e113b62a6f16d2ff86e79f3739ce75d76f8811a499d2cb2f76f10a0
2021-03-03,DK1010001,Dhaka,PM2.5-24hr,UG/M3,126.8,24,U.S. Department of State Bangladesh - Dhaka,188,3,23.796374,90.424614,050DK1010001,https://files.airnowtech.org/airnow/2021/20210303/daily_data_v2.dat,03/03/21|DK1010001|Dhaka|PM2.5-24hr|UG/M3|126.8|24|U.S. Department of State Bangladesh - Dhaka|188|3|23.796374|90.424614|050DK1010001,2026-07-18T03:21:24+00:00,c222707b5ef46b8e4422f1f42f2a0ed9584eb477ee86a4eece8dc925c1172374
2021-03-04,DK1010001,Dhaka,PM2.5-24hr,UG/M3,155.5,24,U.S. Department of State Bangladesh - Dhaka,206,4,23.796374,90.424614,050DK1010001,https://files.airnowtech.org/airnow/2021/20210304/daily_data_v2.dat,03/04/21|DK1010001|Dhaka|PM2.5-24hr|UG/M3|155.5|24|U.S. Department of State Bangladesh - Dhaka|206|4|23.796374|90.424614|050DK1010001,2026-07-18T03:21:24+00:00,8ec55a33f118e4ad48e11ebd14f65c1d342283db03038fca594041b6defa3022
2021-03-05,DK1010001,Dhaka,PM2.5-24hr,UG/M3,96.0,24,U.S. Department of State Bangladesh - Dhaka,172,3,23.796374,90.424614,050DK1010001,https://files.airnowtech.org/airnow/2021/20210305/daily_data_v2.dat,03/05/21|DK1010001|Dhaka|PM2.5-24hr|UG/M3|96|24|U.S. Department of State Bangladesh - Dhaka|172|3|23.796374|90.424614|050DK1010001,2026-07-18T03:21:24+00:00,fd28029a61db373a8b16329886dd1398f41fead9f3d71c680f2d9f357d026021
2021-03-06,DK1010001,Dhaka,PM2.5-24hr,UG/M3,76.3,24,U.S. Department of State Bangladesh - Dhaka,162,3,23.796374,90.424614,050DK1010001,https://files.airnowtech.org/airnow/2021/20210306/daily_data_v2.dat,03/06/21|DK1010001|Dhaka|PM2.5-24hr|UG/M3|76.3|24|U.S. Department of State Bangladesh - Dhaka|162|3|23.796374|90.424614|050DK1010001,2026-07-18T03:21:24+00:00,7365d14ee113c8bf9f6f44695ac1d53f3b18f2b097ab2e9709d819b9a1916ca5
2021-03-07,DK1010001,Dhaka,PM2.5-24hr,UG/M3,95.0,24,U.S. Department of State Bangladesh - Dhaka,171,3,23.796374,90.424614,050DK1010001,https://files.airnowtech.org/airnow/2021/20210307/daily_data_v2.dat,03/07/21|DK1010001|Dhaka|PM2.5-24hr|UG/M3|95|24|U.S. Department of State Bangladesh - Dhaka|171|3|23.796374|90.424614|050DK1010001,2026-07-18T03:21:24+00:00,d2b99649b5c540f52d029123b4e6fcd4e57b8bae7206cfe72730be679ea5daab
2021-03-08,DK1010001,Dhaka,PM2.5-24hr,UG/M3,135.0,24,U.S. Department of State Bangladesh - Dhaka,192,3,23.796374,90.424614,050DK1010001,https://files.airnowtech.org/airnow/2021/20210308/daily_data_v2.dat,03/08/21|DK1010001|Dhaka|PM2.5-24hr|UG/M3|135|24|U.S. Department of State Bangladesh - Dhaka|192|3|23.796374|90.424614|050DK1010001,2026-07-18T03:21:24+00:00,ac5215a108360bb71a17c6cae598a5f5c83fd744158c6da5a84e14d547799678
2021-03-09,DK1010001,Dhaka,PM2.5-24hr,UG/M3,70.7,24,U.S. Department of State Bangladesh - Dhaka,159,3,23.796374,90.424614,050DK1010001,https://files.airnowtech.org/airnow/2021/20210309/daily_data_v2.dat,03/09/21|DK1010001|Dhaka|PM2.5-24hr|UG/M3|70.7|24|U.S. Department of State Bangladesh - Dhaka|159|3|23.796374|90.424614|050DK1010001,2026-07-18T03:21:24+00:00,bec2e45340fd3e58a5f9c037f6e30fff213e131f2ead4cf4cbefb6cf188f9d36
2021-03-10,DK1010001,Dhaka,PM2.5-24hr,UG/M3,62.7,24,U.S. Department of State Bangladesh - Dhaka,155,3,23.796374,90.424614,050DK1010001,https://files.airnowtech.org/airnow/2021/20210310/daily_data_v2.dat,03/10/21|DK1010001|Dhaka|PM2.5-24hr|UG/M3|62.7|24|U.S. Department of State Bangladesh - Dhaka|155|3|23.796374|90.424614|050DK1010001,2026-07-18T03:21:24+00:00,31887f111094ff7a7f25937c3666e4bd39eb7ca2c1c94e9a378bccd67781e3eb
2021-03-11,DK1010001,Dhaka,PM2.5-24hr,UG/M3,108.8,24,U.S. Department of State Bangladesh - Dhaka,179,3,23.796374,90.424614,050DK1010001,https://files.airnowtech.org/airnow/2021/20210311/daily_data_v2.dat,03/11/21|DK1010001|Dhaka|PM2.5-24hr|UG/M3|108.8|24|U.S. Department of State Bangladesh - Dhaka|179|3|23.796374|90.424614|050DK1010001,2026-07-18T03:21:24+00:00,c52f6c5f82a066028f046ce32c47e640622b108b0e1d855c5cb116d8e41abcd4
2021-03-12,DK1010001,Dhaka,PM2.5-24hr,UG/M3,156.3,24,U.S. Department of State Bangladesh - Dhaka,207,4,23.796374,90.424614,050DK1010001,https://files.airnowtech.org/airnow/2021/20210312/daily_data_v2.dat,03/12/21|DK1010001|Dhaka|PM2.5-24hr|UG/M3|156.3|24|U.S. Department of State Bangladesh - Dhaka|207|4|23.796374|90.424614|050DK1010001,2026-07-18T03:21:24+00:00,1cafe0f62255c80585c05509eca488c8e968e3e892dc43d22399c906c9b7ea73
2021-03-13,DK1010001,Dhaka,PM2.5-24hr,UG/M3,140.0,24,U.S. Department of State Bangladesh - Dhaka,195,3,23.796374,90.424614,050DK1010001,https://files.airnowtech.org/airnow/2021/20210313/daily_data_v2.dat,03/13/21|DK1010001|Dhaka|PM2.5-24hr|UG/M3|140|24|U.S. Department of State Bangladesh - Dhaka|195|3|23.796374|90.424614|050DK1010001,2026-07-18T03:21:24+00:00,794fc0824b9da3c14098055a18ccb7c0ff5c21c6d4a5483f3ba2964bd4e50212
2021-03-14,DK1010001,Dhaka,PM2.5-24hr,UG/M3,98.2,24,U.S. Department of State Bangladesh - Dhaka,173,3,23.796374,90.424614,050DK1010001,https://files.airnowtech.org/airnow/2021/20210314/daily_data_v2.dat,03/14/21|DK1010001|Dhaka|PM2.5-24hr|UG/M3|98.2|24|U.S. Department of State Bangladesh - Dhaka|173|3|23.796374|90.424614|050DK1010001,2026-07-18T03:21:24+00:00,faeb0647d94860959f08eac05699f1aa28975ad2356251e31246e1d296896427
2021-03-15,DK1010001,Dhaka,PM2.5-24hr,UG/M3,188.0,24,U.S. Department of State Bangladesh - Dhaka,238,4,23.796374,90.424614,050DK1010001,https://files.airnowtech.org/airnow/2021/20210315/daily_data_v2.dat,03/15/21|DK1010001|Dhaka|PM2.5-24hr|UG/M3|188|24|U.S. Department of State Bangladesh - Dhaka|238|4|23.796374|90.424614|050DK1010001,2026-07-18T03:21:24+00:00,085937cd167eea5307fdb488b26a5d39f87b04bf0287d270991940856176b01e
2021-03-16,DK1010001,Dhaka,PM2.5-24hr,UG/M3,293.3,24,U.S. Department of State Bangladesh - Dhaka,343,5,23.796374,90.424614,050DK1010001,https://files.airnowtech.org/airnow/2021/20210316/daily_data_v2.dat,03/16/21|DK1010001|Dhaka|PM2.5-24hr|UG/M3|293.3|24|U.S. Department of State Bangladesh - Dhaka|343|5|23.796374|90.424614|050DK1010001,2026-07-18T03:21:24+00:00,a2d532fcf82446e718c6bc855abfca3f70dd0a30ec720155dfc59a4cbeb37939
2021-03-17,DK1010001,Dhaka,PM2.5-24hr,UG/M3,165.7,24,U.S. Department of State Bangladesh - Dhaka,216,4,23.796374,90.424614,050DK1010001,https://files.airnowtech.org/airnow/2021/20210317/daily_data_v2.dat,03/17/21|DK1010001|Dhaka|PM2.5-24hr|UG/M3|165.7|24|U.S. Department of State Bangladesh - Dhaka|216|4|23.796374|90.424614|050DK1010001,2026-07-18T03:21:24+00:00,c5f0c871e6ba5aa4fee1000dbd512bd3b4ffcf5c519ff3d4b497e004bf7b1688
2021-03-18,DK1010001,Dhaka,PM2.5-24hr,UG/M3,212.9,24,U.S. Department of State Bangladesh - Dhaka,263,4,23.796374,90.424614,050DK1010001,https://files.airnowtech.org/airnow/2021/20210318/daily_data_v2.dat,03/18/21|DK1010001|Dhaka|PM2.5-24hr|UG/M3|212.9|24|U.S. Department of State Bangladesh - Dhaka|263|4|23.796374|90.424614|050DK1010001,2026-07-18T03:21:24+00:00,9aa1e106e7b1c0db7afda0021a13511d8a988bb0b28f80843cae277c4f8dffa7
2021-03-19,DK1010001,Dhaka,PM2.5-24hr,UG/M3,252.9,24,U.S. Department of State Bangladesh - Dhaka,303,5,23.796374,90.424614,050DK1010001,https://files.airnowtech.org/airnow/2021/20210319/daily_data_v2.dat,03/19/21|DK1010001|Dhaka|PM2.5-24hr|UG/M3|252.9|24|U.S. Department of State Bangladesh - Dhaka|303|5|23.796374|90.424614|050DK1010001,2026-07-18T03:21:24+00:00,ec8f3cd45880e2f2fcc7a8a4062b2b618b96bca7eac16be2d014f04085b2f7fd
2021-03-20,DK1010001,Dhaka,PM2.5-24hr,UG/M3,234.8,24,U.S. Department of State Bangladesh - Dhaka,285,4,23.796374,90.424614,050DK1010001,https://files.airnowtech.org/airnow/2021/20210320/daily_data_v2.dat,03/20/21|DK1010001|Dhaka|PM2.5-24hr|UG/M3|234.8|24|U.S. Department of State Bangladesh - Dhaka|285|4|23.796374|90.424614|050DK1010001,2026-07-18T03:21:24+00:00,e922908b8e87d096ecfe973df24c4d8fd78531de26261b9918080bd4c0713080
2021-03-21,DK1010001,Dhaka,PM2.5-24hr,UG/M3,305.6,24,U.S. Department of State Bangladesh - Dhaka,356,5,23.796374,90.424614,050DK1010001,https://files.airnowtech.org/airnow/2021/20210321/daily_data_v2.dat,03/21/21|DK1010001|Dhaka|PM2.5-24hr|UG/M3|305.6|24|U.S. Department of State Bangladesh - Dhaka|356|5|23.796374|90.424614|050DK1010001,2026-07-18T03:21:24+00:00,871093d9707ca21236704cf6425593eb849799384e01d72d2f4b701eac38288c
2021-03-22,DK1010001,Dhaka,PM2.5-24hr,UG/M3,175.5,24,U.S. Department of State Bangladesh - Dhaka,226,4,23.796374,90.424614,050DK1010001,https://files.airnowtech.org/airnow/2021/20210322/daily_data_v2.dat,03/22/21|DK1010001|Dhaka|PM2.5-24hr|UG/M3|175.5|24|U.S. Department of State Bangladesh - Dhaka|226|4|23.796374|90.424614|050DK1010001,2026-07-18T03:21:24+00:00,d42f0576b79bcde45834e73dbbe20ea0fc090c7454bdccd5596fd72defa13e29
2021-03-23,DK1010001,Dhaka,PM2.5-24hr,UG/M3,139.9,24,U.S. Department of State Bangladesh - Dhaka,195,3,23.796374,90.424614,050DK1010001,https://files.airnowtech.org/airnow/2021/20210323/daily_data_v2.dat,03/23/21|DK1010001|Dhaka|PM2.5-24hr|UG/M3|139.9|24|U.S. Department of State Bangladesh - Dhaka|195|3|23.796374|90.424614|050DK1010001,2026-07-18T03:21:24+00:00,48fc7716e0d4fa3ff0dda937ea73cb5ec11b1bc342e59c35c86b59b92aa4daf8
2021-03-24,DK1010001,Dhaka,PM2.5-24hr,UG/M3,192.6,24,U.S. Department of State Bangladesh - Dhaka,243,4,23.796374,90.424614,050DK1010001,https://files.airnowtech.org/airnow/2021/20210324/daily_data_v2.dat,03/24/21|DK1010001|Dhaka|PM2.5-24hr|UG/M3|192.6|24|U.S. Department of State Bangladesh - Dhaka|243|4|23.796374|90.424614|050DK1010001,2026-07-18T03:21:24+00:00,cc46dc124b40266b6afce23288cf5a1f2b99602eb78941ee48f4dd40f19ffea7
2021-03-25,DK1010001,Dhaka,PM2.5-24hr,UG/M3,126.0,24,U.S. Department of State Bangladesh - Dhaka,187,3,23.796374,90.424614,050DK1010001,https://files.airnowtech.org/airnow/2021/20210325/daily_data_v2.dat,03/25/21|DK1010001|Dhaka|PM2.5-24hr|UG/M3|126|24|U.S. Department of State Bangladesh - Dhaka|187|3|23.796374|90.424614|050DK1010001,2026-07-18T03:21:24+00:00,9418fe4405d6b0dd6bede8760a00461b81438a9b0eaf6a1bd7f970b596228b22
2021-03-26,DK1010001,Dhaka,PM2.5-24hr,UG/M3,155.6,24,U.S. Department of State Bangladesh - Dhaka,206,4,23.796374,90.424614,050DK1010001,https://files.airnowtech.org/airnow/2021/20210326/daily_data_v2.dat,03/26/21|DK1010001|Dhaka|PM2.5-24hr|UG/M3|155.6|24|U.S. Department of State Bangladesh - Dhaka|206|4|23.796374|90.424614|050DK1010001,2026-07-18T03:21:24+00:00,461a7eebba887b1a744d92d1fe0a8186810c5e98bb15fd110ccf37eea69640aa
2021-03-27,DK1010001,Dhaka,PM2.5-24hr,UG/M3,141.6,24,U.S. Department of State Bangladesh - Dhaka,196,3,23.796374,90.424614,050DK1010001,https://files.airnowtech.org/airnow/2021/20210327/daily_data_v2.dat,03/27/21|DK1010001|Dhaka|PM2.5-24hr|UG/M3|141.6|24|U.S. Department of State Bangladesh - Dhaka|196|3|23.796374|90.424614|050DK1010001,2026-07-18T03:21:24+00:00,3019853227dce18ba20864c4859273444f5827e63993916f0d0a071a4992e04f
2021-03-28,DK1010001,Dhaka,PM2.5-24hr,UG/M3,143.7,24,U.S. Department of State Bangladesh - Dhaka,197,3,23.796374,90.424614,050DK1010001,https://files.airnowtech.org/airnow/2021/20210328/daily_data_v2.dat,03/28/21|DK1010001|Dhaka|PM2.5-24hr|UG/M3|143.7|24|U.S. Department of State Bangladesh - Dhaka|197|3|23.796374|90.424614|050DK1010001,2026-07-18T03:21:24+00:00,df69e87385ee9002102c5199c70e2df7310949316dee553d4422a71517ba24cc
2021-03-29,DK1010001,Dhaka,PM2.5-24hr,UG/M3,152.9,24,U.S. Department of State Bangladesh - Dhaka,203,4,23.796374,90.424614,050DK1010001,https://files.airnowtech.org/airnow/2021/20210329/daily_data_v2.dat,03/29/21|DK1010001|Dhaka|PM2.5-24hr|UG/M3|152.9|24|U.S. Department of State Bangladesh - Dhaka|203|4|23.796374|90.424614|050DK1010001,2026-07-18T03:21:24+00:00,f9d63a612264cc546343b8c4846d5bc228c834468358792f89ce028855f6ba97
2021-03-30,DK1010001,Dhaka,PM2.5-24hr,UG/M3,73.1,24,U.S. Department of State Bangladesh - Dhaka,160,3,23.796374,90.424614,050DK1010001,https://files.airnowtech.org/airnow/2021/20210330/daily_data_v2.dat,03/30/21|DK1010001|Dhaka|PM2.5-24hr|UG/M3|73.1|24|U.S. Department of State Bangladesh - Dhaka|160|3|23.796374|90.424614|050DK1010001,2026-07-18T03:21:24+00:00,c6ee6a2079abca87e10e4e91814300416a02141aaf95483ab67249288a09c163
2021-03-31,DK1010001,Dhaka,PM2.5-24hr,UG/M3,76.1,24,U.S. Department of State Bangladesh - Dhaka,162,3,23.796374,90.424614,050DK1010001,https://files.airnowtech.org/airnow/2021/20210331/daily_data_v2.dat,03/31/21|DK1010001|Dhaka|PM2.5-24hr|UG/M3|76.1|24|U.S. Department of State Bangladesh - Dhaka|162|3|23.796374|90.424614|050DK1010001,2026-07-18T03:21:24+00:00,bda451acd45223bbb6ef0d363514a80458080e4c61f450d7b775750d48de6e70
2021-04-01,DK1010001,Dhaka,PM2.5-24hr,UG/M3,76.6,24,U.S. Department of State Bangladesh - Dhaka,162,3,23.796374,90.424614,050DK1010001,https://files.airnowtech.org/airnow/2021/20210401/daily_data_v2.dat,04/01/21|DK1010001|Dhaka|PM2.5-24hr|UG/M3|76.6|24|U.S. Department of State Bangladesh - Dhaka|162|3|23.796374|90.424614|050DK1010001,2026-07-18T03:21:24+00:00,2d16097c2f5b58005c3b8b7728a57885cda3503a1b3bf3f4226b7aa5cc1d0a03
2021-04-02,DK1010001,Dhaka,PM2.5-24hr,UG/M3,92.2,24,U.S. Department of State Bangladesh - Dhaka,170,3,23.796374,90.424614,050DK1010001,https://files.airnowtech.org/airnow/2021/20210402/daily_data_v2.dat,04/02/21|DK1010001|Dhaka|PM2.5-24hr|UG/M3|92.2|24|U.S. Department of State Bangladesh - Dhaka|170|3|23.796374|90.424614|050DK1010001,2026-07-18T03:21:24+00:00,618d71cf533897afa68a041656d24679dc590ac0c3dce9a93fc2f75bec6e05c3
2021-04-03,DK1010001,Dhaka,PM2.5-24hr,UG/M3,122.1,24,U.S. Department of State Bangladesh - Dhaka,185,3,23.796374,90.424614,050DK1010001,https://files.airnowtech.org/airnow/2021/20210403/daily_data_v2.dat,04/03/21|DK1010001|Dhaka|PM2.5-24hr|UG/M3|122.1|24|U.S. Department of State Bangladesh - Dhaka|185|3|23.796374|90.424614|050DK1010001,2026-07-18T03:21:24+00:00,f27d855c98a76b2aa685b26216887a5ab905451ade210a8b8a5d01fa5f959f1d
2021-04-04,DK1010001,Dhaka,PM2.5-24hr,UG/M3,125.1,24,U.S. Department of State Bangladesh - Dhaka,187,3,23.796374,90.424614,050DK1010001,https://files.airnowtech.org/airnow/2021/20210404/daily_data_v2.dat,04/04/21|DK1010001|Dhaka|PM2.5-24hr|UG/M3|125.1|24|U.S. Department of State Bangladesh - Dhaka|187|3|23.796374|90.424614|050DK1010001,2026-07-18T03:21:24+00:00,6980cffb54d31f7a3102ec707a62aed64f04e2a8f74ab3bda62de9e5256dd28c
2021-04-05,DK1010001,Dhaka,PM2.5-24hr,UG/M3,111.2,24,U.S. Department of State Bangladesh - Dhaka,180,3,23.796374,90.424614,050DK1010001,https://files.airnowtech.org/airnow/2021/20210405/daily_data_v2.dat,04/05/21|DK1010001|Dhaka|PM2.5-24hr|UG/M3|111.2|24|U.S. Department of State Bangladesh - Dhaka|180|3|23.796374|90.424614|050DK1010001,2026-07-18T03:21:24+00:00,2f7b22ad93f183d7b4bbd98c2ee44c2865d9529e71357bcd8ec7639224e5b36b
2021-04-06,DK1010001,Dhaka,PM2.5-24hr,UG/M3,165.3,24,U.S. Department of State Bangladesh - Dhaka,216,4,23.796374,90.424614,050DK1010001,https://files.airnowtech.org/airnow/2021/20210406/daily_data_v2.dat,04/06/21|DK1010001|Dhaka|PM2.5-24hr|UG/M3|165.3|24|U.S. Department of State Bangladesh - Dhaka|216|4|23.796374|90.424614|050DK1010001,2026-07-18T03:21:24+00:00,d59bad9f25c91b72c6da085be445e77cb4175ec436478ba434c88d7d89fa0928
2021-04-12,DK1010001,Dhaka,PM2.5-24hr,UG/M3,87.3,24,U.S. Department of State Bangladesh - Dhaka,167,3,23.796374,90.424614,050DK1010001,https://files.airnowtech.org/airnow/2021/20210412/daily_data_v2.dat,04/12/21|DK1010001|Dhaka|PM2.5-24hr|UG/M3|87.3|24|U.S. Department of State Bangladesh - Dhaka|167|3|23.796374|90.424614|050DK1010001,2026-07-18T03:21:24+00:00,6fb819212632c5ff020dbcc3e49b806895d1df8fd04cfc125368694c08cac3ec
2021-04-13,DK1010001,Dhaka,PM2.5-24hr,UG/M3,62.3,24,U.S. Department of State Bangladesh - Dhaka,155,3,23.796374,90.424614,050DK1010001,https://files.airnowtech.org/airnow/2021/20210413/daily_data_v2.dat,04/13/21|DK1010001|Dhaka|PM2.5-24hr|UG/M3|62.3|24|U.S. Department of State Bangladesh - Dhaka|155|3|23.796374|90.424614|050DK1010001,2026-07-18T03:21:24+00:00,038186522b49afc8762d6e00f28e88696c24ef846e6de81429e08e73ed441776
2021-04-14,DK1010001,Dhaka,PM2.5-24hr,UG/M3,53.6,24,U.S. Department of State Bangladesh - Dhaka,146,2,23.796374,90.424614,050DK1010001,https://files.airnowtech.org/airnow/2021/20210414/daily_data_v2.dat,04/14/21|DK1010001|Dhaka|PM2.5-24hr|UG/M3|53.6|24|U.S. Department of State Bangladesh - Dhaka|146|2|23.796374|90.424614|050DK1010001,2026-07-18T03:21:24+00:00,5ae9a7073fff1e6ca6b676c9a555ad3ce69901b87d579c43fc4b9f61862b5d7a
2021-04-15,DK1010001,Dhaka,PM2.5-24hr,UG/M3,39.8,24,U.S. Department of State Bangladesh - Dhaka,112,2,23.796374,90.424614,050DK1010001,https://files.airnowtech.org/airnow/2021/20210415/daily_data_v2.dat,04/15/21|DK1010001|Dhaka|PM2.5-24hr|UG/M3|39.8|24|U.S. Department of State Bangladesh - Dhaka|112|2|23.796374|90.424614|050DK1010001,2026-07-18T03:21:24+00:00,c542f7c54799d097c684d55e968a6975d4f1341738f70468fb40c54dd2253d6c
2021-04-16,DK1010001,Dhaka,PM2.5-24hr,UG/M3,48.3,24,U.S. Department of State Bangladesh - Dhaka,133,2,23.796374,90.424614,050DK1010001,https://files.airnowtech.org/airnow/2021/20210416/daily_data_v2.dat,04/16/21|DK1010001|Dhaka|PM2.5-24hr|UG/M3|48.3|24|U.S. Department of State Bangladesh - Dhaka|133|2|23.796374|90.424614|050DK1010001,2026-07-18T03:21:24+00:00,1ff2986aba63ac169bdbcd2d51f1216176f54298f79e55e39c75d507276d0230
2021-04-17,DK1010001,Dhaka,PM2.5-24hr,UG/M3,40.2,24,U.S. Department of State Bangladesh - Dhaka,113,2,23.796374,90.424614,050DK1010001,https://files.airnowtech.org/airnow/2021/20210417/daily_data_v2.dat,04/17/21|DK1010001|Dhaka|PM2.5-24hr|UG/M3|40.2|24|U.S. Department of State Bangladesh - Dhaka|113|2|23.796374|90.424614|050DK1010001,2026-07-18T03:21:24+00:00,db69882eed3493208de28332f41710234f20cf4e56bc33d53104596ee860a3b8
2021-04-18,DK1010001,Dhaka,PM2.5-24hr,UG/M3,56.4,24,U.S. Department of State Bangladesh - Dhaka,152,3,23.796374,90.424614,050DK1010001,https://files.airnowtech.org/airnow/2021/20210418/daily_data_v2.dat,04/18/21|DK1010001|Dhaka|PM2.5-24hr|UG/M3|56.4|24|U.S. Department of State Bangladesh - Dhaka|152|3|23.796374|90.424614|050DK1010001,2026-07-18T03:21:24+00:00,66ceac3df9d77b551382ca2231090486f8480c3413b4835087e97d424788d906
2021-04-19,DK1010001,Dhaka,PM2.5-24hr,UG/M3,34.2,24,U.S. Department of State Bangladesh - Dhaka,98,1,23.796374,90.424614,050DK1010001,https://files.airnowtech.org/airnow/2021/20210419/daily_data_v2.dat,04/19/21|DK1010001|Dhaka|PM2.5-24hr|UG/M3|34.2|24|U.S. Department of State Bangladesh - Dhaka|98|1|23.796374|90.424614|050DK1010001,2026-07-18T03:21:24+00:00,549d711ab7ad9266e3ad11fb13cecb2ba7f914d809b8e0a722894aea75b3cc39
2021-04-20,DK1010001,Dhaka,PM2.5-24hr,UG/M3,33.8,24,U.S. Department of State Bangladesh - Dhaka,97,1,23.796374,90.424614,050DK1010001,https://files.airnowtech.org/airnow/2021/20210420/daily_data_v2.dat,04/20/21|DK1010001|Dhaka|PM2.5-24hr|UG/M3|33.8|24|U.S. Department of State Bangladesh - Dhaka|97|1|23.796374|90.424614|050DK1010001,2026-07-18T03:21:24+00:00,aa90974a0579da2d9679016e2aa34798c97fac624a5b4e9e066e5ff2ed6c28c0
2021-04-21,DK1010001,Dhaka,PM2.5-24hr,UG/M3,51.3,24,U.S. Department of State Bangladesh - Dhaka,140,2,23.796374,90.424614,050DK1010001,https://files.airnowtech.org/airnow/2021/20210421/daily_data_v2.dat,04/21/21|DK1010001|Dhaka|PM2.5-24hr|UG/M3|51.3|24|U.S. Department of State Bangladesh - Dhaka|140|2|23.796374|90.424614|050DK1010001,2026-07-18T03:21:24+00:00,e7b3594b76b35c428a47aa13f1c3a3acdc06cc22953e7900175fd431aa5de16b
2021-04-22,DK1010001,Dhaka,PM2.5-24hr,UG/M3,64.7,24,U.S. Department of State Bangladesh - Dhaka,156,3,23.796374,90.424614,050DK1010001,https://files.airnowtech.org/airnow/2021/20210422/daily_data_v2.dat,04/22/21|DK1010001|Dhaka|PM2.5-24hr|UG/M3|64.7|24|U.S. Department of State Bangladesh - Dhaka|156|3|23.796374|90.424614|050DK1010001,2026-07-18T03:21:24+00:00,0869a1249d48efe75aca0f4951faa734fa6abfd363fc694085ea7faacb1fe02c
2021-04-23,DK1010001,Dhaka,PM2.5-24hr,UG/M3,80.2,24,U.S. Department of State Bangladesh - Dhaka,164,3,23.796374,90.424614,050DK1010001,https://files.airnowtech.org/airnow/2021/20210423/daily_data_v2.dat,04/23/21|DK1010001|Dhaka|PM2.5-24hr|UG/M3|80.2|24|U.S. Department of State Bangladesh - Dhaka|164|3|23.796374|90.424614|050DK1010001,2026-07-18T03:21:24+00:00,1965801f299b73ecd0bdd393afd9770156bda4f4b6d93f90559da4f5ef5bf735
2021-04-24,DK1010001,Dhaka,PM2.5-24hr,UG/M3,181.2,24,U.S. Department of State Bangladesh - Dhaka,231,4,23.796374,90.424614,050DK1010001,https://files.airnowtech.org/airnow/2021/20210424/daily_data_v2.dat,04/24/21|DK1010001|Dhaka|PM2.5-24hr|UG/M3|181.2|24|U.S. Department of State Bangladesh - Dhaka|231|4|23.796374|90.424614|050DK1010001,2026-07-18T03:21:24+00:00,736f5af26c5835e3d990cf7cab586189f4df8d7a8708790a024518f83f914c71
2021-04-25,DK1010001,Dhaka,PM2.5-24hr,UG/M3,108.3,24,U.S. Department of State Bangladesh - Dhaka,178,3,23.796374,90.424614,050DK1010001,https://files.airnowtech.org/airnow/2021/20210425/daily_data_v2.dat,04/25/21|DK1010001|Dhaka|PM2.5-24hr|UG/M3|108.3|24|U.S. Department of State Bangladesh - Dhaka|178|3|23.796374|90.424614|050DK1010001,2026-07-18T03:21:24+00:00,024cf5756defe37faaffd7f329ee519d25270b56e5d55560ea4511ef9fba67d6
2021-04-26,DK1010001,Dhaka,PM2.5-24hr,UG/M3,51.7,24,U.S. Department of State Bangladesh - Dhaka,141,2,23.796374,90.424614,050DK1010001,https://files.airnowtech.org/airnow/2021/20210426/daily_data_v2.dat,04/26/21|DK1010001|Dhaka|PM2.5-24hr|UG/M3|51.7|24|U.S. Department of State Bangladesh - Dhaka|141|2|23.796374|90.424614|050DK1010001,2026-07-18T03:21:24+00:00,7d60dc1ee8c448aee1b6e43bcc021ed5f272cb23398c23ec5c3657e8617b3ac2
2021-04-27,DK1010001,Dhaka,PM2.5-24hr,UG/M3,44.3,24,U.S. Department of State Bangladesh - Dhaka,123,2,23.796374,90.424614,050DK1010001,https://files.airnowtech.org/airnow/2021/20210427/daily_data_v2.dat,04/27/21|DK1010001|Dhaka|PM2.5-24hr|UG/M3|44.3|24|U.S. Department of State Bangladesh - Dhaka|123|2|23.796374|90.424614|050DK1010001,2026-07-18T03:21:24+00:00,a8bea245434cc4a584e4c260b4bdf25af0165d86dc26502f15092e39f2fe6629
2021-04-28,DK1010001,Dhaka,PM2.5-24hr,UG/M3,67.3,24,U.S. Department of State Bangladesh - Dhaka,157,3,23.796374,90.424614,050DK1010001,https://files.airnowtech.org/airnow/2021/20210428/daily_data_v2.dat,04/28/21|DK1010001|Dhaka|PM2.5-24hr|UG/M3|67.3|24|U.S. Department of State Bangladesh - Dhaka|157|3|23.796374|90.424614|050DK1010001,2026-07-18T03:21:24+00:00,fdbb9ada51fa2fba9bc9b5e7649d47193d01e4fbd21ed2f3c381b8b41a2f33d3
2021-04-29,DK1010001,Dhaka,PM2.5-24hr,UG/M3,105.5,24,U.S. Department of State Bangladesh - Dhaka,177,3,23.796374,90.424614,050DK1010001,https://files.airnowtech.org/airnow/2021/20210429/daily_data_v2.dat,04/29/21|DK1010001|Dhaka|PM2.5-24hr|UG/M3|105.5|24|U.S. Department of State Bangladesh - Dhaka|177|3|23.796374|90.424614|050DK1010001,2026-07-18T03:21:24+00:00,3b26c674b20963a765b5d8e149e5bf8feb875f803575308adb841deeb9da3475
2021-04-30,DK1010001,Dhaka,PM2.5-24hr,UG/M3,119.9,24,U.S. Department of State Bangladesh - Dhaka,184,3,23.796374,90.424614,050DK1010001,https://files.airnowtech.org/airnow/2021/20210430/daily_data_v2.dat,04/30/21|DK1010001|Dhaka|PM2.5-24hr|UG/M3|119.9|24|U.S. Department of State Bangladesh - Dhaka|184|3|23.796374|90.424614|050DK1010001,2026-07-18T03:21:24+00:00,ee7c5cf3695a865cb7a005b26710c0f36807ccdfb3f47f737e3da5402d8064ad
2021-05-01,DK1010001,Dhaka,PM2.5-24hr,UG/M3,72.1,24,U.S. Department of State Bangladesh - Dhaka,160,3,23.796374,90.424614,050DK1010001,https://files.airnowtech.org/airnow/2021/20210501/daily_data_v2.dat,05/01/21|DK1010001|Dhaka|PM2.5-24hr|UG/M3|72.1|24|U.S. Department of State Bangladesh - Dhaka|160|3|23.796374|90.424614|050DK1010001,2026-07-18T03:21:24+00:00,f427201c87a35967a56b57a671e82c46002dae3279a6a129d37df643b19e2467
2021-05-02,DK1010001,Dhaka,PM2.5-24hr,UG/M3,96.2,24,U.S. Department of State Bangladesh - Dhaka,172,3,23.796374,90.424614,050DK1010001,https://files.airnowtech.org/airnow/2021/20210502/daily_data_v2.dat,05/02/21|DK1010001|Dhaka|PM2.5-24hr|UG/M3|96.2|24|U.S. Department of State Bangladesh - Dhaka|172|3|23.796374|90.424614|050DK1010001,2026-07-18T03:21:24+00:00,e4d103e25aa042475ca151fff4ec050eca6566598a36db52a6a8be84f9f0894d
2021-05-03,DK1010001,Dhaka,PM2.5-24hr,UG/M3,82.9,24,U.S. Department of State Bangladesh - Dhaka,165,3,23.796374,90.424614,050DK1010001,https://files.airnowtech.org/airnow/2021/20210503/daily_data_v2.dat,05/03/21|DK1010001|Dhaka|PM2.5-24hr|UG/M3|82.9|24|U.S. Department of State Bangladesh - Dhaka|165|3|23.796374|90.424614|050DK1010001,2026-07-18T03:21:24+00:00,0de329dc0b95baef66f778833836aa02c8bf0056fa8359e8cce95d951eb7213d
2021-05-04,DK1010001,Dhaka,PM2.5-24hr,UG/M3,51.0,24,U.S. Department of State Bangladesh - Dhaka,139,2,23.796374,90.424614,050DK1010001,https://files.airnowtech.org/airnow/2021/20210504/daily_data_v2.dat,05/04/21|DK1010001|Dhaka|PM2.5-24hr|UG/M3|51|24|U.S. Department of State Bangladesh - Dhaka|139|2|23.796374|90.424614|050DK1010001,2026-07-18T03:21:24+00:00,63e75ffe4fdc26c75d64d17f887a9a40868443d049ce35d6db107a947ae6ba42
2021-05-05,DK1010001,Dhaka,PM2.5-24hr,UG/M3,121.1,24,U.S. Department of State Bangladesh - Dhaka,185,3,23.796374,90.424614,050DK1010001,https://files.airnowtech.org/airnow/2021/20210505/daily_data_v2.dat,05/05/21|DK1010001|Dhaka|PM2.5-24hr|UG/M3|121.1|24|U.S. Department of State Bangladesh - Dhaka|185|3|23.796374|90.424614|050DK1010001,2026-07-18T03:21:24+00:00,ca58e88bed10c982d677b4d88df3216ac6b1862f471ed405ac403a1c30c385d2
2021-05-06,DK1010001,Dhaka,PM2.5-24hr,UG/M3,78.6,24,U.S. Department of State Bangladesh - Dhaka,163,3,23.796374,90.424614,050DK1010001,https://files.airnowtech.org/airnow/2021/20210506/daily_data_v2.dat,05/06/21|DK1010001|Dhaka|PM2.5-24hr|UG/M3|78.6|24|U.S. Department of State Bangladesh - Dhaka|163|3|23.796374|90.424614|050DK1010001,2026-07-18T03:21:24+00:00,7607d11ed0157056f0b6c25288f7e399c3b331d2f7b5c600618072cc3aa3663a
2021-05-07,DK1010001,Dhaka,PM2.5-24hr,UG/M3,74.9,24,U.S. Department of State Bangladesh - Dhaka,161,3,23.796374,90.424614,050DK1010001,https://files.airnowtech.org/airnow/2021/20210507/daily_data_v2.dat,05/07/21|DK1010001|Dhaka|PM2.5-24hr|UG/M3|74.9|24|U.S. Department of State Bangladesh - Dhaka|161|3|23.796374|90.424614|050DK1010001,2026-07-18T03:21:24+00:00,2fbb31dfafa1e37ed700a257b0366a0fa07741af58852444a42da677f6737f9b
2021-05-08,DK1010001,Dhaka,PM2.5-24hr,UG/M3,46.6,24,U.S. Department of State Bangladesh - Dhaka,129,2,23.796374,90.424614,050DK1010001,https://files.airnowtech.org/airnow/2021/20210508/daily_data_v2.dat,05/08/21|DK1010001|Dhaka|PM2.5-24hr|UG/M3|46.6|24|U.S. Department of State Bangladesh - Dhaka|129|2|23.796374|90.424614|050DK1010001,2026-07-18T03:21:24+00:00,bff835880db386cc631df01efe26b75afad1ad40cb96158973d4844918d90d9b
2021-05-09,DK1010001,Dhaka,PM2.5-24hr,UG/M3,65.5,24,U.S. Department of State Bangladesh - Dhaka,156,3,23.796374,90.424614,050DK1010001,https://files.airnowtech.org/airnow/2021/20210509/daily_data_v2.dat,05/09/21|DK1010001|Dhaka|PM2.5-24hr|UG/M3|65.5|24|U.S. Department of State Bangladesh - Dhaka|156|3|23.796374|90.424614|050DK1010001,2026-07-18T03:21:24+00:00,41642ec412fa5ac56a701a6b02cd58be0485e8b5a0a0f225c6947ab01aa2bbd5
2021-05-10,DK1010001,Dhaka,PM2.5-24hr,UG/M3,66.7,24,U.S. Department of State Bangladesh - Dhaka,157,3,23.796374,90.424614,050DK1010001,https://files.airnowtech.org/airnow/2021/20210510/daily_data_v2.dat,05/10/21|DK1010001|Dhaka|PM2.5-24hr|UG/M3|66.7|24|U.S. Department of State Bangladesh - Dhaka|157|3|23.796374|90.424614|050DK1010001,2026-07-18T03:21:24+00:00,6d0b9f8c7c81c289b0aa005cf0c71f76068e68cb99fafddf3a42f493527b3bcd
2021-05-11,DK1010001,Dhaka,PM2.5-24hr,UG/M3,53.9,24,U.S. Department of State Bangladesh - Dhaka,146,2,23.796374,90.424614,050DK1010001,https://files.airnowtech.org/airnow/2021/20210511/daily_data_v2.dat,05/11/21|DK1010001|Dhaka|PM2.5-24hr|UG/M3|53.9|24|U.S. Department of State Bangladesh - Dhaka|146|2|23.796374|90.424614|050DK1010001,2026-07-18T03:21:24+00:00,cf54609ce58c1edb7bea9522b87f175554a6fa3d89c44f4f77aa45e6406596e2
2021-05-12,DK1010001,Dhaka,PM2.5-24hr,UG/M3,54.8,24,U.S. Department of State Bangladesh - Dhaka,149,2,23.796374,90.424614,050DK1010001,https://files.airnowtech.org/airnow/2021/20210512/daily_data_v2.dat,05/12/21|DK1010001|Dhaka|PM2.5-24hr|UG/M3|54.8|24|U.S. Department of State Bangladesh - Dhaka|149|2|23.796374|90.424614|050DK1010001,2026-07-18T03:21:24+00:00,b3089d41406ac1a771eae555be2de500504008fcda3ac50d76cadf61b03a4eab
2021-05-13,DK1010001,Dhaka,PM2.5-24hr,UG/M3,32.7,24,U.S. Department of State Bangladesh - Dhaka,95,1,23.796374,90.424614,050DK1010001,https://files.airnowtech.org/airnow/2021/20210513/daily_data_v2.dat,05/13/21|DK1010001|Dhaka|PM2.5-24hr|UG/M3|32.7|24|U.S. Department of State Bangladesh - Dhaka|95|1|23.796374|90.424614|050DK1010001,2026-07-18T03:21:24+00:00,5d8861c764da0eae0b12fb74c14fa55e99b924a5fd1af2649c74168fababab84
2021-05-14,DK1010001,Dhaka,PM2.5-24hr,UG/M3,40.3,24,U.S. Department of State Bangladesh - Dhaka,113,2,23.796374,90.424614,050DK1010001,https://files.airnowtech.org/airnow/2021/20210514/daily_data_v2.dat,05/14/21|DK1010001|Dhaka|PM2.5-24hr|UG/M3|40.3|24|U.S. Department of State Bangladesh - Dhaka|113|2|23.796374|90.424614|050DK1010001,2026-07-18T03:21:24+00:00,9bc76c737275572240e6fa1d66cf2cfd0fae83625d2ca61c0e4a3c6be18b9059
2021-05-15,DK1010001,Dhaka,PM2.5-24hr,UG/M3,35.0,24,U.S. Department of State Bangladesh - Dhaka,99,1,23.796374,90.424614,050DK1010001,https://files.airnowtech.org/airnow/2021/20210515/daily_data_v2.dat,05/15/21|DK1010001|Dhaka|PM2.5-24hr|UG/M3|35|24|U.S. Department of State Bangladesh - Dhaka|99|1|23.796374|90.424614|050DK1010001,2026-07-18T03:21:24+00:00,bcaae1f64bb0b02cace1bbb3566635536918203102fadff5e514a9c06270e01d
2021-05-16,DK1010001,Dhaka,PM2.5-24hr,UG/M3,34.9,24,U.S. Department of State Bangladesh - Dhaka,99,1,23.796374,90.424614,050DK1010001,https://files.airnowtech.org/airnow/2021/20210516/daily_data_v2.dat,05/16/21|DK1010001|Dhaka|PM2.5-24hr|UG/M3|34.9|24|U.S. Department of State Bangladesh - Dhaka|99|1|23.796374|90.424614|050DK1010001,2026-07-18T03:21:24+00:00,2224ab6bb61b1086006bebb6a80f28282690bc26cf5690c19ff698c73896c772
2021-05-17,DK1010001,Dhaka,PM2.5-24hr,UG/M3,27.5,24,U.S. Department of State Bangladesh - Dhaka,83,1,23.796374,90.424614,050DK1010001,https://files.airnowtech.org/airnow/2021/20210517/daily_data_v2.dat,05/17/21|DK1010001|Dhaka|PM2.5-24hr|UG/M3|27.5|24|U.S. Department of State Bangladesh - Dhaka|83|1|23.796374|90.424614|050DK1010001,2026-07-18T03:21:24+00:00,455cf82a7dceaa847d370f3d6112d619cc80e97df10b81bd0f204a11c27a119a
2021-05-18,DK1010001,Dhaka,PM2.5-24hr,UG/M3,19.2,24,U.S. Department of State Bangladesh - Dhaka,66,1,23.796374,90.424614,050DK1010001,https://files.airnowtech.org/airnow/2021/20210518/daily_data_v2.dat,05/18/21|DK1010001|Dhaka|PM2.5-24hr|UG/M3|19.2|24|U.S. Department of State Bangladesh - Dhaka|66|1|23.796374|90.424614|050DK1010001,2026-07-18T03:21:24+00:00,cb616718d9f125b3ceba5ebd90c201877a3696028ba5ffbb838062a51e30b242
2021-05-19,DK1010001,Dhaka,PM2.5-24hr,UG/M3,32.6,24,U.S. Department of State Bangladesh - Dhaka,94,1,23.796374,90.424614,050DK1010001,https://files.airnowtech.org/airnow/2021/20210519/daily_data_v2.dat,05/19/21|DK1010001|Dhaka|PM2.5-24hr|UG/M3|32.6|24|U.S. Department of State Bangladesh - Dhaka|94|1|23.796374|90.424614|050DK1010001,2026-07-18T03:21:24+00:00,d4694cefa5334284766302b79fc2fe6da72270f916ec07e2a3f1d6a3cbdda332
2021-05-20,DK1010001,Dhaka,PM2.5-24hr,UG/M3,17.9,24,U.S. Department of State Bangladesh - Dhaka,63,1,23.796374,90.424614,050DK1010001,https://files.airnowtech.org/airnow/2021/20210520/daily_data_v2.dat,05/20/21|DK1010001|Dhaka|PM2.5-24hr|UG/M3|17.9|24|U.S. Department of State Bangladesh - Dhaka|63|1|23.796374|90.424614|050DK1010001,2026-07-18T03:21:24+00:00,3debf058c2fc18e74d870d1321757dc5f48f6a2234a201dff026365bc1505a24
2021-05-21,DK1010001,Dhaka,PM2.5-24hr,UG/M3,26.2,24,U.S. Department of State Bangladesh - Dhaka,81,1,23.796374,90.424614,050DK1010001,https://files.airnowtech.org/airnow/2021/20210521/daily_data_v2.dat,05/21/21|DK1010001|Dhaka|PM2.5-24hr|UG/M3|26.2|24|U.S. Department of State Bangladesh - Dhaka|81|1|23.796374|90.424614|050DK1010001,2026-07-18T03:21:24+00:00,d36e4b11dc08e7208b19f7fcbe482bfbff8acad575b37c331f2f6c5800fe1c21
2021-05-22,DK1010001,Dhaka,PM2.5-24hr,UG/M3,24.5,24,U.S. Department of State Bangladesh - Dhaka,77,1,23.796374,90.424614,050DK1010001,https://files.airnowtech.org/airnow/2021/20210522/daily_data_v2.dat,05/22/21|DK1010001|Dhaka|PM2.5-24hr|UG/M3|24.5|24|U.S. Department of State Bangladesh - Dhaka|77|1|23.796374|90.424614|050DK1010001,2026-07-18T03:21:24+00:00,551635ef9f64b8403f104fefbf7f17b96643ca073324a435363d7d43772c1f70
2021-05-23,DK1010001,Dhaka,PM2.5-24hr,UG/M3,49.5,24,U.S. Department of State Bangladesh - Dhaka,136,2,23.796374,90.424614,050DK1010001,https://files.airnowtech.org/airnow/2021/20210523/daily_data_v2.dat,05/23/21|DK1010001|Dhaka|PM2.5-24hr|UG/M3|49.5|24|U.S. Department of State Bangladesh - Dhaka|136|2|23.796374|90.424614|050DK1010001,2026-07-18T03:21:24+00:00,5eb906808ccc89d80c6e4d1c565c69d15219021f8c698c192e951162b29fc90a
2021-05-24,DK1010001,Dhaka,PM2.5-24hr,UG/M3,40.8,24,U.S. Department of State Bangladesh - Dhaka,114,2,23.796374,90.424614,050DK1010001,https://files.airnowtech.org/airnow/2021/20210524/daily_data_v2.dat,05/24/21|DK1010001|Dhaka|PM2.5-24hr|UG/M3|40.8|24|U.S. Department of State Bangladesh - Dhaka|114|2|23.796374|90.424614|050DK1010001,2026-07-18T03:21:24+00:00,2cd9270fee45c4a1f90f39a577464e273b2965cffe3c6ba1d864005dbe0f62f8
2021-05-25,DK1010001,Dhaka,PM2.5-24hr,UG/M3,13.3,24,U.S. Department of State Bangladesh - Dhaka,54,1,23.796374,90.424614,050DK1010001,https://files.airnowtech.org/airnow/2021/20210525/daily_data_v2.dat,05/25/21|DK1010001|Dhaka|PM2.5-24hr|UG/M3|13.3|24|U.S. Department of State Bangladesh - Dhaka|54|1|23.796374|90.424614|050DK1010001,2026-07-18T03:21:25+00:00,fbc777f4a9f66b271e76afbeca8f39c078b98eca47eb163a84369aefb82cb260
2021-05-26,DK1010001,Dhaka,PM2.5-24hr,UG/M3,29.1,24,U.S. Department of State Bangladesh - Dhaka,87,1,23.796374,90.424614,050DK1010001,https://files.airnowtech.org/airnow/2021/20210526/daily_data_v2.dat,05/26/21|DK1010001|Dhaka|PM2.5-24hr|UG/M3|29.1|24|U.S. Department of State Bangladesh - Dhaka|87|1|23.796374|90.424614|050DK1010001,2026-07-18T03:21:25+00:00,e7c08deaed1bc1ead1d9530619990ba67040db5c757a746f18a852c33c5cb712
2021-05-27,DK1010001,Dhaka,PM2.5-24hr,UG/M3,39.0,24,U.S. Department of State Bangladesh - Dhaka,110,2,23.796374,90.424614,050DK1010001,https://files.airnowtech.org/airnow/2021/20210527/daily_data_v2.dat,05/27/21|DK1010001|Dhaka|PM2.5-24hr|UG/M3|39|24|U.S. Department of State Bangladesh - Dhaka|110|2|23.796374|90.424614|050DK1010001,2026-07-18T03:21:25+00:00,76aa1576005749312bdb83302288dc9c50b26b4993585bc41fb8d80994ed60fc
2021-05-28,DK1010001,Dhaka,PM2.5-24hr,UG/M3,59.7,24,U.S. Department of State Bangladesh - Dhaka,153,3,23.796374,90.424614,050DK1010001,https://files.airnowtech.org/airnow/2021/20210528/daily_data_v2.dat,05/28/21|DK1010001|Dhaka|PM2.5-24hr|UG/M3|59.7|24|U.S. Department of State Bangladesh - Dhaka|153|3|23.796374|90.424614|050DK1010001,2026-07-18T03:21:25+00:00,cc04a3c172ff2cf0338a33eb99f79d8d51d014cd08bea2196beb12c43e33b98a
2021-05-29,DK1010001,Dhaka,PM2.5-24hr,UG/M3,44.8,24,U.S. Department of State Bangladesh - Dhaka,124,2,23.796374,90.424614,050DK1010001,https://files.airnowtech.org/airnow/2021/20210529/daily_data_v2.dat,05/29/21|DK1010001|Dhaka|PM2.5-24hr|UG/M3|44.8|24|U.S. Department of State Bangladesh - Dhaka|124|2|23.796374|90.424614|050DK1010001,2026-07-18T03:21:25+00:00,3af804a43874efac5476609eacb049ab80427fc4c88e0fdfdf08db9dbc2da24a
2021-05-30,DK1010001,Dhaka,PM2.5-24hr,UG/M3,39.8,24,U.S. Department of State Bangladesh - Dhaka,112,2,23.796374,90.424614,050DK1010001,https://files.airnowtech.org/airnow/2021/20210530/daily_data_v2.dat,05/30/21|DK1010001|Dhaka|PM2.5-24hr|UG/M3|39.8|24|U.S. Department of State Bangladesh - Dhaka|112|2|23.796374|90.424614|050DK1010001,2026-07-18T03:21:25+00:00,fadb86e502a4fe4a818958ea2ce1c474d33d1b46111727599578cca82fb9fc2b
2021-05-31,DK1010001,Dhaka,PM2.5-24hr,UG/M3,38.2,24,U.S. Department of State Bangladesh - Dhaka,108,2,23.796374,90.424614,050DK1010001,https://files.airnowtech.org/airnow/2021/20210531/daily_data_v2.dat,05/31/21|DK1010001|Dhaka|PM2.5-24hr|UG/M3|38.2|24|U.S. Department of State Bangladesh - Dhaka|108|2|23.796374|90.424614|050DK1010001,2026-07-18T03:21:25+00:00,3ff4db61d8844b60ae7b33216600222658d907506a0ed11bf05fbe104a915ac5
2021-06-01,DK1010001,Dhaka,PM2.5-24hr,UG/M3,65.8,24,U.S. Department of State Bangladesh - Dhaka,156,3,23.796374,90.424614,050DK1010001,https://files.airnowtech.org/airnow/2021/20210601/daily_data_v2.dat,06/01/21|DK1010001|Dhaka|PM2.5-24hr|UG/M3|65.8|24|U.S. Department of State Bangladesh - Dhaka|156|3|23.796374|90.424614|050DK1010001,2026-07-18T03:21:25+00:00,771467f1e7a52fd069932aa57978177b6571f6da55cfff2037223712609d6eaf
2021-06-02,DK1010001,Dhaka,PM2.5-24hr,UG/M3,53.8,24,U.S. Department of State Bangladesh - Dhaka,146,2,23.796374,90.424614,050DK1010001,https://files.airnowtech.org/airnow/2021/20210602/daily_data_v2.dat,06/02/21|DK1010001|Dhaka|PM2.5-24hr|UG/M3|53.8|24|U.S. Department of State Bangladesh - Dhaka|146|2|23.796374|90.424614|050DK1010001,2026-07-18T03:21:25+00:00,0e3342c986aa170899046d9adcb318bbf0caa6c4288dee99ace6f09a50fb5912
2021-06-03,DK1010001,Dhaka,PM2.5-24hr,UG/M3,39.3,24,U.S. Department of State Bangladesh - Dhaka,110,2,23.796374,90.424614,050DK1010001,https://files.airnowtech.org/airnow/2021/20210603/daily_data_v2.dat,06/03/21|DK1010001|Dhaka|PM2.5-24hr|UG/M3|39.3|24|U.S. Department of State Bangladesh - Dhaka|110|2|23.796374|90.424614|050DK1010001,2026-07-18T03:21:25+00:00,fcb663ce0e1ab8a4c9fea8c34e2e596824214fbc4d1fb91028fecf6a49055c83
2021-06-04,DK1010001,Dhaka,PM2.5-24hr,UG/M3,36.1,24,U.S. Department of State Bangladesh - Dhaka,103,2,23.796374,90.424614,050DK1010001,https://files.airnowtech.org/airnow/2021/20210604/daily_data_v2.dat,06/04/21|DK1010001|Dhaka|PM2.5-24hr|UG/M3|36.1|24|U.S. Department of State Bangladesh - Dhaka|103|2|23.796374|90.424614|050DK1010001,2026-07-18T03:21:25+00:00,8f85d93cd51660f9d23c4339389078eed5267a95597abbc79abac1b2677170ef
2021-06-05,DK1010001,Dhaka,PM2.5-24hr,UG/M3,51.1,24,U.S. Department of State Bangladesh - Dhaka,139,2,23.796374,90.424614,050DK1010001,https://files.airnowtech.org/airnow/2021/20210605/daily_data_v2.dat,06/05/21|DK1010001|Dhaka|PM2.5-24hr|UG/M3|51.1|24|U.S. Department of State Bangladesh - Dhaka|139|2|23.796374|90.424614|050DK1010001,2026-07-18T03:21:25+00:00,a683deff959d7130a9f1ff34b2368fcbb6e13290598d5b09752908f1820b0754
2021-06-06,DK1010001,Dhaka,PM2.5-24hr,UG/M3,71.4,24,U.S. Department of State Bangladesh - Dhaka,159,3,23.796374,90.424614,050DK1010001,https://files.airnowtech.org/airnow/2021/20210606/daily_data_v2.dat,06/06/21|DK1010001|Dhaka|PM2.5-24hr|UG/M3|71.4|24|U.S. Department of State Bangladesh - Dhaka|159|3|23.796374|90.424614|050DK1010001,2026-07-18T03:21:25+00:00,7db729fa3c9f8291df727ee6afb6cadf128bb121085b2ed1b31bfd83b64b4faf
2021-06-07,DK1010001,Dhaka,PM2.5-24hr,UG/M3,57.3,24,U.S. Department of State Bangladesh - Dhaka,152,3,23.796374,90.424614,050DK1010001,https://files.airnowtech.org/airnow/2021/20210607/daily_data_v2.dat,06/07/21|DK1010001|Dhaka|PM2.5-24hr|UG/M3|57.3|24|U.S. Department of State Bangladesh - Dhaka|152|3|23.796374|90.424614|050DK1010001,2026-07-18T03:21:25+00:00,0f4a58d7f52fbd8d8333972064534d63a71a17990a70432703f26199c2462226
2021-06-08,DK1010001,Dhaka,PM2.5-24hr,UG/M3,48.3,24,U.S. Department of State Bangladesh - Dhaka,133,2,23.796374,90.424614,050DK1010001,https://files.airnowtech.org/airnow/2021/20210608/daily_data_v2.dat,06/08/21|DK1010001|Dhaka|PM2.5-24hr|UG/M3|48.3|24|U.S. Department of State Bangladesh - Dhaka|133|2|23.796374|90.424614|050DK1010001,2026-07-18T03:21:25+00:00,9c57cc454bc73123e48238cb8403d1f5727e71f609cbdae6803d658ba60b25e7
2021-06-09,DK1010001,Dhaka,PM2.5-24hr,UG/M3,59.3,24,U.S. Department of State Bangladesh - Dhaka,153,3,23.796374,90.424614,050DK1010001,https://files.airnowtech.org/airnow/2021/20210609/daily_data_v2.dat,06/09/21|DK1010001|Dhaka|PM2.5-24hr|UG/M3|59.3|24|U.S. Department of State Bangladesh - Dhaka|153|3|23.796374|90.424614|050DK1010001,2026-07-18T03:21:25+00:00,2578a8f2efd456c091e6480f9985761ce220b4b16b674b890600be9819a896b1
2021-06-10,DK1010001,Dhaka,PM2.5-24hr,UG/M3,58.6,24,U.S. Department of State Bangladesh - Dhaka,153,3,23.796374,90.424614,050DK1010001,https://files.airnowtech.org/airnow/2021/20210610/daily_data_v2.dat,06/10/21|DK1010001|Dhaka|PM2.5-24hr|UG/M3|58.6|24|U.S. Department of State Bangladesh - Dhaka|153|3|23.796374|90.424614|050DK1010001,2026-07-18T03:21:25+00:00,28901c9fe55c8c6f3a69108ff4d6ca526679c6fd609c42a332dd03d3774c2d4a
2021-06-11,DK1010001,Dhaka,PM2.5-24hr,UG/M3,20.0,24,U.S. Department of State Bangladesh - Dhaka,68,1,23.796374,90.424614,050DK1010001,https://files.airnowtech.org/airnow/2021/20210611/daily_data_v2.dat,06/11/21|DK1010001|Dhaka|PM2.5-24hr|UG/M3|20|24|U.S. Department of State Bangladesh - Dhaka|68|1|23.796374|90.424614|050DK1010001,2026-07-18T03:21:25+00:00,e5589435096abb04c7f0d3390c7cec0acfd00fe820f725f639608bbe842b4f61
2021-06-12,DK1010001,Dhaka,PM2.5-24hr,UG/M3,29.5,24,U.S. Department of State Bangladesh - Dhaka,88,1,23.796374,90.424614,050DK1010001,https://files.airnowtech.org/airnow/2021/20210612/daily_data_v2.dat,06/12/21|DK1010001|Dhaka|PM2.5-24hr|UG/M3|29.5|24|U.S. Department of State Bangladesh - Dhaka|88|1|23.796374|90.424614|050DK1010001,2026-07-18T03:21:25+00:00,a923aa8481fa71ec923593603d13352354e6480bbc52fb4a9faef3c22350ade9
2021-06-13,DK1010001,Dhaka,PM2.5-24hr,UG/M3,19.3,24,U.S. Department of State Bangladesh - Dhaka,66,1,23.796374,90.424614,050DK1010001,https://files.airnowtech.org/airnow/2021/20210613/daily_data_v2.dat,06/13/21|DK1010001|Dhaka|PM2.5-24hr|UG/M3|19.3|24|U.S. Department of State Bangladesh - Dhaka|66|1|23.796374|90.424614|050DK1010001,2026-07-18T03:21:25+00:00,12f9eb3b4f93a972f8fac174438f723ec15d79ebc6cee691ff40163704bad0a0
2021-06-14,DK1010001,Dhaka,PM2.5-24hr,UG/M3,25.4,24,U.S. Department of State Bangladesh - Dhaka,79,1,23.796374,90.424614,050DK1010001,https://files.airnowtech.org/airnow/2021/20210614/daily_data_v2.dat,06/14/21|DK1010001|Dhaka|PM2.5-24hr|UG/M3|25.4|24|U.S. Department of State Bangladesh - Dhaka|79|1|23.796374|90.424614|050DK1010001,2026-07-18T03:21:25+00:00,021e49bfe0b0114a11b8ccbe27afc15717eb70b4f8c03714d3a4fa130f1102c4
2021-06-15,DK1010001,Dhaka,PM2.5-24hr,UG/M3,21.8,24,U.S. Department of State Bangladesh - Dhaka,71,1,23.796374,90.424614,050DK1010001,https://files.airnowtech.org/airnow/2021/20210615/daily_data_v2.dat,06/15/21|DK1010001|Dhaka|PM2.5-24hr|UG/M3|21.8|24|U.S. Department of State Bangladesh - Dhaka|71|1|23.796374|90.424614|050DK1010001,2026-07-18T03:21:25+00:00,dbb8e6dde22d99d5ac019387bdcc863fcf6205c4b2b6962ba001a2cb8323d656
2021-06-16,DK1010001,Dhaka,PM2.5-24hr,UG/M3,28.3,24,U.S. Department of State Bangladesh - Dhaka,85,1,23.796374,90.424614,050DK1010001,https://files.airnowtech.org/airnow/2021/20210616/daily_data_v2.dat,06/16/21|DK1010001|Dhaka|PM2.5-24hr|UG/M3|28.3|24|U.S. Department of State Bangladesh - Dhaka|85|1|23.796374|90.424614|050DK1010001,2026-07-18T03:21:25+00:00,2456df156674189fcc68c816303937e08b856e0b6f621bdfaa1d6f5b007258f9
2021-06-17,DK1010001,Dhaka,PM2.5-24hr,UG/M3,35.1,24,U.S. Department of State Bangladesh - Dhaka,99,1,23.796374,90.424614,050DK1010001,https://files.airnowtech.org/airnow/2021/20210617/daily_data_v2.dat,06/17/21|DK1010001|Dhaka|PM2.5-24hr|UG/M3|35.1|24|U.S. Department of State Bangladesh - Dhaka|99|1|23.796374|90.424614|050DK1010001,2026-07-18T03:21:25+00:00,536d09548c1bb1d4e8c1653149fb9c0bfc94baab8954e32fb68090b8422935f8
2021-06-18,DK1010001,Dhaka,PM2.5-24hr,UG/M3,28.1,24,U.S. Department of State Bangladesh - Dhaka,85,1,23.796374,90.424614,050DK1010001,https://files.airnowtech.org/airnow/2021/20210618/daily_data_v2.dat,06/18/21|DK1010001|Dhaka|PM2.5-24hr|UG/M3|28.1|24|U.S. Department of State Bangladesh - Dhaka|85|1|23.796374|90.424614|050DK1010001,2026-07-18T03:21:25+00:00,3c0095ee48aa6748bf12def19f3d0272f4f3fd30c24111d38c6408d9cfd4e5ff
2021-06-19,DK1010001,Dhaka,PM2.5-24hr,UG/M3,44.5,24,U.S. Department of State Bangladesh - Dhaka,123,2,23.796374,90.424614,050DK1010001,https://files.airnowtech.org/airnow/2021/20210619/daily_data_v2.dat,06/19/21|DK1010001|Dhaka|PM2.5-24hr|UG/M3|44.5|24|U.S. Department of State Bangladesh - Dhaka|123|2|23.796374|90.424614|050DK1010001,2026-07-18T03:21:25+00:00,ee80b1bd20b3966c47e991fb95df6e90ee33d598d15227a5d2b8a4a4ee29cd44
2021-06-20,DK1010001,Dhaka,PM2.5-24hr,UG/M3,53.1,24,U.S. Department of State Bangladesh - Dhaka,145,2,23.796374,90.424614,050DK1010001,https://files.airnowtech.org/airnow/2021/20210620/daily_data_v2.dat,06/20/21|DK1010001|Dhaka|PM2.5-24hr|UG/M3|53.1|24|U.S. Department of State Bangladesh - Dhaka|145|2|23.796374|90.424614|050DK1010001,2026-07-18T03:21:25+00:00,cbdabbb0a97a2d6571d94139900117760bdb67106eb2621c474c809d9966d991
2021-06-21,DK1010001,Dhaka,PM2.5-24hr,UG/M3,49.5,24,U.S. Department of State Bangladesh - Dhaka,136,2,23.796374,90.424614,050DK1010001,https://files.airnowtech.org/airnow/2021/20210621/daily_data_v2.dat,06/21/21|DK1010001|Dhaka|PM2.5-24hr|UG/M3|49.5|24|U.S. Department of State Bangladesh - Dhaka|136|2|23.796374|90.424614|050DK1010001,2026-07-18T03:21:25+00:00,4d6da3f281655a83dccc7cdb09b9371014d485cbde7f3642ffd38fc7891cfce2
2021-06-22,DK1010001,Dhaka,PM2.5-24hr,UG/M3,48.8,24,U.S. Department of State Bangladesh - Dhaka,134,2,23.796374,90.424614,050DK1010001,https://files.airnowtech.org/airnow/2021/20210622/daily_data_v2.dat,06/22/21|DK1010001|Dhaka|PM2.5-24hr|UG/M3|48.8|24|U.S. Department of State Bangladesh - Dhaka|134|2|23.796374|90.424614|050DK1010001,2026-07-18T03:21:25+00:00,db887e3bfd39f950582dc68ffa3b36ce5b53f28461e998a9fbffce1bf1d2b5ad
2021-06-23,DK1010001,Dhaka,PM2.5-24hr,UG/M3,48.4,24,U.S. Department of State Bangladesh - Dhaka,133,2,23.796374,90.424614,050DK1010001,https://files.airnowtech.org/airnow/2021/20210623/daily_data_v2.dat,06/23/21|DK1010001|Dhaka|PM2.5-24hr|UG/M3|48.4|24|U.S. Department of State Bangladesh - Dhaka|133|2|23.796374|90.424614|050DK1010001,2026-07-18T03:21:25+00:00,854bf27d4ad356f57acdc2cc3c77ed5b53fe1f710b60e409314f6c1fc93b8588
2021-06-24,DK1010001,Dhaka,PM2.5-24hr,UG/M3,50.9,24,U.S. Department of State Bangladesh - Dhaka,139,2,23.796374,90.424614,050DK1010001,https://files.airnowtech.org/airnow/2021/20210624/daily_data_v2.dat,06/24/21|DK1010001|Dhaka|PM2.5-24hr|UG/M3|50.9|24|U.S. Department of State Bangladesh - Dhaka|139|2|23.796374|90.424614|050DK1010001,2026-07-18T03:21:25+00:00,f86edc6cb0373fd62d67800bed0ceeabd071de2e98cd1541f626d4d8fc4229f0
2021-06-25,DK1010001,Dhaka,PM2.5-24hr,UG/M3,48.0,24,U.S. Department of State Bangladesh - Dhaka,132,2,23.796374,90.424614,050DK1010001,https://files.airnowtech.org/airnow/2021/20210625/daily_data_v2.dat,06/25/21|DK1010001|Dhaka|PM2.5-24hr|UG/M3|48|24|U.S. Department of State Bangladesh - Dhaka|132|2|23.796374|90.424614|050DK1010001,2026-07-18T03:21:25+00:00,349cc55713698cbae186044cce167a10212100b803f6514abd88de2427e204fb
2021-06-26,DK1010001,Dhaka,PM2.5-24hr,UG/M3,63.6,24,U.S. Department of State Bangladesh - Dhaka,155,3,23.796374,90.424614,050DK1010001,https://files.airnowtech.org/airnow/2021/20210626/daily_data_v2.dat,06/26/21|DK1010001|Dhaka|PM2.5-24hr|UG/M3|63.6|24|U.S. Department of State Bangladesh - Dhaka|155|3|23.796374|90.424614|050DK1010001,2026-07-18T03:21:25+00:00,43741defc2d3f657929db682912705bcc227130a621df6e816dc1bafb2d896ae
2021-06-27,DK1010001,Dhaka,PM2.5-24hr,UG/M3,40.6,24,U.S. Department of State Bangladesh - Dhaka,114,2,23.796374,90.424614,050DK1010001,https://files.airnowtech.org/airnow/2021/20210627/daily_data_v2.dat,06/27/21|DK1010001|Dhaka|PM2.5-24hr|UG/M3|40.6|24|U.S. Department of State Bangladesh - Dhaka|114|2|23.796374|90.424614|050DK1010001,2026-07-18T03:21:25+00:00,7e78651c54e33481586da2162e7a3df0c863fbea97b08a2515a0d68c6b674518
2021-06-28,DK1010001,Dhaka,PM2.5-24hr,UG/M3,21.9,24,U.S. Department of State Bangladesh - Dhaka,72,1,23.796374,90.424614,050DK1010001,https://files.airnowtech.org/airnow/2021/20210628/daily_data_v2.dat,06/28/21|DK1010001|Dhaka|PM2.5-24hr|UG/M3|21.9|24|U.S. Department of State Bangladesh - Dhaka|72|1|23.796374|90.424614|050DK1010001,2026-07-18T03:21:25+00:00,ed3a1e9a2ff1e76ab8555d307a0a4b96d630a2fca91848f36b5019b50de4f6de
2021-06-29,DK1010001,Dhaka,PM2.5-24hr,UG/M3,26.0,24,U.S. Department of State Bangladesh - Dhaka,80,1,23.796374,90.424614,050DK1010001,https://files.airnowtech.org/airnow/2021/20210629/daily_data_v2.dat,06/29/21|DK1010001|Dhaka|PM2.5-24hr|UG/M3|26|24|U.S. Department of State Bangladesh - Dhaka|80|1|23.796374|90.424614|050DK1010001,2026-07-18T03:21:25+00:00,c565ad4f6a6b892a4c7726fc8c89740b678055ac54755d46c284515538694712
2021-06-30,DK1010001,Dhaka,PM2.5-24hr,UG/M3,27.9,24,U.S. Department of State Bangladesh - Dhaka,84,1,23.796374,90.424614,050DK1010001,https://files.airnowtech.org/airnow/2021/20210630/daily_data_v2.dat,06/30/21|DK1010001|Dhaka|PM2.5-24hr|UG/M3|27.9|24|U.S. Department of State Bangladesh - Dhaka|84|1|23.796374|90.424614|050DK1010001,2026-07-18T03:21:25+00:00,3f82e8d6c02f7044e0f4c03fc5c0699580be76799f61f551eddb665a6885f654
2021-07-01,DK1010001,Dhaka,PM2.5-24hr,UG/M3,44.3,24,U.S. Department of State Bangladesh - Dhaka,123,2,23.796374,90.424614,050DK1010001,https://files.airnowtech.org/airnow/2021/20210701/daily_data_v2.dat,07/01/21|DK1010001|Dhaka|PM2.5-24hr|UG/M3|44.3|24|U.S. Department of State Bangladesh - Dhaka|123|2|23.796374|90.424614|050DK1010001,2026-07-18T03:21:25+00:00,8d53679677234dc84eccc82ea36bbd53816f9d78912fe9c354ba82ca7c3292e3
2021-07-02,DK1010001,Dhaka,PM2.5-24hr,UG/M3,40.7,24,U.S. Department of State Bangladesh - Dhaka,114,2,23.796374,90.424614,050DK1010001,https://files.airnowtech.org/airnow/2021/20210702/daily_data_v2.dat,07/02/21|DK1010001|Dhaka|PM2.5-24hr|UG/M3|40.7|24|U.S. Department of State Bangladesh - Dhaka|114|2|23.796374|90.424614|050DK1010001,2026-07-18T03:21:25+00:00,383b1339e01964ed4bdf16f343ac10115910f21f5b48ddd0dc6dfc629a4fa814
2021-07-03,DK1010001,Dhaka,PM2.5-24hr,UG/M3,31.9,24,U.S. Department of State Bangladesh - Dhaka,93,1,23.796374,90.424614,050DK1010001,https://files.airnowtech.org/airnow/2021/20210703/daily_data_v2.dat,07/03/21|DK1010001|Dhaka|PM2.5-24hr|UG/M3|31.9|24|U.S. Department of State Bangladesh - Dhaka|93|1|23.796374|90.424614|050DK1010001,2026-07-18T03:21:25+00:00,ae81e1a2529c34b4a6db50c309be0b0ed66b65b09f1c9d00633bfa4997ee460d
2021-07-04,DK1010001,Dhaka,PM2.5-24hr,UG/M3,34.0,24,U.S. Department of State Bangladesh - Dhaka,97,1,23.796374,90.424614,050DK1010001,https://files.airnowtech.org/airnow/2021/20210704/daily_data_v2.dat,07/04/21|DK1010001|Dhaka|PM2.5-24hr|UG/M3|34|24|U.S. Department of State Bangladesh - Dhaka|97|1|23.796374|90.424614|050DK1010001,2026-07-18T03:21:25+00:00,7655bdd27ac0d6ce28893e165f76f4bbf3b9d2d3b742e0590a64ffa1475ee4ce
2021-07-05,DK1010001,Dhaka,PM2.5-24hr,UG/M3,41.4,24,U.S. Department of State Bangladesh - Dhaka,116,2,23.796374,90.424614,050DK1010001,https://files.airnowtech.org/airnow/2021/20210705/daily_data_v2.dat,07/05/21|DK1010001|Dhaka|PM2.5-24hr|UG/M3|41.4|24|U.S. Department of State Bangladesh - Dhaka|116|2|23.796374|90.424614|050DK1010001,2026-07-18T03:21:25+00:00,f2709ee789f07662f837bc47d6ca07188bfc8099242255789c9324bde0fc2ace
2021-07-06,DK1010001,Dhaka,PM2.5-24hr,UG/M3,37.9,24,U.S. Department of State Bangladesh - Dhaka,107,2,23.796374,90.424614,050DK1010001,https://files.airnowtech.org/airnow/2021/20210706/daily_data_v2.dat,07/06/21|DK1010001|Dhaka|PM2.5-24hr|UG/M3|37.9|24|U.S. Department of State Bangladesh - Dhaka|107|2|23.796374|90.424614|050DK1010001,2026-07-18T03:21:25+00:00,7f9463ba6146efcf22a957b5092da731d2b7824e3c7fa88cf6a7eba32aa41ff8
2021-07-07,DK1010001,Dhaka,PM2.5-24hr,UG/M3,31.1,24,U.S. Department of State Bangladesh - Dhaka,91,1,23.796374,90.424614,050DK1010001,https://files.airnowtech.org/airnow/2021/20210707/daily_data_v2.dat,07/07/21|DK1010001|Dhaka|PM2.5-24hr|UG/M3|31.1|24|U.S. Department of State Bangladesh - Dhaka|91|1|23.796374|90.424614|050DK1010001,2026-07-18T03:21:25+00:00,2dc858cf7821f5d97de2375cc4c6a5f897b7087c7c30c8631967cc89d683d889
2021-07-08,DK1010001,Dhaka,PM2.5-24hr,UG/M3,30.0,24,U.S. Department of State Bangladesh - Dhaka,89,1,23.796374,90.424614,050DK1010001,https://files.airnowtech.org/airnow/2021/20210708/daily_data_v2.dat,07/08/21|DK1010001|Dhaka|PM2.5-24hr|UG/M3|30|24|U.S. Department of State Bangladesh - Dhaka|89|1|23.796374|90.424614|050DK1010001,2026-07-18T03:21:25+00:00,69d872d9abe0631095f27d6c7ddc70189ef55b0ce08066e20321bb0fe101e9cb
2021-07-09,DK1010001,Dhaka,PM2.5-24hr,UG/M3,47.1,24,U.S. Department of State Bangladesh - Dhaka,130,2,23.796374,90.424614,050DK1010001,https://files.airnowtech.org/airnow/2021/20210709/daily_data_v2.dat,07/09/21|DK1010001|Dhaka|PM2.5-24hr|UG/M3|47.1|24|U.S. Department of State Bangladesh - Dhaka|130|2|23.796374|90.424614|050DK1010001,2026-07-18T03:21:25+00:00,8faa1bca2916eed097bec0b20d9d44ecf36cfd306a9677814a9dd90fee6edd31
2021-07-10,DK1010001,Dhaka,PM2.5-24hr,UG/M3,38.0,24,U.S. Department of State Bangladesh - Dhaka,107,2,23.796374,90.424614,050DK1010001,https://files.airnowtech.org/airnow/2021/20210710/daily_data_v2.dat,07/10/21|DK1010001|Dhaka|PM2.5-24hr|UG/M3|38|24|U.S. Department of State Bangladesh - Dhaka|107|2|23.796374|90.424614|050DK1010001,2026-07-18T03:21:25+00:00,6dd24b4b3ec778cc15634e2547c7c59268a3dfe3309bcac4c938dc140fb3fd22
2021-07-11,DK1010001,Dhaka,PM2.5-24hr,UG/M3,22.6,24,U.S. Department of State Bangladesh - Dhaka,73,1,23.796374,90.424614,050DK1010001,https://files.airnowtech.org/airnow/2021/20210711/daily_data_v2.dat,07/11/21|DK1010001|Dhaka|PM2.5-24hr|UG/M3|22.6|24|U.S. Department of State Bangladesh - Dhaka|73|1|23.796374|90.424614|050DK1010001,2026-07-18T03:21:25+00:00,0baa656d8a3aa45876c4735010d3247f70e34ea093b4be2dc2a1a989bf02ee20
2021-07-12,DK1010001,Dhaka,PM2.5-24hr,UG/M3,41.0,24,U.S. Department of State Bangladesh - Dhaka,115,2,23.796374,90.424614,050DK1010001,https://files.airnowtech.org/airnow/2021/20210712/daily_data_v2.dat,07/12/21|DK1010001|Dhaka|PM2.5-24hr|UG/M3|41|24|U.S. Department of State Bangladesh - Dhaka|115|2|23.796374|90.424614|050DK1010001,2026-07-18T03:21:25+00:00,57123d7a8a64ccd01b6e12f3f6968b4386305025891d73f0b2d0069d240c4dc6
2021-07-13,DK1010001,Dhaka,PM2.5-24hr,UG/M3,23.7,24,U.S. Department of State Bangladesh - Dhaka,75,1,23.796374,90.424614,050DK1010001,https://files.airnowtech.org/airnow/2021/20210713/daily_data_v2.dat,07/13/21|DK1010001|Dhaka|PM2.5-24hr|UG/M3|23.7|24|U.S. Department of State Bangladesh - Dhaka|75|1|23.796374|90.424614|050DK1010001,2026-07-18T03:21:25+00:00,06d275a7c332daa9692a3d12c2b10565036f661acc483d75359d38670242f65a
2021-07-14,DK1010001,Dhaka,PM2.5-24hr,UG/M3,27.0,24,U.S. Department of State Bangladesh - Dhaka,82,1,23.796374,90.424614,050DK1010001,https://files.airnowtech.org/airnow/2021/20210714/daily_data_v2.dat,07/14/21|DK1010001|Dhaka|PM2.5-24hr|UG/M3|27|24|U.S. Department of State Bangladesh - Dhaka|82|1|23.796374|90.424614|050DK1010001,2026-07-18T03:21:25+00:00,ac207f00b5fb0f1b6f14e4c43c3609118474f74af76ae78435397612c25c159e
2021-07-15,DK1010001,Dhaka,PM2.5-24hr,UG/M3,23.2,24,U.S. Department of State Bangladesh - Dhaka,75,1,23.796374,90.424614,050DK1010001,https://files.airnowtech.org/airnow/2021/20210715/daily_data_v2.dat,07/15/21|DK1010001|Dhaka|PM2.5-24hr|UG/M3|23.2|24|U.S. Department of State Bangladesh - Dhaka|75|1|23.796374|90.424614|050DK1010001,2026-07-18T03:21:25+00:00,41e6552e572294116e505a38c0358d59e1dda821b2cb835d5b3dc349265423b9
2021-07-16,DK1010001,Dhaka,PM2.5-24hr,UG/M3,26.0,24,U.S. Department of State Bangladesh - Dhaka,80,1,23.796374,90.424614,050DK1010001,https://files.airnowtech.org/airnow/2021/20210716/daily_data_v2.dat,07/16/21|DK1010001|Dhaka|PM2.5-24hr|UG/M3|26|24|U.S. Department of State Bangladesh - Dhaka|80|1|23.796374|90.424614|050DK1010001,2026-07-18T03:21:25+00:00,88b0aeaf360e65c65ae4c5bb50787070eb8aa4579f03edcea894710aee8abcc1
2021-07-17,DK1010001,Dhaka,PM2.5-24hr,UG/M3,33.2,24,U.S. Department of State Bangladesh - Dhaka,95,1,23.796374,90.424614,050DK1010001,https://files.airnowtech.org/airnow/2021/20210717/daily_data_v2.dat,07/17/21|DK1010001|Dhaka|PM2.5-24hr|UG/M3|33.2|24|U.S. Department of State Bangladesh - Dhaka|95|1|23.796374|90.424614|050DK1010001,2026-07-18T03:21:25+00:00,d324eacec78e7bcca6d26c5102fb6a3e33dad69853a5fea6fbbd0076977e5196
2021-07-18,DK1010001,Dhaka,PM2.5-24hr,UG/M3,24.5,24,U.S. Department of State Bangladesh - Dhaka,77,1,23.796374,90.424614,050DK1010001,https://files.airnowtech.org/airnow/2021/20210718/daily_data_v2.dat,07/18/21|DK1010001|Dhaka|PM2.5-24hr|UG/M3|24.5|24|U.S. Department of State Bangladesh - Dhaka|77|1|23.796374|90.424614|050DK1010001,2026-07-18T03:21:25+00:00,bf4d002511bff7a33fc8770c22200992e14d09c9fd919649ba9e7025a9b43a0e
2021-07-19,DK1010001,Dhaka,PM2.5-24hr,UG/M3,50.5,24,U.S. Department of State Bangladesh - Dhaka,138,2,23.796374,90.424614,050DK1010001,https://files.airnowtech.org/airnow/2021/20210719/daily_data_v2.dat,07/19/21|DK1010001|Dhaka|PM2.5-24hr|UG/M3|50.5|24|U.S. Department of State Bangladesh - Dhaka|138|2|23.796374|90.424614|050DK1010001,2026-07-18T03:21:25+00:00,1849ef76fd4b4db17b9c8a1ac841ed8fe4fadadd3683d0055023edc0a525bedf
2021-07-20,DK1010001,Dhaka,PM2.5-24hr,UG/M3,37.4,24,U.S. Department of State Bangladesh - Dhaka,106,2,23.796374,90.424614,050DK1010001,https://files.airnowtech.org/airnow/2021/20210720/daily_data_v2.dat,07/20/21|DK1010001|Dhaka|PM2.5-24hr|UG/M3|37.4|24|U.S. Department of State Bangladesh - Dhaka|106|2|23.796374|90.424614|050DK1010001,2026-07-18T03:21:25+00:00,f0a72c9e9b59c61dbc95a4a90d15dda045cfb5553a08a9a7ba99619d0df55fc3
2021-07-21,DK1010001,Dhaka,PM2.5-24hr,UG/M3,17.3,24,U.S. Department of State Bangladesh - Dhaka,62,1,23.796374,90.424614,050DK1010001,https://files.airnowtech.org/airnow/2021/20210721/daily_data_v2.dat,07/21/21|DK1010001|Dhaka|PM2.5-24hr|UG/M3|17.3|24|U.S. Department of State Bangladesh - Dhaka|62|1|23.796374|90.424614|050DK1010001,2026-07-18T03:21:25+00:00,463ecaaeeb1ca5eb7b77f0f0d330ce70e0d1c06b7ff510ecda3e4b207cf1133e
2021-07-22,DK1010001,Dhaka,PM2.5-24hr,UG/M3,8.1,24,U.S. Department of State Bangladesh - Dhaka,34,0,23.796374,90.424614,050DK1010001,https://files.airnowtech.org/airnow/2021/20210722/daily_data_v2.dat,07/22/21|DK1010001|Dhaka|PM2.5-24hr|UG/M3|8.1|24|U.S. Department of State Bangladesh - Dhaka|34|0|23.796374|90.424614|050DK1010001,2026-07-18T03:21:25+00:00,5ff2bd2829bf25ddca1e59508acbfe10912e575d39f90341ae8f89d2cdf2acde
2021-07-23,DK1010001,Dhaka,PM2.5-24hr,UG/M3,5.3,24,U.S. Department of State Bangladesh - Dhaka,22,0,23.796374,90.424614,050DK1010001,https://files.airnowtech.org/airnow/2021/20210723/daily_data_v2.dat,07/23/21|DK1010001|Dhaka|PM2.5-24hr|UG/M3|5.3|24|U.S. Department of State Bangladesh - Dhaka|22|0|23.796374|90.424614|050DK1010001,2026-07-18T03:21:25+00:00,318d12e68aed35e032f78a95646273e360aa8fe48b7908de5bb576b0fb64aba3
2021-07-24,DK1010001,Dhaka,PM2.5-24hr,UG/M3,7.8,24,U.S. Department of State Bangladesh - Dhaka,33,0,23.796374,90.424614,050DK1010001,https://files.airnowtech.org/airnow/2021/20210724/daily_data_v2.dat,07/24/21|DK1010001|Dhaka|PM2.5-24hr|UG/M3|7.8|24|U.S. Department of State Bangladesh - Dhaka|33|0|23.796374|90.424614|050DK1010001,2026-07-18T03:21:25+00:00,c1a01eafe5407b73f47f79ca8f9155b26f24ce10d6bc7c9feb9d5d0c5cb63c41
2021-07-25,DK1010001,Dhaka,PM2.5-24hr,UG/M3,18.7,24,U.S. Department of State Bangladesh - Dhaka,65,1,23.796374,90.424614,050DK1010001,https://files.airnowtech.org/airnow/2021/20210725/daily_data_v2.dat,07/25/21|DK1010001|Dhaka|PM2.5-24hr|UG/M3|18.7|24|U.S. Department of State Bangladesh - Dhaka|65|1|23.796374|90.424614|050DK1010001,2026-07-18T03:21:25+00:00,21959762b583ae229558d8d3eb9ef5c052d20461810140a6c2568a98317da7c0
2021-07-26,DK1010001,Dhaka,PM2.5-24hr,UG/M3,15.6,24,U.S. Department of State Bangladesh - Dhaka,58,1,23.796374,90.424614,050DK1010001,https://files.airnowtech.org/airnow/2021/20210726/daily_data_v2.dat,07/26/21|DK1010001|Dhaka|PM2.5-24hr|UG/M3|15.6|24|U.S. Department of State Bangladesh - Dhaka|58|1|23.796374|90.424614|050DK1010001,2026-07-18T03:21:25+00:00,e8361e98bebdf91ab743ec158875972bb631617789734062311e38ad101e20b1
2021-07-27,DK1010001,Dhaka,PM2.5-24hr,UG/M3,9.9,24,U.S. Department of State Bangladesh - Dhaka,41,0,23.796374,90.424614,050DK1010001,https://files.airnowtech.org/airnow/2021/20210727/daily_data_v2.dat,07/27/21|DK1010001|Dhaka|PM2.5-24hr|UG/M3|9.9|24|U.S. Department of State Bangladesh - Dhaka|41|0|23.796374|90.424614|050DK1010001,2026-07-18T03:21:25+00:00,c223456cd23546f3bdc1d1187754c358554129539c2cfe7f4d7e4ff9e79caf31
2021-07-28,DK1010001,Dhaka,PM2.5-24hr,UG/M3,6.4,24,U.S. Department of State Bangladesh - Dhaka,27,0,23.796374,90.424614,050DK1010001,https://files.airnowtech.org/airnow/2021/20210728/daily_data_v2.dat,07/28/21|DK1010001|Dhaka|PM2.5-24hr|UG/M3|6.4|24|U.S. Department of State Bangladesh - Dhaka|27|0|23.796374|90.424614|050DK1010001,2026-07-18T03:21:25+00:00,ab8af71850a37a1032b1096d75b6f73f99a7916bb9f6d100a8a839dd56d6e143
2021-07-29,DK1010001,Dhaka,PM2.5-24hr,UG/M3,4.3,24,U.S. Department of State Bangladesh - Dhaka,18,0,23.796374,90.424614,050DK1010001,https://files.airnowtech.org/airnow/2021/20210729/daily_data_v2.dat,07/29/21|DK1010001|Dhaka|PM2.5-24hr|UG/M3|4.3|24|U.S. Department of State Bangladesh - Dhaka|18|0|23.796374|90.424614|050DK1010001,2026-07-18T03:21:25+00:00,4c5da3381ae60bada550c9b667e5d5c827bd3775491852c5a7e1a4b7fc406dbd
2021-07-30,DK1010001,Dhaka,PM2.5-24hr,UG/M3,9.6,24,U.S. Department of State Bangladesh - Dhaka,40,0,23.796374,90.424614,050DK1010001,https://files.airnowtech.org/airnow/2021/20210730/daily_data_v2.dat,07/30/21|DK1010001|Dhaka|PM2.5-24hr|UG/M3|9.6|24|U.S. Department of State Bangladesh - Dhaka|40|0|23.796374|90.424614|050DK1010001,2026-07-18T03:21:25+00:00,1c16cdb11c45cd28f291c2163b08b115061f2c77119e8a86565273178fa67e10
2021-07-31,DK1010001,Dhaka,PM2.5-24hr,UG/M3,16.9,24,U.S. Department of State Bangladesh - Dhaka,61,1,23.796374,90.424614,050DK1010001,https://files.airnowtech.org/airnow/2021/20210731/daily_data_v2.dat,07/31/21|DK1010001|Dhaka|PM2.5-24hr|UG/M3|16.9|24|U.S. Department of State Bangladesh - Dhaka|61|1|23.796374|90.424614|050DK1010001,2026-07-18T03:21:25+00:00,797a9f5a4725d915e591f425b6ac4cfd3aef18b1ffa784f1e1f0ea7f3504f2d4
2021-08-01,DK1010001,Dhaka,PM2.5-24hr,UG/M3,21.6,24,U.S. Department of State Bangladesh - Dhaka,71,1,23.796374,90.424614,050DK1010001,https://files.airnowtech.org/airnow/2021/20210801/daily_data_v2.dat,08/01/21|DK1010001|Dhaka|PM2.5-24hr|UG/M3|21.6|24|U.S. Department of State Bangladesh - Dhaka|71|1|23.796374|90.424614|050DK1010001,2026-07-18T03:21:25+00:00,68830fa45c5acff6b4b76e362483571b7cfb39a70c6f7c6b555710248f7ccc32
2021-08-02,DK1010001,Dhaka,PM2.5-24hr,UG/M3,29.2,24,U.S. Department of State Bangladesh - Dhaka,87,1,23.796374,90.424614,050DK1010001,https://files.airnowtech.org/airnow/2021/20210802/daily_data_v2.dat,08/02/21|DK1010001|Dhaka|PM2.5-24hr|UG/M3|29.2|24|U.S. Department of State Bangladesh - Dhaka|87|1|23.796374|90.424614|050DK1010001,2026-07-18T03:21:25+00:00,92fe3daa76fabb9b16ca560acaa3e2a3a343221714a62279557d279a908fc2e5
2021-08-03,DK1010001,Dhaka,PM2.5-24hr,UG/M3,34.4,24,U.S. Department of State Bangladesh - Dhaka,98,1,23.796374,90.424614,050DK1010001,https://files.airnowtech.org/airnow/2021/20210803/daily_data_v2.dat,08/03/21|DK1010001|Dhaka|PM2.5-24hr|UG/M3|34.4|24|U.S. Department of State Bangladesh - Dhaka|98|1|23.796374|90.424614|050DK1010001,2026-07-18T03:21:25+00:00,67e58b85bc2d85b30b44122f9c418296ff07e7bee73b3c68f8940090a725188d
2021-08-04,DK1010001,Dhaka,PM2.5-24hr,UG/M3,25.3,24,U.S. Department of State Bangladesh - Dhaka,79,1,23.796374,90.424614,050DK1010001,https://files.airnowtech.org/airnow/2021/20210804/daily_data_v2.dat,08/04/21|DK1010001|Dhaka|PM2.5-24hr|UG/M3|25.3|24|U.S. Department of State Bangladesh - Dhaka|79|1|23.796374|90.424614|050DK1010001,2026-07-18T03:21:25+00:00,469d7fafe4eb7a914423758fc39cb1af83b81937e89b8c353ac643bea5a77472
2021-08-05,DK1010001,Dhaka,PM2.5-24hr,UG/M3,44.1,24,U.S. Department of State Bangladesh - Dhaka,122,2,23.796374,90.424614,050DK1010001,https://files.airnowtech.org/airnow/2021/20210805/daily_data_v2.dat,08/05/21|DK1010001|Dhaka|PM2.5-24hr|UG/M3|44.1|24|U.S. Department of State Bangladesh - Dhaka|122|2|23.796374|90.424614|050DK1010001,2026-07-18T03:21:25+00:00,197dcbfed4eb889b1d8eddb580b6e916fe7d206e23cd4720448f4c5d8fd09dda
2021-08-06,DK1010001,Dhaka,PM2.5-24hr,UG/M3,37.6,24,U.S. Department of State Bangladesh - Dhaka,106,2,23.796374,90.424614,050DK1010001,https://files.airnowtech.org/airnow/2021/20210806/daily_data_v2.dat,08/06/21|DK1010001|Dhaka|PM2.5-24hr|UG/M3|37.6|24|U.S. Department of State Bangladesh - Dhaka|106|2|23.796374|90.424614|050DK1010001,2026-07-18T03:21:25+00:00,38a7fe71bd07c6966599b57f52939f1942f2086e4f52910efd008fff97d5a1c8
2021-08-07,DK1010001,Dhaka,PM2.5-24hr,UG/M3,29.7,24,U.S. Department of State Bangladesh - Dhaka,88,1,23.796374,90.424614,050DK1010001,https://files.airnowtech.org/airnow/2021/20210807/daily_data_v2.dat,08/07/21|DK1010001|Dhaka|PM2.5-24hr|UG/M3|29.7|24|U.S. Department of State Bangladesh - Dhaka|88|1|23.796374|90.424614|050DK1010001,2026-07-18T03:21:25+00:00,50dda5ca170fcec7d4880101c2aa956f8c9cab89c647ad7954c81071a758cc4b
2021-08-08,DK1010001,Dhaka,PM2.5-24hr,UG/M3,32.7,24,U.S. Department of State Bangladesh - Dhaka,95,1,23.796374,90.424614,050DK1010001,https://files.airnowtech.org/airnow/2021/20210808/daily_data_v2.dat,08/08/21|DK1010001|Dhaka|PM2.5-24hr|UG/M3|32.7|24|U.S. Department of State Bangladesh - Dhaka|95|1|23.796374|90.424614|050DK1010001,2026-07-18T03:21:26+00:00,6e510ef6d78b78c12b08135d534a5b98da2b9e754bfe09345f7d9d347dd3a781
2021-08-09,DK1010001,Dhaka,PM2.5-24hr,UG/M3,30.2,24,U.S. Department of State Bangladesh - Dhaka,89,1,23.796374,90.424614,050DK1010001,https://files.airnowtech.org/airnow/2021/20210809/daily_data_v2.dat,08/09/21|DK1010001|Dhaka|PM2.5-24hr|UG/M3|30.2|24|U.S. Department of State Bangladesh - Dhaka|89|1|23.796374|90.424614|050DK1010001,2026-07-18T03:21:26+00:00,c907d96405d425838c69de24b212896859bdf8c2e8e303c4a21a834498c2a8f0
2021-08-10,DK1010001,Dhaka,PM2.5-24hr,UG/M3,39.0,24,U.S. Department of State Bangladesh - Dhaka,110,2,23.796374,90.424614,050DK1010001,https://files.airnowtech.org/airnow/2021/20210810/daily_data_v2.dat,08/10/21|DK1010001|Dhaka|PM2.5-24hr|UG/M3|39|24|U.S. Department of State Bangladesh - Dhaka|110|2|23.796374|90.424614|050DK1010001,2026-07-18T03:21:26+00:00,04f5be029cda79eb315f7fdcd25a21d40759aed7d10d499559c11b28b0e4fc24
2021-08-11,DK1010001,Dhaka,PM2.5-24hr,UG/M3,48.7,24,U.S. Department of State Bangladesh - Dhaka,134,2,23.796374,90.424614,050DK1010001,https://files.airnowtech.org/airnow/2021/20210811/daily_data_v2.dat,08/11/21|DK1010001|Dhaka|PM2.5-24hr|UG/M3|48.7|24|U.S. Department of State Bangladesh - Dhaka|134|2|23.796374|90.424614|050DK1010001,2026-07-18T03:21:26+00:00,5694d36e11d8a1dd363f54ba266dc000b4c57abd9363571ecd186102037dc808
2021-08-12,DK1010001,Dhaka,PM2.5-24hr,UG/M3,41.5,24,U.S. Department of State Bangladesh - Dhaka,116,2,23.796374,90.424614,050DK1010001,https://files.airnowtech.org/airnow/2021/20210812/daily_data_v2.dat,08/12/21|DK1010001|Dhaka|PM2.5-24hr|UG/M3|41.5|24|U.S. Department of State Bangladesh - Dhaka|116|2|23.796374|90.424614|050DK1010001,2026-07-18T03:21:26+00:00,7ce92ac2e78ee9c3206e2ad01bf8db56dcea33a1fe68d8d00d7f5eb02c64921a
2021-08-13,DK1010001,Dhaka,PM2.5-24hr,UG/M3,38.8,24,U.S. Department of State Bangladesh - Dhaka,109,2,23.796374,90.424614,050DK1010001,https://files.airnowtech.org/airnow/2021/20210813/daily_data_v2.dat,08/13/21|DK1010001|Dhaka|PM2.5-24hr|UG/M3|38.8|24|U.S. Department of State Bangladesh - Dhaka|109|2|23.796374|90.424614|050DK1010001,2026-07-18T03:21:26+00:00,b6dfd4262d8a29dfe9f4ce397ae3998985d70ba42d62121b5453c9ee65d6d23c
2021-08-14,DK1010001,Dhaka,PM2.5-24hr,UG/M3,32.8,24,U.S. Department of State Bangladesh - Dhaka,95,1,23.796374,90.424614,050DK1010001,https://files.airnowtech.org/airnow/2021/20210814/daily_data_v2.dat,08/14/21|DK1010001|Dhaka|PM2.5-24hr|UG/M3|32.8|24|U.S. Department of State Bangladesh - Dhaka|95|1|23.796374|90.424614|050DK1010001,2026-07-18T03:21:26+00:00,f59f9b2cce73b72c97da8ca517ed56125a442b8bb89e40ef83449de1f330c99f
2021-08-15,DK1010001,Dhaka,PM2.5-24hr,UG/M3,39.7,24,U.S. Department of State Bangladesh - Dhaka,112,2,23.796374,90.424614,050DK1010001,https://files.airnowtech.org/airnow/2021/20210815/daily_data_v2.dat,08/15/21|DK1010001|Dhaka|PM2.5-24hr|UG/M3|39.7|24|U.S. Department of State Bangladesh - Dhaka|112|2|23.796374|90.424614|050DK1010001,2026-07-18T03:21:26+00:00,3856f1379c06a97cb607bc63d291f5f557e705daf5f339541f46c2e7328c8889
2021-08-16,DK1010001,Dhaka,PM2.5-24hr,UG/M3,51.0,24,U.S. Department of State Bangladesh - Dhaka,139,2,23.796374,90.424614,050DK1010001,https://files.airnowtech.org/airnow/2021/20210816/daily_data_v2.dat,08/16/21|DK1010001|Dhaka|PM2.5-24hr|UG/M3|51|24|U.S. Department of State Bangladesh - Dhaka|139|2|23.796374|90.424614|050DK1010001,2026-07-18T03:21:30+00:00,581cbc5e77ad394521cb7cdf9da9a8d3a5b0652b3c5d92a7f8ebc82ca7a13943
2021-08-17,DK1010001,Dhaka,PM2.5-24hr,UG/M3,37.9,24,U.S. Department of State Bangladesh - Dhaka,107,2,23.796374,90.424614,050DK1010001,https://files.airnowtech.org/airnow/2021/20210817/daily_data_v2.dat,08/17/21|DK1010001|Dhaka|PM2.5-24hr|UG/M3|37.9|24|U.S. Department of State Bangladesh - Dhaka|107|2|23.796374|90.424614|050DK1010001,2026-07-18T03:21:30+00:00,bf71b8ac9898cde0ca1c441b9c4e2f04a3aee84e5f173187f5aaac2daafbc9ea
2021-08-18,DK1010001,Dhaka,PM2.5-24hr,UG/M3,31.8,24,U.S. Department of State Bangladesh - Dhaka,93,1,23.796374,90.424614,050DK1010001,https://files.airnowtech.org/airnow/2021/20210818/daily_data_v2.dat,08/18/21|DK1010001|Dhaka|PM2.5-24hr|UG/M3|31.8|24|U.S. Department of State Bangladesh - Dhaka|93|1|23.796374|90.424614|050DK1010001,2026-07-18T03:21:30+00:00,71cfab42a0ac2423513666dec07a52476744f5c1c30b256fb327a3b9a525a098
2021-08-19,DK1010001,Dhaka,PM2.5-24hr,UG/M3,30.6,24,U.S. Department of State Bangladesh - Dhaka,90,1,23.796374,90.424614,050DK1010001,https://files.airnowtech.org/airnow/2021/20210819/daily_data_v2.dat,08/19/21|DK1010001|Dhaka|PM2.5-24hr|UG/M3|30.6|24|U.S. Department of State Bangladesh - Dhaka|90|1|23.796374|90.424614|050DK1010001,2026-07-18T03:21:30+00:00,f3fc39539fd9ea16a5c7886fca6465757be67d6b901431a570bba2d7209d2dbc
2021-08-20,DK1010001,Dhaka,PM2.5-24hr,UG/M3,27.3,24,U.S. Department of State Bangladesh - Dhaka,83,1,23.796374,90.424614,050DK1010001,https://files.airnowtech.org/airnow/2021/20210820/daily_data_v2.dat,08/20/21|DK1010001|Dhaka|PM2.5-24hr|UG/M3|27.3|24|U.S. Department of State Bangladesh - Dhaka|83|1|23.796374|90.424614|050DK1010001,2026-07-18T03:21:30+00:00,c185bb4ec89fac595e6d38d8d2981ab52d0d8213fcfb6894adbb53009e74667e
2021-08-21,DK1010001,Dhaka,PM2.5-24hr,UG/M3,30.8,24,U.S. Department of State Bangladesh - Dhaka,91,1,23.796374,90.424614,050DK1010001,https://files.airnowtech.org/airnow/2021/20210821/daily_data_v2.dat,08/21/21|DK1010001|Dhaka|PM2.5-24hr|UG/M3|30.8|24|U.S. Department of State Bangladesh - Dhaka|91|1|23.796374|90.424614|050DK1010001,2026-07-18T03:21:30+00:00,6251dc779212bb23bd85ac9a4dff77e194aa1a850f866c93554395a554a3dd32
2021-08-22,DK1010001,Dhaka,PM2.5-24hr,UG/M3,25.3,24,U.S. Department of State Bangladesh - Dhaka,79,1,23.796374,90.424614,050DK1010001,https://files.airnowtech.org/airnow/2021/20210822/daily_data_v2.dat,08/22/21|DK1010001|Dhaka|PM2.5-24hr|UG/M3|25.3|24|U.S. Department of State Bangladesh - Dhaka|79|1|23.796374|90.424614|050DK1010001,2026-07-18T03:21:31+00:00,98c56cb4e8aa7c47b2a0630a0a1601405c3e6f9753f18954c8d7b0cfc3d2c395
2021-08-23,DK1010001,Dhaka,PM2.5-24hr,UG/M3,27.6,24,U.S. Department of State Bangladesh - Dhaka,84,1,23.796374,90.424614,050DK1010001,https://files.airnowtech.org/airnow/2021/20210823/daily_data_v2.dat,08/23/21|DK1010001|Dhaka|PM2.5-24hr|UG/M3|27.6|24|U.S. Department of State Bangladesh - Dhaka|84|1|23.796374|90.424614|050DK1010001,2026-07-18T03:21:31+00:00,fa970e91087a20fe5a50204504a56e5eeba2c3529d80f522a8c596bcd16c3d7f
2021-08-24,DK1010001,Dhaka,PM2.5-24hr,UG/M3,51.2,24,U.S. Department of State Bangladesh - Dhaka,140,2,23.796374,90.424614,050DK1010001,https://files.airnowtech.org/airnow/2021/20210824/daily_data_v2.dat,08/24/21|DK1010001|Dhaka|PM2.5-24hr|UG/M3|51.2|24|U.S. Department of State Bangladesh - Dhaka|140|2|23.796374|90.424614|050DK1010001,2026-07-18T03:21:31+00:00,7b3ed80f4bb2667af708110e2d32c521813c55d858d0eb9be88540b16f1d4717
2021-08-25,DK1010001,Dhaka,PM2.5-24hr,UG/M3,62.8,24,U.S. Department of State Bangladesh - Dhaka,155,3,23.796374,90.424614,050DK1010001,https://files.airnowtech.org/airnow/2021/20210825/daily_data_v2.dat,08/25/21|DK1010001|Dhaka|PM2.5-24hr|UG/M3|62.8|24|U.S. Department of State Bangladesh - Dhaka|155|3|23.796374|90.424614|050DK1010001,2026-07-18T03:21:31+00:00,e41cf1b78889ec81086c76a506b9e265941d8330ff4f1559a54811970c01dc34
2021-08-26,DK1010001,Dhaka,PM2.5-24hr,UG/M3,53.0,24,U.S. Department of State Bangladesh - Dhaka,144,2,23.796374,90.424614,050DK1010001,https://files.airnowtech.org/airnow/2021/20210826/daily_data_v2.dat,08/26/21|DK1010001|Dhaka|PM2.5-24hr|UG/M3|53|24|U.S. Department of State Bangladesh - Dhaka|144|2|23.796374|90.424614|050DK1010001,2026-07-18T03:21:31+00:00,885fb6d91bd4fe0986c7a4e649bf6df11ec21ee980119857a9d8a2fb5100347e
2021-08-27,DK1010001,Dhaka,PM2.5-24hr,UG/M3,44.5,24,U.S. Department of State Bangladesh - Dhaka,123,2,23.796374,90.424614,050DK1010001,https://files.airnowtech.org/airnow/2021/20210827/daily_data_v2.dat,08/27/21|DK1010001|Dhaka|PM2.5-24hr|UG/M3|44.5|24|U.S. Department of State Bangladesh - Dhaka|123|2|23.796374|90.424614|050DK1010001,2026-07-18T03:21:31+00:00,08ec801d39ad8af2f540b946cf9d6af99d1a3cb2fbf273909fae60df5048afd0
2021-08-28,DK1010001,Dhaka,PM2.5-24hr,UG/M3,34.7,24,U.S. Department of State Bangladesh - Dhaka,99,1,23.796374,90.424614,050DK1010001,https://files.airnowtech.org/airnow/2021/20210828/daily_data_v2.dat,08/28/21|DK1010001|Dhaka|PM2.5-24hr|UG/M3|34.7|24|U.S. Department of State Bangladesh - Dhaka|99|1|23.796374|90.424614|050DK1010001,2026-07-18T03:21:31+00:00,284b8ae706f9ba14428a32633123c6cd567a7442042098e7af662b46339ab8f5
2021-08-29,DK1010001,Dhaka,PM2.5-24hr,UG/M3,31.5,24,U.S. Department of State Bangladesh - Dhaka,92,1,23.796374,90.424614,050DK1010001,https://files.airnowtech.org/airnow/2021/20210829/daily_data_v2.dat,08/29/21|DK1010001|Dhaka|PM2.5-24hr|UG/M3|31.5|24|U.S. Department of State Bangladesh - Dhaka|92|1|23.796374|90.424614|050DK1010001,2026-07-18T03:21:31+00:00,9507be5cf72e0f5402135a19f196e9baacf5dadabfa5f8eeace35672fa8f86ff
2021-08-30,DK1010001,Dhaka,PM2.5-24hr,UG/M3,37.9,24,U.S. Department of State Bangladesh - Dhaka,107,2,23.796374,90.424614,050DK1010001,https://files.airnowtech.org/airnow/2021/20210830/daily_data_v2.dat,08/30/21|DK1010001|Dhaka|PM2.5-24hr|UG/M3|37.9|24|U.S. Department of State Bangladesh - Dhaka|107|2|23.796374|90.424614|050DK1010001,2026-07-18T03:21:31+00:00,49b9376fd303ba0a2d31f6319de2cd93ef29b71ba13bdd49c8c14d213827b3ec
2021-08-31,DK1010001,Dhaka,PM2.5-24hr,UG/M3,37.8,24,U.S. Department of State Bangladesh - Dhaka,107,2,23.796374,90.424614,050DK1010001,https://files.airnowtech.org/airnow/2021/20210831/daily_data_v2.dat,08/31/21|DK1010001|Dhaka|PM2.5-24hr|UG/M3|37.8|24|U.S. Department of State Bangladesh - Dhaka|107|2|23.796374|90.424614|050DK1010001,2026-07-18T03:21:31+00:00,c65efd950d5eafe9f80fec8ad99fdfe2cf1c493f462145bb8db13007d298810e
2021-09-01,DK1010001,Dhaka,PM2.5-24hr,UG/M3,34.3,24,U.S. Department of State Bangladesh - Dhaka,98,1,23.796374,90.424614,050DK1010001,https://files.airnowtech.org/airnow/2021/20210901/daily_data_v2.dat,09/01/21|DK1010001|Dhaka|PM2.5-24hr|UG/M3|34.3|24|U.S. Department of State Bangladesh - Dhaka|98|1|23.796374|90.424614|050DK1010001,2026-07-18T03:21:31+00:00,266c673c8cc332bef6492e97c040dbe55e176e95232bd04770b66623f6054513
2021-09-02,DK1010001,Dhaka,PM2.5-24hr,UG/M3,45.7,24,U.S. Department of State Bangladesh - Dhaka,126,2,23.796374,90.424614,050DK1010001,https://files.airnowtech.org/airnow/2021/20210902/daily_data_v2.dat,09/02/21|DK1010001|Dhaka|PM2.5-24hr|UG/M3|45.7|24|U.S. Department of State Bangladesh - Dhaka|126|2|23.796374|90.424614|050DK1010001,2026-07-18T03:21:31+00:00,528cc5c5335c1aedf57241dcc0fff6e2d8614719f55e2ca792091f5e1f2b1d69
2021-09-03,DK1010001,Dhaka,PM2.5-24hr,UG/M3,39.2,24,U.S. Department of State Bangladesh - Dhaka,110,2,23.796374,90.424614,050DK1010001,https://files.airnowtech.org/airnow/2021/20210903/daily_data_v2.dat,09/03/21|DK1010001|Dhaka|PM2.5-24hr|UG/M3|39.2|24|U.S. Department of State Bangladesh - Dhaka|110|2|23.796374|90.424614|050DK1010001,2026-07-18T03:21:31+00:00,7f48875b01b7ebea76360274f98afe9a6ca201307b237ab9a10c62d558897c39
2021-09-04,DK1010001,Dhaka,PM2.5-24hr,UG/M3,63.3,24,U.S. Department of State Bangladesh - Dhaka,155,3,23.796374,90.424614,050DK1010001,https://files.airnowtech.org/airnow/2021/20210904/daily_data_v2.dat,09/04/21|DK1010001|Dhaka|PM2.5-24hr|UG/M3|63.3|24|U.S. Department of State Bangladesh - Dhaka|155|3|23.796374|90.424614|050DK1010001,2026-07-18T03:21:31+00:00,1ba69ac37ac08a034794d3f9518fadd3edc109158c0dd7a4cb88b4c33ed17cc5
2021-09-05,DK1010001,Dhaka,PM2.5-24hr,UG/M3,55.8,24,U.S. Department of State Bangladesh - Dhaka,151,3,23.796374,90.424614,050DK1010001,https://files.airnowtech.org/airnow/2021/20210905/daily_data_v2.dat,09/05/21|DK1010001|Dhaka|PM2.5-24hr|UG/M3|55.8|24|U.S. Department of State Bangladesh - Dhaka|151|3|23.796374|90.424614|050DK1010001,2026-07-18T03:21:31+00:00,5a356748c30b8768d3af6de8d6f4d1cb5efa9c514eae0d3ee635ac4d1e352bc5
2021-09-06,DK1010001,Dhaka,PM2.5-24hr,UG/M3,24.6,24,U.S. Department of State Bangladesh - Dhaka,77,1,23.796374,90.424614,050DK1010001,https://files.airnowtech.org/airnow/2021/20210906/daily_data_v2.dat,09/06/21|DK1010001|Dhaka|PM2.5-24hr|UG/M3|24.6|24|U.S. Department of State Bangladesh - Dhaka|77|1|23.796374|90.424614|050DK1010001,2026-07-18T03:21:31+00:00,fbcf10ba0cd9c9fd571a35bfff9679aec6ed32d1998ef5aa3e8c2a0555d967d0
2021-09-07,DK1010001,Dhaka,PM2.5-24hr,UG/M3,22.6,24,U.S. Department of State Bangladesh - Dhaka,73,1,23.796374,90.424614,050DK1010001,https://files.airnowtech.org/airnow/2021/20210907/daily_data_v2.dat,09/07/21|DK1010001|Dhaka|PM2.5-24hr|UG/M3|22.6|24|U.S. Department of State Bangladesh - Dhaka|73|1|23.796374|90.424614|050DK1010001,2026-07-18T03:21:31+00:00,5bf880d12d228375b7637b896c6c01e943be73b5fe016cc058b0b19668eccef1
2021-09-08,DK1010001,Dhaka,PM2.5-24hr,UG/M3,37.0,24,U.S. Department of State Bangladesh - Dhaka,105,2,23.796374,90.424614,050DK1010001,https://files.airnowtech.org/airnow/2021/20210908/daily_data_v2.dat,09/08/21|DK1010001|Dhaka|PM2.5-24hr|UG/M3|37|24|U.S. Department of State Bangladesh - Dhaka|105|2|23.796374|90.424614|050DK1010001,2026-07-18T03:21:31+00:00,2a6fc7c534faf9467dacecfc7a259c514266002cdb210e55b708cfef3fcaf5b4
2021-09-09,DK1010001,Dhaka,PM2.5-24hr,UG/M3,63.7,24,U.S. Department of State Bangladesh - Dhaka,155,3,23.796374,90.424614,050DK1010001,https://files.airnowtech.org/airnow/2021/20210909/daily_data_v2.dat,09/09/21|DK1010001|Dhaka|PM2.5-24hr|UG/M3|63.7|24|U.S. Department of State Bangladesh - Dhaka|155|3|23.796374|90.424614|050DK1010001,2026-07-18T03:21:31+00:00,723149283ddc209829801e4d9446f21c73436f1b0a27ffe4370892b10911df7a
2021-09-10,DK1010001,Dhaka,PM2.5-24hr,UG/M3,52.6,24,U.S. Department of State Bangladesh - Dhaka,143,2,23.796374,90.424614,050DK1010001,https://files.airnowtech.org/airnow/2021/20210910/daily_data_v2.dat,09/10/21|DK1010001|Dhaka|PM2.5-24hr|UG/M3|52.6|24|U.S. Department of State Bangladesh - Dhaka|143|2|23.796374|90.424614|050DK1010001,2026-07-18T03:21:31+00:00,f95c31ff238653b59498c4ff8038aee25c7fe91af86fab8b0569b77d1b91e828
2021-09-11,DK1010001,Dhaka,PM2.5-24hr,UG/M3,17.4,24,U.S. Department of State Bangladesh - Dhaka,62,1,23.796374,90.424614,050DK1010001,https://files.airnowtech.org/airnow/2021/20210911/daily_data_v2.dat,09/11/21|DK1010001|Dhaka|PM2.5-24hr|UG/M3|17.4|24|U.S. Department of State Bangladesh - Dhaka|62|1|23.796374|90.424614|050DK1010001,2026-07-18T03:21:31+00:00,5244e803d380fa1897af1aaa79e830c821a98d0ebb69ae96a0afc55ae65d9fb3
2021-09-12,DK1010001,Dhaka,PM2.5-24hr,UG/M3,25.5,24,U.S. Department of State Bangladesh - Dhaka,79,1,23.796374,90.424614,050DK1010001,https://files.airnowtech.org/airnow/2021/20210912/daily_data_v2.dat,09/12/21|DK1010001|Dhaka|PM2.5-24hr|UG/M3|25.5|24|U.S. Department of State Bangladesh - Dhaka|79|1|23.796374|90.424614|050DK1010001,2026-07-18T03:21:31+00:00,42bbaf6c0ac671af35f1e2fe729e6fd05b30a378ae2b633aad13625a1d5434d5
2021-09-13,DK1010001,Dhaka,PM2.5-24hr,UG/M3,17.0,24,U.S. Department of State Bangladesh - Dhaka,61,1,23.796374,90.424614,050DK1010001,https://files.airnowtech.org/airnow/2021/20210913/daily_data_v2.dat,09/13/21|DK1010001|Dhaka|PM2.5-24hr|UG/M3|17|24|U.S. Department of State Bangladesh - Dhaka|61|1|23.796374|90.424614|050DK1010001,2026-07-18T03:21:31+00:00,017c5c11f75ce7af670f3c66c99a3311c85c0fcf380e375ba8d070f7f44acd14
2021-09-14,DK1010001,Dhaka,PM2.5-24hr,UG/M3,28.4,24,U.S. Department of State Bangladesh - Dhaka,85,1,23.796374,90.424614,050DK1010001,https://files.airnowtech.org/airnow/2021/20210914/daily_data_v2.dat,09/14/21|DK1010001|Dhaka|PM2.5-24hr|UG/M3|28.4|24|U.S. Department of State Bangladesh - Dhaka|85|1|23.796374|90.424614|050DK1010001,2026-07-18T03:21:31+00:00,1fafb34f51a5f6389b24300f07dca52121e63e447c9036e7bdecb10bdf43e55a
2021-09-15,DK1010001,Dhaka,PM2.5-24hr,UG/M3,29.3,24,U.S. Department of State Bangladesh - Dhaka,87,1,23.796374,90.424614,050DK1010001,https://files.airnowtech.org/airnow/2021/20210915/daily_data_v2.dat,09/15/21|DK1010001|Dhaka|PM2.5-24hr|UG/M3|29.3|24|U.S. Department of State Bangladesh - Dhaka|87|1|23.796374|90.424614|050DK1010001,2026-07-18T03:21:31+00:00,8f0396c5d373c50ad09e8537e9b099e8481608275e35b438adcc91a8ed22d12c
2021-09-16,DK1010001,Dhaka,PM2.5-24hr,UG/M3,32.4,24,U.S. Department of State Bangladesh - Dhaka,94,1,23.796374,90.424614,050DK1010001,https://files.airnowtech.org/airnow/2021/20210916/daily_data_v2.dat,09/16/21|DK1010001|Dhaka|PM2.5-24hr|UG/M3|32.4|24|U.S. Department of State Bangladesh - Dhaka|94|1|23.796374|90.424614|050DK1010001,2026-07-18T03:21:31+00:00,f0cc201e8c10459b6588090b8b65dde4adba4e0dbf14dc261b5ac88c16f1a259
2021-09-17,DK1010001,Dhaka,PM2.5-24hr,UG/M3,41.1,24,U.S. Department of State Bangladesh - Dhaka,115,2,23.796374,90.424614,050DK1010001,https://files.airnowtech.org/airnow/2021/20210917/daily_data_v2.dat,09/17/21|DK1010001|Dhaka|PM2.5-24hr|UG/M3|41.1|24|U.S. Department of State Bangladesh - Dhaka|115|2|23.796374|90.424614|050DK1010001,2026-07-18T03:21:31+00:00,8f95e77fe001cd7af32a0ca945728ad5c41583f47d9fb0a9076fe3f09711cbc2
2021-09-18,DK1010001,Dhaka,PM2.5-24hr,UG/M3,30.4,24,U.S. Department of State Bangladesh - Dhaka,89,1,23.796374,90.424614,050DK1010001,https://files.airnowtech.org/airnow/2021/20210918/daily_data_v2.dat,09/18/21|DK1010001|Dhaka|PM2.5-24hr|UG/M3|30.4|24|U.S. Department of State Bangladesh - Dhaka|89|1|23.796374|90.424614|050DK1010001,2026-07-18T03:21:31+00:00,ff472811dd44349468bae2b443c81c1d685f572ba646db68f1b2889e4951da5d
2021-09-19,DK1010001,Dhaka,PM2.5-24hr,UG/M3,19.5,24,U.S. Department of State Bangladesh - Dhaka,67,1,23.796374,90.424614,050DK1010001,https://files.airnowtech.org/airnow/2021/20210919/daily_data_v2.dat,09/19/21|DK1010001|Dhaka|PM2.5-24hr|UG/M3|19.5|24|U.S. Department of State Bangladesh - Dhaka|67|1|23.796374|90.424614|050DK1010001,2026-07-18T03:21:31+00:00,ee6f861ab36401cf9a90bc59baef7be295c36b9f92898d02db4a8aea435d6678
2021-09-20,DK1010001,Dhaka,PM2.5-24hr,UG/M3,39.7,24,U.S. Department of State Bangladesh - Dhaka,111,2,23.796374,90.424614,050DK1010001,https://files.airnowtech.org/airnow/2021/20210920/daily_data_v2.dat,09/20/21|DK1010001|Dhaka|PM2.5-24hr|UG/M3|39.7|24|U.S. Department of State Bangladesh - Dhaka|111|2|23.796374|90.424614|050DK1010001,2026-07-18T03:21:31+00:00,58c52bb4fada7d6986e6b8beb1b3a9d61d6dab1414327bf3ece0309b51dc5249
2021-10-05,DK1010001,Dhaka,PM2.5-24hr,UG/M3,58.4,24,U.S. Department of State Bangladesh - Dhaka,153,3,23.796374,90.424614,050DK1010001,https://files.airnowtech.org/airnow/2021/20211005/daily_data_v2.dat,10/05/21|DK1010001|Dhaka|PM2.5-24hr|UG/M3|58.4|24|U.S. Department of State Bangladesh - Dhaka|153|3|23.796374|90.424614|050DK1010001,2026-07-18T03:21:31+00:00,38eaef755004800d91a41d3e78029cd3cebf61e74bf43966a58803fabdaed7c3
2021-10-06,DK1010001,Dhaka,PM2.5-24hr,UG/M3,74.0,24,U.S. Department of State Bangladesh - Dhaka,161,3,23.796374,90.424614,050DK1010001,https://files.airnowtech.org/airnow/2021/20211006/daily_data_v2.dat,10/06/21|DK1010001|Dhaka|PM2.5-24hr|UG/M3|74|24|U.S. Department of State Bangladesh - Dhaka|161|3|23.796374|90.424614|050DK1010001,2026-07-18T03:21:31+00:00,647aaeab3eeb3f9bb0e9ea1dd48706f8dd7891337a8608dc33ae0e9c6d5fe52c
2021-10-07,DK1010001,Dhaka,PM2.5-24hr,UG/M3,103.7,24,U.S. Department of State Bangladesh - Dhaka,176,3,23.796374,90.424614,050DK1010001,https://files.airnowtech.org/airnow/2021/20211007/daily_data_v2.dat,10/07/21|DK1010001|Dhaka|PM2.5-24hr|UG/M3|103.7|24|U.S. Department of State Bangladesh - Dhaka|176|3|23.796374|90.424614|050DK1010001,2026-07-18T03:21:31+00:00,29acc850d3f8d867aa08260fa82c8d21750c82035093612f877f5e4f54c54c09
2021-10-08,DK1010001,Dhaka,PM2.5-24hr,UG/M3,100.6,24,U.S. Department of State Bangladesh - Dhaka,174,3,23.796374,90.424614,050DK1010001,https://files.airnowtech.org/airnow/2021/20211008/daily_data_v2.dat,10/08/21|DK1010001|Dhaka|PM2.5-24hr|UG/M3|100.6|24|U.S. Department of State Bangladesh - Dhaka|174|3|23.796374|90.424614|050DK1010001,2026-07-18T03:21:31+00:00,356e539b8fcca366e37b471bbb0947402a63d3fcbd4f59bd03221107cad2e550
2021-10-09,DK1010001,Dhaka,PM2.5-24hr,UG/M3,99.0,24,U.S. Department of State Bangladesh - Dhaka,174,3,23.796374,90.424614,050DK1010001,https://files.airnowtech.org/airnow/2021/20211009/daily_data_v2.dat,10/09/21|DK1010001|Dhaka|PM2.5-24hr|UG/M3|99|24|U.S. Department of State Bangladesh - Dhaka|174|3|23.796374|90.424614|050DK1010001,2026-07-18T03:21:31+00:00,b7c1f3f1a90bdd1a66953122f8b795d13160b436bc2b2f7f1497400dba565d75
2021-10-10,DK1010001,Dhaka,PM2.5-24hr,UG/M3,90.6,24,U.S. Department of State Bangladesh - Dhaka,169,3,23.796374,90.424614,050DK1010001,https://files.airnowtech.org/airnow/2021/20211010/daily_data_v2.dat,10/10/21|DK1010001|Dhaka|PM2.5-24hr|UG/M3|90.6|24|U.S. Department of State Bangladesh - Dhaka|169|3|23.796374|90.424614|050DK1010001,2026-07-18T03:21:31+00:00,829df5f4ddfefeb3b1f3660b807bae0c9fd3ee68ced1ebbc889020299ba15094
2021-10-11,DK1010001,Dhaka,PM2.5-24hr,UG/M3,91.2,24,U.S. Department of State Bangladesh - Dhaka,169,3,23.796374,90.424614,050DK1010001,https://files.airnowtech.org/airnow/2021/20211011/daily_data_v2.dat,10/11/21|DK1010001|Dhaka|PM2.5-24hr|UG/M3|91.2|24|U.S. Department of State Bangladesh - Dhaka|169|3|23.796374|90.424614|050DK1010001,2026-07-18T03:21:31+00:00,9edf3660277fa85acaaf00649cd954fa7fb8b4bdeae7609131d8cabd9a2112c9
2021-10-12,DK1010001,Dhaka,PM2.5-24hr,UG/M3,86.9,24,U.S. Department of State Bangladesh - Dhaka,167,3,23.796374,90.424614,050DK1010001,https://files.airnowtech.org/airnow/2021/20211012/daily_data_v2.dat,10/12/21|DK1010001|Dhaka|PM2.5-24hr|UG/M3|86.9|24|U.S. Department of State Bangladesh - Dhaka|167|3|23.796374|90.424614|050DK1010001,2026-07-18T03:21:31+00:00,f779f5e559c45508d635feb8c64b774bea4240dba91ce8c1569c24fff87deb1d
2021-10-13,DK1010001,Dhaka,PM2.5-24hr,UG/M3,78.6,24,U.S. Department of State Bangladesh - Dhaka,163,3,23.796374,90.424614,050DK1010001,https://files.airnowtech.org/airnow/2021/20211013/daily_data_v2.dat,10/13/21|DK1010001|Dhaka|PM2.5-24hr|UG/M3|78.6|24|U.S. Department of State Bangladesh - Dhaka|163|3|23.796374|90.424614|050DK1010001,2026-07-18T03:21:31+00:00,02377e938fdb5cc50f059da0cdb4becd1fcb14f7b8d4c00deccc7bb3b898292a
2021-10-14,DK1010001,Dhaka,PM2.5-24hr,UG/M3,79.8,24,U.S. Department of State Bangladesh - Dhaka,164,3,23.796374,90.424614,050DK1010001,https://files.airnowtech.org/airnow/2021/20211014/daily_data_v2.dat,10/14/21|DK1010001|Dhaka|PM2.5-24hr|UG/M3|79.8|24|U.S. Department of State Bangladesh - Dhaka|164|3|23.796374|90.424614|050DK1010001,2026-07-18T03:21:31+00:00,a9ede6005c4c82533dded3711e5e2222e3d6ea35807c8e19d470119aea405a67
2021-10-15,DK1010001,Dhaka,PM2.5-24hr,UG/M3,56.5,24,U.S. Department of State Bangladesh - Dhaka,152,3,23.796374,90.424614,050DK1010001,https://files.airnowtech.org/airnow/2021/20211015/daily_data_v2.dat,10/15/21|DK1010001|Dhaka|PM2.5-24hr|UG/M3|56.5|24|U.S. Department of State Bangladesh - Dhaka|152|3|23.796374|90.424614|050DK1010001,2026-07-18T03:21:31+00:00,73a2afb4d075fe2e3dbd361e88d3e6b6a9869cf4a8debac219e33450ae8fc890
2021-10-16,DK1010001,Dhaka,PM2.5-24hr,UG/M3,48.5,24,U.S. Department of State Bangladesh - Dhaka,133,2,23.796374,90.424614,050DK1010001,https://files.airnowtech.org/airnow/2021/20211016/daily_data_v2.dat,10/16/21|DK1010001|Dhaka|PM2.5-24hr|UG/M3|48.5|24|U.S. Department of State Bangladesh - Dhaka|133|2|23.796374|90.424614|050DK1010001,2026-07-18T03:21:31+00:00,d0c8d6299df19b03997746a53ff24010edb7af24e3629fae7a388feb4c70aa76
2021-10-17,DK1010001,Dhaka,PM2.5-24hr,UG/M3,33.1,24,U.S. Department of State Bangladesh - Dhaka,95,1,23.796374,90.424614,050DK1010001,https://files.airnowtech.org/airnow/2021/20211017/daily_data_v2.dat,10/17/21|DK1010001|Dhaka|PM2.5-24hr|UG/M3|33.1|24|U.S. Department of State Bangladesh - Dhaka|95|1|23.796374|90.424614|050DK1010001,2026-07-18T03:21:31+00:00,fa8893d4cf90d922bacb62506c5c6044ca7d69593d11896a082dc8a91c838a5a
2021-10-18,DK1010001,Dhaka,PM2.5-24hr,UG/M3,28.3,24,U.S. Department of State Bangladesh - Dhaka,85,1,23.796374,90.424614,050DK1010001,https://files.airnowtech.org/airnow/2021/20211018/daily_data_v2.dat,10/18/21|DK1010001|Dhaka|PM2.5-24hr|UG/M3|28.3|24|U.S. Department of State Bangladesh - Dhaka|85|1|23.796374|90.424614|050DK1010001,2026-07-18T03:21:31+00:00,7bf4cc8125d22f53c018b2441d0563f78c55c297d70297b7fc5adf58b926afed
2021-10-19,DK1010001,Dhaka,PM2.5-24hr,UG/M3,54.0,24,U.S. Department of State Bangladesh - Dhaka,147,2,23.796374,90.424614,050DK1010001,https://files.airnowtech.org/airnow/2021/20211019/daily_data_v2.dat,10/19/21|DK1010001|Dhaka|PM2.5-24hr|UG/M3|54|24|U.S. Department of State Bangladesh - Dhaka|147|2|23.796374|90.424614|050DK1010001,2026-07-18T03:21:31+00:00,14d28133247b49e1b9bab4753fcc7aef342003a48208a00ec8d5bf977f7e19ee
2021-10-20,DK1010001,Dhaka,PM2.5-24hr,UG/M3,52.5,24,U.S. Department of State Bangladesh - Dhaka,143,2,23.796374,90.424614,050DK1010001,https://files.airnowtech.org/airnow/2021/20211020/daily_data_v2.dat,10/20/21|DK1010001|Dhaka|PM2.5-24hr|UG/M3|52.5|24|U.S. Department of State Bangladesh - Dhaka|143|2|23.796374|90.424614|050DK1010001,2026-07-18T03:21:31+00:00,5536565c28770f892f915ce2485a0203851dded6504b796afb28b407ca78b8ef
2021-10-21,DK1010001,Dhaka,PM2.5-24hr,UG/M3,68.7,24,U.S. Department of State Bangladesh - Dhaka,158,3,23.796374,90.424614,050DK1010001,https://files.airnowtech.org/airnow/2021/20211021/daily_data_v2.dat,10/21/21|DK1010001|Dhaka|PM2.5-24hr|UG/M3|68.7|24|U.S. Department of State Bangladesh - Dhaka|158|3|23.796374|90.424614|050DK1010001,2026-07-18T03:21:31+00:00,f8b9bafff0571f31147934042318b226ca5d25df7d62b78048eb20e702ae4cf1
2021-10-22,DK1010001,Dhaka,PM2.5-24hr,UG/M3,103.7,24,U.S. Department of State Bangladesh - Dhaka,176,3,23.796374,90.424614,050DK1010001,https://files.airnowtech.org/airnow/2021/20211022/daily_data_v2.dat,10/22/21|DK1010001|Dhaka|PM2.5-24hr|UG/M3|103.7|24|U.S. Department of State Bangladesh - Dhaka|176|3|23.796374|90.424614|050DK1010001,2026-07-18T03:21:31+00:00,00ab6cf7705d82eea58ddacc8693e56d8345d168f612adde3d59da0d640bc935
2021-10-23,DK1010001,Dhaka,PM2.5-24hr,UG/M3,78.1,24,U.S. Department of State Bangladesh - Dhaka,163,3,23.796374,90.424614,050DK1010001,https://files.airnowtech.org/airnow/2021/20211023/daily_data_v2.dat,10/23/21|DK1010001|Dhaka|PM2.5-24hr|UG/M3|78.1|24|U.S. Department of State Bangladesh - Dhaka|163|3|23.796374|90.424614|050DK1010001,2026-07-18T03:21:31+00:00,f9ddac2d0bf93c1d3df4253cf6db62f601321f382cdcf333e4cc8ec972cd6c9e
2021-10-24,DK1010001,Dhaka,PM2.5-24hr,UG/M3,85.4,24,U.S. Department of State Bangladesh - Dhaka,166,3,23.796374,90.424614,050DK1010001,https://files.airnowtech.org/airnow/2021/20211024/daily_data_v2.dat,10/24/21|DK1010001|Dhaka|PM2.5-24hr|UG/M3|85.4|24|U.S. Department of State Bangladesh - Dhaka|166|3|23.796374|90.424614|050DK1010001,2026-07-18T03:21:31+00:00,c4688d4798dfe97a5f0c75fe49ac6a1cdddcb1c2abf93749404a5a459191c0c0
2021-10-25,DK1010001,Dhaka,PM2.5-24hr,UG/M3,103.0,24,U.S. Department of State Bangladesh - Dhaka,176,3,23.796374,90.424614,050DK1010001,https://files.airnowtech.org/airnow/2021/20211025/daily_data_v2.dat,10/25/21|DK1010001|Dhaka|PM2.5-24hr|UG/M3|103|24|U.S. Department of State Bangladesh - Dhaka|176|3|23.796374|90.424614|050DK1010001,2026-07-18T03:21:31+00:00,7fa1dfc87a8355e1ced855cbc080ddeb52fa81caac29f8407c69d3278577d6a4
2021-10-26,DK1010001,Dhaka,PM2.5-24hr,UG/M3,96.0,24,U.S. Department of State Bangladesh - Dhaka,172,3,23.796374,90.424614,050DK1010001,https://files.airnowtech.org/airnow/2021/20211026/daily_data_v2.dat,10/26/21|DK1010001|Dhaka|PM2.5-24hr|UG/M3|96|24|U.S. Department of State Bangladesh - Dhaka|172|3|23.796374|90.424614|050DK1010001,2026-07-18T03:21:31+00:00,7629aa3bd6d3161186e840b81ab6249fa7bebebe9286b23f0f461d986dc93f1e
2021-10-27,DK1010001,Dhaka,PM2.5-24hr,UG/M3,96.7,24,U.S. Department of State Bangladesh - Dhaka,172,3,23.796374,90.424614,050DK1010001,https://files.airnowtech.org/airnow/2021/20211027/daily_data_v2.dat,10/27/21|DK1010001|Dhaka|PM2.5-24hr|UG/M3|96.7|24|U.S. Department of State Bangladesh - Dhaka|172|3|23.796374|90.424614|050DK1010001,2026-07-18T03:21:31+00:00,4a7c55a1111d68177c81119ee6954b9d1c9cd1bb20fbb87226865284b0e29701
2021-10-28,DK1010001,Dhaka,PM2.5-24hr,UG/M3,82.5,24,U.S. Department of State Bangladesh - Dhaka,165,3,23.796374,90.424614,050DK1010001,https://files.airnowtech.org/airnow/2021/20211028/daily_data_v2.dat,10/28/21|DK1010001|Dhaka|PM2.5-24hr|UG/M3|82.5|24|U.S. Department of State Bangladesh - Dhaka|165|3|23.796374|90.424614|050DK1010001,2026-07-18T03:21:31+00:00,41f5bdf90f167002441249996cd884f78f4ddd8e12edcf6e2b89338a2378522c
2021-10-29,DK1010001,Dhaka,PM2.5-24hr,UG/M3,69.3,24,U.S. Department of State Bangladesh - Dhaka,158,3,23.796374,90.424614,050DK1010001,https://files.airnowtech.org/airnow/2021/20211029/daily_data_v2.dat,10/29/21|DK1010001|Dhaka|PM2.5-24hr|UG/M3|69.3|24|U.S. Department of State Bangladesh - Dhaka|158|3|23.796374|90.424614|050DK1010001,2026-07-18T03:21:31+00:00,3aab5d6fb87387a32a9196d5024bda663af171fd8489d7f60b7675ca64ef073c
2021-10-30,DK1010001,Dhaka,PM2.5-24hr,UG/M3,67.8,24,U.S. Department of State Bangladesh - Dhaka,157,3,23.796374,90.424614,050DK1010001,https://files.airnowtech.org/airnow/2021/20211030/daily_data_v2.dat,10/30/21|DK1010001|Dhaka|PM2.5-24hr|UG/M3|67.8|24|U.S. Department of State Bangladesh - Dhaka|157|3|23.796374|90.424614|050DK1010001,2026-07-18T03:21:31+00:00,bf14f11d390f27ef77c6547eba139d513e47cfc3d0dff63a40fdb28dc36079e6
2021-10-31,DK1010001,Dhaka,PM2.5-24hr,UG/M3,89.1,24,U.S. Department of State Bangladesh - Dhaka,168,3,23.796374,90.424614,050DK1010001,https://files.airnowtech.org/airnow/2021/20211031/daily_data_v2.dat,10/31/21|DK1010001|Dhaka|PM2.5-24hr|UG/M3|89.1|24|U.S. Department of State Bangladesh - Dhaka|168|3|23.796374|90.424614|050DK1010001,2026-07-18T03:21:31+00:00,0097e1ade619cf6d8950e9590504a732d922d2ffe156d658b876e10cd2077488
2021-11-01,DK1010001,Dhaka,PM2.5-24hr,UG/M3,130.2,24,U.S. Department of State Bangladesh - Dhaka,190,3,23.796374,90.424614,050DK1010001,https://files.airnowtech.org/airnow/2021/20211101/daily_data_v2.dat,11/01/21|DK1010001|Dhaka|PM2.5-24hr|UG/M3|130.2|24|U.S. Department of State Bangladesh - Dhaka|190|3|23.796374|90.424614|050DK1010001,2026-07-18T03:21:31+00:00,cfedf0b65fc5d2407040bef07cf5de9989ef170529dfc905a2410183ec5fc085
2021-11-02,DK1010001,Dhaka,PM2.5-24hr,UG/M3,118.4,24,U.S. Department of State Bangladesh - Dhaka,183,3,23.796374,90.424614,050DK1010001,https://files.airnowtech.org/airnow/2021/20211102/daily_data_v2.dat,11/02/21|DK1010001|Dhaka|PM2.5-24hr|UG/M3|118.4|24|U.S. Department of State Bangladesh - Dhaka|183|3|23.796374|90.424614|050DK1010001,2026-07-18T03:21:31+00:00,640a2d2091fd1a5588ddf34887f0e41865a033d86d516de764ae819201dc1b16
2021-11-03,DK1010001,Dhaka,PM2.5-24hr,UG/M3,108.0,24,U.S. Department of State Bangladesh - Dhaka,178,3,23.796374,90.424614,050DK1010001,https://files.airnowtech.org/airnow/2021/20211103/daily_data_v2.dat,11/03/21|DK1010001|Dhaka|PM2.5-24hr|UG/M3|108|24|U.S. Department of State Bangladesh - Dhaka|178|3|23.796374|90.424614|050DK1010001,2026-07-18T03:21:31+00:00,ed5c9f09a16bbd9abdb3e9fb6b801ce3dbe1b20b5c2a65f65b94a26e3af9cfc3
2021-11-04,DK1010001,Dhaka,PM2.5-24hr,UG/M3,104.4,24,U.S. Department of State Bangladesh - Dhaka,176,3,23.796374,90.424614,050DK1010001,https://files.airnowtech.org/airnow/2021/20211104/daily_data_v2.dat,11/04/21|DK1010001|Dhaka|PM2.5-24hr|UG/M3|104.4|24|U.S. Department of State Bangladesh - Dhaka|176|3|23.796374|90.424614|050DK1010001,2026-07-18T03:21:31+00:00,783dbed457ec20344d8f81173b41acfb15fcf59c2a85479400751bf06cc3ce95
2021-11-05,DK1010001,Dhaka,PM2.5-24hr,UG/M3,93.9,24,U.S. Department of State Bangladesh - Dhaka,171,3,23.796374,90.424614,050DK1010001,https://files.airnowtech.org/airnow/2021/20211105/daily_data_v2.dat,11/05/21|DK1010001|Dhaka|PM2.5-24hr|UG/M3|93.9|24|U.S. Department of State Bangladesh - Dhaka|171|3|23.796374|90.424614|050DK1010001,2026-07-18T03:21:31+00:00,0b71917a0f0e2a477b71beda48a2bfdcb07e10507b6624fb05f94f4dcc3cb373
2021-11-06,DK1010001,Dhaka,PM2.5-24hr,UG/M3,99.9,24,U.S. Department of State Bangladesh - Dhaka,174,3,23.796374,90.424614,050DK1010001,https://files.airnowtech.org/airnow/2021/20211106/daily_data_v2.dat,11/06/21|DK1010001|Dhaka|PM2.5-24hr|UG/M3|99.9|24|U.S. Department of State Bangladesh - Dhaka|174|3|23.796374|90.424614|050DK1010001,2026-07-18T03:21:31+00:00,faea69b50b2a8dbd381e6c4ac8ee294c9193abd51e91524cfb10d60cf1dd8cac
2021-11-07,DK1010001,Dhaka,PM2.5-24hr,UG/M3,98.2,24,U.S. Department of State Bangladesh - Dhaka,173,3,23.796374,90.424614,050DK1010001,https://files.airnowtech.org/airnow/2021/20211107/daily_data_v2.dat,11/07/21|DK1010001|Dhaka|PM2.5-24hr|UG/M3|98.2|24|U.S. Department of State Bangladesh - Dhaka|173|3|23.796374|90.424614|050DK1010001,2026-07-18T03:21:31+00:00,da0e2c3b19545ad0de573450b7207b77d22f0e524d18abc08dac17e004f3f51f
2021-11-08,DK1010001,Dhaka,PM2.5-24hr,UG/M3,117.6,24,U.S. Department of State Bangladesh - Dhaka,183,3,23.796374,90.424614,050DK1010001,https://files.airnowtech.org/airnow/2021/20211108/daily_data_v2.dat,11/08/21|DK1010001|Dhaka|PM2.5-24hr|UG/M3|117.6|24|U.S. Department of State Bangladesh - Dhaka|183|3|23.796374|90.424614|050DK1010001,2026-07-18T03:21:31+00:00,ab15f8507c41ce35eacfd25e5da553d54264579557d77c12d7c0e1ce9bf15b89
2021-11-09,DK1010001,Dhaka,PM2.5-24hr,UG/M3,134.9,24,U.S. Department of State Bangladesh - Dhaka,192,3,23.796374,90.424614,050DK1010001,https://files.airnowtech.org/airnow/2021/20211109/daily_data_v2.dat,11/09/21|DK1010001|Dhaka|PM2.5-24hr|UG/M3|134.9|24|U.S. Department of State Bangladesh - Dhaka|192|3|23.796374|90.424614|050DK1010001,2026-07-18T03:21:31+00:00,a333a1c938acee3d2f4046b585c532ea5b43fbe647df7791de3e0daae983e473
2021-11-10,DK1010001,Dhaka,PM2.5-24hr,UG/M3,128.2,24,U.S. Department of State Bangladesh - Dhaka,189,3,23.796374,90.424614,050DK1010001,https://files.airnowtech.org/airnow/2021/20211110/daily_data_v2.dat,11/10/21|DK1010001|Dhaka|PM2.5-24hr|UG/M3|128.2|24|U.S. Department of State Bangladesh - Dhaka|189|3|23.796374|90.424614|050DK1010001,2026-07-18T03:21:31+00:00,d8226b6c0ee3a563fccd07a781458b0a0c6c0fbdc3cbf77b2cd0015f3102e4c4
2021-11-11,DK1010001,Dhaka,PM2.5-24hr,UG/M3,123.3,24,U.S. Department of State Bangladesh - Dhaka,186,3,23.796374,90.424614,050DK1010001,https://files.airnowtech.org/airnow/2021/20211111/daily_data_v2.dat,11/11/21|DK1010001|Dhaka|PM2.5-24hr|UG/M3|123.3|24|U.S. Department of State Bangladesh - Dhaka|186|3|23.796374|90.424614|050DK1010001,2026-07-18T03:21:31+00:00,1cd92299d745d1ca74af8ec82fd51626557415bbcdd15e8008de97e169b2c26c
2021-11-12,DK1010001,Dhaka,PM2.5-24hr,UG/M3,103.5,24,U.S. Department of State Bangladesh - Dhaka,176,3,23.796374,90.424614,050DK1010001,https://files.airnowtech.org/airnow/2021/20211112/daily_data_v2.dat,11/12/21|DK1010001|Dhaka|PM2.5-24hr|UG/M3|103.5|24|U.S. Department of State Bangladesh - Dhaka|176|3|23.796374|90.424614|050DK1010001,2026-07-18T03:21:31+00:00,b3d50f515ac175141d2e1188bcf85fd4493c36af0365c8c02a45b8757fa8bfbc
2021-11-13,DK1010001,Dhaka,PM2.5-24hr,UG/M3,93.4,24,U.S. Department of State Bangladesh - Dhaka,171,3,23.796374,90.424614,050DK1010001,https://files.airnowtech.org/airnow/2021/20211113/daily_data_v2.dat,11/13/21|DK1010001|Dhaka|PM2.5-24hr|UG/M3|93.4|24|U.S. Department of State Bangladesh - Dhaka|171|3|23.796374|90.424614|050DK1010001,2026-07-18T03:21:31+00:00,5f8b4379244932ab60f66f3309f3cc306dbff498e97a3dc6a4a68d5caa48abb1
2021-11-14,DK1010001,Dhaka,PM2.5-24hr,UG/M3,100.9,24,U.S. Department of State Bangladesh - Dhaka,174,3,23.796374,90.424614,050DK1010001,https://files.airnowtech.org/airnow/2021/20211114/daily_data_v2.dat,11/14/21|DK1010001|Dhaka|PM2.5-24hr|UG/M3|100.9|24|U.S. Department of State Bangladesh - Dhaka|174|3|23.796374|90.424614|050DK1010001,2026-07-18T03:21:31+00:00,42f9f930210c47461c9d6e754611889412ec2b457693028b93dc027d34d2a26e
2021-11-15,DK1010001,Dhaka,PM2.5-24hr,UG/M3,122.0,24,U.S. Department of State Bangladesh - Dhaka,185,3,23.796374,90.424614,050DK1010001,https://files.airnowtech.org/airnow/2021/20211115/daily_data_v2.dat,11/15/21|DK1010001|Dhaka|PM2.5-24hr|UG/M3|122|24|U.S. Department of State Bangladesh - Dhaka|185|3|23.796374|90.424614|050DK1010001,2026-07-18T03:21:31+00:00,dd77b74632d10717a9e2357011bc8ecf9dbcebb80c4e122d592c70a8d4d9c7ba
2021-11-16,DK1010001,Dhaka,PM2.5-24hr,UG/M3,118.2,24,U.S. Department of State Bangladesh - Dhaka,183,3,23.796374,90.424614,050DK1010001,https://files.airnowtech.org/airnow/2021/20211116/daily_data_v2.dat,11/16/21|DK1010001|Dhaka|PM2.5-24hr|UG/M3|118.2|24|U.S. Department of State Bangladesh - Dhaka|183|3|23.796374|90.424614|050DK1010001,2026-07-18T03:21:31+00:00,9d07e6ac68a769b431a7a6cca389612f5a4f1c2968fdc518d5025a2befecd9e4
2021-11-17,DK1010001,Dhaka,PM2.5-24hr,UG/M3,116.2,24,U.S. Department of State Bangladesh - Dhaka,182,3,23.796374,90.424614,050DK1010001,https://files.airnowtech.org/airnow/2021/20211117/daily_data_v2.dat,11/17/21|DK1010001|Dhaka|PM2.5-24hr|UG/M3|116.2|24|U.S. Department of State Bangladesh - Dhaka|182|3|23.796374|90.424614|050DK1010001,2026-07-18T03:21:31+00:00,e74b7d4468c863a63bbd9f06cea9cbc748fbec366c6df5656da3800e672e23e2
2021-11-18,DK1010001,Dhaka,PM2.5-24hr,UG/M3,114.4,24,U.S. Department of State Bangladesh - Dhaka,181,3,23.796374,90.424614,050DK1010001,https://files.airnowtech.org/airnow/2021/20211118/daily_data_v2.dat,11/18/21|DK1010001|Dhaka|PM2.5-24hr|UG/M3|114.4|24|U.S. Department of State Bangladesh - Dhaka|181|3|23.796374|90.424614|050DK1010001,2026-07-18T03:21:31+00:00,0eb27489ff57ad9320ad166a4a6276598335a496f487e9f1e10af47568322f8c
2021-11-19,DK1010001,Dhaka,PM2.5-24hr,UG/M3,141.9,24,U.S. Department of State Bangladesh - Dhaka,196,3,23.796374,90.424614,050DK1010001,https://files.airnowtech.org/airnow/2021/20211119/daily_data_v2.dat,11/19/21|DK1010001|Dhaka|PM2.5-24hr|UG/M3|141.9|24|U.S. Department of State Bangladesh - Dhaka|196|3|23.796374|90.424614|050DK1010001,2026-07-18T03:21:31+00:00,afb9eb240ae171e7e517143bd6ae4c19a2cd1417e3e07459bdea5af06e39ec2e
2021-11-20,DK1010001,Dhaka,PM2.5-24hr,UG/M3,157.5,24,U.S. Department of State Bangladesh - Dhaka,208,4,23.796374,90.424614,050DK1010001,https://files.airnowtech.org/airnow/2021/20211120/daily_data_v2.dat,11/20/21|DK1010001|Dhaka|PM2.5-24hr|UG/M3|157.5|24|U.S. Department of State Bangladesh - Dhaka|208|4|23.796374|90.424614|050DK1010001,2026-07-18T03:21:31+00:00,8d095c73e321a8c80d5f072e0a50a662573a79bffd3b99a6560df895bcd87fa9
2021-11-21,DK1010001,Dhaka,PM2.5-24hr,UG/M3,167.3,24,U.S. Department of State Bangladesh - Dhaka,218,4,23.796374,90.424614,050DK1010001,https://files.airnowtech.org/airnow/2021/20211121/daily_data_v2.dat,11/21/21|DK1010001|Dhaka|PM2.5-24hr|UG/M3|167.3|24|U.S. Department of State Bangladesh - Dhaka|218|4|23.796374|90.424614|050DK1010001,2026-07-18T03:21:31+00:00,6e701f9304575639610c5ccd353848e65dade3c90f748f9677b6d542516e29d3
2021-11-22,DK1010001,Dhaka,PM2.5-24hr,UG/M3,197.1,24,U.S. Department of State Bangladesh - Dhaka,247,4,23.796374,90.424614,050DK1010001,https://files.airnowtech.org/airnow/2021/20211122/daily_data_v2.dat,11/22/21|DK1010001|Dhaka|PM2.5-24hr|UG/M3|197.1|24|U.S. Department of State Bangladesh - Dhaka|247|4|23.796374|90.424614|050DK1010001,2026-07-18T03:21:31+00:00,0f002491b78df20ac99c6eb282565dd923796708e87ddaee3cb44b43e29a2b7a
2021-11-23,DK1010001,Dhaka,PM2.5-24hr,UG/M3,231.7,24,U.S. Department of State Bangladesh - Dhaka,282,4,23.796374,90.424614,050DK1010001,https://files.airnowtech.org/airnow/2021/20211123/daily_data_v2.dat,11/23/21|DK1010001|Dhaka|PM2.5-24hr|UG/M3|231.7|24|U.S. Department of State Bangladesh - Dhaka|282|4|23.796374|90.424614|050DK1010001,2026-07-18T03:21:32+00:00,3c4919f227b4f8a85f1275074492b565b290fc3547f7bd7aa29d08a3ebfa814b
2021-11-24,DK1010001,Dhaka,PM2.5-24hr,UG/M3,134.6,24,U.S. Department of State Bangladesh - Dhaka,192,3,23.796374,90.424614,050DK1010001,https://files.airnowtech.org/airnow/2021/20211124/daily_data_v2.dat,11/24/21|DK1010001|Dhaka|PM2.5-24hr|UG/M3|134.6|24|U.S. Department of State Bangladesh - Dhaka|192|3|23.796374|90.424614|050DK1010001,2026-07-18T03:21:32+00:00,30bbbe0e0ee8e46ddf8d588e87a218f856f91cdd2e71c4942747e4a807830c06
2021-11-25,DK1010001,Dhaka,PM2.5-24hr,UG/M3,148.5,24,U.S. Department of State Bangladesh - Dhaka,199,3,23.796374,90.424614,050DK1010001,https://files.airnowtech.org/airnow/2021/20211125/daily_data_v2.dat,11/25/21|DK1010001|Dhaka|PM2.5-24hr|UG/M3|148.5|24|U.S. Department of State Bangladesh - Dhaka|199|3|23.796374|90.424614|050DK1010001,2026-07-18T03:21:32+00:00,40654c4c5b6922bfbf3065c3413f19c65ea224df92b900b56dff0ffaae51f6b6
2021-11-26,DK1010001,Dhaka,PM2.5-24hr,UG/M3,155.1,24,U.S. Department of State Bangladesh - Dhaka,206,4,23.796374,90.424614,050DK1010001,https://files.airnowtech.org/airnow/2021/20211126/daily_data_v2.dat,11/26/21|DK1010001|Dhaka|PM2.5-24hr|UG/M3|155.1|24|U.S. Department of State Bangladesh - Dhaka|206|4|23.796374|90.424614|050DK1010001,2026-07-18T03:21:32+00:00,9bfee41a312bdeb7f167d4c8025484a87e33601b700ebed611ef0d8dfcc0dc8d
2021-11-27,DK1010001,Dhaka,PM2.5-24hr,UG/M3,158.0,24,U.S. Department of State Bangladesh - Dhaka,209,4,23.796374,90.424614,050DK1010001,https://files.airnowtech.org/airnow/2021/20211127/daily_data_v2.dat,11/27/21|DK1010001|Dhaka|PM2.5-24hr|UG/M3|158|24|U.S. Department of State Bangladesh - Dhaka|209|4|23.796374|90.424614|050DK1010001,2026-07-18T03:21:32+00:00,ea0793915af4948df48c440d474cc114009e8d0772d86dd331935cf3ed860ea1
2021-11-28,DK1010001,Dhaka,PM2.5-24hr,UG/M3,153.0,24,U.S. Department of State Bangladesh - Dhaka,203,4,23.796374,90.424614,050DK1010001,https://files.airnowtech.org/airnow/2021/20211128/daily_data_v2.dat,11/28/21|DK1010001|Dhaka|PM2.5-24hr|UG/M3|153|24|U.S. Department of State Bangladesh - Dhaka|203|4|23.796374|90.424614|050DK1010001,2026-07-18T03:21:32+00:00,a5c408d27c2ad70c372980b78fbcf15431d8724ad334c9b1f61b29524b2e07fa
2021-11-29,DK1010001,Dhaka,PM2.5-24hr,UG/M3,136.1,24,U.S. Department of State Bangladesh - Dhaka,193,3,23.796374,90.424614,050DK1010001,https://files.airnowtech.org/airnow/2021/20211129/daily_data_v2.dat,11/29/21|DK1010001|Dhaka|PM2.5-24hr|UG/M3|136.1|24|U.S. Department of State Bangladesh - Dhaka|193|3|23.796374|90.424614|050DK1010001,2026-07-18T03:21:32+00:00,9f49bdb0d9028c5c45c8bb2b04e506a8c94b0980e2e4d21c2abf835d8031a2fe
2021-11-30,DK1010001,Dhaka,PM2.5-24hr,UG/M3,109.8,24,U.S. Department of State Bangladesh - Dhaka,179,3,23.796374,90.424614,050DK1010001,https://files.airnowtech.org/airnow/2021/20211130/daily_data_v2.dat,11/30/21|DK1010001|Dhaka|PM2.5-24hr|UG/M3|109.8|24|U.S. Department of State Bangladesh - Dhaka|179|3|23.796374|90.424614|050DK1010001,2026-07-18T03:21:32+00:00,761fa6414dfc523536062e40e4a4487b6ccf9a83fb77df280092e239394d2106
2021-12-01,DK1010001,Dhaka,PM2.5-24hr,UG/M3,107.0,24,U.S. Department of State Bangladesh - Dhaka,178,3,23.796374,90.424614,050DK1010001,https://files.airnowtech.org/airnow/2021/20211201/daily_data_v2.dat,12/01/21|DK1010001|Dhaka|PM2.5-24hr|UG/M3|107|24|U.S. Department of State Bangladesh - Dhaka|178|3|23.796374|90.424614|050DK1010001,2026-07-18T03:21:32+00:00,e574a896e8e9d04a04bd011fefaa18c414de95adaacda916ebaef53f775590fb
2021-12-02,DK1010001,Dhaka,PM2.5-24hr,UG/M3,130.2,24,U.S. Department of State Bangladesh - Dhaka,190,3,23.796374,90.424614,050DK1010001,https://files.airnowtech.org/airnow/2021/20211202/daily_data_v2.dat,12/02/21|DK1010001|Dhaka|PM2.5-24hr|UG/M3|130.2|24|U.S. Department of State Bangladesh - Dhaka|190|3|23.796374|90.424614|050DK1010001,2026-07-18T03:21:32+00:00,fcfc4bd2ee14bcb1ca322b1bc77ecf96ff16f3ee56c4cfb52ace3762b8f38948
2021-12-03,DK1010001,Dhaka,PM2.5-24hr,UG/M3,113.8,24,U.S. Department of State Bangladesh - Dhaka,181,3,23.796374,90.424614,050DK1010001,https://files.airnowtech.org/airnow/2021/20211203/daily_data_v2.dat,12/03/21|DK1010001|Dhaka|PM2.5-24hr|UG/M3|113.8|24|U.S. Department of State Bangladesh - Dhaka|181|3|23.796374|90.424614|050DK1010001,2026-07-18T03:21:32+00:00,581219f97f993ee5e4fe18fa826ce175799393e41cd07fb34495cd288771da9b
2021-12-04,DK1010001,Dhaka,PM2.5-24hr,UG/M3,73.1,24,U.S. Department of State Bangladesh - Dhaka,160,3,23.796374,90.424614,050DK1010001,https://files.airnowtech.org/airnow/2021/20211204/daily_data_v2.dat,12/04/21|DK1010001|Dhaka|PM2.5-24hr|UG/M3|73.1|24|U.S. Department of State Bangladesh - Dhaka|160|3|23.796374|90.424614|050DK1010001,2026-07-18T03:21:32+00:00,ae18f715fbe592142ea09573ef7057144b4646d843ad507844e2ea03400f3cfa
2021-12-05,DK1010001,Dhaka,PM2.5-24hr,UG/M3,89.0,24,U.S. Department of State Bangladesh - Dhaka,168,3,23.796374,90.424614,050DK1010001,https://files.airnowtech.org/airnow/2021/20211205/daily_data_v2.dat,12/05/21|DK1010001|Dhaka|PM2.5-24hr|UG/M3|89|24|U.S. Department of State Bangladesh - Dhaka|168|3|23.796374|90.424614|050DK1010001,2026-07-18T03:21:32+00:00,ec95a9280ea9cd5b7842427216be4fb9ba0e056d1b537e9285be06cc0b2c4a05
2021-12-06,DK1010001,Dhaka,PM2.5-24hr,UG/M3,31.2,24,U.S. Department of State Bangladesh - Dhaka,91,1,23.796374,90.424614,050DK1010001,https://files.airnowtech.org/airnow/2021/20211206/daily_data_v2.dat,12/06/21|DK1010001|Dhaka|PM2.5-24hr|UG/M3|31.2|24|U.S. Department of State Bangladesh - Dhaka|91|1|23.796374|90.424614|050DK1010001,2026-07-18T03:21:32+00:00,b4ecebb342a99d21effdfa62c7b676636cfe9b862dcab21ec52806d2b92e7783
2021-12-07,DK1010001,Dhaka,PM2.5-24hr,UG/M3,33.2,24,U.S. Department of State Bangladesh - Dhaka,96,1,23.796374,90.424614,050DK1010001,https://files.airnowtech.org/airnow/2021/20211207/daily_data_v2.dat,12/07/21|DK1010001|Dhaka|PM2.5-24hr|UG/M3|33.2|24|U.S. Department of State Bangladesh - Dhaka|96|1|23.796374|90.424614|050DK1010001,2026-07-18T03:21:32+00:00,96ac4a1173b7730c957040a400ff964ac8bd957056011567d3337355b7a5bc7a
2021-12-08,DK1010001,Dhaka,PM2.5-24hr,UG/M3,61.9,24,U.S. Department of State Bangladesh - Dhaka,154,3,23.796374,90.424614,050DK1010001,https://files.airnowtech.org/airnow/2021/20211208/daily_data_v2.dat,12/08/21|DK1010001|Dhaka|PM2.5-24hr|UG/M3|61.9|24|U.S. Department of State Bangladesh - Dhaka|154|3|23.796374|90.424614|050DK1010001,2026-07-18T03:21:32+00:00,59d933f069e3873bd65fea0900bc22c3d9cf5d1ebed5d1bd03c64fe4bd22c1c6
2021-12-09,DK1010001,Dhaka,PM2.5-24hr,UG/M3,97.4,24,U.S. Department of State Bangladesh - Dhaka,173,3,23.796374,90.424614,050DK1010001,https://files.airnowtech.org/airnow/2021/20211209/daily_data_v2.dat,12/09/21|DK1010001|Dhaka|PM2.5-24hr|UG/M3|97.4|24|U.S. Department of State Bangladesh - Dhaka|173|3|23.796374|90.424614|050DK1010001,2026-07-18T03:21:32+00:00,d1f4121c1d4f87ade606dd08c14883c326096addedad4cf03a3d5ec2ee7acdc6
2021-12-10,DK1010001,Dhaka,PM2.5-24hr,UG/M3,139.4,24,U.S. Department of State Bangladesh - Dhaka,194,3,23.796374,90.424614,050DK1010001,https://files.airnowtech.org/airnow/2021/20211210/daily_data_v2.dat,12/10/21|DK1010001|Dhaka|PM2.5-24hr|UG/M3|139.4|24|U.S. Department of State Bangladesh - Dhaka|194|3|23.796374|90.424614|050DK1010001,2026-07-18T03:21:32+00:00,378ff4d85451e2aa44007e4bc2e627a930539794a2a8ea6935b571d23431bc29
2021-12-11,DK1010001,Dhaka,PM2.5-24hr,UG/M3,198.3,24,U.S. Department of State Bangladesh - Dhaka,248,4,23.796374,90.424614,050DK1010001,https://files.airnowtech.org/airnow/2021/20211211/daily_data_v2.dat,12/11/21|DK1010001|Dhaka|PM2.5-24hr|UG/M3|198.3|24|U.S. Department of State Bangladesh - Dhaka|248|4|23.796374|90.424614|050DK1010001,2026-07-18T03:21:32+00:00,b52992450dc64448ecc6ff82ed3ce9610ede93fb9cbf3a7fcbd42f032365e773
2021-12-12,DK1010001,Dhaka,PM2.5-24hr,UG/M3,173.5,24,U.S. Department of State Bangladesh - Dhaka,224,4,23.796374,90.424614,050DK1010001,https://files.airnowtech.org/airnow/2021/20211212/daily_data_v2.dat,12/12/21|DK1010001|Dhaka|PM2.5-24hr|UG/M3|173.5|24|U.S. Department of State Bangladesh - Dhaka|224|4|23.796374|90.424614|050DK1010001,2026-07-18T03:21:32+00:00,73d4461746a41b97e6524a07c326734f2130fd39d024aed3e15dff6d23058e62
2021-12-13,DK1010001,Dhaka,PM2.5-24hr,UG/M3,167.8,24,U.S. Department of State Bangladesh - Dhaka,218,4,23.796374,90.424614,050DK1010001,https://files.airnowtech.org/airnow/2021/20211213/daily_data_v2.dat,12/13/21|DK1010001|Dhaka|PM2.5-24hr|UG/M3|167.8|24|U.S. Department of State Bangladesh - Dhaka|218|4|23.796374|90.424614|050DK1010001,2026-07-18T03:21:32+00:00,38b046c2bb99dfcc692e3adc606f168c1e06af08857c9433b42ce59abae2a12b
2021-12-14,DK1010001,Dhaka,PM2.5-24hr,UG/M3,163.2,24,U.S. Department of State Bangladesh - Dhaka,214,4,23.796374,90.424614,050DK1010001,https://files.airnowtech.org/airnow/2021/20211214/daily_data_v2.dat,12/14/21|DK1010001|Dhaka|PM2.5-24hr|UG/M3|163.2|24|U.S. Department of State Bangladesh - Dhaka|214|4|23.796374|90.424614|050DK1010001,2026-07-18T03:21:32+00:00,0a8c3b508310d683e2a529feb1d06d644d586d4cf5250d5527ed102a7f4f7f52
2021-12-15,DK1010001,Dhaka,PM2.5-24hr,UG/M3,167.7,24,U.S. Department of State Bangladesh - Dhaka,218,4,23.796374,90.424614,050DK1010001,https://files.airnowtech.org/airnow/2021/20211215/daily_data_v2.dat,12/15/21|DK1010001|Dhaka|PM2.5-24hr|UG/M3|167.7|24|U.S. Department of State Bangladesh - Dhaka|218|4|23.796374|90.424614|050DK1010001,2026-07-18T03:21:32+00:00,beccf3fe51208b5bc82cb82425aec0129c3b5e91524d52744bb527316fc2cd77
2021-12-16,DK1010001,Dhaka,PM2.5-24hr,UG/M3,131.4,24,U.S. Department of State Bangladesh - Dhaka,190,3,23.796374,90.424614,050DK1010001,https://files.airnowtech.org/airnow/2021/20211216/daily_data_v2.dat,12/16/21|DK1010001|Dhaka|PM2.5-24hr|UG/M3|131.4|24|U.S. Department of State Bangladesh - Dhaka|190|3|23.796374|90.424614|050DK1010001,2026-07-18T03:21:32+00:00,52c8b188c4ee2a13d534681dbe0dd2acb012248571d2007d31e8c1871a9dcf1e
2021-12-17,DK1010001,Dhaka,PM2.5-24hr,UG/M3,123.9,24,U.S. Department of State Bangladesh - Dhaka,186,3,23.796374,90.424614,050DK1010001,https://files.airnowtech.org/airnow/2021/20211217/daily_data_v2.dat,12/17/21|DK1010001|Dhaka|PM2.5-24hr|UG/M3|123.9|24|U.S. Department of State Bangladesh - Dhaka|186|3|23.796374|90.424614|050DK1010001,2026-07-18T03:21:32+00:00,7a663bca1b69492703974501516f31634a59477b4a1cffcfcb126fa402f6caa4
2021-12-18,DK1010001,Dhaka,PM2.5-24hr,UG/M3,123.0,24,U.S. Department of State Bangladesh - Dhaka,186,3,23.796374,90.424614,050DK1010001,https://files.airnowtech.org/airnow/2021/20211218/daily_data_v2.dat,12/18/21|DK1010001|Dhaka|PM2.5-24hr|UG/M3|123|24|U.S. Department of State Bangladesh - Dhaka|186|3|23.796374|90.424614|050DK1010001,2026-07-18T03:21:32+00:00,003c32bd8761c30707b7bddb218095126c25e15165f754422c401ef77884cedc
2021-12-19,DK1010001,Dhaka,PM2.5-24hr,UG/M3,154.1,24,U.S. Department of State Bangladesh - Dhaka,205,4,23.796374,90.424614,050DK1010001,https://files.airnowtech.org/airnow/2021/20211219/daily_data_v2.dat,12/19/21|DK1010001|Dhaka|PM2.5-24hr|UG/M3|154.1|24|U.S. Department of State Bangladesh - Dhaka|205|4|23.796374|90.424614|050DK1010001,2026-07-18T03:21:32+00:00,d9b4a94f9ec07fbf5cdd331c276c745a59bc66bcdf6c100b580cb56cadd813b4
2021-12-20,DK1010001,Dhaka,PM2.5-24hr,UG/M3,186.9,24,U.S. Department of State Bangladesh - Dhaka,237,4,23.796374,90.424614,050DK1010001,https://files.airnowtech.org/airnow/2021/20211220/daily_data_v2.dat,12/20/21|DK1010001|Dhaka|PM2.5-24hr|UG/M3|186.9|24|U.S. Department of State Bangladesh - Dhaka|237|4|23.796374|90.424614|050DK1010001,2026-07-18T03:21:32+00:00,ec590487e6349c9f85a555d17c083fa8407dd201c659e245a6e9cf936f6259a6
2021-12-21,DK1010001,Dhaka,PM2.5-24hr,UG/M3,202.4,24,U.S. Department of State Bangladesh - Dhaka,253,4,23.796374,90.424614,050DK1010001,https://files.airnowtech.org/airnow/2021/20211221/daily_data_v2.dat,12/21/21|DK1010001|Dhaka|PM2.5-24hr|UG/M3|202.4|24|U.S. Department of State Bangladesh - Dhaka|253|4|23.796374|90.424614|050DK1010001,2026-07-18T03:21:32+00:00,3b48f1ebe8884e8a5e308b9cfa3b1cfa3d556413413a9a0666c96e265fe11ff7
2021-12-22,DK1010001,Dhaka,PM2.5-24hr,UG/M3,216.8,24,U.S. Department of State Bangladesh - Dhaka,267,4,23.796374,90.424614,050DK1010001,https://files.airnowtech.org/airnow/2021/20211222/daily_data_v2.dat,12/22/21|DK1010001|Dhaka|PM2.5-24hr|UG/M3|216.8|24|U.S. Department of State Bangladesh - Dhaka|267|4|23.796374|90.424614|050DK1010001,2026-07-18T03:21:32+00:00,d1af8c9a271bf62b9b663aa75026e1bc617aabf71d1cc1a6ae3710e3735096ee
2021-12-23,DK1010001,Dhaka,PM2.5-24hr,UG/M3,225.8,24,U.S. Department of State Bangladesh - Dhaka,276,4,23.796374,90.424614,050DK1010001,https://files.airnowtech.org/airnow/2021/20211223/daily_data_v2.dat,12/23/21|DK1010001|Dhaka|PM2.5-24hr|UG/M3|225.8|24|U.S. Department of State Bangladesh - Dhaka|276|4|23.796374|90.424614|050DK1010001,2026-07-18T03:21:32+00:00,aaeb44dbf45ebe7a9a6f252c4452542966464c47633525414b37e07388406a85
2021-12-24,DK1010001,Dhaka,PM2.5-24hr,UG/M3,238.0,24,U.S. Department of State Bangladesh - Dhaka,288,4,23.796374,90.424614,050DK1010001,https://files.airnowtech.org/airnow/2021/20211224/daily_data_v2.dat,12/24/21|DK1010001|Dhaka|PM2.5-24hr|UG/M3|238|24|U.S. Department of State Bangladesh - Dhaka|288|4|23.796374|90.424614|050DK1010001,2026-07-18T03:21:32+00:00,648a5b42d091e430174c5c212cbacff9aac5b03e42692510e6b433782efe8f87
2021-12-25,DK1010001,Dhaka,PM2.5-24hr,UG/M3,199.9,24,U.S. Department of State Bangladesh - Dhaka,250,4,23.796374,90.424614,050DK1010001,https://files.airnowtech.org/airnow/2021/20211225/daily_data_v2.dat,12/25/21|DK1010001|Dhaka|PM2.5-24hr|UG/M3|199.9|24|U.S. Department of State Bangladesh - Dhaka|250|4|23.796374|90.424614|050DK1010001,2026-07-18T03:21:32+00:00,c65eaa5620ac09c1dae31dc20a5007dc7bbfd574a4301f3fa31ac967da217d91
2021-12-26,DK1010001,Dhaka,PM2.5-24hr,UG/M3,215.5,24,U.S. Department of State Bangladesh - Dhaka,265,4,23.796374,90.424614,050DK1010001,https://files.airnowtech.org/airnow/2021/20211226/daily_data_v2.dat,12/26/21|DK1010001|Dhaka|PM2.5-24hr|UG/M3|215.5|24|U.S. Department of State Bangladesh - Dhaka|265|4|23.796374|90.424614|050DK1010001,2026-07-18T03:21:32+00:00,309c94ede395a7baf4c45a5640a94cd62beac631f4fadc2be928fb067bb952b0
2021-12-27,DK1010001,Dhaka,PM2.5-24hr,UG/M3,193.7,24,U.S. Department of State Bangladesh - Dhaka,244,4,23.796374,90.424614,050DK1010001,https://files.airnowtech.org/airnow/2021/20211227/daily_data_v2.dat,12/27/21|DK1010001|Dhaka|PM2.5-24hr|UG/M3|193.7|24|U.S. Department of State Bangladesh - Dhaka|244|4|23.796374|90.424614|050DK1010001,2026-07-18T03:21:32+00:00,0efde7da1bb2c48bb6d84090ff078f043ec0cbcb9e26c51005f464662c97b69c
2021-12-28,DK1010001,Dhaka,PM2.5-24hr,UG/M3,173.4,24,U.S. Department of State Bangladesh - Dhaka,224,4,23.796374,90.424614,050DK1010001,https://files.airnowtech.org/airnow/2021/20211228/daily_data_v2.dat,12/28/21|DK1010001|Dhaka|PM2.5-24hr|UG/M3|173.4|24|U.S. Department of State Bangladesh - Dhaka|224|4|23.796374|90.424614|050DK1010001,2026-07-18T03:21:32+00:00,b1306643869330e0691c4709b36441370793d9126a0c947b348e83697d2d4b3d
2021-12-29,DK1010001,Dhaka,PM2.5-24hr,UG/M3,125.5,24,U.S. Department of State Bangladesh - Dhaka,187,3,23.796374,90.424614,050DK1010001,https://files.airnowtech.org/airnow/2021/20211229/daily_data_v2.dat,12/29/21|DK1010001|Dhaka|PM2.5-24hr|UG/M3|125.5|24|U.S. Department of State Bangladesh - Dhaka|187|3|23.796374|90.424614|050DK1010001,2026-07-18T03:21:32+00:00,eb43d57de3770f803f68a7ff76969327e3f737116e10dda9411d2d5a6c41b166
2021-12-30,DK1010001,Dhaka,PM2.5-24hr,UG/M3,163.2,24,U.S. Department of State Bangladesh - Dhaka,214,4,23.796374,90.424614,050DK1010001,https://files.airnowtech.org/airnow/2021/20211230/daily_data_v2.dat,12/30/21|DK1010001|Dhaka|PM2.5-24hr|UG/M3|163.2|24|U.S. Department of State Bangladesh - Dhaka|214|4|23.796374|90.424614|050DK1010001,2026-07-18T03:21:32+00:00,895a62a8996ab7e1ed3e69f07c0884fa0e2f14b1e31b02963ffb5dd73e56483f
2021-12-31,DK1010001,Dhaka,PM2.5-24hr,UG/M3,96.5,24,U.S. Department of State Bangladesh - Dhaka,172,3,23.796374,90.424614,050DK1010001,https://files.airnowtech.org/airnow/2021/20211231/daily_data_v2.dat,12/31/21|DK1010001|Dhaka|PM2.5-24hr|UG/M3|96.5|24|U.S. Department of State Bangladesh - Dhaka|172|3|23.796374|90.424614|050DK1010001,2026-07-18T03:21:32+00:00,f340c5d98ab073ab255d155b578f2c05939f6539da8c8efbbe3015506fd96783
2022-01-01,DK1010001,Dhaka,PM2.5-24hr,UG/M3,116.7,24,U.S. Department of State Bangladesh - Dhaka,183,3,23.796374,90.424614,050DK1010001,https://files.airnowtech.org/airnow/2022/20220101/daily_data_v2.dat,01/01/22|DK1010001|Dhaka|PM2.5-24hr|UG/M3|116.7|24|U.S. Department of State Bangladesh - Dhaka|183|3|23.796374|90.424614|050DK1010001,2026-07-18T03:21:32+00:00,c28b1d8645a2bd2f0ca48dc957ce10fa6a6ec4380f5c7b7de8dd6efe0de5c0bc
2022-01-02,DK1010001,Dhaka,PM2.5-24hr,UG/M3,188.2,24,U.S. Department of State Bangladesh - Dhaka,238,4,23.796374,90.424614,050DK1010001,https://files.airnowtech.org/airnow/2022/20220102/daily_data_v2.dat,01/02/22|DK1010001|Dhaka|PM2.5-24hr|UG/M3|188.2|24|U.S. Department of State Bangladesh - Dhaka|238|4|23.796374|90.424614|050DK1010001,2026-07-18T03:21:32+00:00,00c0d30276d038c95d83efb3e09657027b67b481ee80d121a370df83c8c8dcfb
2022-01-03,DK1010001,Dhaka,PM2.5-24hr,UG/M3,169.3,24,U.S. Department of State Bangladesh - Dhaka,220,4,23.796374,90.424614,050DK1010001,https://files.airnowtech.org/airnow/2022/20220103/daily_data_v2.dat,01/03/22|DK1010001|Dhaka|PM2.5-24hr|UG/M3|169.3|24|U.S. Department of State Bangladesh - Dhaka|220|4|23.796374|90.424614|050DK1010001,2026-07-18T03:21:32+00:00,5f322ece55586fb1146215c7f4d23b3963ac1dd9bba40cfd30e0508ed2d518b3
2022-01-04,DK1010001,Dhaka,PM2.5-24hr,UG/M3,193.2,24,U.S. Department of State Bangladesh - Dhaka,243,4,23.796374,90.424614,050DK1010001,https://files.airnowtech.org/airnow/2022/20220104/daily_data_v2.dat,01/04/22|DK1010001|Dhaka|PM2.5-24hr|UG/M3|193.2|24|U.S. Department of State Bangladesh - Dhaka|243|4|23.796374|90.424614|050DK1010001,2026-07-18T03:21:32+00:00,a077e94b9e2f834e80c5aba710187b27cb8473f00e183fce5184791d15121a2f
2022-01-05,DK1010001,Dhaka,PM2.5-24hr,UG/M3,205.3,24,U.S. Department of State Bangladesh - Dhaka,255,4,23.796374,90.424614,050DK1010001,https://files.airnowtech.org/airnow/2022/20220105/daily_data_v2.dat,01/05/22|DK1010001|Dhaka|PM2.5-24hr|UG/M3|205.3|24|U.S. Department of State Bangladesh - Dhaka|255|4|23.796374|90.424614|050DK1010001,2026-07-18T03:21:32+00:00,7c62ccc3e8fb0e381e7c7f7ff00ce40fe7c2f5170fa0111159ad1ff891d72a53
2022-01-06,DK1010001,Dhaka,PM2.5-24hr,UG/M3,183.5,24,U.S. Department of State Bangladesh - Dhaka,234,4,23.796374,90.424614,050DK1010001,https://files.airnowtech.org/airnow/2022/20220106/daily_data_v2.dat,01/06/22|DK1010001|Dhaka|PM2.5-24hr|UG/M3|183.5|24|U.S. Department of State Bangladesh - Dhaka|234|4|23.796374|90.424614|050DK1010001,2026-07-18T03:21:32+00:00,7445dce3273313707b8752a520852a12014c1c3e9e838ca0e0ffece5dfbc080e
2022-01-07,DK1010001,Dhaka,PM2.5-24hr,UG/M3,173.7,24,U.S. Department of State Bangladesh - Dhaka,224,4,23.796374,90.424614,050DK1010001,https://files.airnowtech.org/airnow/2022/20220107/daily_data_v2.dat,01/07/22|DK1010001|Dhaka|PM2.5-24hr|UG/M3|173.7|24|U.S. Department of State Bangladesh - Dhaka|224|4|23.796374|90.424614|050DK1010001,2026-07-18T03:21:32+00:00,b6b2d1d8beee8771c25ba05ffa8c350e949dc50afb8d6af7998c01ce3ef6e80b
2022-01-08,DK1010001,Dhaka,PM2.5-24hr,UG/M3,150.9,24,U.S. Department of State Bangladesh - Dhaka,201,4,23.796374,90.424614,050DK1010001,https://files.airnowtech.org/airnow/2022/20220108/daily_data_v2.dat,01/08/22|DK1010001|Dhaka|PM2.5-24hr|UG/M3|150.9|24|U.S. Department of State Bangladesh - Dhaka|201|4|23.796374|90.424614|050DK1010001,2026-07-18T03:21:32+00:00,6b365bf1b0dda68e38c116c95477153d215c7d3baad82ee95083a8868583de50
2022-01-09,DK1010001,Dhaka,PM2.5-24hr,UG/M3,142.6,24,U.S. Department of State Bangladesh - Dhaka,196,3,23.796374,90.424614,050DK1010001,https://files.airnowtech.org/airnow/2022/20220109/daily_data_v2.dat,01/09/22|DK1010001|Dhaka|PM2.5-24hr|UG/M3|142.6|24|U.S. Department of State Bangladesh - Dhaka|196|3|23.796374|90.424614|050DK1010001,2026-07-18T03:21:32+00:00,783333c150db6937242f44bfa3d645cc5831b8c1ce3feb9faa27ef0164e801a0
2022-01-10,DK1010001,Dhaka,PM2.5-24hr,UG/M3,136.7,24,U.S. Department of State Bangladesh - Dhaka,193,3,23.796374,90.424614,050DK1010001,https://files.airnowtech.org/airnow/2022/20220110/daily_data_v2.dat,01/10/22|DK1010001|Dhaka|PM2.5-24hr|UG/M3|136.7|24|U.S. Department of State Bangladesh - Dhaka|193|3|23.796374|90.424614|050DK1010001,2026-07-18T03:21:32+00:00,4df0958fd1d838dae704ead15aad7a0cdf6502ea84b2664b8ee364db8782b01e
2022-01-11,DK1010001,Dhaka,PM2.5-24hr,UG/M3,135.6,24,U.S. Department of State Bangladesh - Dhaka,192,3,23.796374,90.424614,050DK1010001,https://files.airnowtech.org/airnow/2022/20220111/daily_data_v2.dat,01/11/22|DK1010001|Dhaka|PM2.5-24hr|UG/M3|135.6|24|U.S. Department of State Bangladesh - Dhaka|192|3|23.796374|90.424614|050DK1010001,2026-07-18T03:21:32+00:00,9ff28b33432e9acc4f87344c565ef03768bbe8b9b89f647626e9eac3dd67ab3c
2022-01-12,DK1010001,Dhaka,PM2.5-24hr,UG/M3,126.3,24,U.S. Department of State Bangladesh - Dhaka,188,3,23.796374,90.424614,050DK1010001,https://files.airnowtech.org/airnow/2022/20220112/daily_data_v2.dat,01/12/22|DK1010001|Dhaka|PM2.5-24hr|UG/M3|126.3|24|U.S. Department of State Bangladesh - Dhaka|188|3|23.796374|90.424614|050DK1010001,2026-07-18T03:21:32+00:00,1a9957295049ff8662db037ffc855986c920567efa5606e49cbe772bcb50bab4
2022-01-13,DK1010001,Dhaka,PM2.5-24hr,UG/M3,116.7,24,U.S. Department of State Bangladesh - Dhaka,183,3,23.796374,90.424614,050DK1010001,https://files.airnowtech.org/airnow/2022/20220113/daily_data_v2.dat,01/13/22|DK1010001|Dhaka|PM2.5-24hr|UG/M3|116.7|24|U.S. Department of State Bangladesh - Dhaka|183|3|23.796374|90.424614|050DK1010001,2026-07-18T03:21:32+00:00,888a985be38c4abe87555b29d08c3d5582cc35007cf04a23b0695a0ca4b5227f
2022-01-14,DK1010001,Dhaka,PM2.5-24hr,UG/M3,104.0,24,U.S. Department of State Bangladesh - Dhaka,176,3,23.796374,90.424614,050DK1010001,https://files.airnowtech.org/airnow/2022/20220114/daily_data_v2.dat,01/14/22|DK1010001|Dhaka|PM2.5-24hr|UG/M3|104|24|U.S. Department of State Bangladesh - Dhaka|176|3|23.796374|90.424614|050DK1010001,2026-07-18T03:21:32+00:00,d15b3c5460596c324c34b7ccb91a0fc7b5560c7f650a8fb40e01043a0595eb93
2022-01-15,DK1010001,Dhaka,PM2.5-24hr,UG/M3,149.7,24,U.S. Department of State Bangladesh - Dhaka,200,3,23.796374,90.424614,050DK1010001,https://files.airnowtech.org/airnow/2022/20220115/daily_data_v2.dat,01/15/22|DK1010001|Dhaka|PM2.5-24hr|UG/M3|149.7|24|U.S. Department of State Bangladesh - Dhaka|200|3|23.796374|90.424614|050DK1010001,2026-07-18T03:21:32+00:00,7db970de7ba0e489d5e487817f55b85ead4601d2f057437380380e0cc89e593c
2022-01-16,DK1010001,Dhaka,PM2.5-24hr,UG/M3,120.7,24,U.S. Department of State Bangladesh - Dhaka,185,3,23.796374,90.424614,050DK1010001,https://files.airnowtech.org/airnow/2022/20220116/daily_data_v2.dat,01/16/22|DK1010001|Dhaka|PM2.5-24hr|UG/M3|120.7|24|U.S. Department of State Bangladesh - Dhaka|185|3|23.796374|90.424614|050DK1010001,2026-07-18T03:21:32+00:00,98ee8cde1465c9df3279ca79ea4a1a31108ece9161292dd00d424198adb995aa
2022-01-17,DK1010001,Dhaka,PM2.5-24hr,UG/M3,148.9,24,U.S. Department of State Bangladesh - Dhaka,199,3,23.796374,90.424614,050DK1010001,https://files.airnowtech.org/airnow/2022/20220117/daily_data_v2.dat,01/17/22|DK1010001|Dhaka|PM2.5-24hr|UG/M3|148.9|24|U.S. Department of State Bangladesh - Dhaka|199|3|23.796374|90.424614|050DK1010001,2026-07-18T03:21:32+00:00,e86671ef378abe631ee1e19cb96b70622e1fdf2f7b575f919833d2081524cbc1
2022-01-18,DK1010001,Dhaka,PM2.5-24hr,UG/M3,188.1,24,U.S. Department of State Bangladesh - Dhaka,238,4,23.796374,90.424614,050DK1010001,https://files.airnowtech.org/airnow/2022/20220118/daily_data_v2.dat,01/18/22|DK1010001|Dhaka|PM2.5-24hr|UG/M3|188.1|24|U.S. Department of State Bangladesh - Dhaka|238|4|23.796374|90.424614|050DK1010001,2026-07-18T03:21:32+00:00,0ed9419b5bf50b091da71e3973b89be8c625496423b4a34dc9c36d7d878b3423
2022-01-19,DK1010001,Dhaka,PM2.5-24hr,UG/M3,194.2,24,U.S. Department of State Bangladesh - Dhaka,244,4,23.796374,90.424614,050DK1010001,https://files.airnowtech.org/airnow/2022/20220119/daily_data_v2.dat,01/19/22|DK1010001|Dhaka|PM2.5-24hr|UG/M3|194.2|24|U.S. Department of State Bangladesh - Dhaka|244|4|23.796374|90.424614|050DK1010001,2026-07-18T03:21:32+00:00,8e739aeb879ba6c630c20cc8405654b748f9e6cc22a3d91c0a9aca773c46ab80
2022-01-20,DK1010001,Dhaka,PM2.5-24hr,UG/M3,190.5,24,U.S. Department of State Bangladesh - Dhaka,241,4,23.796374,90.424614,050DK1010001,https://files.airnowtech.org/airnow/2022/20220120/daily_data_v2.dat,01/20/22|DK1010001|Dhaka|PM2.5-24hr|UG/M3|190.5|24|U.S. Department of State Bangladesh - Dhaka|241|4|23.796374|90.424614|050DK1010001,2026-07-18T03:21:32+00:00,c85a3ad8bafafcc63ec62c2512708c5daf2299b1bd880842c288064ed32386a0
2022-01-21,DK1010001,Dhaka,PM2.5-24hr,UG/M3,227.6,24,U.S. Department of State Bangladesh - Dhaka,278,4,23.796374,90.424614,050DK1010001,https://files.airnowtech.org/airnow/2022/20220121/daily_data_v2.dat,01/21/22|DK1010001|Dhaka|PM2.5-24hr|UG/M3|227.6|24|U.S. Department of State Bangladesh - Dhaka|278|4|23.796374|90.424614|050DK1010001,2026-07-18T03:21:32+00:00,51afaebca7e1faf1f06bd98da76cd164083585cd5eab22b15328d4acc8f3117f
2022-01-22,DK1010001,Dhaka,PM2.5-24hr,UG/M3,247.5,24,U.S. Department of State Bangladesh - Dhaka,297,4,23.796374,90.424614,050DK1010001,https://files.airnowtech.org/airnow/2022/20220122/daily_data_v2.dat,01/22/22|DK1010001|Dhaka|PM2.5-24hr|UG/M3|247.5|24|U.S. Department of State Bangladesh - Dhaka|297|4|23.796374|90.424614|050DK1010001,2026-07-18T03:21:32+00:00,1e1f21ecdf90d7ddf4217983db13cb7d243ee1e904a79b276f6fdde22d182bc5
2022-01-23,DK1010001,Dhaka,PM2.5-24hr,UG/M3,228.4,24,U.S. Department of State Bangladesh - Dhaka,278,4,23.796374,90.424614,050DK1010001,https://files.airnowtech.org/airnow/2022/20220123/daily_data_v2.dat,01/23/22|DK1010001|Dhaka|PM2.5-24hr|UG/M3|228.4|24|U.S. Department of State Bangladesh - Dhaka|278|4|23.796374|90.424614|050DK1010001,2026-07-18T03:21:32+00:00,9dda85deaea1c5aa3161c88fe95a59671d360ceb52a19f6e95c4fb94f49245df
2022-01-24,DK1010001,Dhaka,PM2.5-24hr,UG/M3,121.8,24,U.S. Department of State Bangladesh - Dhaka,185,3,23.796374,90.424614,050DK1010001,https://files.airnowtech.org/airnow/2022/20220124/daily_data_v2.dat,01/24/22|DK1010001|Dhaka|PM2.5-24hr|UG/M3|121.8|24|U.S. Department of State Bangladesh - Dhaka|185|3|23.796374|90.424614|050DK1010001,2026-07-18T03:21:32+00:00,b4cc2e7293537814b42a220cfb77297074bb3c8310466b0452251b928f2cf0f4
2022-01-25,DK1010001,Dhaka,PM2.5-24hr,UG/M3,284.2,24,U.S. Department of State Bangladesh - Dhaka,334,5,23.796374,90.424614,050DK1010001,https://files.airnowtech.org/airnow/2022/20220125/daily_data_v2.dat,01/25/22|DK1010001|Dhaka|PM2.5-24hr|UG/M3|284.2|24|U.S. Department of State Bangladesh - Dhaka|334|5|23.796374|90.424614|050DK1010001,2026-07-18T03:21:32+00:00,d2966dda6336f6e53d9b26be37cda49b38d7e0a5b31654f6f567065038c956cf
2022-01-26,DK1010001,Dhaka,PM2.5-24hr,UG/M3,158.6,24,U.S. Department of State Bangladesh - Dhaka,209,4,23.796374,90.424614,050DK1010001,https://files.airnowtech.org/airnow/2022/20220126/daily_data_v2.dat,01/26/22|DK1010001|Dhaka|PM2.5-24hr|UG/M3|158.6|24|U.S. Department of State Bangladesh - Dhaka|209|4|23.796374|90.424614|050DK1010001,2026-07-18T03:21:32+00:00,c141f9412b9d034fb59cb1517ba2c71ef34ec120e5a1803beddca76d80abfa01
2022-01-27,DK1010001,Dhaka,PM2.5-24hr,UG/M3,133.6,24,U.S. Department of State Bangladesh - Dhaka,191,3,23.796374,90.424614,050DK1010001,https://files.airnowtech.org/airnow/2022/20220127/daily_data_v2.dat,01/27/22|DK1010001|Dhaka|PM2.5-24hr|UG/M3|133.6|24|U.S. Department of State Bangladesh - Dhaka|191|3|23.796374|90.424614|050DK1010001,2026-07-18T03:21:32+00:00,f4751881bf24a0fcf70fb1a88d34ba6d69be2449e936d4da9a3c3e9f247859df
2022-01-28,DK1010001,Dhaka,PM2.5-24hr,UG/M3,130.5,24,U.S. Department of State Bangladesh - Dhaka,190,3,23.796374,90.424614,050DK1010001,https://files.airnowtech.org/airnow/2022/20220128/daily_data_v2.dat,01/28/22|DK1010001|Dhaka|PM2.5-24hr|UG/M3|130.5|24|U.S. Department of State Bangladesh - Dhaka|190|3|23.796374|90.424614|050DK1010001,2026-07-18T03:21:32+00:00,338afb17b25b9be31cd664fa2f08d4396fc515e7f2049362bd91ffa17e03b249
2022-01-29,DK1010001,Dhaka,PM2.5-24hr,UG/M3,178.7,24,U.S. Department of State Bangladesh - Dhaka,229,4,23.796374,90.424614,050DK1010001,https://files.airnowtech.org/airnow/2022/20220129/daily_data_v2.dat,01/29/22|DK1010001|Dhaka|PM2.5-24hr|UG/M3|178.7|24|U.S. Department of State Bangladesh - Dhaka|229|4|23.796374|90.424614|050DK1010001,2026-07-18T03:21:32+00:00,b9afbf003e4af2f6dd7dff436d0f00b56014172d2ede99a1c8a69097d4042cb5
2022-01-30,DK1010001,Dhaka,PM2.5-24hr,UG/M3,199.5,24,U.S. Department of State Bangladesh - Dhaka,250,4,23.796374,90.424614,050DK1010001,https://files.airnowtech.org/airnow/2022/20220130/daily_data_v2.dat,01/30/22|DK1010001|Dhaka|PM2.5-24hr|UG/M3|199.5|24|U.S. Department of State Bangladesh - Dhaka|250|4|23.796374|90.424614|050DK1010001,2026-07-18T03:21:32+00:00,ebb8940d0170cc98a0784404fc2ca96afa25d523481db237652032f2d2cb9dc5
2022-01-31,DK1010001,Dhaka,PM2.5-24hr,UG/M3,331.9,24,U.S. Department of State Bangladesh - Dhaka,382,5,23.796374,90.424614,050DK1010001,https://files.airnowtech.org/airnow/2022/20220131/daily_data_v2.dat,01/31/22|DK1010001|Dhaka|PM2.5-24hr|UG/M3|331.9|24|U.S. Department of State Bangladesh - Dhaka|382|5|23.796374|90.424614|050DK1010001,2026-07-18T03:21:32+00:00,177e32fd2e120bd7288e2bc6ad236704f58c5c29bd9a22deac91169e64a16227
2022-02-01,DK1010001,Dhaka,PM2.5-24hr,UG/M3,165.7,24,U.S. Department of State Bangladesh - Dhaka,216,4,23.796374,90.424614,050DK1010001,https://files.airnowtech.org/airnow/2022/20220201/daily_data_v2.dat,02/01/22|DK1010001|Dhaka|PM2.5-24hr|UG/M3|165.7|24|U.S. Department of State Bangladesh - Dhaka|216|4|23.796374|90.424614|050DK1010001,2026-07-18T03:21:32+00:00,c2ec40e9651ef8da7b41325718973d16cd8a1a2db558676e3238c3227f835a11
2022-02-02,DK1010001,Dhaka,PM2.5-24hr,UG/M3,208.6,24,U.S. Department of State Bangladesh - Dhaka,259,4,23.796374,90.424614,050DK1010001,https://files.airnowtech.org/airnow/2022/20220202/daily_data_v2.dat,02/02/22|DK1010001|Dhaka|PM2.5-24hr|UG/M3|208.6|24|U.S. Department of State Bangladesh - Dhaka|259|4|23.796374|90.424614|050DK1010001,2026-07-18T03:21:32+00:00,f0c7eaeb4ca7faf5eac1aefbe299ca353e1af8599a21792f0e24835c7cd0dde7
2022-02-04,DK1010001,Dhaka,PM2.5-24hr,UG/M3,109.3,24,U.S. Department of State Bangladesh - Dhaka,179,3,23.796374,90.424614,050DK1010001,https://files.airnowtech.org/airnow/2022/20220204/daily_data_v2.dat,02/04/22|DK1010001|Dhaka|PM2.5-24hr|UG/M3|109.3|24|U.S. Department of State Bangladesh - Dhaka|179|3|23.796374|90.424614|050DK1010001,2026-07-18T03:21:32+00:00,4b4466b45ff7f061deae28e0b76ec7d5862161430aabf82b7d6ffc06a97facd8
2022-02-05,DK1010001,Dhaka,PM2.5-24hr,UG/M3,80.0,24,U.S. Department of State Bangladesh - Dhaka,164,3,23.796374,90.424614,050DK1010001,https://files.airnowtech.org/airnow/2022/20220205/daily_data_v2.dat,02/05/22|DK1010001|Dhaka|PM2.5-24hr|UG/M3|80|24|U.S. Department of State Bangladesh - Dhaka|164|3|23.796374|90.424614|050DK1010001,2026-07-18T03:21:32+00:00,cbeba99f81eded878e594ce53fbf53be6c3b321cb9f234acfbb5cb2f0202ed1f
2022-02-06,DK1010001,Dhaka,PM2.5-24hr,UG/M3,117.6,24,U.S. Department of State Bangladesh - Dhaka,183,3,23.796374,90.424614,050DK1010001,https://files.airnowtech.org/airnow/2022/20220206/daily_data_v2.dat,02/06/22|DK1010001|Dhaka|PM2.5-24hr|UG/M3|117.6|24|U.S. Department of State Bangladesh - Dhaka|183|3|23.796374|90.424614|050DK1010001,2026-07-18T03:21:32+00:00,55d1c1f7b8afaa051e9dc081c007a156d1d91c7c0868f10ea5ccfe7a4f117e8d
2022-02-07,DK1010001,Dhaka,PM2.5-24hr,UG/M3,110.5,24,U.S. Department of State Bangladesh - Dhaka,179,3,23.796374,90.424614,050DK1010001,https://files.airnowtech.org/airnow/2022/20220207/daily_data_v2.dat,02/07/22|DK1010001|Dhaka|PM2.5-24hr|UG/M3|110.5|24|U.S. Department of State Bangladesh - Dhaka|179|3|23.796374|90.424614|050DK1010001,2026-07-18T03:21:32+00:00,54ec3fcebcfe53318dd8ba585abf89e93b9f3f3318c2bd7de2ebb929ebe52591
2022-02-08,DK1010001,Dhaka,PM2.5-24hr,UG/M3,189.0,24,U.S. Department of State Bangladesh - Dhaka,239,4,23.796374,90.424614,050DK1010001,https://files.airnowtech.org/airnow/2022/20220208/daily_data_v2.dat,02/08/22|DK1010001|Dhaka|PM2.5-24hr|UG/M3|189|24|U.S. Department of State Bangladesh - Dhaka|239|4|23.796374|90.424614|050DK1010001,2026-07-18T03:21:32+00:00,232dbf6b43ea6cdf8c0a99a333a66abe8a55a68f9fcc81e4366ac55556b6129e
2022-02-09,DK1010001,Dhaka,PM2.5-24hr,UG/M3,207.0,24,U.S. Department of State Bangladesh - Dhaka,257,4,23.796374,90.424614,050DK1010001,https://files.airnowtech.org/airnow/2022/20220209/daily_data_v2.dat,02/09/22|DK1010001|Dhaka|PM2.5-24hr|UG/M3|207|24|U.S. Department of State Bangladesh - Dhaka|257|4|23.796374|90.424614|050DK1010001,2026-07-18T03:21:32+00:00,554c15324d2a84f288999faaee7f1377dacc9d846e136644281c824e7318bc64
2022-02-10,DK1010001,Dhaka,PM2.5-24hr,UG/M3,203.8,24,U.S. Department of State Bangladesh - Dhaka,254,4,23.796374,90.424614,050DK1010001,https://files.airnowtech.org/airnow/2022/20220210/daily_data_v2.dat,02/10/22|DK1010001|Dhaka|PM2.5-24hr|UG/M3|203.8|24|U.S. Department of State Bangladesh - Dhaka|254|4|23.796374|90.424614|050DK1010001,2026-07-18T03:21:32+00:00,ef1328a3027b6760569113e474e38d137a42af70936979c1102afce4069775e9
2022-02-11,DK1010001,Dhaka,PM2.5-24hr,UG/M3,164.0,24,U.S. Department of State Bangladesh - Dhaka,214,4,23.796374,90.424614,050DK1010001,https://files.airnowtech.org/airnow/2022/20220211/daily_data_v2.dat,02/11/22|DK1010001|Dhaka|PM2.5-24hr|UG/M3|164|24|U.S. Department of State Bangladesh - Dhaka|214|4|23.796374|90.424614|050DK1010001,2026-07-18T03:21:32+00:00,c4ba078cd8580a41e229bea6d5ab000ae946eb3ac01e2c1cb72f5dcc5270c37a
2022-02-12,DK1010001,Dhaka,PM2.5-24hr,UG/M3,127.7,24,U.S. Department of State Bangladesh - Dhaka,188,3,23.796374,90.424614,050DK1010001,https://files.airnowtech.org/airnow/2022/20220212/daily_data_v2.dat,02/12/22|DK1010001|Dhaka|PM2.5-24hr|UG/M3|127.7|24|U.S. Department of State Bangladesh - Dhaka|188|3|23.796374|90.424614|050DK1010001,2026-07-18T03:21:32+00:00,5c1654a9e5549d774eb8dfac9c9f771cedc28a9df3e8b773f2793df3e1cc8d54
2022-02-13,DK1010001,Dhaka,PM2.5-24hr,UG/M3,143.9,24,U.S. Department of State Bangladesh - Dhaka,197,3,23.796374,90.424614,050DK1010001,https://files.airnowtech.org/airnow/2022/20220213/daily_data_v2.dat,02/13/22|DK1010001|Dhaka|PM2.5-24hr|UG/M3|143.9|24|U.S. Department of State Bangladesh - Dhaka|197|3|23.796374|90.424614|050DK1010001,2026-07-18T03:21:32+00:00,54cbb62c588c71f94b83c7ff636b07da12ec618b59afaca239295f6a64032219
2022-02-14,DK1010001,Dhaka,PM2.5-24hr,UG/M3,139.7,24,U.S. Department of State Bangladesh - Dhaka,195,3,23.796374,90.424614,050DK1010001,https://files.airnowtech.org/airnow/2022/20220214/daily_data_v2.dat,02/14/22|DK1010001|Dhaka|PM2.5-24hr|UG/M3|139.7|24|U.S. Department of State Bangladesh - Dhaka|195|3|23.796374|90.424614|050DK1010001,2026-07-18T03:21:32+00:00,915b598bb59ea2964a8053b42fd4ffffd3468701706f569a09ceca1f3f540b9c
2022-02-15,DK1010001,Dhaka,PM2.5-24hr,UG/M3,151.9,24,U.S. Department of State Bangladesh - Dhaka,202,4,23.796374,90.424614,050DK1010001,https://files.airnowtech.org/airnow/2022/20220215/daily_data_v2.dat,02/15/22|DK1010001|Dhaka|PM2.5-24hr|UG/M3|151.9|24|U.S. Department of State Bangladesh - Dhaka|202|4|23.796374|90.424614|050DK1010001,2026-07-18T03:21:32+00:00,c6676dbb4d5016f00acd18fbb78c9de1b43fd5f9c3e9e4b0be74199097b73210
2022-02-16,DK1010001,Dhaka,PM2.5-24hr,UG/M3,146.7,24,U.S. Department of State Bangladesh - Dhaka,198,3,23.796374,90.424614,050DK1010001,https://files.airnowtech.org/airnow/2022/20220216/daily_data_v2.dat,02/16/22|DK1010001|Dhaka|PM2.5-24hr|UG/M3|146.7|24|U.S. Department of State Bangladesh - Dhaka|198|3|23.796374|90.424614|050DK1010001,2026-07-18T03:21:32+00:00,3b405a20b06315c8436b5d1dbc2745a0b92ae8da81b7ce0e31291f6737819587
2022-02-17,DK1010001,Dhaka,PM2.5-24hr,UG/M3,176.0,24,U.S. Department of State Bangladesh - Dhaka,226,4,23.796374,90.424614,050DK1010001,https://files.airnowtech.org/airnow/2022/20220217/daily_data_v2.dat,02/17/22|DK1010001|Dhaka|PM2.5-24hr|UG/M3|176|24|U.S. Department of State Bangladesh - Dhaka|226|4|23.796374|90.424614|050DK1010001,2026-07-18T03:21:32+00:00,fd7c5e9a0ec94804b1c073cf6f8bcb7ab03659654727397bffd09d1222014c47
2022-02-18,DK1010001,Dhaka,PM2.5-24hr,UG/M3,140.5,24,U.S. Department of State Bangladesh - Dhaka,195,3,23.796374,90.424614,050DK1010001,https://files.airnowtech.org/airnow/2022/20220218/daily_data_v2.dat,02/18/22|DK1010001|Dhaka|PM2.5-24hr|UG/M3|140.5|24|U.S. Department of State Bangladesh - Dhaka|195|3|23.796374|90.424614|050DK1010001,2026-07-18T03:21:32+00:00,3b9044797f1e8d4bc4b636587c3445a758fc053a576e0bc3b692d22d5dbbb303
2022-02-19,DK1010001,Dhaka,PM2.5-24hr,UG/M3,139.6,24,U.S. Department of State Bangladesh - Dhaka,194,3,23.796374,90.424614,050DK1010001,https://files.airnowtech.org/airnow/2022/20220219/daily_data_v2.dat,02/19/22|DK1010001|Dhaka|PM2.5-24hr|UG/M3|139.6|24|U.S. Department of State Bangladesh - Dhaka|194|3|23.796374|90.424614|050DK1010001,2026-07-18T03:21:32+00:00,86ead3818bf226669e5975deaa4234baa974d61f205054d1c16cb7a09b8fd611
2022-02-20,DK1010001,Dhaka,PM2.5-24hr,UG/M3,134.6,24,U.S. Department of State Bangladesh - Dhaka,192,3,23.796374,90.424614,050DK1010001,https://files.airnowtech.org/airnow/2022/20220220/daily_data_v2.dat,02/20/22|DK1010001|Dhaka|PM2.5-24hr|UG/M3|134.6|24|U.S. Department of State Bangladesh - Dhaka|192|3|23.796374|90.424614|050DK1010001,2026-07-18T03:21:32+00:00,964770d32e527bb01fc26f5c8ed7e9fb30f44f1dee428975e090b4e0c19d48e9
2022-02-21,DK1010001,Dhaka,PM2.5-24hr,UG/M3,115.3,24,U.S. Department of State Bangladesh - Dhaka,182,3,23.796374,90.424614,050DK1010001,https://files.airnowtech.org/airnow/2022/20220221/daily_data_v2.dat,02/21/22|DK1010001|Dhaka|PM2.5-24hr|UG/M3|115.3|24|U.S. Department of State Bangladesh - Dhaka|182|3|23.796374|90.424614|050DK1010001,2026-07-18T03:21:32+00:00,013a8d33b5918689f4aff853fe6bab8706520196df22b1aa6bf41b7d959547f4
2022-02-22,DK1010001,Dhaka,PM2.5-24hr,UG/M3,109.5,24,U.S. Department of State Bangladesh - Dhaka,179,3,23.796374,90.424614,050DK1010001,https://files.airnowtech.org/airnow/2022/20220222/daily_data_v2.dat,02/22/22|DK1010001|Dhaka|PM2.5-24hr|UG/M3|109.5|24|U.S. Department of State Bangladesh - Dhaka|179|3|23.796374|90.424614|050DK1010001,2026-07-18T03:21:32+00:00,f13878a8eb5b772de9d5c4d92b2322265707b656e1742e589012cb7250037b87
2022-02-23,DK1010001,Dhaka,PM2.5-24hr,UG/M3,146.3,24,U.S. Department of State Bangladesh - Dhaka,198,3,23.796374,90.424614,050DK1010001,https://files.airnowtech.org/airnow/2022/20220223/daily_data_v2.dat,02/23/22|DK1010001|Dhaka|PM2.5-24hr|UG/M3|146.3|24|U.S. Department of State Bangladesh - Dhaka|198|3|23.796374|90.424614|050DK1010001,2026-07-18T03:21:32+00:00,4e438b3b6e7ce084d4852e60f4a881f8085c076a542620ec195ea8e5fefa97a4
2022-02-24,DK1010001,Dhaka,PM2.5-24hr,UG/M3,186.0,24,U.S. Department of State Bangladesh - Dhaka,236,4,23.796374,90.424614,050DK1010001,https://files.airnowtech.org/airnow/2022/20220224/daily_data_v2.dat,02/24/22|DK1010001|Dhaka|PM2.5-24hr|UG/M3|186|24|U.S. Department of State Bangladesh - Dhaka|236|4|23.796374|90.424614|050DK1010001,2026-07-18T03:21:32+00:00,e5004015edad7d40fd0ef929a99898b54effc75de084810152bd8220f69a8451
2022-02-25,DK1010001,Dhaka,PM2.5-24hr,UG/M3,81.0,24,U.S. Department of State Bangladesh - Dhaka,164,3,23.796374,90.424614,050DK1010001,https://files.airnowtech.org/airnow/2022/20220225/daily_data_v2.dat,02/25/22|DK1010001|Dhaka|PM2.5-24hr|UG/M3|81|24|U.S. Department of State Bangladesh - Dhaka|164|3|23.796374|90.424614|050DK1010001,2026-07-18T03:21:32+00:00,233f596dd9f1586f6e8f96d1b900204fbeb836b32a3dedf4976990a9dea4c194
2022-02-26,DK1010001,Dhaka,PM2.5-24hr,UG/M3,115.7,24,U.S. Department of State Bangladesh - Dhaka,182,3,23.796374,90.424614,050DK1010001,https://files.airnowtech.org/airnow/2022/20220226/daily_data_v2.dat,02/26/22|DK1010001|Dhaka|PM2.5-24hr|UG/M3|115.7|24|U.S. Department of State Bangladesh - Dhaka|182|3|23.796374|90.424614|050DK1010001,2026-07-18T03:21:32+00:00,499eb161342891d2fb144e7ef1695b5f5d055f8c4fcec488f0a965fe5e70b896
2022-02-27,DK1010001,Dhaka,PM2.5-24hr,UG/M3,155.6,24,U.S. Department of State Bangladesh - Dhaka,206,4,23.796374,90.424614,050DK1010001,https://files.airnowtech.org/airnow/2022/20220227/daily_data_v2.dat,02/27/22|DK1010001|Dhaka|PM2.5-24hr|UG/M3|155.6|24|U.S. Department of State Bangladesh - Dhaka|206|4|23.796374|90.424614|050DK1010001,2026-07-18T03:21:32+00:00,dc847865b492535ce7e81690fc938e98dc5acc64de4e3176d71cf1729392bf2d
2022-02-28,DK1010001,Dhaka,PM2.5-24hr,UG/M3,154.0,24,U.S. Department of State Bangladesh - Dhaka,205,4,23.796374,90.424614,050DK1010001,https://files.airnowtech.org/airnow/2022/20220228/daily_data_v2.dat,02/28/22|DK1010001|Dhaka|PM2.5-24hr|UG/M3|154|24|U.S. Department of State Bangladesh - Dhaka|205|4|23.796374|90.424614|050DK1010001,2026-07-18T03:21:32+00:00,103bdc3ea7ea2a294c8302fa0a439111da1cf104951985ef35ff7f15b66aac16
2022-03-01,DK1010001,Dhaka,PM2.5-24hr,UG/M3,139.3,24,U.S. Department of State Bangladesh - Dhaka,194,3,23.796374,90.424614,050DK1010001,https://files.airnowtech.org/airnow/2022/20220301/daily_data_v2.dat,03/01/22|DK1010001|Dhaka|PM2.5-24hr|UG/M3|139.3|24|U.S. Department of State Bangladesh - Dhaka|194|3|23.796374|90.424614|050DK1010001,2026-07-18T03:21:32+00:00,3554aa4f02323390af27e833b1614a2bde23bb66eb025e29600db1790d30ea44
2022-03-02,DK1010001,Dhaka,PM2.5-24hr,UG/M3,132.1,24,U.S. Department of State Bangladesh - Dhaka,191,3,23.796374,90.424614,050DK1010001,https://files.airnowtech.org/airnow/2022/20220302/daily_data_v2.dat,03/02/22|DK1010001|Dhaka|PM2.5-24hr|UG/M3|132.1|24|U.S. Department of State Bangladesh - Dhaka|191|3|23.796374|90.424614|050DK1010001,2026-07-18T03:21:32+00:00,bc8e93e00d0fa890bb6dc84e0905f950a5e083f9297c632fd1681ce15ea9dce6
2022-03-03,DK1010001,Dhaka,PM2.5-24hr,UG/M3,148.3,24,U.S. Department of State Bangladesh - Dhaka,199,3,23.796374,90.424614,050DK1010001,https://files.airnowtech.org/airnow/2022/20220303/daily_data_v2.dat,03/03/22|DK1010001|Dhaka|PM2.5-24hr|UG/M3|148.3|24|U.S. Department of State Bangladesh - Dhaka|199|3|23.796374|90.424614|050DK1010001,2026-07-18T03:21:32+00:00,ba1ba6a8bf4c77b3b97b960cd38af02ca5692a45a7629c5c329fe739bc858d87
2022-03-04,DK1010001,Dhaka,PM2.5-24hr,UG/M3,157.5,24,U.S. Department of State Bangladesh - Dhaka,208,4,23.796374,90.424614,050DK1010001,https://files.airnowtech.org/airnow/2022/20220304/daily_data_v2.dat,03/04/22|DK1010001|Dhaka|PM2.5-24hr|UG/M3|157.5|24|U.S. Department of State Bangladesh - Dhaka|208|4|23.796374|90.424614|050DK1010001,2026-07-18T03:21:33+00:00,3c0d7d096a116497c2866b1a9c22e3da2db723ec1b6070e5a88142788f861928
2022-03-05,DK1010001,Dhaka,PM2.5-24hr,UG/M3,165.2,24,U.S. Department of State Bangladesh - Dhaka,216,4,23.796374,90.424614,050DK1010001,https://files.airnowtech.org/airnow/2022/20220305/daily_data_v2.dat,03/05/22|DK1010001|Dhaka|PM2.5-24hr|UG/M3|165.2|24|U.S. Department of State Bangladesh - Dhaka|216|4|23.796374|90.424614|050DK1010001,2026-07-18T03:21:33+00:00,1bd32192e5505bf36817eec84c75721c71f73f7cc44092ca18f004b137642b11
2022-03-06,DK1010001,Dhaka,PM2.5-24hr,UG/M3,142.8,24,U.S. Department of State Bangladesh - Dhaka,196,3,23.796374,90.424614,050DK1010001,https://files.airnowtech.org/airnow/2022/20220306/daily_data_v2.dat,03/06/22|DK1010001|Dhaka|PM2.5-24hr|UG/M3|142.8|24|U.S. Department of State Bangladesh - Dhaka|196|3|23.796374|90.424614|050DK1010001,2026-07-18T03:21:33+00:00,31754853dcdefe03b8881d1828c24473ef23a50bcaba6c05d86d40800eca87c4
2022-03-07,DK1010001,Dhaka,PM2.5-24hr,UG/M3,139.2,24,U.S. Department of State Bangladesh - Dhaka,194,3,23.796374,90.424614,050DK1010001,https://files.airnowtech.org/airnow/2022/20220307/daily_data_v2.dat,03/07/22|DK1010001|Dhaka|PM2.5-24hr|UG/M3|139.2|24|U.S. Department of State Bangladesh - Dhaka|194|3|23.796374|90.424614|050DK1010001,2026-07-18T03:21:33+00:00,eca86c992731814cb8e625e9c0258fd4d8e7723df0c9063133784fb70400c89b
2022-03-08,DK1010001,Dhaka,PM2.5-24hr,UG/M3,157.7,24,U.S. Department of State Bangladesh - Dhaka,208,4,23.796374,90.424614,050DK1010001,https://files.airnowtech.org/airnow/2022/20220308/daily_data_v2.dat,03/08/22|DK1010001|Dhaka|PM2.5-24hr|UG/M3|157.7|24|U.S. Department of State Bangladesh - Dhaka|208|4|23.796374|90.424614|050DK1010001,2026-07-18T03:21:33+00:00,c617e4248c501e88979376ef987a6a30eb0628784c87dcaf702c388f8c274e2d
2022-03-09,DK1010001,Dhaka,PM2.5-24hr,UG/M3,141.2,24,U.S. Department of State Bangladesh - Dhaka,195,3,23.796374,90.424614,050DK1010001,https://files.airnowtech.org/airnow/2022/20220309/daily_data_v2.dat,03/09/22|DK1010001|Dhaka|PM2.5-24hr|UG/M3|141.2|24|U.S. Department of State Bangladesh - Dhaka|195|3|23.796374|90.424614|050DK1010001,2026-07-18T03:21:33+00:00,f2cdcb262a9f63c7f92d507a12c7facb1ef5cd57bcb15f94015f96e5607af19a
2022-03-10,DK1010001,Dhaka,PM2.5-24hr,UG/M3,141.8,24,U.S. Department of State Bangladesh - Dhaka,196,3,23.796374,90.424614,050DK1010001,https://files.airnowtech.org/airnow/2022/20220310/daily_data_v2.dat,03/10/22|DK1010001|Dhaka|PM2.5-24hr|UG/M3|141.8|24|U.S. Department of State Bangladesh - Dhaka|196|3|23.796374|90.424614|050DK1010001,2026-07-18T03:21:33+00:00,9cf91f345252a4a03e344928391066777a315f49ac8b4d2c095a1a97543b477d
2022-03-11,DK1010001,Dhaka,PM2.5-24hr,UG/M3,146.5,24,U.S. Department of State Bangladesh - Dhaka,198,3,23.796374,90.424614,050DK1010001,https://files.airnowtech.org/airnow/2022/20220311/daily_data_v2.dat,03/11/22|DK1010001|Dhaka|PM2.5-24hr|UG/M3|146.5|24|U.S. Department of State Bangladesh - Dhaka|198|3|23.796374|90.424614|050DK1010001,2026-07-18T03:21:33+00:00,58a2080df37838be3d599019d3e17731bdbb3a6c03ddc790effbc9f6018a8cd6
2022-03-12,DK1010001,Dhaka,PM2.5-24hr,UG/M3,140.1,24,U.S. Department of State Bangladesh - Dhaka,195,3,23.796374,90.424614,050DK1010001,https://files.airnowtech.org/airnow/2022/20220312/daily_data_v2.dat,03/12/22|DK1010001|Dhaka|PM2.5-24hr|UG/M3|140.1|24|U.S. Department of State Bangladesh - Dhaka|195|3|23.796374|90.424614|050DK1010001,2026-07-18T03:21:33+00:00,ee1dda91ec923db01c624521bdd03d60680d089c26958848baf9b4d71efa0165
2022-03-13,DK1010001,Dhaka,PM2.5-24hr,UG/M3,135.7,24,U.S. Department of State Bangladesh - Dhaka,192,3,23.796374,90.424614,050DK1010001,https://files.airnowtech.org/airnow/2022/20220313/daily_data_v2.dat,03/13/22|DK1010001|Dhaka|PM2.5-24hr|UG/M3|135.7|24|U.S. Department of State Bangladesh - Dhaka|192|3|23.796374|90.424614|050DK1010001,2026-07-18T03:21:33+00:00,281756abae21637ed9f0115f26d75fa70706e5bd8ef53e39ca7539129cda9048
2022-03-14,DK1010001,Dhaka,PM2.5-24hr,UG/M3,157.0,24,U.S. Department of State Bangladesh - Dhaka,207,4,23.796374,90.424614,050DK1010001,https://files.airnowtech.org/airnow/2022/20220314/daily_data_v2.dat,03/14/22|DK1010001|Dhaka|PM2.5-24hr|UG/M3|157|24|U.S. Department of State Bangladesh - Dhaka|207|4|23.796374|90.424614|050DK1010001,2026-07-18T03:21:33+00:00,a4438566f3a65692276b30f12552ff40099d6c59a5b71f78e37568a66173ba62
2022-03-15,DK1010001,Dhaka,PM2.5-24hr,UG/M3,186.3,24,U.S. Department of State Bangladesh - Dhaka,236,4,23.796374,90.424614,050DK1010001,https://files.airnowtech.org/airnow/2022/20220315/daily_data_v2.dat,03/15/22|DK1010001|Dhaka|PM2.5-24hr|UG/M3|186.3|24|U.S. Department of State Bangladesh - Dhaka|236|4|23.796374|90.424614|050DK1010001,2026-07-18T03:21:33+00:00,bf8c6ed818e50bbe6efef257860962140351bf49f16b490bde3f347385452c1b
2022-03-16,DK1010001,Dhaka,PM2.5-24hr,UG/M3,236.9,24,U.S. Department of State Bangladesh - Dhaka,287,4,23.796374,90.424614,050DK1010001,https://files.airnowtech.org/airnow/2022/20220316/daily_data_v2.dat,03/16/22|DK1010001|Dhaka|PM2.5-24hr|UG/M3|236.9|24|U.S. Department of State Bangladesh - Dhaka|287|4|23.796374|90.424614|050DK1010001,2026-07-18T03:21:33+00:00,92c93ca4217a3aac6f25e8e89a0659a5b73621d762fd7c750695eb44bb37490b
2022-03-17,DK1010001,Dhaka,PM2.5-24hr,UG/M3,161.4,24,U.S. Department of State Bangladesh - Dhaka,212,4,23.796374,90.424614,050DK1010001,https://files.airnowtech.org/airnow/2022/20220317/daily_data_v2.dat,03/17/22|DK1010001|Dhaka|PM2.5-24hr|UG/M3|161.4|24|U.S. Department of State Bangladesh - Dhaka|212|4|23.796374|90.424614|050DK1010001,2026-07-18T03:21:33+00:00,e462a5a3461859e1f30b74ea4a4305a360c70a85bccb85ed2403c48a39e923fb
2022-03-18,DK1010001,Dhaka,PM2.5-24hr,UG/M3,160.2,24,U.S. Department of State Bangladesh - Dhaka,211,4,23.796374,90.424614,050DK1010001,https://files.airnowtech.org/airnow/2022/20220318/daily_data_v2.dat,03/18/22|DK1010001|Dhaka|PM2.5-24hr|UG/M3|160.2|24|U.S. Department of State Bangladesh - Dhaka|211|4|23.796374|90.424614|050DK1010001,2026-07-18T03:21:33+00:00,42bbcc1cde9ee7a8dd5a0b9611978252993605fd289f29a62334906f5f0974a9
2022-03-19,DK1010001,Dhaka,PM2.5-24hr,UG/M3,131.0,24,U.S. Department of State Bangladesh - Dhaka,190,3,23.796374,90.424614,050DK1010001,https://files.airnowtech.org/airnow/2022/20220319/daily_data_v2.dat,03/19/22|DK1010001|Dhaka|PM2.5-24hr|UG/M3|131|24|U.S. Department of State Bangladesh - Dhaka|190|3|23.796374|90.424614|050DK1010001,2026-07-18T03:21:33+00:00,13e0a7441d233d63655491add177092e71bb0ed7bc516d748f6a1566632cf708
2022-03-20,DK1010001,Dhaka,PM2.5-24hr,UG/M3,96.8,24,U.S. Department of State Bangladesh - Dhaka,172,3,23.796374,90.424614,050DK1010001,https://files.airnowtech.org/airnow/2022/20220320/daily_data_v2.dat,03/20/22|DK1010001|Dhaka|PM2.5-24hr|UG/M3|96.8|24|U.S. Department of State Bangladesh - Dhaka|172|3|23.796374|90.424614|050DK1010001,2026-07-18T03:21:33+00:00,393f6daa410ea201799a0ac2d5c445014d38882415d88530df32ae2313e8f5a3
2022-03-21,DK1010001,Dhaka,PM2.5-24hr,UG/M3,149.2,24,U.S. Department of State Bangladesh - Dhaka,199,3,23.796374,90.424614,050DK1010001,https://files.airnowtech.org/airnow/2022/20220321/daily_data_v2.dat,03/21/22|DK1010001|Dhaka|PM2.5-24hr|UG/M3|149.2|24|U.S. Department of State Bangladesh - Dhaka|199|3|23.796374|90.424614|050DK1010001,2026-07-18T03:21:33+00:00,6d71d73f6fdacde05bad84c1050f81eba404ee7746a8e4d79668716d43d3e2ca
2022-03-22,DK1010001,Dhaka,PM2.5-24hr,UG/M3,112.2,24,U.S. Department of State Bangladesh - Dhaka,180,3,23.796374,90.424614,050DK1010001,https://files.airnowtech.org/airnow/2022/20220322/daily_data_v2.dat,03/22/22|DK1010001|Dhaka|PM2.5-24hr|UG/M3|112.2|24|U.S. Department of State Bangladesh - Dhaka|180|3|23.796374|90.424614|050DK1010001,2026-07-18T03:21:33+00:00,dd0afddb6b0b6280e3474b49ba9ceb02d521898215f048f752af9cbb2f4a2047
2022-03-23,DK1010001,Dhaka,PM2.5-24hr,UG/M3,202.5,24,U.S. Department of State Bangladesh - Dhaka,253,4,23.796374,90.424614,050DK1010001,https://files.airnowtech.org/airnow/2022/20220323/daily_data_v2.dat,03/23/22|DK1010001|Dhaka|PM2.5-24hr|UG/M3|202.5|24|U.S. Department of State Bangladesh - Dhaka|253|4|23.796374|90.424614|050DK1010001,2026-07-18T03:21:33+00:00,9acc41f5aad292952e897dccd1143c665b07a77060b96cb806323bdb50a6faa0
2022-03-24,DK1010001,Dhaka,PM2.5-24hr,UG/M3,77.7,24,U.S. Department of State Bangladesh - Dhaka,163,3,23.796374,90.424614,050DK1010001,https://files.airnowtech.org/airnow/2022/20220324/daily_data_v2.dat,03/24/22|DK1010001|Dhaka|PM2.5-24hr|UG/M3|77.7|24|U.S. Department of State Bangladesh - Dhaka|163|3|23.796374|90.424614|050DK1010001,2026-07-18T03:21:33+00:00,e0f2dcaf79d3c2839813608cb00d557b559b787df408808448917cfa695dceaf
2022-03-25,DK1010001,Dhaka,PM2.5-24hr,UG/M3,65.9,24,U.S. Department of State Bangladesh - Dhaka,156,3,23.796374,90.424614,050DK1010001,https://files.airnowtech.org/airnow/2022/20220325/daily_data_v2.dat,03/25/22|DK1010001|Dhaka|PM2.5-24hr|UG/M3|65.9|24|U.S. Department of State Bangladesh - Dhaka|156|3|23.796374|90.424614|050DK1010001,2026-07-18T03:21:33+00:00,a93c0013f2f4e97b5d55bc581b1f76e2314a5b91a856aaafb9863489a1f53421
2022-03-26,DK1010001,Dhaka,PM2.5-24hr,UG/M3,65.1,24,U.S. Department of State Bangladesh - Dhaka,156,3,23.796374,90.424614,050DK1010001,https://files.airnowtech.org/airnow/2022/20220326/daily_data_v2.dat,03/26/22|DK1010001|Dhaka|PM2.5-24hr|UG/M3|65.1|24|U.S. Department of State Bangladesh - Dhaka|156|3|23.796374|90.424614|050DK1010001,2026-07-18T03:21:33+00:00,4d2c3a2fa16eba3b38ad39495a9d2cc07f6058c25ac6d581062c9baf4e13e32a
2022-03-27,DK1010001,Dhaka,PM2.5-24hr,UG/M3,97.2,24,U.S. Department of State Bangladesh - Dhaka,173,3,23.796374,90.424614,050DK1010001,https://files.airnowtech.org/airnow/2022/20220327/daily_data_v2.dat,03/27/22|DK1010001|Dhaka|PM2.5-24hr|UG/M3|97.2|24|U.S. Department of State Bangladesh - Dhaka|173|3|23.796374|90.424614|050DK1010001,2026-07-18T03:21:33+00:00,2327829dda264d06fe7662ca5c73ffa3d31f7be1f3deede72fa5b46e3e8383c0
2022-03-28,DK1010001,Dhaka,PM2.5-24hr,UG/M3,120.4,24,U.S. Department of State Bangladesh - Dhaka,185,3,23.796374,90.424614,050DK1010001,https://files.airnowtech.org/airnow/2022/20220328/daily_data_v2.dat,03/28/22|DK1010001|Dhaka|PM2.5-24hr|UG/M3|120.4|24|U.S. Department of State Bangladesh - Dhaka|185|3|23.796374|90.424614|050DK1010001,2026-07-18T03:21:33+00:00,75e7cd7388ff28bfb14ab6e9b83a576b58732ed6bfd7e7d8d3c301ea06408471
2022-03-29,DK1010001,Dhaka,PM2.5-24hr,UG/M3,88.7,24,U.S. Department of State Bangladesh - Dhaka,168,3,23.796374,90.424614,050DK1010001,https://files.airnowtech.org/airnow/2022/20220329/daily_data_v2.dat,03/29/22|DK1010001|Dhaka|PM2.5-24hr|UG/M3|88.7|24|U.S. Department of State Bangladesh - Dhaka|168|3|23.796374|90.424614|050DK1010001,2026-07-18T03:21:33+00:00,d6870cb6f69e0c4ee7384a79e453b6b5e76c37359973201cf62fcd894c1bb95a
2022-03-30,DK1010001,Dhaka,PM2.5-24hr,UG/M3,88.8,24,U.S. Department of State Bangladesh - Dhaka,168,3,23.796374,90.424614,050DK1010001,https://files.airnowtech.org/airnow/2022/20220330/daily_data_v2.dat,03/30/22|DK1010001|Dhaka|PM2.5-24hr|UG/M3|88.8|24|U.S. Department of State Bangladesh - Dhaka|168|3|23.796374|90.424614|050DK1010001,2026-07-18T03:21:33+00:00,90650b4b9cf8c14e0242d46e50ccee7a81119632734188c157798515eb805f2f
2022-03-31,DK1010001,Dhaka,PM2.5-24hr,UG/M3,63.2,24,U.S. Department of State Bangladesh - Dhaka,155,3,23.796374,90.424614,050DK1010001,https://files.airnowtech.org/airnow/2022/20220331/daily_data_v2.dat,03/31/22|DK1010001|Dhaka|PM2.5-24hr|UG/M3|63.2|24|U.S. Department of State Bangladesh - Dhaka|155|3|23.796374|90.424614|050DK1010001,2026-07-18T03:21:33+00:00,72367c228572e26021daecfcd271d7a4b00410a8900aabf954a0f405d5026a84
2022-04-01,DK1010001,Dhaka,PM2.5-24hr,UG/M3,60.6,24,U.S. Department of State Bangladesh - Dhaka,154,3,23.796374,90.424614,050DK1010001,https://files.airnowtech.org/airnow/2022/20220401/daily_data_v2.dat,04/01/22|DK1010001|Dhaka|PM2.5-24hr|UG/M3|60.6|24|U.S. Department of State Bangladesh - Dhaka|154|3|23.796374|90.424614|050DK1010001,2026-07-18T03:21:33+00:00,ba27a5114959ce9edcd2e80d3a1b2a4404f01d44b74aef7c148b4e53e9b1aba0
2022-04-02,DK1010001,Dhaka,PM2.5-24hr,UG/M3,80.4,24,U.S. Department of State Bangladesh - Dhaka,164,3,23.796374,90.424614,050DK1010001,https://files.airnowtech.org/airnow/2022/20220402/daily_data_v2.dat,04/02/22|DK1010001|Dhaka|PM2.5-24hr|UG/M3|80.4|24|U.S. Department of State Bangladesh - Dhaka|164|3|23.796374|90.424614|050DK1010001,2026-07-18T03:21:33+00:00,8cbe40da1646a99440909fe50650cfbb27f491009a70b1950aef922d3c79c110
2022-04-03,DK1010001,Dhaka,PM2.5-24hr,UG/M3,60.6,24,U.S. Department of State Bangladesh - Dhaka,154,3,23.796374,90.424614,050DK1010001,https://files.airnowtech.org/airnow/2022/20220403/daily_data_v2.dat,04/03/22|DK1010001|Dhaka|PM2.5-24hr|UG/M3|60.6|24|U.S. Department of State Bangladesh - Dhaka|154|3|23.796374|90.424614|050DK1010001,2026-07-18T03:21:33+00:00,02341071890a5e883c05d4821ac15c1abcb61d6f7476a5d6b928be05dd8546e9
2022-04-04,DK1010001,Dhaka,PM2.5-24hr,UG/M3,46.9,24,U.S. Department of State Bangladesh - Dhaka,129,2,23.796374,90.424614,050DK1010001,https://files.airnowtech.org/airnow/2022/20220404/daily_data_v2.dat,04/04/22|DK1010001|Dhaka|PM2.5-24hr|UG/M3|46.9|24|U.S. Department of State Bangladesh - Dhaka|129|2|23.796374|90.424614|050DK1010001,2026-07-18T03:21:33+00:00,6d2a7f427796c23a6880c266bff09cb9f4c14bdcbdbb1dcc42770f437cc7d878
2022-04-05,DK1010001,Dhaka,PM2.5-24hr,UG/M3,57.7,24,U.S. Department of State Bangladesh - Dhaka,152,3,23.796374,90.424614,050DK1010001,https://files.airnowtech.org/airnow/2022/20220405/daily_data_v2.dat,04/05/22|DK1010001|Dhaka|PM2.5-24hr|UG/M3|57.7|24|U.S. Department of State Bangladesh - Dhaka|152|3|23.796374|90.424614|050DK1010001,2026-07-18T03:21:33+00:00,81e07a9ff958ba845d744a6ee7289f0a9cc8c3ec59c91701197b6b53b06c1c89
2022-04-06,DK1010001,Dhaka,PM2.5-24hr,UG/M3,59.0,24,U.S. Department of State Bangladesh - Dhaka,153,3,23.796374,90.424614,050DK1010001,https://files.airnowtech.org/airnow/2022/20220406/daily_data_v2.dat,04/06/22|DK1010001|Dhaka|PM2.5-24hr|UG/M3|59|24|U.S. Department of State Bangladesh - Dhaka|153|3|23.796374|90.424614|050DK1010001,2026-07-18T03:21:33+00:00,94f89861040a794811129103cec70aa5692b4a543006289e57221e8ad63e096d
2022-04-07,DK1010001,Dhaka,PM2.5-24hr,UG/M3,70.6,24,U.S. Department of State Bangladesh - Dhaka,159,3,23.796374,90.424614,050DK1010001,https://files.airnowtech.org/airnow/2022/20220407/daily_data_v2.dat,04/07/22|DK1010001|Dhaka|PM2.5-24hr|UG/M3|70.6|24|U.S. Department of State Bangladesh - Dhaka|159|3|23.796374|90.424614|050DK1010001,2026-07-18T03:21:33+00:00,28d72d647ec2ab652be18a5f9bd90da7b1a6932deea007fc81904ca24af8213e
2022-04-08,DK1010001,Dhaka,PM2.5-24hr,UG/M3,56.2,24,U.S. Department of State Bangladesh - Dhaka,151,3,23.796374,90.424614,050DK1010001,https://files.airnowtech.org/airnow/2022/20220408/daily_data_v2.dat,04/08/22|DK1010001|Dhaka|PM2.5-24hr|UG/M3|56.2|24|U.S. Department of State Bangladesh - Dhaka|151|3|23.796374|90.424614|050DK1010001,2026-07-18T03:21:33+00:00,50cca27d0fa005654da06c49aed3ad486e7eaf4e1d5a5c1f61de4e4f8568d9b7
2022-04-09,DK1010001,Dhaka,PM2.5-24hr,UG/M3,45.3,24,U.S. Department of State Bangladesh - Dhaka,125,2,23.796374,90.424614,050DK1010001,https://files.airnowtech.org/airnow/2022/20220409/daily_data_v2.dat,04/09/22|DK1010001|Dhaka|PM2.5-24hr|UG/M3|45.3|24|U.S. Department of State Bangladesh - Dhaka|125|2|23.796374|90.424614|050DK1010001,2026-07-18T03:21:33+00:00,886e875d84513d5622b325545bcb0a0ee5b57e37f657a3e642dfe7c79cca7247
2022-04-10,DK1010001,Dhaka,PM2.5-24hr,UG/M3,55.0,24,U.S. Department of State Bangladesh - Dhaka,149,2,23.796374,90.424614,050DK1010001,https://files.airnowtech.org/airnow/2022/20220410/daily_data_v2.dat,04/10/22|DK1010001|Dhaka|PM2.5-24hr|UG/M3|55|24|U.S. Department of State Bangladesh - Dhaka|149|2|23.796374|90.424614|050DK1010001,2026-07-18T03:21:33+00:00,a1dbde5a6256e2fa12b7fcc561b5e90d3519624f192b80aa0a117380cbecc19b
2022-04-11,DK1010001,Dhaka,PM2.5-24hr,UG/M3,60.9,24,U.S. Department of State Bangladesh - Dhaka,154,3,23.796374,90.424614,050DK1010001,https://files.airnowtech.org/airnow/2022/20220411/daily_data_v2.dat,04/11/22|DK1010001|Dhaka|PM2.5-24hr|UG/M3|60.9|24|U.S. Department of State Bangladesh - Dhaka|154|3|23.796374|90.424614|050DK1010001,2026-07-18T03:21:33+00:00,0b6b4a700f3e414f1bbd6ee711c0df547e5355f5630d1be00e1e7e66cb947ba6
2022-04-12,DK1010001,Dhaka,PM2.5-24hr,UG/M3,58.8,24,U.S. Department of State Bangladesh - Dhaka,153,3,23.796374,90.424614,050DK1010001,https://files.airnowtech.org/airnow/2022/20220412/daily_data_v2.dat,04/12/22|DK1010001|Dhaka|PM2.5-24hr|UG/M3|58.8|24|U.S. Department of State Bangladesh - Dhaka|153|3|23.796374|90.424614|050DK1010001,2026-07-18T03:21:33+00:00,0b3adba2cb75fc2427e25b9ed3015dd34fd8fd266ecbb96c99cafec7e055f831
2022-04-13,DK1010001,Dhaka,PM2.5-24hr,UG/M3,55.9,24,U.S. Department of State Bangladesh - Dhaka,151,3,23.796374,90.424614,050DK1010001,https://files.airnowtech.org/airnow/2022/20220413/daily_data_v2.dat,04/13/22|DK1010001|Dhaka|PM2.5-24hr|UG/M3|55.9|24|U.S. Department of State Bangladesh - Dhaka|151|3|23.796374|90.424614|050DK1010001,2026-07-18T03:21:33+00:00,496e01cf3aa5ada9add92c1e2af7c893e5252c8b06cc897835f138cc7b1bce43
2022-04-14,DK1010001,Dhaka,PM2.5-24hr,UG/M3,52.3,24,U.S. Department of State Bangladesh - Dhaka,142,2,23.796374,90.424614,050DK1010001,https://files.airnowtech.org/airnow/2022/20220414/daily_data_v2.dat,04/14/22|DK1010001|Dhaka|PM2.5-24hr|UG/M3|52.3|24|U.S. Department of State Bangladesh - Dhaka|142|2|23.796374|90.424614|050DK1010001,2026-07-18T03:21:33+00:00,463884659055c93ac2ee8b7d41c5c1e9780106a96fe517cb28a7998a8a6c85c3
2022-04-15,DK1010001,Dhaka,PM2.5-24hr,UG/M3,47.9,24,U.S. Department of State Bangladesh - Dhaka,132,2,23.796374,90.424614,050DK1010001,https://files.airnowtech.org/airnow/2022/20220415/daily_data_v2.dat,04/15/22|DK1010001|Dhaka|PM2.5-24hr|UG/M3|47.9|24|U.S. Department of State Bangladesh - Dhaka|132|2|23.796374|90.424614|050DK1010001,2026-07-18T03:21:33+00:00,821ceea924d74a726d6684af322311f3aaa69c7904690d72921ab57c19e12161
2022-04-16,DK1010001,Dhaka,PM2.5-24hr,UG/M3,55.2,24,U.S. Department of State Bangladesh - Dhaka,150,2,23.796374,90.424614,050DK1010001,https://files.airnowtech.org/airnow/2022/20220416/daily_data_v2.dat,04/16/22|DK1010001|Dhaka|PM2.5-24hr|UG/M3|55.2|24|U.S. Department of State Bangladesh - Dhaka|150|2|23.796374|90.424614|050DK1010001,2026-07-18T03:21:33+00:00,dbf36f6e4731e4cd94b0f865337875c4696b4b491671e2812c1673ccc192e3be
2022-04-17,DK1010001,Dhaka,PM2.5-24hr,UG/M3,56.9,24,U.S. Department of State Bangladesh - Dhaka,152,3,23.796374,90.424614,050DK1010001,https://files.airnowtech.org/airnow/2022/20220417/daily_data_v2.dat,04/17/22|DK1010001|Dhaka|PM2.5-24hr|UG/M3|56.9|24|U.S. Department of State Bangladesh - Dhaka|152|3|23.796374|90.424614|050DK1010001,2026-07-18T03:21:33+00:00,da4604cd46ae6a7f8be88061430a4044199cf7d857ca40940c6f0764337109ce
2022-04-18,DK1010001,Dhaka,PM2.5-24hr,UG/M3,56.0,24,U.S. Department of State Bangladesh - Dhaka,151,3,23.796374,90.424614,050DK1010001,https://files.airnowtech.org/airnow/2022/20220418/daily_data_v2.dat,04/18/22|DK1010001|Dhaka|PM2.5-24hr|UG/M3|56|24|U.S. Department of State Bangladesh - Dhaka|151|3|23.796374|90.424614|050DK1010001,2026-07-18T03:21:33+00:00,04a3f63f5696b1ff755d80c23ffda30a82c4073a9f3b5bd337fd609d83006746
2022-04-19,DK1010001,Dhaka,PM2.5-24hr,UG/M3,57.3,24,U.S. Department of State Bangladesh - Dhaka,152,3,23.796374,90.424614,050DK1010001,https://files.airnowtech.org/airnow/2022/20220419/daily_data_v2.dat,04/19/22|DK1010001|Dhaka|PM2.5-24hr|UG/M3|57.3|24|U.S. Department of State Bangladesh - Dhaka|152|3|23.796374|90.424614|050DK1010001,2026-07-18T03:21:33+00:00,15f0bd91d42df95c11d40b4f4dd44098667416743a652ab50b4ca7278ea5aa38
2022-04-20,DK1010001,Dhaka,PM2.5-24hr,UG/M3,48.6,24,U.S. Department of State Bangladesh - Dhaka,134,2,23.796374,90.424614,050DK1010001,https://files.airnowtech.org/airnow/2022/20220420/daily_data_v2.dat,04/20/22|DK1010001|Dhaka|PM2.5-24hr|UG/M3|48.6|24|U.S. Department of State Bangladesh - Dhaka|134|2|23.796374|90.424614|050DK1010001,2026-07-18T03:21:33+00:00,8d971e74cad450297d96bfdae1eb49401051bffe1be0eea8b8315b7ce25429fe
2022-04-22,DK1010001,Dhaka,PM2.5-24hr,UG/M3,65.1,24,U.S. Department of State Bangladesh - Dhaka,156,3,23.796374,90.424614,050DK1010001,https://files.airnowtech.org/airnow/2022/20220422/daily_data_v2.dat,04/22/22|DK1010001|Dhaka|PM2.5-24hr|UG/M3|65.1|24|U.S. Department of State Bangladesh - Dhaka|156|3|23.796374|90.424614|050DK1010001,2026-07-18T03:21:33+00:00,d15c19975417fe2c82e482cbc9f695f7641eb0a99a6e3ffa33764e8aff2caeb2
2022-04-23,DK1010001,Dhaka,PM2.5-24hr,UG/M3,85.5,24,U.S. Department of State Bangladesh - Dhaka,167,3,23.796374,90.424614,050DK1010001,https://files.airnowtech.org/airnow/2022/20220423/daily_data_v2.dat,04/23/22|DK1010001|Dhaka|PM2.5-24hr|UG/M3|85.5|24|U.S. Department of State Bangladesh - Dhaka|167|3|23.796374|90.424614|050DK1010001,2026-07-18T03:21:33+00:00,313447b214a3d503e86be3652c73e054dbc26d3a92036a60613a09a5134b4ecb
2022-04-24,DK1010001,Dhaka,PM2.5-24hr,UG/M3,61.4,24,U.S. Department of State Bangladesh - Dhaka,154,3,23.796374,90.424614,050DK1010001,https://files.airnowtech.org/airnow/2022/20220424/daily_data_v2.dat,04/24/22|DK1010001|Dhaka|PM2.5-24hr|UG/M3|61.4|24|U.S. Department of State Bangladesh - Dhaka|154|3|23.796374|90.424614|050DK1010001,2026-07-18T03:21:33+00:00,e6339603eb533a407fe94fb0150b7e08cc2e88dd00e34905b64be1a86d23ab59
2022-04-25,DK1010001,Dhaka,PM2.5-24hr,UG/M3,70.1,24,U.S. Department of State Bangladesh - Dhaka,159,3,23.796374,90.424614,050DK1010001,https://files.airnowtech.org/airnow/2022/20220425/daily_data_v2.dat,04/25/22|DK1010001|Dhaka|PM2.5-24hr|UG/M3|70.1|24|U.S. Department of State Bangladesh - Dhaka|159|3|23.796374|90.424614|050DK1010001,2026-07-18T03:21:33+00:00,818cfad8c9c57c7368aaa08f6fa815cffc6b4ed14bb9c528f43c8ab749d59cc0
2022-04-26,DK1010001,Dhaka,PM2.5-24hr,UG/M3,70.0,24,U.S. Department of State Bangladesh - Dhaka,158,3,23.796374,90.424614,050DK1010001,https://files.airnowtech.org/airnow/2022/20220426/daily_data_v2.dat,04/26/22|DK1010001|Dhaka|PM2.5-24hr|UG/M3|70|24|U.S. Department of State Bangladesh - Dhaka|158|3|23.796374|90.424614|050DK1010001,2026-07-18T03:21:33+00:00,b414971adebacd6b41a10fa9ce7da8da7a83764cc40d1971f0eeb3a2f67b3686
2022-04-27,DK1010001,Dhaka,PM2.5-24hr,UG/M3,80.7,24,U.S. Department of State Bangladesh - Dhaka,164,3,23.796374,90.424614,050DK1010001,https://files.airnowtech.org/airnow/2022/20220427/daily_data_v2.dat,04/27/22|DK1010001|Dhaka|PM2.5-24hr|UG/M3|80.7|24|U.S. Department of State Bangladesh - Dhaka|164|3|23.796374|90.424614|050DK1010001,2026-07-18T03:21:33+00:00,5abeefb2985553d1f0bdb96b3fba314440c4e7d32f2f9da12c9ba2707ef9a2dc
2022-04-28,DK1010001,Dhaka,PM2.5-24hr,UG/M3,84.3,24,U.S. Department of State Bangladesh - Dhaka,166,3,23.796374,90.424614,050DK1010001,https://files.airnowtech.org/airnow/2022/20220428/daily_data_v2.dat,04/28/22|DK1010001|Dhaka|PM2.5-24hr|UG/M3|84.3|24|U.S. Department of State Bangladesh - Dhaka|166|3|23.796374|90.424614|050DK1010001,2026-07-18T03:21:33+00:00,a48ea329f7e948f96b434e026fbf7b31052b6c2c6248b22e8afb2709fa12d036
2022-04-29,DK1010001,Dhaka,PM2.5-24hr,UG/M3,73.4,24,U.S. Department of State Bangladesh - Dhaka,160,3,23.796374,90.424614,050DK1010001,https://files.airnowtech.org/airnow/2022/20220429/daily_data_v2.dat,04/29/22|DK1010001|Dhaka|PM2.5-24hr|UG/M3|73.4|24|U.S. Department of State Bangladesh - Dhaka|160|3|23.796374|90.424614|050DK1010001,2026-07-18T03:21:33+00:00,232be5aaa6bc8a6904823e6e9f0b75fe405997aede355b0edccd87d2a81d9b84
2022-04-30,DK1010001,Dhaka,PM2.5-24hr,UG/M3,59.2,24,U.S. Department of State Bangladesh - Dhaka,153,3,23.796374,90.424614,050DK1010001,https://files.airnowtech.org/airnow/2022/20220430/daily_data_v2.dat,04/30/22|DK1010001|Dhaka|PM2.5-24hr|UG/M3|59.2|24|U.S. Department of State Bangladesh - Dhaka|153|3|23.796374|90.424614|050DK1010001,2026-07-18T03:21:33+00:00,23575ce2992d3a8f9df04b6d18ea724884147a602f2a08e2756c012439928170
2022-05-01,DK1010001,Dhaka,PM2.5-24hr,UG/M3,69.7,24,U.S. Department of State Bangladesh - Dhaka,158,3,23.796374,90.424614,050DK1010001,https://files.airnowtech.org/airnow/2022/20220501/daily_data_v2.dat,05/01/22|DK1010001|Dhaka|PM2.5-24hr|UG/M3|69.7|24|U.S. Department of State Bangladesh - Dhaka|158|3|23.796374|90.424614|050DK1010001,2026-07-18T03:21:33+00:00,4c567de70348d12f6a3517bca3c65f8fa8671a2d04820dbb36053ff0ae54d3ea
2022-05-02,DK1010001,Dhaka,PM2.5-24hr,UG/M3,57.6,24,U.S. Department of State Bangladesh - Dhaka,152,3,23.796374,90.424614,050DK1010001,https://files.airnowtech.org/airnow/2022/20220502/daily_data_v2.dat,05/02/22|DK1010001|Dhaka|PM2.5-24hr|UG/M3|57.6|24|U.S. Department of State Bangladesh - Dhaka|152|3|23.796374|90.424614|050DK1010001,2026-07-18T03:21:33+00:00,2f85c80d8630a1c77515bc2606212f98d8d3e2704167aa9cfacc4933660491cc
2022-05-03,DK1010001,Dhaka,PM2.5-24hr,UG/M3,55.7,24,U.S. Department of State Bangladesh - Dhaka,151,3,23.796374,90.424614,050DK1010001,https://files.airnowtech.org/airnow/2022/20220503/daily_data_v2.dat,05/03/22|DK1010001|Dhaka|PM2.5-24hr|UG/M3|55.7|24|U.S. Department of State Bangladesh - Dhaka|151|3|23.796374|90.424614|050DK1010001,2026-07-18T03:21:33+00:00,2b5ca8ce06c152ef0cce3f6fe599a7589d3a82b2189fe6c1a589717eef891401
2022-05-04,DK1010001,Dhaka,PM2.5-24hr,UG/M3,42.9,24,U.S. Department of State Bangladesh - Dhaka,119,2,23.796374,90.424614,050DK1010001,https://files.airnowtech.org/airnow/2022/20220504/daily_data_v2.dat,05/04/22|DK1010001|Dhaka|PM2.5-24hr|UG/M3|42.9|24|U.S. Department of State Bangladesh - Dhaka|119|2|23.796374|90.424614|050DK1010001,2026-07-18T03:21:33+00:00,2a01310edd84949c24d76018116390fd8c26999b30679d7970577d2a8d39acbe
2022-05-05,DK1010001,Dhaka,PM2.5-24hr,UG/M3,44.4,24,U.S. Department of State Bangladesh - Dhaka,123,2,23.796374,90.424614,050DK1010001,https://files.airnowtech.org/airnow/2022/20220505/daily_data_v2.dat,05/05/22|DK1010001|Dhaka|PM2.5-24hr|UG/M3|44.4|24|U.S. Department of State Bangladesh - Dhaka|123|2|23.796374|90.424614|050DK1010001,2026-07-18T03:21:33+00:00,f508cc138c93f582321c4be03eaa58c84203efd14792035f7e02cb19a8de35b6
2022-05-06,DK1010001,Dhaka,PM2.5-24hr,UG/M3,55.7,24,U.S. Department of State Bangladesh - Dhaka,151,3,23.796374,90.424614,050DK1010001,https://files.airnowtech.org/airnow/2022/20220506/daily_data_v2.dat,05/06/22|DK1010001|Dhaka|PM2.5-24hr|UG/M3|55.7|24|U.S. Department of State Bangladesh - Dhaka|151|3|23.796374|90.424614|050DK1010001,2026-07-18T03:21:33+00:00,b2a74baa6c78c7e64bfbaf392ac378bd7928569f32a56e00f44f7865f73b7ce6
2022-05-07,DK1010001,Dhaka,PM2.5-24hr,UG/M3,86.7,24,U.S. Department of State Bangladesh - Dhaka,167,3,23.796374,90.424614,050DK1010001,https://files.airnowtech.org/airnow/2022/20220507/daily_data_v2.dat,05/07/22|DK1010001|Dhaka|PM2.5-24hr|UG/M3|86.7|24|U.S. Department of State Bangladesh - Dhaka|167|3|23.796374|90.424614|050DK1010001,2026-07-18T03:21:33+00:00,636543cbb43ce22e6867265d4f3d3b5e433b6dcb7df1e14313a6462dd6a3f25a
2022-05-08,DK1010001,Dhaka,PM2.5-24hr,UG/M3,95.3,24,U.S. Department of State Bangladesh - Dhaka,172,3,23.796374,90.424614,050DK1010001,https://files.airnowtech.org/airnow/2022/20220508/daily_data_v2.dat,05/08/22|DK1010001|Dhaka|PM2.5-24hr|UG/M3|95.3|24|U.S. Department of State Bangladesh - Dhaka|172|3|23.796374|90.424614|050DK1010001,2026-07-18T03:21:33+00:00,085af41e826e08d54232891111ece6e2750f6eb174c0f7ec0b57f9a4ba82ca19
2022-05-09,DK1010001,Dhaka,PM2.5-24hr,UG/M3,60.7,24,U.S. Department of State Bangladesh - Dhaka,154,3,23.796374,90.424614,050DK1010001,https://files.airnowtech.org/airnow/2022/20220509/daily_data_v2.dat,05/09/22|DK1010001|Dhaka|PM2.5-24hr|UG/M3|60.7|24|U.S. Department of State Bangladesh - Dhaka|154|3|23.796374|90.424614|050DK1010001,2026-07-18T03:21:33+00:00,04515ddc5cc6b90827f938dee7326f73e6d2a2411444a03f854e75cee6d2f836
2022-05-10,DK1010001,Dhaka,PM2.5-24hr,UG/M3,56.6,24,U.S. Department of State Bangladesh - Dhaka,152,3,23.796374,90.424614,050DK1010001,https://files.airnowtech.org/airnow/2022/20220510/daily_data_v2.dat,05/10/22|DK1010001|Dhaka|PM2.5-24hr|UG/M3|56.6|24|U.S. Department of State Bangladesh - Dhaka|152|3|23.796374|90.424614|050DK1010001,2026-07-18T03:21:33+00:00,7864feb024fefb2435c704886f7bb7e6583f6674784bca4fa0e66e61e499462b
2022-05-11,DK1010001,Dhaka,PM2.5-24hr,UG/M3,56.7,24,U.S. Department of State Bangladesh - Dhaka,152,3,23.796374,90.424614,050DK1010001,https://files.airnowtech.org/airnow/2022/20220511/daily_data_v2.dat,05/11/22|DK1010001|Dhaka|PM2.5-24hr|UG/M3|56.7|24|U.S. Department of State Bangladesh - Dhaka|152|3|23.796374|90.424614|050DK1010001,2026-07-18T03:21:33+00:00,e274f7a6cec48fa4db5bb58c0e8c4c48f0c8e0e35c80e2950df450e821eb812e
2022-05-12,DK1010001,Dhaka,PM2.5-24hr,UG/M3,61.6,24,U.S. Department of State Bangladesh - Dhaka,154,3,23.796374,90.424614,050DK1010001,https://files.airnowtech.org/airnow/2022/20220512/daily_data_v2.dat,05/12/22|DK1010001|Dhaka|PM2.5-24hr|UG/M3|61.6|24|U.S. Department of State Bangladesh - Dhaka|154|3|23.796374|90.424614|050DK1010001,2026-07-18T03:21:33+00:00,0728c3cc16a15f4792d60d161d463af9e0fec4923a4aa1d1b83dd633751ef468
2022-05-17,DK1010001,Dhaka,PM2.5-24hr,UG/M3,41.2,24,U.S. Department of State Bangladesh - Dhaka,115,2,23.796374,90.424614,050DK1010001,https://files.airnowtech.org/airnow/2022/20220517/daily_data_v2.dat,05/17/22|DK1010001|Dhaka|PM2.5-24hr|UG/M3|41.2|24|U.S. Department of State Bangladesh - Dhaka|115|2|23.796374|90.424614|050DK1010001,2026-07-18T03:21:33+00:00,d3eb21044e86e1f10948f1339ba2eff4fe5687ce47fad917359f013082c2a988
2022-05-18,DK1010001,Dhaka,PM2.5-24hr,UG/M3,37.3,24,U.S. Department of State Bangladesh - Dhaka,105,2,23.796374,90.424614,050DK1010001,https://files.airnowtech.org/airnow/2022/20220518/daily_data_v2.dat,05/18/22|DK1010001|Dhaka|PM2.5-24hr|UG/M3|37.3|24|U.S. Department of State Bangladesh - Dhaka|105|2|23.796374|90.424614|050DK1010001,2026-07-18T03:21:33+00:00,ef2c19ab0c1c8d24047c95726e51d18845441f68fa143db8cd158872b2951eba
2022-05-19,DK1010001,Dhaka,PM2.5-24hr,UG/M3,44.4,24,U.S. Department of State Bangladesh - Dhaka,123,2,23.796374,90.424614,050DK1010001,https://files.airnowtech.org/airnow/2022/20220519/daily_data_v2.dat,05/19/22|DK1010001|Dhaka|PM2.5-24hr|UG/M3|44.4|24|U.S. Department of State Bangladesh - Dhaka|123|2|23.796374|90.424614|050DK1010001,2026-07-18T03:21:33+00:00,49133cbe5f572fb06d5b10e4ec6bc390b7efc89715dee655f37d567b2dbffaf6
2022-05-20,DK1010001,Dhaka,PM2.5-24hr,UG/M3,58.2,24,U.S. Department of State Bangladesh - Dhaka,152,3,23.796374,90.424614,050DK1010001,https://files.airnowtech.org/airnow/2022/20220520/daily_data_v2.dat,05/20/22|DK1010001|Dhaka|PM2.5-24hr|UG/M3|58.2|24|U.S. Department of State Bangladesh - Dhaka|152|3|23.796374|90.424614|050DK1010001,2026-07-18T03:21:33+00:00,4c5b0105aa23f5015729829fec07ff8470d59a96af7ca8b1802fb19e97715208
2022-05-21,DK1010001,Dhaka,PM2.5-24hr,UG/M3,58.7,24,U.S. Department of State Bangladesh - Dhaka,153,3,23.796374,90.424614,050DK1010001,https://files.airnowtech.org/airnow/2022/20220521/daily_data_v2.dat,05/21/22|DK1010001|Dhaka|PM2.5-24hr|UG/M3|58.7|24|U.S. Department of State Bangladesh - Dhaka|153|3|23.796374|90.424614|050DK1010001,2026-07-18T03:21:33+00:00,451393758c393aee110c946de3f98f7034e05d139a18662d1dcdefb0ae92778b
2022-05-22,DK1010001,Dhaka,PM2.5-24hr,UG/M3,68.4,24,U.S. Department of State Bangladesh - Dhaka,158,3,23.796374,90.424614,050DK1010001,https://files.airnowtech.org/airnow/2022/20220522/daily_data_v2.dat,05/22/22|DK1010001|Dhaka|PM2.5-24hr|UG/M3|68.4|24|U.S. Department of State Bangladesh - Dhaka|158|3|23.796374|90.424614|050DK1010001,2026-07-18T03:21:33+00:00,704e07b5710381e4455d102daa2dc38d57baf9729b16fd2971b532d54042e688
2022-05-23,DK1010001,Dhaka,PM2.5-24hr,UG/M3,62.8,24,U.S. Department of State Bangladesh - Dhaka,155,3,23.796374,90.424614,050DK1010001,https://files.airnowtech.org/airnow/2022/20220523/daily_data_v2.dat,05/23/22|DK1010001|Dhaka|PM2.5-24hr|UG/M3|62.8|24|U.S. Department of State Bangladesh - Dhaka|155|3|23.796374|90.424614|050DK1010001,2026-07-18T03:21:33+00:00,a6c912ff11d7c22ec746234376105780936ea4a667a46438acd56eaa21ddaa2e
2022-05-24,DK1010001,Dhaka,PM2.5-24hr,UG/M3,89.7,24,U.S. Department of State Bangladesh - Dhaka,169,3,23.796374,90.424614,050DK1010001,https://files.airnowtech.org/airnow/2022/20220524/daily_data_v2.dat,05/24/22|DK1010001|Dhaka|PM2.5-24hr|UG/M3|89.7|24|U.S. Department of State Bangladesh - Dhaka|169|3|23.796374|90.424614|050DK1010001,2026-07-18T03:21:33+00:00,f1c6e43c6a676509a1a40331ed000bc91abbfe0a39a3d2055f482c5088173ab8
2022-05-25,DK1010001,Dhaka,PM2.5-24hr,UG/M3,75.3,24,U.S. Department of State Bangladesh - Dhaka,161,3,23.796374,90.424614,050DK1010001,https://files.airnowtech.org/airnow/2022/20220525/daily_data_v2.dat,05/25/22|DK1010001|Dhaka|PM2.5-24hr|UG/M3|75.3|24|U.S. Department of State Bangladesh - Dhaka|161|3|23.796374|90.424614|050DK1010001,2026-07-18T03:21:33+00:00,9fd39473ae9d12e2941548bb7b415859de40e47362257337114660dc6687da29
2022-05-26,DK1010001,Dhaka,PM2.5-24hr,UG/M3,86.3,24,U.S. Department of State Bangladesh - Dhaka,167,3,23.796374,90.424614,050DK1010001,https://files.airnowtech.org/airnow/2022/20220526/daily_data_v2.dat,05/26/22|DK1010001|Dhaka|PM2.5-24hr|UG/M3|86.3|24|U.S. Department of State Bangladesh - Dhaka|167|3|23.796374|90.424614|050DK1010001,2026-07-18T03:21:33+00:00,9612d22d4d086d99e2881c8652cdacd8029d07817611bd03707a4857e6999ca4
2022-05-27,DK1010001,Dhaka,PM2.5-24hr,UG/M3,81.5,24,U.S. Department of State Bangladesh - Dhaka,164,3,23.796374,90.424614,050DK1010001,https://files.airnowtech.org/airnow/2022/20220527/daily_data_v2.dat,05/27/22|DK1010001|Dhaka|PM2.5-24hr|UG/M3|81.5|24|U.S. Department of State Bangladesh - Dhaka|164|3|23.796374|90.424614|050DK1010001,2026-07-18T03:21:33+00:00,b3b176cffda7a932fc6f63cff3165eeed14bac8be71e21ffc93bf19c9746b793
2022-05-28,DK1010001,Dhaka,PM2.5-24hr,UG/M3,87.9,24,U.S. Department of State Bangladesh - Dhaka,168,3,23.796374,90.424614,050DK1010001,https://files.airnowtech.org/airnow/2022/20220528/daily_data_v2.dat,05/28/22|DK1010001|Dhaka|PM2.5-24hr|UG/M3|87.9|24|U.S. Department of State Bangladesh - Dhaka|168|3|23.796374|90.424614|050DK1010001,2026-07-18T03:21:33+00:00,3a4699aa9f0e72a4e8908e046d911f1a38e7d89e64fc4493de48564a331f582e
2022-05-29,DK1010001,Dhaka,PM2.5-24hr,UG/M3,100.6,24,U.S. Department of State Bangladesh - Dhaka,174,3,23.796374,90.424614,050DK1010001,https://files.airnowtech.org/airnow/2022/20220529/daily_data_v2.dat,05/29/22|DK1010001|Dhaka|PM2.5-24hr|UG/M3|100.6|24|U.S. Department of State Bangladesh - Dhaka|174|3|23.796374|90.424614|050DK1010001,2026-07-18T03:21:33+00:00,e6450c2cd758ab7516151c29fbe8924eae224099d0bdec381ae09f55f0e0caf0
2022-05-30,DK1010001,Dhaka,PM2.5-24hr,UG/M3,89.5,24,U.S. Department of State Bangladesh - Dhaka,169,3,23.796374,90.424614,050DK1010001,https://files.airnowtech.org/airnow/2022/20220530/daily_data_v2.dat,05/30/22|DK1010001|Dhaka|PM2.5-24hr|UG/M3|89.5|24|U.S. Department of State Bangladesh - Dhaka|169|3|23.796374|90.424614|050DK1010001,2026-07-18T03:21:33+00:00,63732c1157f0217d6578e717bab5a1272bfd7a1de05d1af523a74070cb5b647a
2022-05-31,DK1010001,Dhaka,PM2.5-24hr,UG/M3,78.7,24,U.S. Department of State Bangladesh - Dhaka,163,3,23.796374,90.424614,050DK1010001,https://files.airnowtech.org/airnow/2022/20220531/daily_data_v2.dat,05/31/22|DK1010001|Dhaka|PM2.5-24hr|UG/M3|78.7|24|U.S. Department of State Bangladesh - Dhaka|163|3|23.796374|90.424614|050DK1010001,2026-07-18T03:21:33+00:00,3b9e3b392d49bd90d3aa20c6aee334c6b443f6a664aff436931106bb71929b57
2022-06-01,DK1010001,Dhaka,PM2.5-24hr,UG/M3,75.4,24,U.S. Department of State Bangladesh - Dhaka,161,3,23.796374,90.424614,050DK1010001,https://files.airnowtech.org/airnow/2022/20220601/daily_data_v2.dat,06/01/22|DK1010001|Dhaka|PM2.5-24hr|UG/M3|75.4|24|U.S. Department of State Bangladesh - Dhaka|161|3|23.796374|90.424614|050DK1010001,2026-07-18T03:21:33+00:00,edd33300fbcfb6fc8cba4abb2cb8e219edb18c46e3d9b552128226e3a350817b
2022-06-02,DK1010001,Dhaka,PM2.5-24hr,UG/M3,71.1,24,U.S. Department of State Bangladesh - Dhaka,159,3,23.796374,90.424614,050DK1010001,https://files.airnowtech.org/airnow/2022/20220602/daily_data_v2.dat,06/02/22|DK1010001|Dhaka|PM2.5-24hr|UG/M3|71.1|24|U.S. Department of State Bangladesh - Dhaka|159|3|23.796374|90.424614|050DK1010001,2026-07-18T03:21:33+00:00,bac2e7157a10d803db7859d78799b0e9e525c912b9178fe5389c193b66961a88
2022-06-03,DK1010001,Dhaka,PM2.5-24hr,UG/M3,61.5,24,U.S. Department of State Bangladesh - Dhaka,154,3,23.796374,90.424614,050DK1010001,https://files.airnowtech.org/airnow/2022/20220603/daily_data_v2.dat,06/03/22|DK1010001|Dhaka|PM2.5-24hr|UG/M3|61.5|24|U.S. Department of State Bangladesh - Dhaka|154|3|23.796374|90.424614|050DK1010001,2026-07-18T03:21:33+00:00,1cdf72fca9091dff746c608ca6666e2a88967862dabae390082660e22f4db156
2022-06-04,DK1010001,Dhaka,PM2.5-24hr,UG/M3,57.1,24,U.S. Department of State Bangladesh - Dhaka,152,3,23.796374,90.424614,050DK1010001,https://files.airnowtech.org/airnow/2022/20220604/daily_data_v2.dat,06/04/22|DK1010001|Dhaka|PM2.5-24hr|UG/M3|57.1|24|U.S. Department of State Bangladesh - Dhaka|152|3|23.796374|90.424614|050DK1010001,2026-07-18T03:21:33+00:00,bb44f9fef5a8bf3074e74d295b3cc5e9c1d1bbe6530f2f144cea8e2bba7c43be
2022-06-05,DK1010001,Dhaka,PM2.5-24hr,UG/M3,58.0,24,U.S. Department of State Bangladesh - Dhaka,152,3,23.796374,90.424614,050DK1010001,https://files.airnowtech.org/airnow/2022/20220605/daily_data_v2.dat,06/05/22|DK1010001|Dhaka|PM2.5-24hr|UG/M3|58|24|U.S. Department of State Bangladesh - Dhaka|152|3|23.796374|90.424614|050DK1010001,2026-07-18T03:21:33+00:00,a54a3ec39d2e7162756127d6139d43b9faa697b08a0e01c829a8ecc0cddd1717
2022-06-06,DK1010001,Dhaka,PM2.5-24hr,UG/M3,58.9,24,U.S. Department of State Bangladesh - Dhaka,153,3,23.796374,90.424614,050DK1010001,https://files.airnowtech.org/airnow/2022/20220606/daily_data_v2.dat,06/06/22|DK1010001|Dhaka|PM2.5-24hr|UG/M3|58.9|24|U.S. Department of State Bangladesh - Dhaka|153|3|23.796374|90.424614|050DK1010001,2026-07-18T03:21:33+00:00,bd3e597509e27b8843f22e970b5c81f2279e46f2fbd0800a3aac47b1eeaade58
2022-06-07,DK1010001,Dhaka,PM2.5-24hr,UG/M3,73.0,24,U.S. Department of State Bangladesh - Dhaka,160,3,23.796374,90.424614,050DK1010001,https://files.airnowtech.org/airnow/2022/20220607/daily_data_v2.dat,06/07/22|DK1010001|Dhaka|PM2.5-24hr|UG/M3|73|24|U.S. Department of State Bangladesh - Dhaka|160|3|23.796374|90.424614|050DK1010001,2026-07-18T03:21:33+00:00,105835a7ec84c54a06cead46a8d10a79a45a8c8bccdd83aafc2ddab7f93e83dd
2022-06-08,DK1010001,Dhaka,PM2.5-24hr,UG/M3,77.7,24,U.S. Department of State Bangladesh - Dhaka,163,3,23.796374,90.424614,050DK1010001,https://files.airnowtech.org/airnow/2022/20220608/daily_data_v2.dat,06/08/22|DK1010001|Dhaka|PM2.5-24hr|UG/M3|77.7|24|U.S. Department of State Bangladesh - Dhaka|163|3|23.796374|90.424614|050DK1010001,2026-07-18T03:21:34+00:00,bc1f3f48c3f5ff6cbd787364122c3a6ddaa0f7043afe9d88e1b3d1efbf9f2255
2022-06-09,DK1010001,Dhaka,PM2.5-24hr,UG/M3,62.5,24,U.S. Department of State Bangladesh - Dhaka,155,3,23.796374,90.424614,050DK1010001,https://files.airnowtech.org/airnow/2022/20220609/daily_data_v2.dat,06/09/22|DK1010001|Dhaka|PM2.5-24hr|UG/M3|62.5|24|U.S. Department of State Bangladesh - Dhaka|155|3|23.796374|90.424614|050DK1010001,2026-07-18T03:21:34+00:00,986761011e391426b439b6de35385fc5a6bde6c4e0f8827d73eb34a73b1110e1
2022-06-10,DK1010001,Dhaka,PM2.5-24hr,UG/M3,74.5,24,U.S. Department of State Bangladesh - Dhaka,161,3,23.796374,90.424614,050DK1010001,https://files.airnowtech.org/airnow/2022/20220610/daily_data_v2.dat,06/10/22|DK1010001|Dhaka|PM2.5-24hr|UG/M3|74.5|24|U.S. Department of State Bangladesh - Dhaka|161|3|23.796374|90.424614|050DK1010001,2026-07-18T03:21:34+00:00,633731a8dbb8ebbc431816b9cfaead01037cd0238ce82bd8c351e7f6d71b8802
2022-06-11,DK1010001,Dhaka,PM2.5-24hr,UG/M3,77.1,24,U.S. Department of State Bangladesh - Dhaka,162,3,23.796374,90.424614,050DK1010001,https://files.airnowtech.org/airnow/2022/20220611/daily_data_v2.dat,06/11/22|DK1010001|Dhaka|PM2.5-24hr|UG/M3|77.1|24|U.S. Department of State Bangladesh - Dhaka|162|3|23.796374|90.424614|050DK1010001,2026-07-18T03:21:34+00:00,53847321a61aad23bf31828eff0c6c400f148a2f37f0b6f9ed09234d993fbcab
2022-06-12,DK1010001,Dhaka,PM2.5-24hr,UG/M3,60.5,24,U.S. Department of State Bangladesh - Dhaka,154,3,23.796374,90.424614,050DK1010001,https://files.airnowtech.org/airnow/2022/20220612/daily_data_v2.dat,06/12/22|DK1010001|Dhaka|PM2.5-24hr|UG/M3|60.5|24|U.S. Department of State Bangladesh - Dhaka|154|3|23.796374|90.424614|050DK1010001,2026-07-18T03:21:34+00:00,df4c169cf8a234ddf7c5b6d4b679b495bf95aba8b5a8ce893bb10e9cf870bb38
2022-06-13,DK1010001,Dhaka,PM2.5-24hr,UG/M3,52.6,24,U.S. Department of State Bangladesh - Dhaka,143,2,23.796374,90.424614,050DK1010001,https://files.airnowtech.org/airnow/2022/20220613/daily_data_v2.dat,06/13/22|DK1010001|Dhaka|PM2.5-24hr|UG/M3|52.6|24|U.S. Department of State Bangladesh - Dhaka|143|2|23.796374|90.424614|050DK1010001,2026-07-18T03:21:34+00:00,d55b06f6930cacd21bdc7040f2026c02da5a40b51c040ab3eaadb44d0d9f953b
2022-06-14,DK1010001,Dhaka,PM2.5-24hr,UG/M3,62.5,24,U.S. Department of State Bangladesh - Dhaka,155,3,23.796374,90.424614,050DK1010001,https://files.airnowtech.org/airnow/2022/20220614/daily_data_v2.dat,06/14/22|DK1010001|Dhaka|PM2.5-24hr|UG/M3|62.5|24|U.S. Department of State Bangladesh - Dhaka|155|3|23.796374|90.424614|050DK1010001,2026-07-18T03:21:34+00:00,665571755d3ff19d16817b47fe7fdf48d3c7fb725fffd81f859615d1f29241b2
2022-06-15,DK1010001,Dhaka,PM2.5-24hr,UG/M3,49.4,24,U.S. Department of State Bangladesh - Dhaka,135,2,23.796374,90.424614,050DK1010001,https://files.airnowtech.org/airnow/2022/20220615/daily_data_v2.dat,06/15/22|DK1010001|Dhaka|PM2.5-24hr|UG/M3|49.4|24|U.S. Department of State Bangladesh - Dhaka|135|2|23.796374|90.424614|050DK1010001,2026-07-18T03:21:34+00:00,b72117362f67109a82df8c2bb56086f9d009560b484ea5989b3df284a5de09a5
2022-06-16,DK1010001,Dhaka,PM2.5-24hr,UG/M3,61.0,24,U.S. Department of State Bangladesh - Dhaka,154,3,23.796374,90.424614,050DK1010001,https://files.airnowtech.org/airnow/2022/20220616/daily_data_v2.dat,06/16/22|DK1010001|Dhaka|PM2.5-24hr|UG/M3|61|24|U.S. Department of State Bangladesh - Dhaka|154|3|23.796374|90.424614|050DK1010001,2026-07-18T03:21:34+00:00,948eb0c56974eaf86cf48657a1c86ff642dc92aac19f0443828cdfcd5e3184df
2022-06-18,DK1010001,Dhaka,PM2.5-24hr,UG/M3,44.4,24,U.S. Department of State Bangladesh - Dhaka,123,2,23.796374,90.424614,050DK1010001,https://files.airnowtech.org/airnow/2022/20220618/daily_data_v2.dat,06/18/22|DK1010001|Dhaka|PM2.5-24hr|UG/M3|44.4|24|U.S. Department of State Bangladesh - Dhaka|123|2|23.796374|90.424614|050DK1010001,2026-07-18T03:21:34+00:00,091ab82d220fce54eeca46ddda6a32335fb21ee6eca5105224eef4624b29bbfd
2022-06-19,DK1010001,Dhaka,PM2.5-24hr,UG/M3,50.7,24,U.S. Department of State Bangladesh - Dhaka,139,2,23.796374,90.424614,050DK1010001,https://files.airnowtech.org/airnow/2022/20220619/daily_data_v2.dat,06/19/22|DK1010001|Dhaka|PM2.5-24hr|UG/M3|50.7|24|U.S. Department of State Bangladesh - Dhaka|139|2|23.796374|90.424614|050DK1010001,2026-07-18T03:21:34+00:00,b843541a690780e24ee37f693479f586cc182bf376972080322a8769f32d70e0
2022-06-20,DK1010001,Dhaka,PM2.5-24hr,UG/M3,42.6,24,U.S. Department of State Bangladesh - Dhaka,119,2,23.796374,90.424614,050DK1010001,https://files.airnowtech.org/airnow/2022/20220620/daily_data_v2.dat,06/20/22|DK1010001|Dhaka|PM2.5-24hr|UG/M3|42.6|24|U.S. Department of State Bangladesh - Dhaka|119|2|23.796374|90.424614|050DK1010001,2026-07-18T03:21:34+00:00,327d5292060297c8772f32b99ef654c734af4901c9512bf2fee51908f2af800c
2022-06-21,DK1010001,Dhaka,PM2.5-24hr,UG/M3,59.5,24,U.S. Department of State Bangladesh - Dhaka,153,3,23.796374,90.424614,050DK1010001,https://files.airnowtech.org/airnow/2022/20220621/daily_data_v2.dat,06/21/22|DK1010001|Dhaka|PM2.5-24hr|UG/M3|59.5|24|U.S. Department of State Bangladesh - Dhaka|153|3|23.796374|90.424614|050DK1010001,2026-07-18T03:21:34+00:00,6cc1ece438716c11272923b4805a5a02d3f9112f05c2a76002181ba543037859
2022-06-22,DK1010001,Dhaka,PM2.5-24hr,UG/M3,48.5,24,U.S. Department of State Bangladesh - Dhaka,133,2,23.796374,90.424614,050DK1010001,https://files.airnowtech.org/airnow/2022/20220622/daily_data_v2.dat,06/22/22|DK1010001|Dhaka|PM2.5-24hr|UG/M3|48.5|24|U.S. Department of State Bangladesh - Dhaka|133|2|23.796374|90.424614|050DK1010001,2026-07-18T03:21:34+00:00,2b4de645a31f4012a17f8d1405fe026afb97db76d57934d3b41971580b4ea287
2022-06-23,DK1010001,Dhaka,PM2.5-24hr,UG/M3,56.7,24,U.S. Department of State Bangladesh - Dhaka,152,3,23.796374,90.424614,050DK1010001,https://files.airnowtech.org/airnow/2022/20220623/daily_data_v2.dat,06/23/22|DK1010001|Dhaka|PM2.5-24hr|UG/M3|56.7|24|U.S. Department of State Bangladesh - Dhaka|152|3|23.796374|90.424614|050DK1010001,2026-07-18T03:21:34+00:00,483181fcfcbbc2c403d47b9245db0a32a2f7b0d04d455054ad2fbbd59c3d8222
2022-06-24,DK1010001,Dhaka,PM2.5-24hr,UG/M3,44.5,24,U.S. Department of State Bangladesh - Dhaka,123,2,23.796374,90.424614,050DK1010001,https://files.airnowtech.org/airnow/2022/20220624/daily_data_v2.dat,06/24/22|DK1010001|Dhaka|PM2.5-24hr|UG/M3|44.5|24|U.S. Department of State Bangladesh - Dhaka|123|2|23.796374|90.424614|050DK1010001,2026-07-18T03:21:34+00:00,b09a1f712a47c8e5f6eda869631dccc7b1ae478a1d6c4a4c048d1b4f693cba7d
2022-06-25,DK1010001,Dhaka,PM2.5-24hr,UG/M3,41.2,24,U.S. Department of State Bangladesh - Dhaka,115,2,23.796374,90.424614,050DK1010001,https://files.airnowtech.org/airnow/2022/20220625/daily_data_v2.dat,06/25/22|DK1010001|Dhaka|PM2.5-24hr|UG/M3|41.2|24|U.S. Department of State Bangladesh - Dhaka|115|2|23.796374|90.424614|050DK1010001,2026-07-18T03:21:34+00:00,42ef3c0fd2fd89f0a197ce26d2ded7c91a164e7a22e00da73c7539e04e806a0e
2022-06-26,DK1010001,Dhaka,PM2.5-24hr,UG/M3,41.8,24,U.S. Department of State Bangladesh - Dhaka,117,2,23.796374,90.424614,050DK1010001,https://files.airnowtech.org/airnow/2022/20220626/daily_data_v2.dat,06/26/22|DK1010001|Dhaka|PM2.5-24hr|UG/M3|41.8|24|U.S. Department of State Bangladesh - Dhaka|117|2|23.796374|90.424614|050DK1010001,2026-07-18T03:21:34+00:00,34d1c8416ffda951c8009bbecab288b9b74a1059cc731e0c27619815a464e065
2022-06-27,DK1010001,Dhaka,PM2.5-24hr,UG/M3,31.3,24,U.S. Department of State Bangladesh - Dhaka,92,1,23.796374,90.424614,050DK1010001,https://files.airnowtech.org/airnow/2022/20220627/daily_data_v2.dat,06/27/22|DK1010001|Dhaka|PM2.5-24hr|UG/M3|31.3|24|U.S. Department of State Bangladesh - Dhaka|92|1|23.796374|90.424614|050DK1010001,2026-07-18T03:21:34+00:00,45418bf5e93c14d27f5cb74fe2c5f125549f7cde2dbbdad396eac56efb11e5cc
2022-06-28,DK1010001,Dhaka,PM2.5-24hr,UG/M3,31.5,24,U.S. Department of State Bangladesh - Dhaka,92,1,23.796374,90.424614,050DK1010001,https://files.airnowtech.org/airnow/2022/20220628/daily_data_v2.dat,06/28/22|DK1010001|Dhaka|PM2.5-24hr|UG/M3|31.5|24|U.S. Department of State Bangladesh - Dhaka|92|1|23.796374|90.424614|050DK1010001,2026-07-18T03:21:34+00:00,5ccd4329d19364166b5ebed33d96aa134c83481d14cac0b3040416fdd217be20
2022-06-29,DK1010001,Dhaka,PM2.5-24hr,UG/M3,46.0,24,U.S. Department of State Bangladesh - Dhaka,127,2,23.796374,90.424614,050DK1010001,https://files.airnowtech.org/airnow/2022/20220629/daily_data_v2.dat,06/29/22|DK1010001|Dhaka|PM2.5-24hr|UG/M3|46|24|U.S. Department of State Bangladesh - Dhaka|127|2|23.796374|90.424614|050DK1010001,2026-07-18T03:21:34+00:00,4d956dde76e7ef3253e545f9d2ed161c9a2089054c09cbda1e3cd4a6819867a5
2022-06-30,DK1010001,Dhaka,PM2.5-24hr,UG/M3,63.6,24,U.S. Department of State Bangladesh - Dhaka,155,3,23.796374,90.424614,050DK1010001,https://files.airnowtech.org/airnow/2022/20220630/daily_data_v2.dat,06/30/22|DK1010001|Dhaka|PM2.5-24hr|UG/M3|63.6|24|U.S. Department of State Bangladesh - Dhaka|155|3|23.796374|90.424614|050DK1010001,2026-07-18T03:21:34+00:00,4adce29fbeb5a0262c8cb09eefe4b3aafe0e27db8714e61df133772105c77fd7
2022-07-01,DK1010001,Dhaka,PM2.5-24hr,UG/M3,43.5,24,U.S. Department of State Bangladesh - Dhaka,121,2,23.796374,90.424614,050DK1010001,https://files.airnowtech.org/airnow/2022/20220701/daily_data_v2.dat,07/01/22|DK1010001|Dhaka|PM2.5-24hr|UG/M3|43.5|24|U.S. Department of State Bangladesh - Dhaka|121|2|23.796374|90.424614|050DK1010001,2026-07-18T03:21:34+00:00,d7c756e05592dbb8a0cff9d0cbdd8d2e94e3a8f249eb4b33ab61e5a430459823
2022-07-02,DK1010001,Dhaka,PM2.5-24hr,UG/M3,37.4,24,U.S. Department of State Bangladesh - Dhaka,106,2,23.796374,90.424614,050DK1010001,https://files.airnowtech.org/airnow/2022/20220702/daily_data_v2.dat,07/02/22|DK1010001|Dhaka|PM2.5-24hr|UG/M3|37.4|24|U.S. Department of State Bangladesh - Dhaka|106|2|23.796374|90.424614|050DK1010001,2026-07-18T03:21:34+00:00,66bb4df6be179ae303eb923a5e9f0e89bb0ea2678868284b85b5f710e1afe73f
2022-07-03,DK1010001,Dhaka,PM2.5-24hr,UG/M3,44.3,24,U.S. Department of State Bangladesh - Dhaka,123,2,23.796374,90.424614,050DK1010001,https://files.airnowtech.org/airnow/2022/20220703/daily_data_v2.dat,07/03/22|DK1010001|Dhaka|PM2.5-24hr|UG/M3|44.3|24|U.S. Department of State Bangladesh - Dhaka|123|2|23.796374|90.424614|050DK1010001,2026-07-18T03:21:34+00:00,78af33b8e42eb577c074a3d5c7998a9cde46a0fe3b07a523ef5fc40c19893a1d
2022-07-04,DK1010001,Dhaka,PM2.5-24hr,UG/M3,53.7,24,U.S. Department of State Bangladesh - Dhaka,146,2,23.796374,90.424614,050DK1010001,https://files.airnowtech.org/airnow/2022/20220704/daily_data_v2.dat,07/04/22|DK1010001|Dhaka|PM2.5-24hr|UG/M3|53.7|24|U.S. Department of State Bangladesh - Dhaka|146|2|23.796374|90.424614|050DK1010001,2026-07-18T03:21:34+00:00,65c58f167d57fbfe04cb75542b21c1df39789cc668f41e09fea711b15ac31d21
2022-07-05,DK1010001,Dhaka,PM2.5-24hr,UG/M3,54.6,24,U.S. Department of State Bangladesh - Dhaka,148,2,23.796374,90.424614,050DK1010001,https://files.airnowtech.org/airnow/2022/20220705/daily_data_v2.dat,07/05/22|DK1010001|Dhaka|PM2.5-24hr|UG/M3|54.6|24|U.S. Department of State Bangladesh - Dhaka|148|2|23.796374|90.424614|050DK1010001,2026-07-18T03:21:34+00:00,ca61e9c79c82e50d2c90c93fe9de07da05439ac8454acc71c814ed9be26e7629
2022-07-06,DK1010001,Dhaka,PM2.5-24hr,UG/M3,37.2,24,U.S. Department of State Bangladesh - Dhaka,105,2,23.796374,90.424614,050DK1010001,https://files.airnowtech.org/airnow/2022/20220706/daily_data_v2.dat,07/06/22|DK1010001|Dhaka|PM2.5-24hr|UG/M3|37.2|24|U.S. Department of State Bangladesh - Dhaka|105|2|23.796374|90.424614|050DK1010001,2026-07-18T03:21:34+00:00,7221b149b8b0bead29a3c1911593440d95347a2be26a1ba62110f6c7422dfded
2022-07-07,DK1010001,Dhaka,PM2.5-24hr,UG/M3,45.2,24,U.S. Department of State Bangladesh - Dhaka,125,2,23.796374,90.424614,050DK1010001,https://files.airnowtech.org/airnow/2022/20220707/daily_data_v2.dat,07/07/22|DK1010001|Dhaka|PM2.5-24hr|UG/M3|45.2|24|U.S. Department of State Bangladesh - Dhaka|125|2|23.796374|90.424614|050DK1010001,2026-07-18T03:21:34+00:00,dc9f5c09739cd1e0ff19abedbbfdafaad543a4d865256c8832a9cb031feef311
2022-07-08,DK1010001,Dhaka,PM2.5-24hr,UG/M3,38.4,24,U.S. Department of State Bangladesh - Dhaka,108,2,23.796374,90.424614,050DK1010001,https://files.airnowtech.org/airnow/2022/20220708/daily_data_v2.dat,07/08/22|DK1010001|Dhaka|PM2.5-24hr|UG/M3|38.4|24|U.S. Department of State Bangladesh - Dhaka|108|2|23.796374|90.424614|050DK1010001,2026-07-18T03:21:34+00:00,1faf8665cc6649249d6769dc59db4a19c9d8920b2507b28ee4f17b607d8df34f
2022-07-09,DK1010001,Dhaka,PM2.5-24hr,UG/M3,32.3,24,U.S. Department of State Bangladesh - Dhaka,93,1,23.796374,90.424614,050DK1010001,https://files.airnowtech.org/airnow/2022/20220709/daily_data_v2.dat,07/09/22|DK1010001|Dhaka|PM2.5-24hr|UG/M3|32.3|24|U.S. Department of State Bangladesh - Dhaka|93|1|23.796374|90.424614|050DK1010001,2026-07-18T03:21:34+00:00,b432eab13e2f3e1125a4f0c042c0545f3deff33ebdbf4d18b3e2df5aabe21fcf
2022-07-10,DK1010001,Dhaka,PM2.5-24hr,UG/M3,24.6,24,U.S. Department of State Bangladesh - Dhaka,77,1,23.796374,90.424614,050DK1010001,https://files.airnowtech.org/airnow/2022/20220710/daily_data_v2.dat,07/10/22|DK1010001|Dhaka|PM2.5-24hr|UG/M3|24.6|24|U.S. Department of State Bangladesh - Dhaka|77|1|23.796374|90.424614|050DK1010001,2026-07-18T03:21:34+00:00,c774048240f28da8b847d9b11bce65d28bda287cfd7176b732ec39c080871277
2022-07-11,DK1010001,Dhaka,PM2.5-24hr,UG/M3,26.4,24,U.S. Department of State Bangladesh - Dhaka,81,1,23.796374,90.424614,050DK1010001,https://files.airnowtech.org/airnow/2022/20220711/daily_data_v2.dat,07/11/22|DK1010001|Dhaka|PM2.5-24hr|UG/M3|26.4|24|U.S. Department of State Bangladesh - Dhaka|81|1|23.796374|90.424614|050DK1010001,2026-07-18T03:21:34+00:00,4c96ebb79d8403701194041706b7d2a3cfaee1cbdbc8a2f6ea6d9bb925f0bf39
2022-07-12,DK1010001,Dhaka,PM2.5-24hr,UG/M3,27.8,24,U.S. Department of State Bangladesh - Dhaka,84,1,23.796374,90.424614,050DK1010001,https://files.airnowtech.org/airnow/2022/20220712/daily_data_v2.dat,07/12/22|DK1010001|Dhaka|PM2.5-24hr|UG/M3|27.8|24|U.S. Department of State Bangladesh - Dhaka|84|1|23.796374|90.424614|050DK1010001,2026-07-18T03:21:34+00:00,925180e65a7fe05390d684d898daa3f99218c7e6efbb33ff4d53b331c0d195fd
2022-07-13,DK1010001,Dhaka,PM2.5-24hr,UG/M3,28.0,24,U.S. Department of State Bangladesh - Dhaka,85,1,23.796374,90.424614,050DK1010001,https://files.airnowtech.org/airnow/2022/20220713/daily_data_v2.dat,07/13/22|DK1010001|Dhaka|PM2.5-24hr|UG/M3|28|24|U.S. Department of State Bangladesh - Dhaka|85|1|23.796374|90.424614|050DK1010001,2026-07-18T03:21:34+00:00,08c1140c83fbc67a393934e255d5fdce0a8195d149ff3c1a2204b79a7f814f1b
2022-07-14,DK1010001,Dhaka,PM2.5-24hr,UG/M3,30.8,24,U.S. Department of State Bangladesh - Dhaka,90,1,23.796374,90.424614,050DK1010001,https://files.airnowtech.org/airnow/2022/20220714/daily_data_v2.dat,07/14/22|DK1010001|Dhaka|PM2.5-24hr|UG/M3|30.8|24|U.S. Department of State Bangladesh - Dhaka|90|1|23.796374|90.424614|050DK1010001,2026-07-18T03:21:34+00:00,da1894404a6bcb0c2dc3a9caa31d019935a5947b8780e3995a2b4d4857cbace9
2022-07-15,DK1010001,Dhaka,PM2.5-24hr,UG/M3,32.4,24,U.S. Department of State Bangladesh - Dhaka,94,1,23.796374,90.424614,050DK1010001,https://files.airnowtech.org/airnow/2022/20220715/daily_data_v2.dat,07/15/22|DK1010001|Dhaka|PM2.5-24hr|UG/M3|32.4|24|U.S. Department of State Bangladesh - Dhaka|94|1|23.796374|90.424614|050DK1010001,2026-07-18T03:21:34+00:00,7a782fdfa2e35edba3e64ce450f49b6e550a4e988260f2e73982f58422c15aee
2022-07-17,DK1010001,Dhaka,PM2.5-24hr,UG/M3,36.9,24,U.S. Department of State Bangladesh - Dhaka,105,2,23.796374,90.424614,050DK1010001,https://files.airnowtech.org/airnow/2022/20220717/daily_data_v2.dat,07/17/22|DK1010001|Dhaka|PM2.5-24hr|UG/M3|36.9|24|U.S. Department of State Bangladesh - Dhaka|105|2|23.796374|90.424614|050DK1010001,2026-07-18T03:21:34+00:00,ee5f5014e77787ec0c9e198c271d1401301624b1c6d2347b5abd65ec9344b0c5
2022-07-19,DK1010001,Dhaka,PM2.5-24hr,UG/M3,36.0,24,U.S. Department of State Bangladesh - Dhaka,102,2,23.796374,90.424614,050DK1010001,https://files.airnowtech.org/airnow/2022/20220719/daily_data_v2.dat,07/19/22|DK1010001|Dhaka|PM2.5-24hr|UG/M3|36|24|U.S. Department of State Bangladesh - Dhaka|102|2|23.796374|90.424614|050DK1010001,2026-07-18T03:21:34+00:00,45738876d9ae60e56018ff0902896fdcbeb8070560982914b0efd22285f576ab
2022-07-20,DK1010001,Dhaka,PM2.5-24hr,UG/M3,48.2,24,U.S. Department of State Bangladesh - Dhaka,133,2,23.796374,90.424614,050DK1010001,https://files.airnowtech.org/airnow/2022/20220720/daily_data_v2.dat,07/20/22|DK1010001|Dhaka|PM2.5-24hr|UG/M3|48.2|24|U.S. Department of State Bangladesh - Dhaka|133|2|23.796374|90.424614|050DK1010001,2026-07-18T03:21:34+00:00,b525bf805a7a3da9b250b82eff752564afa3c6fecd0b48f28866e470fa109906
2022-07-21,DK1010001,Dhaka,PM2.5-24hr,UG/M3,51.2,24,U.S. Department of State Bangladesh - Dhaka,140,2,23.796374,90.424614,050DK1010001,https://files.airnowtech.org/airnow/2022/20220721/daily_data_v2.dat,07/21/22|DK1010001|Dhaka|PM2.5-24hr|UG/M3|51.2|24|U.S. Department of State Bangladesh - Dhaka|140|2|23.796374|90.424614|050DK1010001,2026-07-18T03:21:34+00:00,0de730f28cefcb6d23a2503e5f490ab52e996492c6f40bdabe8a89744c847c1d
2022-07-22,DK1010001,Dhaka,PM2.5-24hr,UG/M3,40.5,24,U.S. Department of State Bangladesh - Dhaka,113,2,23.796374,90.424614,050DK1010001,https://files.airnowtech.org/airnow/2022/20220722/daily_data_v2.dat,07/22/22|DK1010001|Dhaka|PM2.5-24hr|UG/M3|40.5|24|U.S. Department of State Bangladesh - Dhaka|113|2|23.796374|90.424614|050DK1010001,2026-07-18T03:21:34+00:00,7def4e7719d6f3b8f7bda0fa16353892aefabb8dca42464519c4103c981a8b3d
2022-07-23,DK1010001,Dhaka,PM2.5-24hr,UG/M3,46.5,24,U.S. Department of State Bangladesh - Dhaka,128,2,23.796374,90.424614,050DK1010001,https://files.airnowtech.org/airnow/2022/20220723/daily_data_v2.dat,07/23/22|DK1010001|Dhaka|PM2.5-24hr|UG/M3|46.5|24|U.S. Department of State Bangladesh - Dhaka|128|2|23.796374|90.424614|050DK1010001,2026-07-18T03:21:34+00:00,c2d5354864e07101dab50ec2478225b22c79c47dee0eb691e005dc3de5f58c29
2022-08-03,DK1010001,Dhaka,PM2.5-24hr,UG/M3,67.6,24,U.S. Department of State Bangladesh - Dhaka,157,3,23.796374,90.424614,050DK1010001,https://files.airnowtech.org/airnow/2022/20220803/daily_data_v2.dat,08/03/22|DK1010001|Dhaka|PM2.5-24hr|UG/M3|67.6|24|U.S. Department of State Bangladesh - Dhaka|157|3|23.796374|90.424614|050DK1010001,2026-07-18T03:21:34+00:00,1a91405b77315ab32ed6853ec67fb7b2be88b2ee488819884fa1ddf0fdbc655f
2022-08-04,DK1010001,Dhaka,PM2.5-24hr,UG/M3,48.9,24,U.S. Department of State Bangladesh - Dhaka,134,2,23.796374,90.424614,050DK1010001,https://files.airnowtech.org/airnow/2022/20220804/daily_data_v2.dat,08/04/22|DK1010001|Dhaka|PM2.5-24hr|UG/M3|48.9|24|U.S. Department of State Bangladesh - Dhaka|134|2|23.796374|90.424614|050DK1010001,2026-07-18T03:21:34+00:00,7a229acb0a1bde011e3ae956f5a9a4c027366b23042e6145f744fa59609370ec
2022-08-05,DK1010001,Dhaka,PM2.5-24hr,UG/M3,47.2,24,U.S. Department of State Bangladesh - Dhaka,130,2,23.796374,90.424614,050DK1010001,https://files.airnowtech.org/airnow/2022/20220805/daily_data_v2.dat,08/05/22|DK1010001|Dhaka|PM2.5-24hr|UG/M3|47.2|24|U.S. Department of State Bangladesh - Dhaka|130|2|23.796374|90.424614|050DK1010001,2026-07-18T03:21:34+00:00,5e11b55e4cc68d4c563bd5292d6c32092a7cdca7c1380fb32144c0a1dc2606b4
2022-08-06,DK1010001,Dhaka,PM2.5-24hr,UG/M3,30.1,24,U.S. Department of State Bangladesh - Dhaka,89,1,23.796374,90.424614,050DK1010001,https://files.airnowtech.org/airnow/2022/20220806/daily_data_v2.dat,08/06/22|DK1010001|Dhaka|PM2.5-24hr|UG/M3|30.1|24|U.S. Department of State Bangladesh - Dhaka|89|1|23.796374|90.424614|050DK1010001,2026-07-18T03:21:34+00:00,8867d831986b209384f4a784b24bb3af04e1a37b2aa91993d4f821e29ae740f5
2022-08-07,DK1010001,Dhaka,PM2.5-24hr,UG/M3,26.2,24,U.S. Department of State Bangladesh - Dhaka,81,1,23.796374,90.424614,050DK1010001,https://files.airnowtech.org/airnow/2022/20220807/daily_data_v2.dat,08/07/22|DK1010001|Dhaka|PM2.5-24hr|UG/M3|26.2|24|U.S. Department of State Bangladesh - Dhaka|81|1|23.796374|90.424614|050DK1010001,2026-07-18T03:21:34+00:00,f1a1cc270da1cb76b2ecefafefdb14b90b8f45cb1d62c7daac7cdc30736c91f3
2022-08-08,DK1010001,Dhaka,PM2.5-24hr,UG/M3,21.2,24,U.S. Department of State Bangladesh - Dhaka,70,1,23.796374,90.424614,050DK1010001,https://files.airnowtech.org/airnow/2022/20220808/daily_data_v2.dat,08/08/22|DK1010001|Dhaka|PM2.5-24hr|UG/M3|21.2|24|U.S. Department of State Bangladesh - Dhaka|70|1|23.796374|90.424614|050DK1010001,2026-07-18T03:21:34+00:00,35a632f364631359f0a3c997ff2bd0a14147c6159c9443f4b8d730d2c6231a7b
2022-08-09,DK1010001,Dhaka,PM2.5-24hr,UG/M3,18.2,24,U.S. Department of State Bangladesh - Dhaka,64,1,23.796374,90.424614,050DK1010001,https://files.airnowtech.org/airnow/2022/20220809/daily_data_v2.dat,08/09/22|DK1010001|Dhaka|PM2.5-24hr|UG/M3|18.2|24|U.S. Department of State Bangladesh - Dhaka|64|1|23.796374|90.424614|050DK1010001,2026-07-18T03:21:34+00:00,e763c3c3c26242a0f3176d0a9665e31a9f52f22d1cd73624e1068c2b0777bae4
2022-08-10,DK1010001,Dhaka,PM2.5-24hr,UG/M3,20.3,24,U.S. Department of State Bangladesh - Dhaka,68,1,23.796374,90.424614,050DK1010001,https://files.airnowtech.org/airnow/2022/20220810/daily_data_v2.dat,08/10/22|DK1010001|Dhaka|PM2.5-24hr|UG/M3|20.3|24|U.S. Department of State Bangladesh - Dhaka|68|1|23.796374|90.424614|050DK1010001,2026-07-18T03:21:34+00:00,39c6da5ea79ca06e8f3a98d79d74aaea681f6d828e5b32130b2195c500045006
2022-08-11,DK1010001,Dhaka,PM2.5-24hr,UG/M3,21.9,24,U.S. Department of State Bangladesh - Dhaka,72,1,23.796374,90.424614,050DK1010001,https://files.airnowtech.org/airnow/2022/20220811/daily_data_v2.dat,08/11/22|DK1010001|Dhaka|PM2.5-24hr|UG/M3|21.9|24|U.S. Department of State Bangladesh - Dhaka|72|1|23.796374|90.424614|050DK1010001,2026-07-18T03:21:34+00:00,aee555ed476475c6cd31fb7ee1280f7d4985f89e0a085acbd5532ea9eea8448d
2022-08-12,DK1010001,Dhaka,PM2.5-24hr,UG/M3,31.7,24,U.S. Department of State Bangladesh - Dhaka,92,1,23.796374,90.424614,050DK1010001,https://files.airnowtech.org/airnow/2022/20220812/daily_data_v2.dat,08/12/22|DK1010001|Dhaka|PM2.5-24hr|UG/M3|31.7|24|U.S. Department of State Bangladesh - Dhaka|92|1|23.796374|90.424614|050DK1010001,2026-07-18T03:21:34+00:00,442937dce23b281f3d96150866f59824b96653b795653f30f4380810e12c7e14
2022-08-13,DK1010001,Dhaka,PM2.5-24hr,UG/M3,28.5,24,U.S. Department of State Bangladesh - Dhaka,85,1,23.796374,90.424614,050DK1010001,https://files.airnowtech.org/airnow/2022/20220813/daily_data_v2.dat,08/13/22|DK1010001|Dhaka|PM2.5-24hr|UG/M3|28.5|24|U.S. Department of State Bangladesh - Dhaka|85|1|23.796374|90.424614|050DK1010001,2026-07-18T03:21:34+00:00,458e57626b1b701f02901b22cde06211bf3d2613dfb31f0b0757d2131d699dff
2022-08-14,DK1010001,Dhaka,PM2.5-24hr,UG/M3,23.9,24,U.S. Department of State Bangladesh - Dhaka,76,1,23.796374,90.424614,050DK1010001,https://files.airnowtech.org/airnow/2022/20220814/daily_data_v2.dat,08/14/22|DK1010001|Dhaka|PM2.5-24hr|UG/M3|23.9|24|U.S. Department of State Bangladesh - Dhaka|76|1|23.796374|90.424614|050DK1010001,2026-07-18T03:21:34+00:00,f053693b0155ff006a79b9e3807a588b647e8f54593c7d0d2a302f39672bf980
2022-08-15,DK1010001,Dhaka,PM2.5-24hr,UG/M3,35.3,24,U.S. Department of State Bangladesh - Dhaka,100,1,23.796374,90.424614,050DK1010001,https://files.airnowtech.org/airnow/2022/20220815/daily_data_v2.dat,08/15/22|DK1010001|Dhaka|PM2.5-24hr|UG/M3|35.3|24|U.S. Department of State Bangladesh - Dhaka|100|1|23.796374|90.424614|050DK1010001,2026-07-18T03:21:34+00:00,edd4d828190cdc1709e0609a61eb189d3224da7e56fb77b6c8dd98ea3e1a97e3
2022-08-16,DK1010001,Dhaka,PM2.5-24hr,UG/M3,40.0,24,U.S. Department of State Bangladesh - Dhaka,112,2,23.796374,90.424614,050DK1010001,https://files.airnowtech.org/airnow/2022/20220816/daily_data_v2.dat,08/16/22|DK1010001|Dhaka|PM2.5-24hr|UG/M3|40|24|U.S. Department of State Bangladesh - Dhaka|112|2|23.796374|90.424614|050DK1010001,2026-07-18T03:21:34+00:00,2c622e50600ae37edc339eab45cbbfcd5f88ebd1d9da7095f543f87c15f95cf4
2022-08-17,DK1010001,Dhaka,PM2.5-24hr,UG/M3,64.7,24,U.S. Department of State Bangladesh - Dhaka,156,3,23.796374,90.424614,050DK1010001,https://files.airnowtech.org/airnow/2022/20220817/daily_data_v2.dat,08/17/22|DK1010001|Dhaka|PM2.5-24hr|UG/M3|64.7|24|U.S. Department of State Bangladesh - Dhaka|156|3|23.796374|90.424614|050DK1010001,2026-07-18T03:21:34+00:00,5ce146c7b5dd92216b9d54d6544e9855f4562db3dfbdce586b83c0e18a86f2f4
2022-08-18,DK1010001,Dhaka,PM2.5-24hr,UG/M3,53.1,24,U.S. Department of State Bangladesh - Dhaka,144,2,23.796374,90.424614,050DK1010001,https://files.airnowtech.org/airnow/2022/20220818/daily_data_v2.dat,08/18/22|DK1010001|Dhaka|PM2.5-24hr|UG/M3|53.1|24|U.S. Department of State Bangladesh - Dhaka|144|2|23.796374|90.424614|050DK1010001,2026-07-18T03:21:34+00:00,f56ba8681a4038dfba44d828a2d463c69bded9f07941fe5b287bc2b78293ff7e
2022-08-19,DK1010001,Dhaka,PM2.5-24hr,UG/M3,27.3,24,U.S. Department of State Bangladesh - Dhaka,83,1,23.796374,90.424614,050DK1010001,https://files.airnowtech.org/airnow/2022/20220819/daily_data_v2.dat,08/19/22|DK1010001|Dhaka|PM2.5-24hr|UG/M3|27.3|24|U.S. Department of State Bangladesh - Dhaka|83|1|23.796374|90.424614|050DK1010001,2026-07-18T03:21:34+00:00,632d9c299ba9a89243c4fe6364414ff89c1de492bd42a6bd1011258c1b42dce2
2022-08-20,DK1010001,Dhaka,PM2.5-24hr,UG/M3,29.2,24,U.S. Department of State Bangladesh - Dhaka,87,1,23.796374,90.424614,050DK1010001,https://files.airnowtech.org/airnow/2022/20220820/daily_data_v2.dat,08/20/22|DK1010001|Dhaka|PM2.5-24hr|UG/M3|29.2|24|U.S. Department of State Bangladesh - Dhaka|87|1|23.796374|90.424614|050DK1010001,2026-07-18T03:21:34+00:00,1bcc87ef3efb0da917d0d73d238105780f9ba31e6772e93ef2b50757a907afc9
2022-08-21,DK1010001,Dhaka,PM2.5-24hr,UG/M3,40.8,24,U.S. Department of State Bangladesh - Dhaka,114,2,23.796374,90.424614,050DK1010001,https://files.airnowtech.org/airnow/2022/20220821/daily_data_v2.dat,08/21/22|DK1010001|Dhaka|PM2.5-24hr|UG/M3|40.8|24|U.S. Department of State Bangladesh - Dhaka|114|2|23.796374|90.424614|050DK1010001,2026-07-18T03:21:34+00:00,d116aaafc1342f1ef427d340c09ee4583edce6eef964705018c324a4c8b40f76
2022-08-22,DK1010001,Dhaka,PM2.5-24hr,UG/M3,49.7,24,U.S. Department of State Bangladesh - Dhaka,136,2,23.796374,90.424614,050DK1010001,https://files.airnowtech.org/airnow/2022/20220822/daily_data_v2.dat,08/22/22|DK1010001|Dhaka|PM2.5-24hr|UG/M3|49.7|24|U.S. Department of State Bangladesh - Dhaka|136|2|23.796374|90.424614|050DK1010001,2026-07-18T03:21:34+00:00,7bd32bb6488078d1eed71a96426f957d47cc5df99f0fbc0a837b13f33930c78c
2022-08-23,DK1010001,Dhaka,PM2.5-24hr,UG/M3,50.5,24,U.S. Department of State Bangladesh - Dhaka,138,2,23.796374,90.424614,050DK1010001,https://files.airnowtech.org/airnow/2022/20220823/daily_data_v2.dat,08/23/22|DK1010001|Dhaka|PM2.5-24hr|UG/M3|50.5|24|U.S. Department of State Bangladesh - Dhaka|138|2|23.796374|90.424614|050DK1010001,2026-07-18T03:21:34+00:00,751b8337c748b45400ccae287e6e45f02aa29d1797ec04288ba5741cffe29507
2022-08-24,DK1010001,Dhaka,PM2.5-24hr,UG/M3,28.5,24,U.S. Department of State Bangladesh - Dhaka,86,1,23.796374,90.424614,050DK1010001,https://files.airnowtech.org/airnow/2022/20220824/daily_data_v2.dat,08/24/22|DK1010001|Dhaka|PM2.5-24hr|UG/M3|28.5|24|U.S. Department of State Bangladesh - Dhaka|86|1|23.796374|90.424614|050DK1010001,2026-07-18T03:21:34+00:00,1e16a45b57c70b24d8c63dbcea0ed209ce5be877bd18a5591a1275bc335284db
2022-08-25,DK1010001,Dhaka,PM2.5-24hr,UG/M3,54.1,24,U.S. Department of State Bangladesh - Dhaka,147,2,23.796374,90.424614,050DK1010001,https://files.airnowtech.org/airnow/2022/20220825/daily_data_v2.dat,08/25/22|DK1010001|Dhaka|PM2.5-24hr|UG/M3|54.1|24|U.S. Department of State Bangladesh - Dhaka|147|2|23.796374|90.424614|050DK1010001,2026-07-18T03:21:34+00:00,914f607c44b9d0c96a05420e21555e75a88a3b3e1a724f06fafa316532819948
2022-08-26,DK1010001,Dhaka,PM2.5-24hr,UG/M3,39.6,24,U.S. Department of State Bangladesh - Dhaka,111,2,23.796374,90.424614,050DK1010001,https://files.airnowtech.org/airnow/2022/20220826/daily_data_v2.dat,08/26/22|DK1010001|Dhaka|PM2.5-24hr|UG/M3|39.6|24|U.S. Department of State Bangladesh - Dhaka|111|2|23.796374|90.424614|050DK1010001,2026-07-18T03:21:34+00:00,2dd6fdeccef021e167e9ec14035a04a4cb71a873c51270c60e2ce33d0c87a8e0
2022-08-27,DK1010001,Dhaka,PM2.5-24hr,UG/M3,42.6,24,U.S. Department of State Bangladesh - Dhaka,118,2,23.796374,90.424614,050DK1010001,https://files.airnowtech.org/airnow/2022/20220827/daily_data_v2.dat,08/27/22|DK1010001|Dhaka|PM2.5-24hr|UG/M3|42.6|24|U.S. Department of State Bangladesh - Dhaka|118|2|23.796374|90.424614|050DK1010001,2026-07-18T03:21:34+00:00,899e3ac0ca91a0ce0ec142a6a51ec96be72480bdceea72f4123d24670cd9880b
2022-08-28,DK1010001,Dhaka,PM2.5-24hr,UG/M3,34.5,24,U.S. Department of State Bangladesh - Dhaka,98,1,23.796374,90.424614,050DK1010001,https://files.airnowtech.org/airnow/2022/20220828/daily_data_v2.dat,08/28/22|DK1010001|Dhaka|PM2.5-24hr|UG/M3|34.5|24|U.S. Department of State Bangladesh - Dhaka|98|1|23.796374|90.424614|050DK1010001,2026-07-18T03:21:34+00:00,ca2e18aa8811e67421758d624ffcae80b4596e6e4e480a747495e825e314ee4a
2022-08-29,DK1010001,Dhaka,PM2.5-24hr,UG/M3,33.6,24,U.S. Department of State Bangladesh - Dhaka,96,1,23.796374,90.424614,050DK1010001,https://files.airnowtech.org/airnow/2022/20220829/daily_data_v2.dat,08/29/22|DK1010001|Dhaka|PM2.5-24hr|UG/M3|33.6|24|U.S. Department of State Bangladesh - Dhaka|96|1|23.796374|90.424614|050DK1010001,2026-07-18T03:21:34+00:00,5a6810377153ba6e43c3c985c56bb48cd2ef2b3ce5e60463ee9271c9e1d08f56
2022-08-30,DK1010001,Dhaka,PM2.5-24hr,UG/M3,36.7,24,U.S. Department of State Bangladesh - Dhaka,104,2,23.796374,90.424614,050DK1010001,https://files.airnowtech.org/airnow/2022/20220830/daily_data_v2.dat,08/30/22|DK1010001|Dhaka|PM2.5-24hr|UG/M3|36.7|24|U.S. Department of State Bangladesh - Dhaka|104|2|23.796374|90.424614|050DK1010001,2026-07-18T03:21:34+00:00,e2bf3ac7376e2712138280f854dcef281d0c9f43d2cdba9405b25b6b0aada988
2022-08-31,DK1010001,Dhaka,PM2.5-24hr,UG/M3,32.0,24,U.S. Department of State Bangladesh - Dhaka,93,1,23.796374,90.424614,050DK1010001,https://files.airnowtech.org/airnow/2022/20220831/daily_data_v2.dat,08/31/22|DK1010001|Dhaka|PM2.5-24hr|UG/M3|32|24|U.S. Department of State Bangladesh - Dhaka|93|1|23.796374|90.424614|050DK1010001,2026-07-18T03:21:34+00:00,8b2cfc45e552fe7932a4667ac9af79f3af5c0590882ced532ef66b50c3285512
2022-09-01,DK1010001,Dhaka,PM2.5-24hr,UG/M3,28.2,24,U.S. Department of State Bangladesh - Dhaka,85,1,23.796374,90.424614,050DK1010001,https://files.airnowtech.org/airnow/2022/20220901/daily_data_v2.dat,09/01/22|DK1010001|Dhaka|PM2.5-24hr|UG/M3|28.2|24|U.S. Department of State Bangladesh - Dhaka|85|1|23.796374|90.424614|050DK1010001,2026-07-18T03:21:34+00:00,cf5a10f0e54f17e9fabef6ba9e6260360e429677fdf9e43c858027f88a786753
2022-09-02,DK1010001,Dhaka,PM2.5-24hr,UG/M3,28.2,24,U.S. Department of State Bangladesh - Dhaka,85,1,23.796374,90.424614,050DK1010001,https://files.airnowtech.org/airnow/2022/20220902/daily_data_v2.dat,09/02/22|DK1010001|Dhaka|PM2.5-24hr|UG/M3|28.2|24|U.S. Department of State Bangladesh - Dhaka|85|1|23.796374|90.424614|050DK1010001,2026-07-18T03:21:34+00:00,a335a00f6b1f86617c301c4a45c70404f8bbfdaccf4f9005db80dd0eaaf6a1c5
2022-09-03,DK1010001,Dhaka,PM2.5-24hr,UG/M3,42.6,24,U.S. Department of State Bangladesh - Dhaka,119,2,23.796374,90.424614,050DK1010001,https://files.airnowtech.org/airnow/2022/20220903/daily_data_v2.dat,09/03/22|DK1010001|Dhaka|PM2.5-24hr|UG/M3|42.6|24|U.S. Department of State Bangladesh - Dhaka|119|2|23.796374|90.424614|050DK1010001,2026-07-18T03:21:34+00:00,d15e528732ce2c6880e94cae46de4097747f0737b74b20238bf76077ccc7df39
2022-09-04,DK1010001,Dhaka,PM2.5-24hr,UG/M3,51.2,24,U.S. Department of State Bangladesh - Dhaka,140,2,23.796374,90.424614,050DK1010001,https://files.airnowtech.org/airnow/2022/20220904/daily_data_v2.dat,09/04/22|DK1010001|Dhaka|PM2.5-24hr|UG/M3|51.2|24|U.S. Department of State Bangladesh - Dhaka|140|2|23.796374|90.424614|050DK1010001,2026-07-18T03:21:34+00:00,db5617a24ab6f41d2cda2c0ccb9baff1c5a6dc9c288561f5630619ceceb29f14
2022-09-05,DK1010001,Dhaka,PM2.5-24hr,UG/M3,46.8,24,U.S. Department of State Bangladesh - Dhaka,129,2,23.796374,90.424614,050DK1010001,https://files.airnowtech.org/airnow/2022/20220905/daily_data_v2.dat,09/05/22|DK1010001|Dhaka|PM2.5-24hr|UG/M3|46.8|24|U.S. Department of State Bangladesh - Dhaka|129|2|23.796374|90.424614|050DK1010001,2026-07-18T03:21:34+00:00,5d0790c938fcc3752c2d2746f297924ee1b68b64b259ccc352bf2a5bf03c8f6b
2022-09-06,DK1010001,Dhaka,PM2.5-24hr,UG/M3,44.3,24,U.S. Department of State Bangladesh - Dhaka,123,2,23.796374,90.424614,050DK1010001,https://files.airnowtech.org/airnow/2022/20220906/daily_data_v2.dat,09/06/22|DK1010001|Dhaka|PM2.5-24hr|UG/M3|44.3|24|U.S. Department of State Bangladesh - Dhaka|123|2|23.796374|90.424614|050DK1010001,2026-07-18T03:21:34+00:00,8fed436cabec71d825740961a9bb39d9be1861c6dece1594477f7c188e4c0bca
2022-09-07,DK1010001,Dhaka,PM2.5-24hr,UG/M3,34.5,24,U.S. Department of State Bangladesh - Dhaka,98,1,23.796374,90.424614,050DK1010001,https://files.airnowtech.org/airnow/2022/20220907/daily_data_v2.dat,09/07/22|DK1010001|Dhaka|PM2.5-24hr|UG/M3|34.5|24|U.S. Department of State Bangladesh - Dhaka|98|1|23.796374|90.424614|050DK1010001,2026-07-18T03:21:34+00:00,f61dfe6106e8c7064c4b2fba49452b2a02111e93239bae64cb2c80a9d74afe62
2022-09-08,DK1010001,Dhaka,PM2.5-24hr,UG/M3,82.0,24,U.S. Department of State Bangladesh - Dhaka,165,3,23.796374,90.424614,050DK1010001,https://files.airnowtech.org/airnow/2022/20220908/daily_data_v2.dat,09/08/22|DK1010001|Dhaka|PM2.5-24hr|UG/M3|82|24|U.S. Department of State Bangladesh - Dhaka|165|3|23.796374|90.424614|050DK1010001,2026-07-18T03:21:34+00:00,fcc75301cab9eac2e8aed9e8e33d3b9dae6223da4a12ebd6adf7090026d1e3ed
2022-09-09,DK1010001,Dhaka,PM2.5-24hr,UG/M3,42.7,24,U.S. Department of State Bangladesh - Dhaka,119,2,23.796374,90.424614,050DK1010001,https://files.airnowtech.org/airnow/2022/20220909/daily_data_v2.dat,09/09/22|DK1010001|Dhaka|PM2.5-24hr|UG/M3|42.7|24|U.S. Department of State Bangladesh - Dhaka|119|2|23.796374|90.424614|050DK1010001,2026-07-18T03:21:34+00:00,1eb1e1353629227819ea98102a4a583c80b6d4fba53f858f147e190b330fc776
2022-09-10,DK1010001,Dhaka,PM2.5-24hr,UG/M3,46.9,24,U.S. Department of State Bangladesh - Dhaka,129,2,23.796374,90.424614,050DK1010001,https://files.airnowtech.org/airnow/2022/20220910/daily_data_v2.dat,09/10/22|DK1010001|Dhaka|PM2.5-24hr|UG/M3|46.9|24|U.S. Department of State Bangladesh - Dhaka|129|2|23.796374|90.424614|050DK1010001,2026-07-18T03:21:34+00:00,45e358e6f979bbbf90f6ccf8af4cb54e2b56fe2e40022527b937fe34d99eabc6
2022-09-11,DK1010001,Dhaka,PM2.5-24hr,UG/M3,19.3,24,U.S. Department of State Bangladesh - Dhaka,66,1,23.796374,90.424614,050DK1010001,https://files.airnowtech.org/airnow/2022/20220911/daily_data_v2.dat,09/11/22|DK1010001|Dhaka|PM2.5-24hr|UG/M3|19.3|24|U.S. Department of State Bangladesh - Dhaka|66|1|23.796374|90.424614|050DK1010001,2026-07-18T03:21:34+00:00,ca467f06908859a42259ac09490e38b96311f9f3733f33d0f4c1f48c41a4a5d8
2022-09-12,DK1010001,Dhaka,PM2.5-24hr,UG/M3,29.4,24,U.S. Department of State Bangladesh - Dhaka,87,1,23.796374,90.424614,050DK1010001,https://files.airnowtech.org/airnow/2022/20220912/daily_data_v2.dat,09/12/22|DK1010001|Dhaka|PM2.5-24hr|UG/M3|29.4|24|U.S. Department of State Bangladesh - Dhaka|87|1|23.796374|90.424614|050DK1010001,2026-07-18T03:21:35+00:00,6980d9a77148bccd1070934698fafb249eed1c91aa8c528566c0acc9c0dcd666
2022-09-13,DK1010001,Dhaka,PM2.5-24hr,UG/M3,35.4,24,U.S. Department of State Bangladesh - Dhaka,101,2,23.796374,90.424614,050DK1010001,https://files.airnowtech.org/airnow/2022/20220913/daily_data_v2.dat,09/13/22|DK1010001|Dhaka|PM2.5-24hr|UG/M3|35.4|24|U.S. Department of State Bangladesh - Dhaka|101|2|23.796374|90.424614|050DK1010001,2026-07-18T03:21:35+00:00,3bffcf981a22fb4831d4c59d0c10b8dbe2d6efec2877b20f7c169937ebe5eead
2022-09-14,DK1010001,Dhaka,PM2.5-24hr,UG/M3,37.8,24,U.S. Department of State Bangladesh - Dhaka,107,2,23.796374,90.424614,050DK1010001,https://files.airnowtech.org/airnow/2022/20220914/daily_data_v2.dat,09/14/22|DK1010001|Dhaka|PM2.5-24hr|UG/M3|37.8|24|U.S. Department of State Bangladesh - Dhaka|107|2|23.796374|90.424614|050DK1010001,2026-07-18T03:21:35+00:00,32ab2cfe38c912bfbf9ddcee401845d86917c91513def3bfa0aba2e5bc1c3aee
2022-09-15,DK1010001,Dhaka,PM2.5-24hr,UG/M3,37.1,24,U.S. Department of State Bangladesh - Dhaka,105,2,23.796374,90.424614,050DK1010001,https://files.airnowtech.org/airnow/2022/20220915/daily_data_v2.dat,09/15/22|DK1010001|Dhaka|PM2.5-24hr|UG/M3|37.1|24|U.S. Department of State Bangladesh - Dhaka|105|2|23.796374|90.424614|050DK1010001,2026-07-18T03:21:35+00:00,e02d89505c7ed4400b84cfc0fe2fe5bb57d7043216d9dfe77578c7a90522390b
2022-09-16,DK1010001,Dhaka,PM2.5-24hr,UG/M3,46.3,24,U.S. Department of State Bangladesh - Dhaka,128,2,23.796374,90.424614,050DK1010001,https://files.airnowtech.org/airnow/2022/20220916/daily_data_v2.dat,09/16/22|DK1010001|Dhaka|PM2.5-24hr|UG/M3|46.3|24|U.S. Department of State Bangladesh - Dhaka|128|2|23.796374|90.424614|050DK1010001,2026-07-18T03:21:35+00:00,c540c70399fd1adfa485f34c4fe6d856d3450451c5790f8eac014b4a895d99bd
2022-09-17,DK1010001,Dhaka,PM2.5-24hr,UG/M3,80.5,24,U.S. Department of State Bangladesh - Dhaka,164,3,23.796374,90.424614,050DK1010001,https://files.airnowtech.org/airnow/2022/20220917/daily_data_v2.dat,09/17/22|DK1010001|Dhaka|PM2.5-24hr|UG/M3|80.5|24|U.S. Department of State Bangladesh - Dhaka|164|3|23.796374|90.424614|050DK1010001,2026-07-18T03:21:35+00:00,7ab8e1934f493c153173043a2cceef12aff55680681f368042c44e2e1031c502
2022-09-18,DK1010001,Dhaka,PM2.5-24hr,UG/M3,87.7,24,U.S. Department of State Bangladesh - Dhaka,168,3,23.796374,90.424614,050DK1010001,https://files.airnowtech.org/airnow/2022/20220918/daily_data_v2.dat,09/18/22|DK1010001|Dhaka|PM2.5-24hr|UG/M3|87.7|24|U.S. Department of State Bangladesh - Dhaka|168|3|23.796374|90.424614|050DK1010001,2026-07-18T03:21:35+00:00,dc35f8a96d7ed8954606310ca030ba43043e39cc3340e3422d9ee6676557e179
2022-09-19,DK1010001,Dhaka,PM2.5-24hr,UG/M3,41.8,24,U.S. Department of State Bangladesh - Dhaka,117,2,23.796374,90.424614,050DK1010001,https://files.airnowtech.org/airnow/2022/20220919/daily_data_v2.dat,09/19/22|DK1010001|Dhaka|PM2.5-24hr|UG/M3|41.8|24|U.S. Department of State Bangladesh - Dhaka|117|2|23.796374|90.424614|050DK1010001,2026-07-18T03:21:35+00:00,67298c4d434490b10e6c00617cbee9e5b7df74514402828a0de911517bca9423
2022-09-20,DK1010001,Dhaka,PM2.5-24hr,UG/M3,23.8,24,U.S. Department of State Bangladesh - Dhaka,76,1,23.796374,90.424614,050DK1010001,https://files.airnowtech.org/airnow/2022/20220920/daily_data_v2.dat,09/20/22|DK1010001|Dhaka|PM2.5-24hr|UG/M3|23.8|24|U.S. Department of State Bangladesh - Dhaka|76|1|23.796374|90.424614|050DK1010001,2026-07-18T03:21:35+00:00,87fb14ffdd897a9b4afc1d2dab4038729c3ebba022dc33bf652bc8bb3ab34382
2022-09-21,DK1010001,Dhaka,PM2.5-24hr,UG/M3,41.0,24,U.S. Department of State Bangladesh - Dhaka,115,2,23.796374,90.424614,050DK1010001,https://files.airnowtech.org/airnow/2022/20220921/daily_data_v2.dat,09/21/22|DK1010001|Dhaka|PM2.5-24hr|UG/M3|41|24|U.S. Department of State Bangladesh - Dhaka|115|2|23.796374|90.424614|050DK1010001,2026-07-18T03:21:35+00:00,2da631d70daede4327f81003de82cf9d471314b53fcedeadefd2f698ee90cc33
2022-09-22,DK1010001,Dhaka,PM2.5-24hr,UG/M3,46.1,24,U.S. Department of State Bangladesh - Dhaka,127,2,23.796374,90.424614,050DK1010001,https://files.airnowtech.org/airnow/2022/20220922/daily_data_v2.dat,09/22/22|DK1010001|Dhaka|PM2.5-24hr|UG/M3|46.1|24|U.S. Department of State Bangladesh - Dhaka|127|2|23.796374|90.424614|050DK1010001,2026-07-18T03:21:35+00:00,8229647b471c224caf563c5363a02a9cf68274862c08a59dcbb2736e12df268c
2022-09-23,DK1010001,Dhaka,PM2.5-24hr,UG/M3,40.0,24,U.S. Department of State Bangladesh - Dhaka,112,2,23.796374,90.424614,050DK1010001,https://files.airnowtech.org/airnow/2022/20220923/daily_data_v2.dat,09/23/22|DK1010001|Dhaka|PM2.5-24hr|UG/M3|40|24|U.S. Department of State Bangladesh - Dhaka|112|2|23.796374|90.424614|050DK1010001,2026-07-18T03:21:35+00:00,93e4ef51a77664b512c1d1e4b172513b733635a9a91da4d6a2428673ab3fbfbb
2022-09-24,DK1010001,Dhaka,PM2.5-24hr,UG/M3,48.6,24,U.S. Department of State Bangladesh - Dhaka,134,2,23.796374,90.424614,050DK1010001,https://files.airnowtech.org/airnow/2022/20220924/daily_data_v2.dat,09/24/22|DK1010001|Dhaka|PM2.5-24hr|UG/M3|48.6|24|U.S. Department of State Bangladesh - Dhaka|134|2|23.796374|90.424614|050DK1010001,2026-07-18T03:21:35+00:00,270a463476594a159f0649eccc0a97210f56c6608ba2fc18f653d235147dc7f5
2022-09-25,DK1010001,Dhaka,PM2.5-24hr,UG/M3,51.3,24,U.S. Department of State Bangladesh - Dhaka,140,2,23.796374,90.424614,050DK1010001,https://files.airnowtech.org/airnow/2022/20220925/daily_data_v2.dat,09/25/22|DK1010001|Dhaka|PM2.5-24hr|UG/M3|51.3|24|U.S. Department of State Bangladesh - Dhaka|140|2|23.796374|90.424614|050DK1010001,2026-07-18T03:21:35+00:00,3a4e863eefeaafdb9524b98ea18d90ae1c2e40e721e43b02f14e689765c881d6
2022-09-26,DK1010001,Dhaka,PM2.5-24hr,UG/M3,65.6,24,U.S. Department of State Bangladesh - Dhaka,156,3,23.796374,90.424614,050DK1010001,https://files.airnowtech.org/airnow/2022/20220926/daily_data_v2.dat,09/26/22|DK1010001|Dhaka|PM2.5-24hr|UG/M3|65.6|24|U.S. Department of State Bangladesh - Dhaka|156|3|23.796374|90.424614|050DK1010001,2026-07-18T03:21:35+00:00,09628dd152ee95a6fba78184b49d90721859a762f786131dc04425c31d4836c2
2022-09-27,DK1010001,Dhaka,PM2.5-24hr,UG/M3,78.1,24,U.S. Department of State Bangladesh - Dhaka,163,3,23.796374,90.424614,050DK1010001,https://files.airnowtech.org/airnow/2022/20220927/daily_data_v2.dat,09/27/22|DK1010001|Dhaka|PM2.5-24hr|UG/M3|78.1|24|U.S. Department of State Bangladesh - Dhaka|163|3|23.796374|90.424614|050DK1010001,2026-07-18T03:21:35+00:00,97f8ea838096436e441e767a06d4590f6562d21823833cabe340e7d446078daf
2022-09-28,DK1010001,Dhaka,PM2.5-24hr,UG/M3,113.7,24,U.S. Department of State Bangladesh - Dhaka,181,3,23.796374,90.424614,050DK1010001,https://files.airnowtech.org/airnow/2022/20220928/daily_data_v2.dat,09/28/22|DK1010001|Dhaka|PM2.5-24hr|UG/M3|113.7|24|U.S. Department of State Bangladesh - Dhaka|181|3|23.796374|90.424614|050DK1010001,2026-07-18T03:21:35+00:00,9bbd779762dc487b90ff89cce124fc88db36ab87e8f0b45af67cfd289c8c14db
2022-09-29,DK1010001,Dhaka,PM2.5-24hr,UG/M3,92.4,24,U.S. Department of State Bangladesh - Dhaka,170,3,23.796374,90.424614,050DK1010001,https://files.airnowtech.org/airnow/2022/20220929/daily_data_v2.dat,09/29/22|DK1010001|Dhaka|PM2.5-24hr|UG/M3|92.4|24|U.S. Department of State Bangladesh - Dhaka|170|3|23.796374|90.424614|050DK1010001,2026-07-18T03:21:35+00:00,b287bb0aa8b0320a91bdf7e8debcbcb279402141a837b2d5353c2db47cddc1ef
2022-09-30,DK1010001,Dhaka,PM2.5-24hr,UG/M3,70.2,24,U.S. Department of State Bangladesh - Dhaka,159,3,23.796374,90.424614,050DK1010001,https://files.airnowtech.org/airnow/2022/20220930/daily_data_v2.dat,09/30/22|DK1010001|Dhaka|PM2.5-24hr|UG/M3|70.2|24|U.S. Department of State Bangladesh - Dhaka|159|3|23.796374|90.424614|050DK1010001,2026-07-18T03:21:35+00:00,20559c794b9a9831c0641e2b8ac5f1aba92f0cfbfb3b356096775acbb39986db
2022-10-01,DK1010001,Dhaka,PM2.5-24hr,UG/M3,76.6,24,U.S. Department of State Bangladesh - Dhaka,162,3,23.796374,90.424614,050DK1010001,https://files.airnowtech.org/airnow/2022/20221001/daily_data_v2.dat,10/01/22|DK1010001|Dhaka|PM2.5-24hr|UG/M3|76.6|24|U.S. Department of State Bangladesh - Dhaka|162|3|23.796374|90.424614|050DK1010001,2026-07-18T03:21:35+00:00,bc40568242881cb15ce83e462f3cf35a51091132897aaa60187758a44e23c5a7
2022-10-02,DK1010001,Dhaka,PM2.5-24hr,UG/M3,51.3,24,U.S. Department of State Bangladesh - Dhaka,140,2,23.796374,90.424614,050DK1010001,https://files.airnowtech.org/airnow/2022/20221002/daily_data_v2.dat,10/02/22|DK1010001|Dhaka|PM2.5-24hr|UG/M3|51.3|24|U.S. Department of State Bangladesh - Dhaka|140|2|23.796374|90.424614|050DK1010001,2026-07-18T03:21:35+00:00,e126c04bffbb055dcd72eae589ab8b5ca9c3eebccf534d19f1283a03264d1c54
2022-10-03,DK1010001,Dhaka,PM2.5-24hr,UG/M3,37.8,24,U.S. Department of State Bangladesh - Dhaka,107,2,23.796374,90.424614,050DK1010001,https://files.airnowtech.org/airnow/2022/20221003/daily_data_v2.dat,10/03/22|DK1010001|Dhaka|PM2.5-24hr|UG/M3|37.8|24|U.S. Department of State Bangladesh - Dhaka|107|2|23.796374|90.424614|050DK1010001,2026-07-18T03:21:35+00:00,520dd3b213e3cc33160eb0b59f1b4f8b73e65c5b58871b731b63999c5715c945
2022-10-04,DK1010001,Dhaka,PM2.5-24hr,UG/M3,35.1,24,U.S. Department of State Bangladesh - Dhaka,99,1,23.796374,90.424614,050DK1010001,https://files.airnowtech.org/airnow/2022/20221004/daily_data_v2.dat,10/04/22|DK1010001|Dhaka|PM2.5-24hr|UG/M3|35.1|24|U.S. Department of State Bangladesh - Dhaka|99|1|23.796374|90.424614|050DK1010001,2026-07-18T03:21:35+00:00,85ff9b599efcc6e205d526dc077da31f4ed6e110183435dcc634c04efe5d6561
2022-10-05,DK1010001,Dhaka,PM2.5-24hr,UG/M3,30.2,24,U.S. Department of State Bangladesh - Dhaka,89,1,23.796374,90.424614,050DK1010001,https://files.airnowtech.org/airnow/2022/20221005/daily_data_v2.dat,10/05/22|DK1010001|Dhaka|PM2.5-24hr|UG/M3|30.2|24|U.S. Department of State Bangladesh - Dhaka|89|1|23.796374|90.424614|050DK1010001,2026-07-18T03:21:35+00:00,75a2906b048f988e7f93a6696d7cb423afa4c48fab28c2733a916ded0a247f86
2022-10-06,DK1010001,Dhaka,PM2.5-24hr,UG/M3,49.7,24,U.S. Department of State Bangladesh - Dhaka,136,2,23.796374,90.424614,050DK1010001,https://files.airnowtech.org/airnow/2022/20221006/daily_data_v2.dat,10/06/22|DK1010001|Dhaka|PM2.5-24hr|UG/M3|49.7|24|U.S. Department of State Bangladesh - Dhaka|136|2|23.796374|90.424614|050DK1010001,2026-07-18T03:21:35+00:00,b98e8de2bb2eb3aa8402fbe9d65b5d79fcb0d1b3ffdf000b6d60bab88242f02b
2022-10-07,DK1010001,Dhaka,PM2.5-24hr,UG/M3,109.3,24,U.S. Department of State Bangladesh - Dhaka,179,3,23.796374,90.424614,050DK1010001,https://files.airnowtech.org/airnow/2022/20221007/daily_data_v2.dat,10/07/22|DK1010001|Dhaka|PM2.5-24hr|UG/M3|109.3|24|U.S. Department of State Bangladesh - Dhaka|179|3|23.796374|90.424614|050DK1010001,2026-07-18T03:21:35+00:00,1c0a3434d45af9045c4ab47d27e258c5390f6f315bc45926c8a9e7cddaff9152
2022-10-08,DK1010001,Dhaka,PM2.5-24hr,UG/M3,55.3,24,U.S. Department of State Bangladesh - Dhaka,150,2,23.796374,90.424614,050DK1010001,https://files.airnowtech.org/airnow/2022/20221008/daily_data_v2.dat,10/08/22|DK1010001|Dhaka|PM2.5-24hr|UG/M3|55.3|24|U.S. Department of State Bangladesh - Dhaka|150|2|23.796374|90.424614|050DK1010001,2026-07-18T03:21:35+00:00,08be10ccdcee2e6de5ec886a606a1d7c00f1c740de391bfdec1883e1247cdf07
2022-10-09,DK1010001,Dhaka,PM2.5-24hr,UG/M3,40.5,24,U.S. Department of State Bangladesh - Dhaka,114,2,23.796374,90.424614,050DK1010001,https://files.airnowtech.org/airnow/2022/20221009/daily_data_v2.dat,10/09/22|DK1010001|Dhaka|PM2.5-24hr|UG/M3|40.5|24|U.S. Department of State Bangladesh - Dhaka|114|2|23.796374|90.424614|050DK1010001,2026-07-18T03:21:35+00:00,a7c8f66697a777678b2bbac759330a699260554e96223ec6b40f6f667195701b
2022-10-10,DK1010001,Dhaka,PM2.5-24hr,UG/M3,25.9,24,U.S. Department of State Bangladesh - Dhaka,80,1,23.796374,90.424614,050DK1010001,https://files.airnowtech.org/airnow/2022/20221010/daily_data_v2.dat,10/10/22|DK1010001|Dhaka|PM2.5-24hr|UG/M3|25.9|24|U.S. Department of State Bangladesh - Dhaka|80|1|23.796374|90.424614|050DK1010001,2026-07-18T03:21:35+00:00,138f90ee37bbf68f54828ba46efa86342f20201d27954ed0a4cc95abc8d87973
2022-10-11,DK1010001,Dhaka,PM2.5-24hr,UG/M3,21.7,24,U.S. Department of State Bangladesh - Dhaka,71,1,23.796374,90.424614,050DK1010001,https://files.airnowtech.org/airnow/2022/20221011/daily_data_v2.dat,10/11/22|DK1010001|Dhaka|PM2.5-24hr|UG/M3|21.7|24|U.S. Department of State Bangladesh - Dhaka|71|1|23.796374|90.424614|050DK1010001,2026-07-18T03:21:35+00:00,ce31d3df84adb0d67e01477cde3069ea90c2d1999e7ccbb777e9a42ec738d88c
2022-10-12,DK1010001,Dhaka,PM2.5-24hr,UG/M3,34.8,24,U.S. Department of State Bangladesh - Dhaka,99,1,23.796374,90.424614,050DK1010001,https://files.airnowtech.org/airnow/2022/20221012/daily_data_v2.dat,10/12/22|DK1010001|Dhaka|PM2.5-24hr|UG/M3|34.8|24|U.S. Department of State Bangladesh - Dhaka|99|1|23.796374|90.424614|050DK1010001,2026-07-18T03:21:35+00:00,fe8b886eaec5bfd03a4f24e55455944fe58b2534eade71aef9d1920242cf7aab
2022-10-13,DK1010001,Dhaka,PM2.5-24hr,UG/M3,52.1,24,U.S. Department of State Bangladesh - Dhaka,142,2,23.796374,90.424614,050DK1010001,https://files.airnowtech.org/airnow/2022/20221013/daily_data_v2.dat,10/13/22|DK1010001|Dhaka|PM2.5-24hr|UG/M3|52.1|24|U.S. Department of State Bangladesh - Dhaka|142|2|23.796374|90.424614|050DK1010001,2026-07-18T03:21:35+00:00,afb2edcbb930c5e535203612a1c87d0755d88f30f3445af76183601cd573143f
2022-10-14,DK1010001,Dhaka,PM2.5-24hr,UG/M3,80.2,24,U.S. Department of State Bangladesh - Dhaka,164,3,23.796374,90.424614,050DK1010001,https://files.airnowtech.org/airnow/2022/20221014/daily_data_v2.dat,10/14/22|DK1010001|Dhaka|PM2.5-24hr|UG/M3|80.2|24|U.S. Department of State Bangladesh - Dhaka|164|3|23.796374|90.424614|050DK1010001,2026-07-18T03:21:35+00:00,fd013172777f96d9ea8d6e245a2187c8b433247dd23343b7da86f0ed73375a19
2022-10-15,DK1010001,Dhaka,PM2.5-24hr,UG/M3,56.3,24,U.S. Department of State Bangladesh - Dhaka,151,3,23.796374,90.424614,050DK1010001,https://files.airnowtech.org/airnow/2022/20221015/daily_data_v2.dat,10/15/22|DK1010001|Dhaka|PM2.5-24hr|UG/M3|56.3|24|U.S. Department of State Bangladesh - Dhaka|151|3|23.796374|90.424614|050DK1010001,2026-07-18T03:21:35+00:00,58a5ce128ae509b9d8bb1967a3ce1217c891d96302a80364d0b3498835ea8244
2022-10-16,DK1010001,Dhaka,PM2.5-24hr,UG/M3,70.2,24,U.S. Department of State Bangladesh - Dhaka,159,3,23.796374,90.424614,050DK1010001,https://files.airnowtech.org/airnow/2022/20221016/daily_data_v2.dat,10/16/22|DK1010001|Dhaka|PM2.5-24hr|UG/M3|70.2|24|U.S. Department of State Bangladesh - Dhaka|159|3|23.796374|90.424614|050DK1010001,2026-07-18T03:21:35+00:00,36ef3a1c262559257bcdc826eba5ee29ae6093b839dfb71fa4474a8906b04b9b
2022-10-17,DK1010001,Dhaka,PM2.5-24hr,UG/M3,80.3,24,U.S. Department of State Bangladesh - Dhaka,164,3,23.796374,90.424614,050DK1010001,https://files.airnowtech.org/airnow/2022/20221017/daily_data_v2.dat,10/17/22|DK1010001|Dhaka|PM2.5-24hr|UG/M3|80.3|24|U.S. Department of State Bangladesh - Dhaka|164|3|23.796374|90.424614|050DK1010001,2026-07-18T03:21:35+00:00,2fd26fb9db8c3175edc007f2f38651722a57fe5d2e4a47269d50e9c97730fdda
2022-10-18,DK1010001,Dhaka,PM2.5-24hr,UG/M3,79.1,24,U.S. Department of State Bangladesh - Dhaka,163,3,23.796374,90.424614,050DK1010001,https://files.airnowtech.org/airnow/2022/20221018/daily_data_v2.dat,10/18/22|DK1010001|Dhaka|PM2.5-24hr|UG/M3|79.1|24|U.S. Department of State Bangladesh - Dhaka|163|3|23.796374|90.424614|050DK1010001,2026-07-18T03:21:35+00:00,5443c1c26b7f815f91464e7307829c98f746fcedd63d1857bab7a655b14385f2
2022-10-19,DK1010001,Dhaka,PM2.5-24hr,UG/M3,63.0,24,U.S. Department of State Bangladesh - Dhaka,155,3,23.796374,90.424614,050DK1010001,https://files.airnowtech.org/airnow/2022/20221019/daily_data_v2.dat,10/19/22|DK1010001|Dhaka|PM2.5-24hr|UG/M3|63|24|U.S. Department of State Bangladesh - Dhaka|155|3|23.796374|90.424614|050DK1010001,2026-07-18T03:21:35+00:00,be3d11f58261179639b19a8ae9fcc49c0081f59ba04eb5266d7830c3e61fece8
2022-10-20,DK1010001,Dhaka,PM2.5-24hr,UG/M3,73.7,24,U.S. Department of State Bangladesh - Dhaka,160,3,23.796374,90.424614,050DK1010001,https://files.airnowtech.org/airnow/2022/20221020/daily_data_v2.dat,10/20/22|DK1010001|Dhaka|PM2.5-24hr|UG/M3|73.7|24|U.S. Department of State Bangladesh - Dhaka|160|3|23.796374|90.424614|050DK1010001,2026-07-18T03:21:35+00:00,85c065b1e40808e13857358cd1e50a7bd68aa46f57d7b4309796859faaf16fc5
2022-10-21,DK1010001,Dhaka,PM2.5-24hr,UG/M3,55.2,24,U.S. Department of State Bangladesh - Dhaka,150,2,23.796374,90.424614,050DK1010001,https://files.airnowtech.org/airnow/2022/20221021/daily_data_v2.dat,10/21/22|DK1010001|Dhaka|PM2.5-24hr|UG/M3|55.2|24|U.S. Department of State Bangladesh - Dhaka|150|2|23.796374|90.424614|050DK1010001,2026-07-18T03:21:35+00:00,4214704dfc5609a68cebf8542d7cc04f57e343e0c7d4c8860dc44f5caccf53cb
2022-10-22,DK1010001,Dhaka,PM2.5-24hr,UG/M3,50.0,24,U.S. Department of State Bangladesh - Dhaka,137,2,23.796374,90.424614,050DK1010001,https://files.airnowtech.org/airnow/2022/20221022/daily_data_v2.dat,10/22/22|DK1010001|Dhaka|PM2.5-24hr|UG/M3|50|24|U.S. Department of State Bangladesh - Dhaka|137|2|23.796374|90.424614|050DK1010001,2026-07-18T03:21:35+00:00,bc14ad0b9e0ef971068311f139fc2b43ae89f309ddfa9645ab951144feba9b3a
2022-10-23,DK1010001,Dhaka,PM2.5-24hr,UG/M3,81.3,24,U.S. Department of State Bangladesh - Dhaka,164,3,23.796374,90.424614,050DK1010001,https://files.airnowtech.org/airnow/2022/20221023/daily_data_v2.dat,10/23/22|DK1010001|Dhaka|PM2.5-24hr|UG/M3|81.3|24|U.S. Department of State Bangladesh - Dhaka|164|3|23.796374|90.424614|050DK1010001,2026-07-18T03:21:35+00:00,7373123c0cb25f1cf15677043ba1540594b167fa376eed819df3c12231108e58
2022-10-24,DK1010001,Dhaka,PM2.5-24hr,UG/M3,35.4,24,U.S. Department of State Bangladesh - Dhaka,100,1,23.796374,90.424614,050DK1010001,https://files.airnowtech.org/airnow/2022/20221024/daily_data_v2.dat,10/24/22|DK1010001|Dhaka|PM2.5-24hr|UG/M3|35.4|24|U.S. Department of State Bangladesh - Dhaka|100|1|23.796374|90.424614|050DK1010001,2026-07-18T03:21:35+00:00,e65430c76a9b99bb5dcf637b3f0dd047c3281ee7997549cbf32a6b7b319cfaa1
2022-10-25,DK1010001,Dhaka,PM2.5-24hr,UG/M3,50.5,24,U.S. Department of State Bangladesh - Dhaka,138,2,23.796374,90.424614,050DK1010001,https://files.airnowtech.org/airnow/2022/20221025/daily_data_v2.dat,10/25/22|DK1010001|Dhaka|PM2.5-24hr|UG/M3|50.5|24|U.S. Department of State Bangladesh - Dhaka|138|2|23.796374|90.424614|050DK1010001,2026-07-18T03:21:35+00:00,b1672b9ad08fad5e7ff57970e6c63c3bfeee3d16af9adec283d87d6849534446
2022-10-26,DK1010001,Dhaka,PM2.5-24hr,UG/M3,71.5,24,U.S. Department of State Bangladesh - Dhaka,159,3,23.796374,90.424614,050DK1010001,https://files.airnowtech.org/airnow/2022/20221026/daily_data_v2.dat,10/26/22|DK1010001|Dhaka|PM2.5-24hr|UG/M3|71.5|24|U.S. Department of State Bangladesh - Dhaka|159|3|23.796374|90.424614|050DK1010001,2026-07-18T03:21:35+00:00,071fbe5e73cfeb10f0ec82b08c5dfde107dad526d19242b14617a03244eb51aa
2022-10-27,DK1010001,Dhaka,PM2.5-24hr,UG/M3,88.3,24,U.S. Department of State Bangladesh - Dhaka,168,3,23.796374,90.424614,050DK1010001,https://files.airnowtech.org/airnow/2022/20221027/daily_data_v2.dat,10/27/22|DK1010001|Dhaka|PM2.5-24hr|UG/M3|88.3|24|U.S. Department of State Bangladesh - Dhaka|168|3|23.796374|90.424614|050DK1010001,2026-07-18T03:21:35+00:00,936eddcece5d4a38c76ac6f74251c8453815c6769d4c6c62c0b00203c15c5d9c
2022-10-28,DK1010001,Dhaka,PM2.5-24hr,UG/M3,97.2,24,U.S. Department of State Bangladesh - Dhaka,173,3,23.796374,90.424614,050DK1010001,https://files.airnowtech.org/airnow/2022/20221028/daily_data_v2.dat,10/28/22|DK1010001|Dhaka|PM2.5-24hr|UG/M3|97.2|24|U.S. Department of State Bangladesh - Dhaka|173|3|23.796374|90.424614|050DK1010001,2026-07-18T03:21:35+00:00,e084faca9929d44745fc1380588f998b50d0d2ac61a70700ade72ba9dbc1f9c7
2022-10-29,DK1010001,Dhaka,PM2.5-24hr,UG/M3,91.7,24,U.S. Department of State Bangladesh - Dhaka,170,3,23.796374,90.424614,050DK1010001,https://files.airnowtech.org/airnow/2022/20221029/daily_data_v2.dat,10/29/22|DK1010001|Dhaka|PM2.5-24hr|UG/M3|91.7|24|U.S. Department of State Bangladesh - Dhaka|170|3|23.796374|90.424614|050DK1010001,2026-07-18T03:21:35+00:00,2873b6dbf9c346b8f5a10da54e0b988563d91b639a3f3b5cb39b71677e2683ad
2022-10-30,DK1010001,Dhaka,PM2.5-24hr,UG/M3,85.7,24,U.S. Department of State Bangladesh - Dhaka,167,3,23.796374,90.424614,050DK1010001,https://files.airnowtech.org/airnow/2022/20221030/daily_data_v2.dat,10/30/22|DK1010001|Dhaka|PM2.5-24hr|UG/M3|85.7|24|U.S. Department of State Bangladesh - Dhaka|167|3|23.796374|90.424614|050DK1010001,2026-07-18T03:21:35+00:00,e0f8f86542e65302126ca3234e91887f7b971cb92f2f45666fd549112d6abf89
2022-10-31,DK1010001,Dhaka,PM2.5-24hr,UG/M3,92.2,24,U.S. Department of State Bangladesh - Dhaka,170,3,23.796374,90.424614,050DK1010001,https://files.airnowtech.org/airnow/2022/20221031/daily_data_v2.dat,10/31/22|DK1010001|Dhaka|PM2.5-24hr|UG/M3|92.2|24|U.S. Department of State Bangladesh - Dhaka|170|3|23.796374|90.424614|050DK1010001,2026-07-18T03:21:35+00:00,85cd0737d3a165fb505ea7b266f9ced8f2cccebbcd15f9d64461bf82a1b029f8
2022-11-01,DK1010001,Dhaka,PM2.5-24hr,UG/M3,80.4,24,U.S. Department of State Bangladesh - Dhaka,164,3,23.796374,90.424614,050DK1010001,https://files.airnowtech.org/airnow/2022/20221101/daily_data_v2.dat,11/01/22|DK1010001|Dhaka|PM2.5-24hr|UG/M3|80.4|24|U.S. Department of State Bangladesh - Dhaka|164|3|23.796374|90.424614|050DK1010001,2026-07-18T03:21:35+00:00,0f88bd1c11b26c9efb6c89bf6f139cdccd7e5f91893960d6e20ee1462078fe6a
2022-11-02,DK1010001,Dhaka,PM2.5-24hr,UG/M3,72.1,24,U.S. Department of State Bangladesh - Dhaka,160,3,23.796374,90.424614,050DK1010001,https://files.airnowtech.org/airnow/2022/20221102/daily_data_v2.dat,11/02/22|DK1010001|Dhaka|PM2.5-24hr|UG/M3|72.1|24|U.S. Department of State Bangladesh - Dhaka|160|3|23.796374|90.424614|050DK1010001,2026-07-18T03:21:35+00:00,1f7a3eb0e1465e9fc4f16746d3fc8a4af50c5bb4d7e50b70d4191fb161cca246
2022-11-03,DK1010001,Dhaka,PM2.5-24hr,UG/M3,79.6,24,U.S. Department of State Bangladesh - Dhaka,163,3,23.796374,90.424614,050DK1010001,https://files.airnowtech.org/airnow/2022/20221103/daily_data_v2.dat,11/03/22|DK1010001|Dhaka|PM2.5-24hr|UG/M3|79.6|24|U.S. Department of State Bangladesh - Dhaka|163|3|23.796374|90.424614|050DK1010001,2026-07-18T03:21:35+00:00,0b34653677f39a6c52d548d1a2766dffef744ef079073bfd92665bfcf5351ddc
2022-11-04,DK1010001,Dhaka,PM2.5-24hr,UG/M3,112.0,24,U.S. Department of State Bangladesh - Dhaka,180,3,23.796374,90.424614,050DK1010001,https://files.airnowtech.org/airnow/2022/20221104/daily_data_v2.dat,11/04/22|DK1010001|Dhaka|PM2.5-24hr|UG/M3|112|24|U.S. Department of State Bangladesh - Dhaka|180|3|23.796374|90.424614|050DK1010001,2026-07-18T03:21:35+00:00,9dd343fd423570297bef54b7912421673acbda1371f757bc38c26f6922c00bd7
2022-11-05,DK1010001,Dhaka,PM2.5-24hr,UG/M3,105.5,24,U.S. Department of State Bangladesh - Dhaka,177,3,23.796374,90.424614,050DK1010001,https://files.airnowtech.org/airnow/2022/20221105/daily_data_v2.dat,11/05/22|DK1010001|Dhaka|PM2.5-24hr|UG/M3|105.5|24|U.S. Department of State Bangladesh - Dhaka|177|3|23.796374|90.424614|050DK1010001,2026-07-18T03:21:35+00:00,6ee85536982a77571bafaf0a4b338c06e4cb49d961a73aca2c22afb432ec9a06
2022-11-06,DK1010001,Dhaka,PM2.5-24hr,UG/M3,88.5,24,U.S. Department of State Bangladesh - Dhaka,168,3,23.796374,90.424614,050DK1010001,https://files.airnowtech.org/airnow/2022/20221106/daily_data_v2.dat,11/06/22|DK1010001|Dhaka|PM2.5-24hr|UG/M3|88.5|24|U.S. Department of State Bangladesh - Dhaka|168|3|23.796374|90.424614|050DK1010001,2026-07-18T03:21:35+00:00,64f9930bd6fc2df80868d7757388532af9b4232d6d7988bb4402e62f19455f1f
2022-11-07,DK1010001,Dhaka,PM2.5-24hr,UG/M3,106.6,24,U.S. Department of State Bangladesh - Dhaka,177,3,23.796374,90.424614,050DK1010001,https://files.airnowtech.org/airnow/2022/20221107/daily_data_v2.dat,11/07/22|DK1010001|Dhaka|PM2.5-24hr|UG/M3|106.6|24|U.S. Department of State Bangladesh - Dhaka|177|3|23.796374|90.424614|050DK1010001,2026-07-18T03:21:35+00:00,3bc5b6ba1cf596f6a764d17ba8bf9fb94e9c4f489c5e277c48bd959ebac7d0ba
2022-11-08,DK1010001,Dhaka,PM2.5-24hr,UG/M3,87.8,24,U.S. Department of State Bangladesh - Dhaka,168,3,23.796374,90.424614,050DK1010001,https://files.airnowtech.org/airnow/2022/20221108/daily_data_v2.dat,11/08/22|DK1010001|Dhaka|PM2.5-24hr|UG/M3|87.8|24|U.S. Department of State Bangladesh - Dhaka|168|3|23.796374|90.424614|050DK1010001,2026-07-18T03:21:35+00:00,840249359310be8ee5da8e1c5cafb90b4914960beca55f59d4a648aafd954e15
2022-11-09,DK1010001,Dhaka,PM2.5-24hr,UG/M3,46.4,24,U.S. Department of State Bangladesh - Dhaka,128,2,23.796374,90.424614,050DK1010001,https://files.airnowtech.org/airnow/2022/20221109/daily_data_v2.dat,11/09/22|DK1010001|Dhaka|PM2.5-24hr|UG/M3|46.4|24|U.S. Department of State Bangladesh - Dhaka|128|2|23.796374|90.424614|050DK1010001,2026-07-18T03:21:35+00:00,955cc3a0faedf9a6ae97669f5a85c35804b1a348c0b55793e452ffca6b642b83
2022-11-10,DK1010001,Dhaka,PM2.5-24hr,UG/M3,49.3,24,U.S. Department of State Bangladesh - Dhaka,135,2,23.796374,90.424614,050DK1010001,https://files.airnowtech.org/airnow/2022/20221110/daily_data_v2.dat,11/10/22|DK1010001|Dhaka|PM2.5-24hr|UG/M3|49.3|24|U.S. Department of State Bangladesh - Dhaka|135|2|23.796374|90.424614|050DK1010001,2026-07-18T03:21:35+00:00,964941fde5833afb1dab5a1264364b66e2df805028c20d9f02ef7d086d8ae0e7
2022-11-11,DK1010001,Dhaka,PM2.5-24hr,UG/M3,70.7,24,U.S. Department of State Bangladesh - Dhaka,159,3,23.796374,90.424614,050DK1010001,https://files.airnowtech.org/airnow/2022/20221111/daily_data_v2.dat,11/11/22|DK1010001|Dhaka|PM2.5-24hr|UG/M3|70.7|24|U.S. Department of State Bangladesh - Dhaka|159|3|23.796374|90.424614|050DK1010001,2026-07-18T03:21:35+00:00,201a6ec44a4318a8bb1927d8d93067685f1f1c248680ef8a53fbc57edca70537
2022-11-12,DK1010001,Dhaka,PM2.5-24hr,UG/M3,107.5,24,U.S. Department of State Bangladesh - Dhaka,178,3,23.796374,90.424614,050DK1010001,https://files.airnowtech.org/airnow/2022/20221112/daily_data_v2.dat,11/12/22|DK1010001|Dhaka|PM2.5-24hr|UG/M3|107.5|24|U.S. Department of State Bangladesh - Dhaka|178|3|23.796374|90.424614|050DK1010001,2026-07-18T03:21:35+00:00,9658a21e82dce8180be8ab7f1bfce04512b640b462ab1be63f41860a6674de1b
2022-11-13,DK1010001,Dhaka,PM2.5-24hr,UG/M3,182.1,24,U.S. Department of State Bangladesh - Dhaka,232,4,23.796374,90.424614,050DK1010001,https://files.airnowtech.org/airnow/2022/20221113/daily_data_v2.dat,11/13/22|DK1010001|Dhaka|PM2.5-24hr|UG/M3|182.1|24|U.S. Department of State Bangladesh - Dhaka|232|4|23.796374|90.424614|050DK1010001,2026-07-18T03:21:35+00:00,354c4edecd3d0a7b03bc9202df437919d3bb0e4c3006c1c0e56ae17e954ad909
2022-11-14,DK1010001,Dhaka,PM2.5-24hr,UG/M3,134.7,24,U.S. Department of State Bangladesh - Dhaka,192,3,23.796374,90.424614,050DK1010001,https://files.airnowtech.org/airnow/2022/20221114/daily_data_v2.dat,11/14/22|DK1010001|Dhaka|PM2.5-24hr|UG/M3|134.7|24|U.S. Department of State Bangladesh - Dhaka|192|3|23.796374|90.424614|050DK1010001,2026-07-18T03:21:35+00:00,c9558c64191c53630302c05248b14278b1ab07e420361c487ea15c9775130d6e
2022-11-15,DK1010001,Dhaka,PM2.5-24hr,UG/M3,113.7,24,U.S. Department of State Bangladesh - Dhaka,181,3,23.796374,90.424614,050DK1010001,https://files.airnowtech.org/airnow/2022/20221115/daily_data_v2.dat,11/15/22|DK1010001|Dhaka|PM2.5-24hr|UG/M3|113.7|24|U.S. Department of State Bangladesh - Dhaka|181|3|23.796374|90.424614|050DK1010001,2026-07-18T03:21:35+00:00,b380dd52be2c2ddbd9e954941dab767a975a474257237b75ec5510be0792e06b
2022-11-16,DK1010001,Dhaka,PM2.5-24hr,UG/M3,98.3,24,U.S. Department of State Bangladesh - Dhaka,173,3,23.796374,90.424614,050DK1010001,https://files.airnowtech.org/airnow/2022/20221116/daily_data_v2.dat,11/16/22|DK1010001|Dhaka|PM2.5-24hr|UG/M3|98.3|24|U.S. Department of State Bangladesh - Dhaka|173|3|23.796374|90.424614|050DK1010001,2026-07-18T03:21:35+00:00,99c0d57bd84bd963c610c44999103dc7fa2c2fb3868111e0a4874bf77ba72775
2022-11-17,DK1010001,Dhaka,PM2.5-24hr,UG/M3,119.2,24,U.S. Department of State Bangladesh - Dhaka,184,3,23.796374,90.424614,050DK1010001,https://files.airnowtech.org/airnow/2022/20221117/daily_data_v2.dat,11/17/22|DK1010001|Dhaka|PM2.5-24hr|UG/M3|119.2|24|U.S. Department of State Bangladesh - Dhaka|184|3|23.796374|90.424614|050DK1010001,2026-07-18T03:21:35+00:00,783379bb3d9a71aa9c5da6c52bc3b985622360a2b284c079db6777905a3c20fd
2022-11-18,DK1010001,Dhaka,PM2.5-24hr,UG/M3,144.0,24,U.S. Department of State Bangladesh - Dhaka,197,3,23.796374,90.424614,050DK1010001,https://files.airnowtech.org/airnow/2022/20221118/daily_data_v2.dat,11/18/22|DK1010001|Dhaka|PM2.5-24hr|UG/M3|144|24|U.S. Department of State Bangladesh - Dhaka|197|3|23.796374|90.424614|050DK1010001,2026-07-18T03:21:35+00:00,26cdceb056a6d6f33f6e9e45cc2ebf12756825073bb567a96c1774f0a1779685
2022-11-19,DK1010001,Dhaka,PM2.5-24hr,UG/M3,112.7,24,U.S. Department of State Bangladesh - Dhaka,181,3,23.796374,90.424614,050DK1010001,https://files.airnowtech.org/airnow/2022/20221119/daily_data_v2.dat,11/19/22|DK1010001|Dhaka|PM2.5-24hr|UG/M3|112.7|24|U.S. Department of State Bangladesh - Dhaka|181|3|23.796374|90.424614|050DK1010001,2026-07-18T03:21:35+00:00,79bf87886b225f31e3e912491a773f2804f686bb06ac314bbb8a327a79e785f8
2022-11-20,DK1010001,Dhaka,PM2.5-24hr,UG/M3,108.5,24,U.S. Department of State Bangladesh - Dhaka,178,3,23.796374,90.424614,050DK1010001,https://files.airnowtech.org/airnow/2022/20221120/daily_data_v2.dat,11/20/22|DK1010001|Dhaka|PM2.5-24hr|UG/M3|108.5|24|U.S. Department of State Bangladesh - Dhaka|178|3|23.796374|90.424614|050DK1010001,2026-07-18T03:21:35+00:00,e86ef2bc0dce6763c25432e35bc7717d5b6855275d663bc6a8800f444d28a7fc
2022-11-21,DK1010001,Dhaka,PM2.5-24hr,UG/M3,99.7,24,U.S. Department of State Bangladesh - Dhaka,174,3,23.796374,90.424614,050DK1010001,https://files.airnowtech.org/airnow/2022/20221121/daily_data_v2.dat,11/21/22|DK1010001|Dhaka|PM2.5-24hr|UG/M3|99.7|24|U.S. Department of State Bangladesh - Dhaka|174|3|23.796374|90.424614|050DK1010001,2026-07-18T03:21:35+00:00,78e7a760e81fa78c925dcf09cda960e7a4c30887aa45344101de3308b8e700f9
2022-11-22,DK1010001,Dhaka,PM2.5-24hr,UG/M3,150.6,24,U.S. Department of State Bangladesh - Dhaka,201,4,23.796374,90.424614,050DK1010001,https://files.airnowtech.org/airnow/2022/20221122/daily_data_v2.dat,11/22/22|DK1010001|Dhaka|PM2.5-24hr|UG/M3|150.6|24|U.S. Department of State Bangladesh - Dhaka|201|4|23.796374|90.424614|050DK1010001,2026-07-18T03:21:35+00:00,3e99631f860023ac9496e5f07d8c2bdad72b0103cd0889427815b68c989d7207
2022-11-23,DK1010001,Dhaka,PM2.5-24hr,UG/M3,141.6,24,U.S. Department of State Bangladesh - Dhaka,195,3,23.796374,90.424614,050DK1010001,https://files.airnowtech.org/airnow/2022/20221123/daily_data_v2.dat,11/23/22|DK1010001|Dhaka|PM2.5-24hr|UG/M3|141.6|24|U.S. Department of State Bangladesh - Dhaka|195|3|23.796374|90.424614|050DK1010001,2026-07-18T03:21:35+00:00,16a04d50ddb4c8b49a5c7a9ac57f2f407e33075df37a936eb4fc5f4fc2868738
2022-11-24,DK1010001,Dhaka,PM2.5-24hr,UG/M3,138.6,24,U.S. Department of State Bangladesh - Dhaka,194,3,23.796374,90.424614,050DK1010001,https://files.airnowtech.org/airnow/2022/20221124/daily_data_v2.dat,11/24/22|DK1010001|Dhaka|PM2.5-24hr|UG/M3|138.6|24|U.S. Department of State Bangladesh - Dhaka|194|3|23.796374|90.424614|050DK1010001,2026-07-18T03:21:35+00:00,266c1e435c1a20480d8820d79b9472262d70261d4a8c4df4b74238e51576f6ec
2022-11-25,DK1010001,Dhaka,PM2.5-24hr,UG/M3,125.8,24,U.S. Department of State Bangladesh - Dhaka,187,3,23.796374,90.424614,050DK1010001,https://files.airnowtech.org/airnow/2022/20221125/daily_data_v2.dat,11/25/22|DK1010001|Dhaka|PM2.5-24hr|UG/M3|125.8|24|U.S. Department of State Bangladesh - Dhaka|187|3|23.796374|90.424614|050DK1010001,2026-07-18T03:21:35+00:00,c05417b7e17842d6d0b205a79c7921beaff48b673a733ddb8933df19ce99a773
2022-11-26,DK1010001,Dhaka,PM2.5-24hr,UG/M3,110.9,24,U.S. Department of State Bangladesh - Dhaka,180,3,23.796374,90.424614,050DK1010001,https://files.airnowtech.org/airnow/2022/20221126/daily_data_v2.dat,11/26/22|DK1010001|Dhaka|PM2.5-24hr|UG/M3|110.9|24|U.S. Department of State Bangladesh - Dhaka|180|3|23.796374|90.424614|050DK1010001,2026-07-18T03:21:35+00:00,2c3eafc9f9e0e450bda0c926e5963a94bab44b32e5d77791986e39e8e1fd64a9
2022-11-27,DK1010001,Dhaka,PM2.5-24hr,UG/M3,92.8,24,U.S. Department of State Bangladesh - Dhaka,170,3,23.796374,90.424614,050DK1010001,https://files.airnowtech.org/airnow/2022/20221127/daily_data_v2.dat,11/27/22|DK1010001|Dhaka|PM2.5-24hr|UG/M3|92.8|24|U.S. Department of State Bangladesh - Dhaka|170|3|23.796374|90.424614|050DK1010001,2026-07-18T03:21:35+00:00,ebb5f56bb3a96f40e037cdbc4cc8c2af29a1e253df31707ca1fcfd9829f811cb
2022-11-28,DK1010001,Dhaka,PM2.5-24hr,UG/M3,100.4,24,U.S. Department of State Bangladesh - Dhaka,174,3,23.796374,90.424614,050DK1010001,https://files.airnowtech.org/airnow/2022/20221128/daily_data_v2.dat,11/28/22|DK1010001|Dhaka|PM2.5-24hr|UG/M3|100.4|24|U.S. Department of State Bangladesh - Dhaka|174|3|23.796374|90.424614|050DK1010001,2026-07-18T03:21:35+00:00,b87a7ae546e8e086821351f7846cf94368492b45fa191b70f0f1f24322a79561
2022-11-29,DK1010001,Dhaka,PM2.5-24hr,UG/M3,128.8,24,U.S. Department of State Bangladesh - Dhaka,189,3,23.796374,90.424614,050DK1010001,https://files.airnowtech.org/airnow/2022/20221129/daily_data_v2.dat,11/29/22|DK1010001|Dhaka|PM2.5-24hr|UG/M3|128.8|24|U.S. Department of State Bangladesh - Dhaka|189|3|23.796374|90.424614|050DK1010001,2026-07-18T03:21:35+00:00,edb637e49d80b222bbb7134366d9643d87c7909831517d1158f4fd13ba6a8334
2022-11-30,DK1010001,Dhaka,PM2.5-24hr,UG/M3,136.2,24,U.S. Department of State Bangladesh - Dhaka,193,3,23.796374,90.424614,050DK1010001,https://files.airnowtech.org/airnow/2022/20221130/daily_data_v2.dat,11/30/22|DK1010001|Dhaka|PM2.5-24hr|UG/M3|136.2|24|U.S. Department of State Bangladesh - Dhaka|193|3|23.796374|90.424614|050DK1010001,2026-07-18T03:21:35+00:00,bca1f97552e0daed5c743717f9e7b45e1739f68df5ff6cf8ab1d081947e88977
2022-12-01,DK1010001,Dhaka,PM2.5-24hr,UG/M3,116.0,24,U.S. Department of State Bangladesh - Dhaka,182,3,23.796374,90.424614,050DK1010001,https://files.airnowtech.org/airnow/2022/20221201/daily_data_v2.dat,12/01/22|DK1010001|Dhaka|PM2.5-24hr|UG/M3|116|24|U.S. Department of State Bangladesh - Dhaka|182|3|23.796374|90.424614|050DK1010001,2026-07-18T03:21:35+00:00,95a4a90374ae6b9cb5edf39a0b46b0cbd390ee7a8ca0ed918b1fbe83ab19e129
2022-12-02,DK1010001,Dhaka,PM2.5-24hr,UG/M3,106.4,24,U.S. Department of State Bangladesh - Dhaka,177,3,23.796374,90.424614,050DK1010001,https://files.airnowtech.org/airnow/2022/20221202/daily_data_v2.dat,12/02/22|DK1010001|Dhaka|PM2.5-24hr|UG/M3|106.4|24|U.S. Department of State Bangladesh - Dhaka|177|3|23.796374|90.424614|050DK1010001,2026-07-18T03:21:35+00:00,5ae68c67b0c4ef7f8058beb99c297d5f5b742a82b3b045abbce6a76e3c1126d4
2022-12-03,DK1010001,Dhaka,PM2.5-24hr,UG/M3,130.9,24,U.S. Department of State Bangladesh - Dhaka,190,3,23.796374,90.424614,050DK1010001,https://files.airnowtech.org/airnow/2022/20221203/daily_data_v2.dat,12/03/22|DK1010001|Dhaka|PM2.5-24hr|UG/M3|130.9|24|U.S. Department of State Bangladesh - Dhaka|190|3|23.796374|90.424614|050DK1010001,2026-07-18T03:21:35+00:00,f819b2ae1f67608d53fbe257ccffb35f5138b7c597bb020212885955045ae056
2022-12-04,DK1010001,Dhaka,PM2.5-24hr,UG/M3,145.1,24,U.S. Department of State Bangladesh - Dhaka,197,3,23.796374,90.424614,050DK1010001,https://files.airnowtech.org/airnow/2022/20221204/daily_data_v2.dat,12/04/22|DK1010001|Dhaka|PM2.5-24hr|UG/M3|145.1|24|U.S. Department of State Bangladesh - Dhaka|197|3|23.796374|90.424614|050DK1010001,2026-07-18T03:21:35+00:00,3798211a6207996a94f56a86d02a627e2534f73e2b9691d3726987a39e6c1c22
2022-12-05,DK1010001,Dhaka,PM2.5-24hr,UG/M3,141.5,24,U.S. Department of State Bangladesh - Dhaka,195,3,23.796374,90.424614,050DK1010001,https://files.airnowtech.org/airnow/2022/20221205/daily_data_v2.dat,12/05/22|DK1010001|Dhaka|PM2.5-24hr|UG/M3|141.5|24|U.S. Department of State Bangladesh - Dhaka|195|3|23.796374|90.424614|050DK1010001,2026-07-18T03:21:35+00:00,73f92a6dcbbe01874f59f7936efe905d315f0ce87394d0f624a63014ca926c7f
2022-12-06,DK1010001,Dhaka,PM2.5-24hr,UG/M3,124.5,24,U.S. Department of State Bangladesh - Dhaka,187,3,23.796374,90.424614,050DK1010001,https://files.airnowtech.org/airnow/2022/20221206/daily_data_v2.dat,12/06/22|DK1010001|Dhaka|PM2.5-24hr|UG/M3|124.5|24|U.S. Department of State Bangladesh - Dhaka|187|3|23.796374|90.424614|050DK1010001,2026-07-18T03:21:35+00:00,bb865679ce46af6101326823cc015e1332eb59d908a53c1d31b06ee579d9b456
2022-12-07,DK1010001,Dhaka,PM2.5-24hr,UG/M3,136.9,24,U.S. Department of State Bangladesh - Dhaka,193,3,23.796374,90.424614,050DK1010001,https://files.airnowtech.org/airnow/2022/20221207/daily_data_v2.dat,12/07/22|DK1010001|Dhaka|PM2.5-24hr|UG/M3|136.9|24|U.S. Department of State Bangladesh - Dhaka|193|3|23.796374|90.424614|050DK1010001,2026-07-18T03:21:35+00:00,479cdbc5ea08b4c848a631d8d6a02865d64bb45319f0415d3d5d23eb08b33cf1
2022-12-08,DK1010001,Dhaka,PM2.5-24hr,UG/M3,149.5,24,U.S. Department of State Bangladesh - Dhaka,200,3,23.796374,90.424614,050DK1010001,https://files.airnowtech.org/airnow/2022/20221208/daily_data_v2.dat,12/08/22|DK1010001|Dhaka|PM2.5-24hr|UG/M3|149.5|24|U.S. Department of State Bangladesh - Dhaka|200|3|23.796374|90.424614|050DK1010001,2026-07-18T03:21:35+00:00,84760a06124a1a0d82717daabc7311ea9e4beaad75bc9de8d473071532c26e79
2022-12-09,DK1010001,Dhaka,PM2.5-24hr,UG/M3,140.0,24,U.S. Department of State Bangladesh - Dhaka,195,3,23.796374,90.424614,050DK1010001,https://files.airnowtech.org/airnow/2022/20221209/daily_data_v2.dat,12/09/22|DK1010001|Dhaka|PM2.5-24hr|UG/M3|140|24|U.S. Department of State Bangladesh - Dhaka|195|3|23.796374|90.424614|050DK1010001,2026-07-18T03:21:35+00:00,b562983f6f800adc07bdf3d33ea8d531ec88e5a5e83b043e32feec1311c61629
2022-12-10,DK1010001,Dhaka,PM2.5-24hr,UG/M3,103.4,24,U.S. Department of State Bangladesh - Dhaka,176,3,23.796374,90.424614,050DK1010001,https://files.airnowtech.org/airnow/2022/20221210/daily_data_v2.dat,12/10/22|DK1010001|Dhaka|PM2.5-24hr|UG/M3|103.4|24|U.S. Department of State Bangladesh - Dhaka|176|3|23.796374|90.424614|050DK1010001,2026-07-18T03:21:35+00:00,05b0fabc0a6428e8c8aff87a7e69bb8fe1079da9b10be48b01c9c606c4e1ac12
2022-12-11,DK1010001,Dhaka,PM2.5-24hr,UG/M3,136.1,24,U.S. Department of State Bangladesh - Dhaka,193,3,23.796374,90.424614,050DK1010001,https://files.airnowtech.org/airnow/2022/20221211/daily_data_v2.dat,12/11/22|DK1010001|Dhaka|PM2.5-24hr|UG/M3|136.1|24|U.S. Department of State Bangladesh - Dhaka|193|3|23.796374|90.424614|050DK1010001,2026-07-18T03:21:35+00:00,c9d11375e1adbb3f5f78eebec4e775768b8f53baad833531541dbfac073877a4
2022-12-12,DK1010001,Dhaka,PM2.5-24hr,UG/M3,176.0,24,U.S. Department of State Bangladesh - Dhaka,226,4,23.796374,90.424614,050DK1010001,https://files.airnowtech.org/airnow/2022/20221212/daily_data_v2.dat,12/12/22|DK1010001|Dhaka|PM2.5-24hr|UG/M3|176|24|U.S. Department of State Bangladesh - Dhaka|226|4|23.796374|90.424614|050DK1010001,2026-07-18T03:21:35+00:00,6cff38d0105942b24d5252da981469c991a35c9ae983b3cc1e2e7d7c189f7256
2022-12-13,DK1010001,Dhaka,PM2.5-24hr,UG/M3,234.0,24,U.S. Department of State Bangladesh - Dhaka,284,4,23.796374,90.424614,050DK1010001,https://files.airnowtech.org/airnow/2022/20221213/daily_data_v2.dat,12/13/22|DK1010001|Dhaka|PM2.5-24hr|UG/M3|234|24|U.S. Department of State Bangladesh - Dhaka|284|4|23.796374|90.424614|050DK1010001,2026-07-18T03:21:35+00:00,bfec9c20dfb63325ff9b7d748d7d74478b26e3b9fd91a1ad725dd67c7eddbed1
2022-12-14,DK1010001,Dhaka,PM2.5-24hr,UG/M3,313.2,24,U.S. Department of State Bangladesh - Dhaka,363,5,23.796374,90.424614,050DK1010001,https://files.airnowtech.org/airnow/2022/20221214/daily_data_v2.dat,12/14/22|DK1010001|Dhaka|PM2.5-24hr|UG/M3|313.2|24|U.S. Department of State Bangladesh - Dhaka|363|5|23.796374|90.424614|050DK1010001,2026-07-18T03:21:35+00:00,3984c0dcdefb4072f73a085299752831f4741fd546aaa5c02abfcda4c5a2fec3
2022-12-15,DK1010001,Dhaka,PM2.5-24hr,UG/M3,254.5,24,U.S. Department of State Bangladesh - Dhaka,305,5,23.796374,90.424614,050DK1010001,https://files.airnowtech.org/airnow/2022/20221215/daily_data_v2.dat,12/15/22|DK1010001|Dhaka|PM2.5-24hr|UG/M3|254.5|24|U.S. Department of State Bangladesh - Dhaka|305|5|23.796374|90.424614|050DK1010001,2026-07-18T03:21:35+00:00,9c38e39989873e601ade60c948060dceb829132bd16cd706346f13df1d1a6535
2022-12-16,DK1010001,Dhaka,PM2.5-24hr,UG/M3,246.6,24,U.S. Department of State Bangladesh - Dhaka,296,4,23.796374,90.424614,050DK1010001,https://files.airnowtech.org/airnow/2022/20221216/daily_data_v2.dat,12/16/22|DK1010001|Dhaka|PM2.5-24hr|UG/M3|246.6|24|U.S. Department of State Bangladesh - Dhaka|296|4|23.796374|90.424614|050DK1010001,2026-07-18T03:21:35+00:00,e76b35c94023747b7655c36303453579a8f27b1cad3152a12dd99de03137505d
2022-12-17,DK1010001,Dhaka,PM2.5-24hr,UG/M3,211.2,24,U.S. Department of State Bangladesh - Dhaka,261,4,23.796374,90.424614,050DK1010001,https://files.airnowtech.org/airnow/2022/20221217/daily_data_v2.dat,12/17/22|DK1010001|Dhaka|PM2.5-24hr|UG/M3|211.2|24|U.S. Department of State Bangladesh - Dhaka|261|4|23.796374|90.424614|050DK1010001,2026-07-18T03:21:35+00:00,c6d68c305d82992256941d76ba68637d6a62d72556b68d280f19bd23cde866e8
2022-12-18,DK1010001,Dhaka,PM2.5-24hr,UG/M3,250.0,24,U.S. Department of State Bangladesh - Dhaka,300,4,23.796374,90.424614,050DK1010001,https://files.airnowtech.org/airnow/2022/20221218/daily_data_v2.dat,12/18/22|DK1010001|Dhaka|PM2.5-24hr|UG/M3|250|24|U.S. Department of State Bangladesh - Dhaka|300|4|23.796374|90.424614|050DK1010001,2026-07-18T03:21:35+00:00,03cd30c77ee732cadc22ebf5d6586811a1cb54a99dfcf78480cb57937fab303b
2022-12-19,DK1010001,Dhaka,PM2.5-24hr,UG/M3,223.8,24,U.S. Department of State Bangladesh - Dhaka,274,4,23.796374,90.424614,050DK1010001,https://files.airnowtech.org/airnow/2022/20221219/daily_data_v2.dat,12/19/22|DK1010001|Dhaka|PM2.5-24hr|UG/M3|223.8|24|U.S. Department of State Bangladesh - Dhaka|274|4|23.796374|90.424614|050DK1010001,2026-07-18T03:21:35+00:00,c70d041b79cb19649acc00b98239f69522dec170c118b22964869129225ddf3a
2022-12-20,DK1010001,Dhaka,PM2.5-24hr,UG/M3,209.6,24,U.S. Department of State Bangladesh - Dhaka,260,4,23.796374,90.424614,050DK1010001,https://files.airnowtech.org/airnow/2022/20221220/daily_data_v2.dat,12/20/22|DK1010001|Dhaka|PM2.5-24hr|UG/M3|209.6|24|U.S. Department of State Bangladesh - Dhaka|260|4|23.796374|90.424614|050DK1010001,2026-07-18T03:21:35+00:00,6a9ea94763e2a92f63f69fe9e87f177679e7866b1dbb40c76dcf6722913bd7bf
2022-12-21,DK1010001,Dhaka,PM2.5-24hr,UG/M3,217.9,24,U.S. Department of State Bangladesh - Dhaka,268,4,23.796374,90.424614,050DK1010001,https://files.airnowtech.org/airnow/2022/20221221/daily_data_v2.dat,12/21/22|DK1010001|Dhaka|PM2.5-24hr|UG/M3|217.9|24|U.S. Department of State Bangladesh - Dhaka|268|4|23.796374|90.424614|050DK1010001,2026-07-18T03:21:35+00:00,67e66ea81cc09af2fd39314b22d94d78801e3757cce39179caa90bf9e371494a
2022-12-22,DK1010001,Dhaka,PM2.5-24hr,UG/M3,227.4,24,U.S. Department of State Bangladesh - Dhaka,277,4,23.796374,90.424614,050DK1010001,https://files.airnowtech.org/airnow/2022/20221222/daily_data_v2.dat,12/22/22|DK1010001|Dhaka|PM2.5-24hr|UG/M3|227.4|24|U.S. Department of State Bangladesh - Dhaka|277|4|23.796374|90.424614|050DK1010001,2026-07-18T03:21:35+00:00,26499975f0f01fe2a8206a5a376eece40b935781a34c4807667c5cec380a8057
2022-12-23,DK1010001,Dhaka,PM2.5-24hr,UG/M3,173.0,24,U.S. Department of State Bangladesh - Dhaka,223,4,23.796374,90.424614,050DK1010001,https://files.airnowtech.org/airnow/2022/20221223/daily_data_v2.dat,12/23/22|DK1010001|Dhaka|PM2.5-24hr|UG/M3|173|24|U.S. Department of State Bangladesh - Dhaka|223|4|23.796374|90.424614|050DK1010001,2026-07-18T03:21:35+00:00,2f6d95c12c5eb42e544b22f9095d487ce49dbbba3a314b19097e4baa01c830d9
2022-12-24,DK1010001,Dhaka,PM2.5-24hr,UG/M3,169.0,24,U.S. Department of State Bangladesh - Dhaka,219,4,23.796374,90.424614,050DK1010001,https://files.airnowtech.org/airnow/2022/20221224/daily_data_v2.dat,12/24/22|DK1010001|Dhaka|PM2.5-24hr|UG/M3|169|24|U.S. Department of State Bangladesh - Dhaka|219|4|23.796374|90.424614|050DK1010001,2026-07-18T03:21:36+00:00,b91a71ef3c6a95be88121313a80605ff9b6c72ae82c28b71abf279d9ef8f651c
2022-12-25,DK1010001,Dhaka,PM2.5-24hr,UG/M3,348.0,24,U.S. Department of State Bangladesh - Dhaka,398,5,23.796374,90.424614,050DK1010001,https://files.airnowtech.org/airnow/2022/20221225/daily_data_v2.dat,12/25/22|DK1010001|Dhaka|PM2.5-24hr|UG/M3|348|24|U.S. Department of State Bangladesh - Dhaka|398|5|23.796374|90.424614|050DK1010001,2026-07-18T03:21:36+00:00,dbf1e6bf417f333a9dcc1bc5045398b60323395d9417af00af66e4bf8ff4bf56
2022-12-26,DK1010001,Dhaka,PM2.5-24hr,UG/M3,236.7,24,U.S. Department of State Bangladesh - Dhaka,287,4,23.796374,90.424614,050DK1010001,https://files.airnowtech.org/airnow/2022/20221226/daily_data_v2.dat,12/26/22|DK1010001|Dhaka|PM2.5-24hr|UG/M3|236.7|24|U.S. Department of State Bangladesh - Dhaka|287|4|23.796374|90.424614|050DK1010001,2026-07-18T03:21:36+00:00,b750039e8b62fc50f6b886d743814df10c3c05c87ac596fbe0be5eb8df35d364
2022-12-27,DK1010001,Dhaka,PM2.5-24hr,UG/M3,244.4,24,U.S. Department of State Bangladesh - Dhaka,294,4,23.796374,90.424614,050DK1010001,https://files.airnowtech.org/airnow/2022/20221227/daily_data_v2.dat,12/27/22|DK1010001|Dhaka|PM2.5-24hr|UG/M3|244.4|24|U.S. Department of State Bangladesh - Dhaka|294|4|23.796374|90.424614|050DK1010001,2026-07-18T03:21:36+00:00,a11995ca46c03d437719e19412885b6fa482e08f2b7cdda9451ec7f2683c1a16
2022-12-28,DK1010001,Dhaka,PM2.5-24hr,UG/M3,198.2,24,U.S. Department of State Bangladesh - Dhaka,248,4,23.796374,90.424614,050DK1010001,https://files.airnowtech.org/airnow/2022/20221228/daily_data_v2.dat,12/28/22|DK1010001|Dhaka|PM2.5-24hr|UG/M3|198.2|24|U.S. Department of State Bangladesh - Dhaka|248|4|23.796374|90.424614|050DK1010001,2026-07-18T03:21:36+00:00,1c8c1c0feca67893043106d997e4e1fc9c95c67832e1ccfe1e6c3cf1c113b749
2022-12-29,DK1010001,Dhaka,PM2.5-24hr,UG/M3,229.2,24,U.S. Department of State Bangladesh - Dhaka,279,4,23.796374,90.424614,050DK1010001,https://files.airnowtech.org/airnow/2022/20221229/daily_data_v2.dat,12/29/22|DK1010001|Dhaka|PM2.5-24hr|UG/M3|229.2|24|U.S. Department of State Bangladesh - Dhaka|279|4|23.796374|90.424614|050DK1010001,2026-07-18T03:21:36+00:00,1b8f70abb4d0ebc37e1147ffb40244b4a28262d8c13cdca991c265548232008f
2022-12-30,DK1010001,Dhaka,PM2.5-24hr,UG/M3,217.6,24,U.S. Department of State Bangladesh - Dhaka,267,4,23.796374,90.424614,050DK1010001,https://files.airnowtech.org/airnow/2022/20221230/daily_data_v2.dat,12/30/22|DK1010001|Dhaka|PM2.5-24hr|UG/M3|217.6|24|U.S. Department of State Bangladesh - Dhaka|267|4|23.796374|90.424614|050DK1010001,2026-07-18T03:21:36+00:00,12406ecbc11ae6c6412ad16d5a4a7939f177d230cbcc602fc07cace6ef7af80a
2022-12-31,DK1010001,Dhaka,PM2.5-24hr,UG/M3,232.7,24,U.S. Department of State Bangladesh - Dhaka,282,4,23.796374,90.424614,050DK1010001,https://files.airnowtech.org/airnow/2022/20221231/daily_data_v2.dat,12/31/22|DK1010001|Dhaka|PM2.5-24hr|UG/M3|232.7|24|U.S. Department of State Bangladesh - Dhaka|282|4|23.796374|90.424614|050DK1010001,2026-07-18T03:21:36+00:00,f1726f754cf9b2ab3ac07e785bea6fb817372b16c01869f99505b9341976c38a
2023-01-01,DK1010001,Dhaka,PM2.5-24hr,UG/M3,181.0,24,U.S. Department of State Bangladesh - Dhaka,231,4,23.796374,90.424614,050DK1010001,https://files.airnowtech.org/airnow/2023/20230101/daily_data_v2.dat,01/01/23|DK1010001|Dhaka|PM2.5-24hr|UG/M3|181|24|U.S. Department of State Bangladesh - Dhaka|231|4|23.796374|90.424614|050DK1010001,2026-07-18T03:21:36+00:00,11d31fe50d38de80d6972add35ad4505c04d313e52f817622a33be4f4677c37d
2023-01-02,DK1010001,Dhaka,PM2.5-24hr,UG/M3,195.6,24,U.S. Department of State Bangladesh - Dhaka,246,4,23.796374,90.424614,050DK1010001,https://files.airnowtech.org/airnow/2023/20230102/daily_data_v2.dat,01/02/23|DK1010001|Dhaka|PM2.5-24hr|UG/M3|195.6|24|U.S. Department of State Bangladesh - Dhaka|246|4|23.796374|90.424614|050DK1010001,2026-07-18T03:21:36+00:00,f67f33cf6609041d050c0207ba543b6083d2772c5c0bf56f11e3a1ab40e99383
2023-01-03,DK1010001,Dhaka,PM2.5-24hr,UG/M3,213.7,24,U.S. Department of State Bangladesh - Dhaka,264,4,23.796374,90.424614,050DK1010001,https://files.airnowtech.org/airnow/2023/20230103/daily_data_v2.dat,01/03/23|DK1010001|Dhaka|PM2.5-24hr|UG/M3|213.7|24|U.S. Department of State Bangladesh - Dhaka|264|4|23.796374|90.424614|050DK1010001,2026-07-18T03:21:36+00:00,15251b791be704deeaf6d0b972663a9d593e508f2ab94d65c134af871fea50a5
2023-01-04,DK1010001,Dhaka,PM2.5-24hr,UG/M3,175.0,24,U.S. Department of State Bangladesh - Dhaka,225,4,23.796374,90.424614,050DK1010001,https://files.airnowtech.org/airnow/2023/20230104/daily_data_v2.dat,01/04/23|DK1010001|Dhaka|PM2.5-24hr|UG/M3|175|24|U.S. Department of State Bangladesh - Dhaka|225|4|23.796374|90.424614|050DK1010001,2026-07-18T03:21:36+00:00,9dcae5c96b02af8e9a0ed50da4ac8d2db9c4782e10274b8fd6c6507b6543d70e
2023-01-05,DK1010001,Dhaka,PM2.5-24hr,UG/M3,227.7,24,U.S. Department of State Bangladesh - Dhaka,278,4,23.796374,90.424614,050DK1010001,https://files.airnowtech.org/airnow/2023/20230105/daily_data_v2.dat,01/05/23|DK1010001|Dhaka|PM2.5-24hr|UG/M3|227.7|24|U.S. Department of State Bangladesh - Dhaka|278|4|23.796374|90.424614|050DK1010001,2026-07-18T03:21:36+00:00,88147206eb9c441f92a1c740a45a2035d4c44e40e349e99753b1a6820aaac57b
2023-01-06,DK1010001,Dhaka,PM2.5-24hr,UG/M3,225.3,24,U.S. Department of State Bangladesh - Dhaka,275,4,23.796374,90.424614,050DK1010001,https://files.airnowtech.org/airnow/2023/20230106/daily_data_v2.dat,01/06/23|DK1010001|Dhaka|PM2.5-24hr|UG/M3|225.3|24|U.S. Department of State Bangladesh - Dhaka|275|4|23.796374|90.424614|050DK1010001,2026-07-18T03:21:36+00:00,8334835c64cfb423ac1faeb32e78a61d0baf9dc60ea97e35143d691d2292f750
2023-01-07,DK1010001,Dhaka,PM2.5-24hr,UG/M3,223.2,24,U.S. Department of State Bangladesh - Dhaka,273,4,23.796374,90.424614,050DK1010001,https://files.airnowtech.org/airnow/2023/20230107/daily_data_v2.dat,01/07/23|DK1010001|Dhaka|PM2.5-24hr|UG/M3|223.2|24|U.S. Department of State Bangladesh - Dhaka|273|4|23.796374|90.424614|050DK1010001,2026-07-18T03:21:36+00:00,9e1f5d4e1dbf09f167ec400c8f472df3b0e470a33bc29a81eb17a3db89c7b404
2023-01-08,DK1010001,Dhaka,PM2.5-24hr,UG/M3,288.4,24,U.S. Department of State Bangladesh - Dhaka,339,5,23.796374,90.424614,050DK1010001,https://files.airnowtech.org/airnow/2023/20230108/daily_data_v2.dat,01/08/23|DK1010001|Dhaka|PM2.5-24hr|UG/M3|288.4|24|U.S. Department of State Bangladesh - Dhaka|339|5|23.796374|90.424614|050DK1010001,2026-07-18T03:21:36+00:00,6e21ac0e15c5113add8f7ae3520287437df94d0949169ca881da25fabc4f045c
2023-01-09,DK1010001,Dhaka,PM2.5-24hr,UG/M3,240.1,24,U.S. Department of State Bangladesh - Dhaka,290,4,23.796374,90.424614,050DK1010001,https://files.airnowtech.org/airnow/2023/20230109/daily_data_v2.dat,01/09/23|DK1010001|Dhaka|PM2.5-24hr|UG/M3|240.1|24|U.S. Department of State Bangladesh - Dhaka|290|4|23.796374|90.424614|050DK1010001,2026-07-18T03:21:36+00:00,ba88d1d1945295af4989ba63063d0e17a867d373d84ed442f83c9bdee75b4ed1
2023-01-10,DK1010001,Dhaka,PM2.5-24hr,UG/M3,184.1,24,U.S. Department of State Bangladesh - Dhaka,234,4,23.796374,90.424614,050DK1010001,https://files.airnowtech.org/airnow/2023/20230110/daily_data_v2.dat,01/10/23|DK1010001|Dhaka|PM2.5-24hr|UG/M3|184.1|24|U.S. Department of State Bangladesh - Dhaka|234|4|23.796374|90.424614|050DK1010001,2026-07-18T03:21:36+00:00,8625531858d2169f98a22b4c4565c67362c092862a71e7853e4bc6874442d09e
2023-01-11,DK1010001,Dhaka,PM2.5-24hr,UG/M3,222.1,24,U.S. Department of State Bangladesh - Dhaka,272,4,23.796374,90.424614,050DK1010001,https://files.airnowtech.org/airnow/2023/20230111/daily_data_v2.dat,01/11/23|DK1010001|Dhaka|PM2.5-24hr|UG/M3|222.1|24|U.S. Department of State Bangladesh - Dhaka|272|4|23.796374|90.424614|050DK1010001,2026-07-18T03:21:36+00:00,6f4b6bd9e5260d7d35e30fd68d8783dfd83fe4ae508e2d832a948f3026955cfe
2023-01-12,DK1010001,Dhaka,PM2.5-24hr,UG/M3,257.5,24,U.S. Department of State Bangladesh - Dhaka,308,5,23.796374,90.424614,050DK1010001,https://files.airnowtech.org/airnow/2023/20230112/daily_data_v2.dat,01/12/23|DK1010001|Dhaka|PM2.5-24hr|UG/M3|257.5|24|U.S. Department of State Bangladesh - Dhaka|308|5|23.796374|90.424614|050DK1010001,2026-07-18T03:21:36+00:00,c5e3c7fe4328b90af089251741cbaf273035cfc182b77c08814cfeecb7258246
2023-01-13,DK1010001,Dhaka,PM2.5-24hr,UG/M3,378.2,24,U.S. Department of State Bangladesh - Dhaka,419,5,23.796374,90.424614,050DK1010001,https://files.airnowtech.org/airnow/2023/20230113/daily_data_v2.dat,01/13/23|DK1010001|Dhaka|PM2.5-24hr|UG/M3|378.2|24|U.S. Department of State Bangladesh - Dhaka|419|5|23.796374|90.424614|050DK1010001,2026-07-18T03:21:36+00:00,1b3fe3ffbf7759fd80c2515ddc112ae5098076fe4abe30ffe5b832ccc6254aa3
2023-01-14,DK1010001,Dhaka,PM2.5-24hr,UG/M3,240.9,24,U.S. Department of State Bangladesh - Dhaka,291,4,23.796374,90.424614,050DK1010001,https://files.airnowtech.org/airnow/2023/20230114/daily_data_v2.dat,01/14/23|DK1010001|Dhaka|PM2.5-24hr|UG/M3|240.9|24|U.S. Department of State Bangladesh - Dhaka|291|4|23.796374|90.424614|050DK1010001,2026-07-18T03:21:36+00:00,73a198962b7d194668baba4ad803c9f299337a7150b4ba5c1750522fae665b86
2023-01-15,DK1010001,Dhaka,PM2.5-24hr,UG/M3,180.5,24,U.S. Department of State Bangladesh - Dhaka,231,4,23.796374,90.424614,050DK1010001,https://files.airnowtech.org/airnow/2023/20230115/daily_data_v2.dat,01/15/23|DK1010001|Dhaka|PM2.5-24hr|UG/M3|180.5|24|U.S. Department of State Bangladesh - Dhaka|231|4|23.796374|90.424614|050DK1010001,2026-07-18T03:21:36+00:00,d3133b84939f8b3a55dfb68b7a3e3a07c9738d1d600ee0b0df7ac084bc0d4e34
2023-01-16,DK1010001,Dhaka,PM2.5-24hr,UG/M3,184.7,24,U.S. Department of State Bangladesh - Dhaka,235,4,23.796374,90.424614,050DK1010001,https://files.airnowtech.org/airnow/2023/20230116/daily_data_v2.dat,01/16/23|DK1010001|Dhaka|PM2.5-24hr|UG/M3|184.7|24|U.S. Department of State Bangladesh - Dhaka|235|4|23.796374|90.424614|050DK1010001,2026-07-18T03:21:36+00:00,0ae84bd1b4cb8d24e603d861bffdb401af4f2d27d7ddba8cde5ddde066966edd
2023-01-17,DK1010001,Dhaka,PM2.5-24hr,UG/M3,189.7,24,U.S. Department of State Bangladesh - Dhaka,240,4,23.796374,90.424614,050DK1010001,https://files.airnowtech.org/airnow/2023/20230117/daily_data_v2.dat,01/17/23|DK1010001|Dhaka|PM2.5-24hr|UG/M3|189.7|24|U.S. Department of State Bangladesh - Dhaka|240|4|23.796374|90.424614|050DK1010001,2026-07-18T03:21:36+00:00,202f6e7a93df394832a50cc924ee7e648239b5034176cbfe0a1fb786095d85b1
2023-01-18,DK1010001,Dhaka,PM2.5-24hr,UG/M3,210.9,24,U.S. Department of State Bangladesh - Dhaka,261,4,23.796374,90.424614,050DK1010001,https://files.airnowtech.org/airnow/2023/20230118/daily_data_v2.dat,01/18/23|DK1010001|Dhaka|PM2.5-24hr|UG/M3|210.9|24|U.S. Department of State Bangladesh - Dhaka|261|4|23.796374|90.424614|050DK1010001,2026-07-18T03:21:36+00:00,6fc842cdf6275cb5d6a1f273ad1ea751a3f8b94803fcd772a17af2f67ee1a841
2023-01-19,DK1010001,Dhaka,PM2.5-24hr,UG/M3,214.8,24,U.S. Department of State Bangladesh - Dhaka,265,4,23.796374,90.424614,050DK1010001,https://files.airnowtech.org/airnow/2023/20230119/daily_data_v2.dat,01/19/23|DK1010001|Dhaka|PM2.5-24hr|UG/M3|214.8|24|U.S. Department of State Bangladesh - Dhaka|265|4|23.796374|90.424614|050DK1010001,2026-07-18T03:21:36+00:00,2fe00382d80453509672a0fb9a9b64d7d9eef88f3aba4a7111a642c31add0238
2023-01-20,DK1010001,Dhaka,PM2.5-24hr,UG/M3,232.3,24,U.S. Department of State Bangladesh - Dhaka,282,4,23.796374,90.424614,050DK1010001,https://files.airnowtech.org/airnow/2023/20230120/daily_data_v2.dat,01/20/23|DK1010001|Dhaka|PM2.5-24hr|UG/M3|232.3|24|U.S. Department of State Bangladesh - Dhaka|282|4|23.796374|90.424614|050DK1010001,2026-07-18T03:21:36+00:00,28a0ca577dc030e347bcdde5a884574ff218842bb786ffb01054f470943ff557
2023-01-21,DK1010001,Dhaka,PM2.5-24hr,UG/M3,255.5,24,U.S. Department of State Bangladesh - Dhaka,306,5,23.796374,90.424614,050DK1010001,https://files.airnowtech.org/airnow/2023/20230121/daily_data_v2.dat,01/21/23|DK1010001|Dhaka|PM2.5-24hr|UG/M3|255.5|24|U.S. Department of State Bangladesh - Dhaka|306|5|23.796374|90.424614|050DK1010001,2026-07-18T03:21:36+00:00,46d7cabeb9093b457adb41789f70ed70b8035d44b7d1b3517dea6c79fcbf255f
2023-01-22,DK1010001,Dhaka,PM2.5-24hr,UG/M3,295.9,24,U.S. Department of State Bangladesh - Dhaka,346,5,23.796374,90.424614,050DK1010001,https://files.airnowtech.org/airnow/2023/20230122/daily_data_v2.dat,01/22/23|DK1010001|Dhaka|PM2.5-24hr|UG/M3|295.9|24|U.S. Department of State Bangladesh - Dhaka|346|5|23.796374|90.424614|050DK1010001,2026-07-18T03:21:36+00:00,4d71508295d2c9c2de2e41de2a345dc61c35a8900d20b5bcfdba77417cc78f55
2023-01-23,DK1010001,Dhaka,PM2.5-24hr,UG/M3,304.1,24,U.S. Department of State Bangladesh - Dhaka,354,5,23.796374,90.424614,050DK1010001,https://files.airnowtech.org/airnow/2023/20230123/daily_data_v2.dat,01/23/23|DK1010001|Dhaka|PM2.5-24hr|UG/M3|304.1|24|U.S. Department of State Bangladesh - Dhaka|354|5|23.796374|90.424614|050DK1010001,2026-07-18T03:21:36+00:00,31d2f58156f015d4e0a2a58af5805fbd776837f5cda14251fdd68aa1ae19dce4
2023-01-24,DK1010001,Dhaka,PM2.5-24hr,UG/M3,217.7,24,U.S. Department of State Bangladesh - Dhaka,268,4,23.796374,90.424614,050DK1010001,https://files.airnowtech.org/airnow/2023/20230124/daily_data_v2.dat,01/24/23|DK1010001|Dhaka|PM2.5-24hr|UG/M3|217.7|24|U.S. Department of State Bangladesh - Dhaka|268|4|23.796374|90.424614|050DK1010001,2026-07-18T03:21:36+00:00,0c3c75565d9c23ab998b5b9d3b85c516ded91e3b3f05637f8159145ea0f1423d
2023-01-25,DK1010001,Dhaka,PM2.5-24hr,UG/M3,263.2,24,U.S. Department of State Bangladesh - Dhaka,314,5,23.796374,90.424614,050DK1010001,https://files.airnowtech.org/airnow/2023/20230125/daily_data_v2.dat,01/25/23|DK1010001|Dhaka|PM2.5-24hr|UG/M3|263.2|24|U.S. Department of State Bangladesh - Dhaka|314|5|23.796374|90.424614|050DK1010001,2026-07-18T03:21:36+00:00,06bf899f6edf71dfe133a7587c609a0d298c6d9f46836c101e5c3a679e774126
2023-01-26,DK1010001,Dhaka,PM2.5-24hr,UG/M3,339.5,24,U.S. Department of State Bangladesh - Dhaka,389,5,23.796374,90.424614,050DK1010001,https://files.airnowtech.org/airnow/2023/20230126/daily_data_v2.dat,01/26/23|DK1010001|Dhaka|PM2.5-24hr|UG/M3|339.5|24|U.S. Department of State Bangladesh - Dhaka|389|5|23.796374|90.424614|050DK1010001,2026-07-18T03:21:36+00:00,c2a60426a477090ffb0bd3a81158eb6d64015f874b7a4bb147d3933ebd43d32d
2023-01-27,DK1010001,Dhaka,PM2.5-24hr,UG/M3,238.0,24,U.S. Department of State Bangladesh - Dhaka,288,4,23.796374,90.424614,050DK1010001,https://files.airnowtech.org/airnow/2023/20230127/daily_data_v2.dat,01/27/23|DK1010001|Dhaka|PM2.5-24hr|UG/M3|238|24|U.S. Department of State Bangladesh - Dhaka|288|4|23.796374|90.424614|050DK1010001,2026-07-18T03:21:36+00:00,6ffefadf7f6ae19e5d3e8cd202c2e59230fe458018fd9e62fdf3869518537a27
2023-01-28,DK1010001,Dhaka,PM2.5-24hr,UG/M3,170.0,24,U.S. Department of State Bangladesh - Dhaka,220,4,23.796374,90.424614,050DK1010001,https://files.airnowtech.org/airnow/2023/20230128/daily_data_v2.dat,01/28/23|DK1010001|Dhaka|PM2.5-24hr|UG/M3|170|24|U.S. Department of State Bangladesh - Dhaka|220|4|23.796374|90.424614|050DK1010001,2026-07-18T03:21:36+00:00,8e7504761cba384b2cb26cfaa87c9eb6712e3fc4be842bee0730bfe49cc9fa8f
2023-01-29,DK1010001,Dhaka,PM2.5-24hr,UG/M3,204.2,24,U.S. Department of State Bangladesh - Dhaka,254,4,23.796374,90.424614,050DK1010001,https://files.airnowtech.org/airnow/2023/20230129/daily_data_v2.dat,01/29/23|DK1010001|Dhaka|PM2.5-24hr|UG/M3|204.2|24|U.S. Department of State Bangladesh - Dhaka|254|4|23.796374|90.424614|050DK1010001,2026-07-18T03:21:36+00:00,1cc5078c04bd9740560f0c16e6ae4867fa3662eb8718b6d02cb512e7352e86a8
2023-01-30,DK1010001,Dhaka,PM2.5-24hr,UG/M3,255.5,24,U.S. Department of State Bangladesh - Dhaka,306,5,23.796374,90.424614,050DK1010001,https://files.airnowtech.org/airnow/2023/20230130/daily_data_v2.dat,01/30/23|DK1010001|Dhaka|PM2.5-24hr|UG/M3|255.5|24|U.S. Department of State Bangladesh - Dhaka|306|5|23.796374|90.424614|050DK1010001,2026-07-18T03:21:36+00:00,6de78882846251543ae67542a0c21d235aad084f2d3c775498236884278c9d36
2023-01-31,DK1010001,Dhaka,PM2.5-24hr,UG/M3,246.5,24,U.S. Department of State Bangladesh - Dhaka,296,4,23.796374,90.424614,050DK1010001,https://files.airnowtech.org/airnow/2023/20230131/daily_data_v2.dat,01/31/23|DK1010001|Dhaka|PM2.5-24hr|UG/M3|246.5|24|U.S. Department of State Bangladesh - Dhaka|296|4|23.796374|90.424614|050DK1010001,2026-07-18T03:21:36+00:00,8ebc76a332f9db8ba67c473a469489c5ab7df18b6c1483c8a6d173b6396fb534
2023-02-01,DK1010001,Dhaka,PM2.5-24hr,UG/M3,137.6,24,U.S. Department of State Bangladesh - Dhaka,193,3,23.796374,90.424614,050DK1010001,https://files.airnowtech.org/airnow/2023/20230201/daily_data_v2.dat,02/01/23|DK1010001|Dhaka|PM2.5-24hr|UG/M3|137.6|24|U.S. Department of State Bangladesh - Dhaka|193|3|23.796374|90.424614|050DK1010001,2026-07-18T03:21:36+00:00,a48df96f67b64c5c44f74b8945ed184dfef7dbc21e92097d258309c365966ad7
2023-02-02,DK1010001,Dhaka,PM2.5-24hr,UG/M3,115.1,24,U.S. Department of State Bangladesh - Dhaka,182,3,23.796374,90.424614,050DK1010001,https://files.airnowtech.org/airnow/2023/20230202/daily_data_v2.dat,02/02/23|DK1010001|Dhaka|PM2.5-24hr|UG/M3|115.1|24|U.S. Department of State Bangladesh - Dhaka|182|3|23.796374|90.424614|050DK1010001,2026-07-18T03:21:36+00:00,2c003eef2ebd413d3d5a138a82d371daab290c6c8477c670d850951731e84826
2023-02-03,DK1010001,Dhaka,PM2.5-24hr,UG/M3,151.5,24,U.S. Department of State Bangladesh - Dhaka,202,4,23.796374,90.424614,050DK1010001,https://files.airnowtech.org/airnow/2023/20230203/daily_data_v2.dat,02/03/23|DK1010001|Dhaka|PM2.5-24hr|UG/M3|151.5|24|U.S. Department of State Bangladesh - Dhaka|202|4|23.796374|90.424614|050DK1010001,2026-07-18T03:21:36+00:00,2237c735fc1ab5bdc12344937addcaf3b9ed38d516b9f59d1dc0bad91961175b
2023-02-04,DK1010001,Dhaka,PM2.5-24hr,UG/M3,180.0,24,U.S. Department of State Bangladesh - Dhaka,230,4,23.796374,90.424614,050DK1010001,https://files.airnowtech.org/airnow/2023/20230204/daily_data_v2.dat,02/04/23|DK1010001|Dhaka|PM2.5-24hr|UG/M3|180|24|U.S. Department of State Bangladesh - Dhaka|230|4|23.796374|90.424614|050DK1010001,2026-07-18T03:21:36+00:00,82c2fc679d6bef096c5dd859f1675959190301f4dc85e4ea92a5a8bad9af8c15
2023-02-05,DK1010001,Dhaka,PM2.5-24hr,UG/M3,209.2,24,U.S. Department of State Bangladesh - Dhaka,259,4,23.796374,90.424614,050DK1010001,https://files.airnowtech.org/airnow/2023/20230205/daily_data_v2.dat,02/05/23|DK1010001|Dhaka|PM2.5-24hr|UG/M3|209.2|24|U.S. Department of State Bangladesh - Dhaka|259|4|23.796374|90.424614|050DK1010001,2026-07-18T03:21:36+00:00,ba0391d9cfcea4abb528bf482f2b69427cafd82837bcedf917106e8eeafc87cb
2023-02-06,DK1010001,Dhaka,PM2.5-24hr,UG/M3,225.7,24,U.S. Department of State Bangladesh - Dhaka,276,4,23.796374,90.424614,050DK1010001,https://files.airnowtech.org/airnow/2023/20230206/daily_data_v2.dat,02/06/23|DK1010001|Dhaka|PM2.5-24hr|UG/M3|225.7|24|U.S. Department of State Bangladesh - Dhaka|276|4|23.796374|90.424614|050DK1010001,2026-07-18T03:21:36+00:00,c2bdf1497af2c1d25d374ff14da25226e65e35cb8a7c6aa764bd0b04b6f76566
2023-02-07,DK1010001,Dhaka,PM2.5-24hr,UG/M3,220.5,24,U.S. Department of State Bangladesh - Dhaka,270,4,23.796374,90.424614,050DK1010001,https://files.airnowtech.org/airnow/2023/20230207/daily_data_v2.dat,02/07/23|DK1010001|Dhaka|PM2.5-24hr|UG/M3|220.5|24|U.S. Department of State Bangladesh - Dhaka|270|4|23.796374|90.424614|050DK1010001,2026-07-18T03:21:36+00:00,a905c4006989d42e05c0e8d54083310bd59fe4b7b713583be7f6f50365f97574
2023-02-08,DK1010001,Dhaka,PM2.5-24hr,UG/M3,136.4,24,U.S. Department of State Bangladesh - Dhaka,193,3,23.796374,90.424614,050DK1010001,https://files.airnowtech.org/airnow/2023/20230208/daily_data_v2.dat,02/08/23|DK1010001|Dhaka|PM2.5-24hr|UG/M3|136.4|24|U.S. Department of State Bangladesh - Dhaka|193|3|23.796374|90.424614|050DK1010001,2026-07-18T03:21:36+00:00,f39ffcab111aaaca6307c6dc6d87a04c06a717089de5f0202b847181fc5c4ff0
2023-02-09,DK1010001,Dhaka,PM2.5-24hr,UG/M3,231.3,24,U.S. Department of State Bangladesh - Dhaka,281,4,23.796374,90.424614,050DK1010001,https://files.airnowtech.org/airnow/2023/20230209/daily_data_v2.dat,02/09/23|DK1010001|Dhaka|PM2.5-24hr|UG/M3|231.3|24|U.S. Department of State Bangladesh - Dhaka|281|4|23.796374|90.424614|050DK1010001,2026-07-18T03:21:36+00:00,194cbaa55929f98eeea4a775b7f4de03951fd22845afd0248b4c72ff2e31f175
2023-02-10,DK1010001,Dhaka,PM2.5-24hr,UG/M3,161.4,24,U.S. Department of State Bangladesh - Dhaka,212,4,23.796374,90.424614,050DK1010001,https://files.airnowtech.org/airnow/2023/20230210/daily_data_v2.dat,02/10/23|DK1010001|Dhaka|PM2.5-24hr|UG/M3|161.4|24|U.S. Department of State Bangladesh - Dhaka|212|4|23.796374|90.424614|050DK1010001,2026-07-18T03:21:36+00:00,090e897c30efbcca3fe9df07ecf933e16b9c400553753ece90cb064a8a49f703
2023-02-11,DK1010001,Dhaka,PM2.5-24hr,UG/M3,265.4,24,U.S. Department of State Bangladesh - Dhaka,316,5,23.796374,90.424614,050DK1010001,https://files.airnowtech.org/airnow/2023/20230211/daily_data_v2.dat,02/11/23|DK1010001|Dhaka|PM2.5-24hr|UG/M3|265.4|24|U.S. Department of State Bangladesh - Dhaka|316|5|23.796374|90.424614|050DK1010001,2026-07-18T03:21:36+00:00,acf99fde2296af347e2eaca341e5c56c4e1c765f9f81c9a99efa154d4c66c416
2023-02-12,DK1010001,Dhaka,PM2.5-24hr,UG/M3,143.0,24,U.S. Department of State Bangladesh - Dhaka,196,3,23.796374,90.424614,050DK1010001,https://files.airnowtech.org/airnow/2023/20230212/daily_data_v2.dat,02/12/23|DK1010001|Dhaka|PM2.5-24hr|UG/M3|143|24|U.S. Department of State Bangladesh - Dhaka|196|3|23.796374|90.424614|050DK1010001,2026-07-18T03:21:36+00:00,a673246e5b337ae29493e6765655b006db975221a392b207bd1d655968cdec5e
2023-02-13,DK1010001,Dhaka,PM2.5-24hr,UG/M3,80.8,24,U.S. Department of State Bangladesh - Dhaka,164,3,23.796374,90.424614,050DK1010001,https://files.airnowtech.org/airnow/2023/20230213/daily_data_v2.dat,02/13/23|DK1010001|Dhaka|PM2.5-24hr|UG/M3|80.8|24|U.S. Department of State Bangladesh - Dhaka|164|3|23.796374|90.424614|050DK1010001,2026-07-18T03:21:36+00:00,d1fa530f40f4a5447e9487394588067534af77cff6986ce5ca00d7e7259bd7e3
2023-02-14,DK1010001,Dhaka,PM2.5-24hr,UG/M3,107.5,24,U.S. Department of State Bangladesh - Dhaka,178,3,23.796374,90.424614,050DK1010001,https://files.airnowtech.org/airnow/2023/20230214/daily_data_v2.dat,02/14/23|DK1010001|Dhaka|PM2.5-24hr|UG/M3|107.5|24|U.S. Department of State Bangladesh - Dhaka|178|3|23.796374|90.424614|050DK1010001,2026-07-18T03:21:36+00:00,0067500cb9b877328c621c184e864bdb8cb187716d8a6df7f26ade367a2aca16
2023-02-15,DK1010001,Dhaka,PM2.5-24hr,UG/M3,154.5,24,U.S. Department of State Bangladesh - Dhaka,205,4,23.796374,90.424614,050DK1010001,https://files.airnowtech.org/airnow/2023/20230215/daily_data_v2.dat,02/15/23|DK1010001|Dhaka|PM2.5-24hr|UG/M3|154.5|24|U.S. Department of State Bangladesh - Dhaka|205|4|23.796374|90.424614|050DK1010001,2026-07-18T03:21:36+00:00,2009eb88a53c1aeb656efffc964e5146f1b272c21ef9b224c69a78582d87590d
2023-02-16,DK1010001,Dhaka,PM2.5-24hr,UG/M3,229.7,24,U.S. Department of State Bangladesh - Dhaka,280,4,23.796374,90.424614,050DK1010001,https://files.airnowtech.org/airnow/2023/20230216/daily_data_v2.dat,02/16/23|DK1010001|Dhaka|PM2.5-24hr|UG/M3|229.7|24|U.S. Department of State Bangladesh - Dhaka|280|4|23.796374|90.424614|050DK1010001,2026-07-18T03:21:36+00:00,78f56ca4fbd755bc1a005d47ede206b9583c1e49f92c26822e86d5b6a4f67b14
2023-02-17,DK1010001,Dhaka,PM2.5-24hr,UG/M3,285.9,24,U.S. Department of State Bangladesh - Dhaka,336,5,23.796374,90.424614,050DK1010001,https://files.airnowtech.org/airnow/2023/20230217/daily_data_v2.dat,02/17/23|DK1010001|Dhaka|PM2.5-24hr|UG/M3|285.9|24|U.S. Department of State Bangladesh - Dhaka|336|5|23.796374|90.424614|050DK1010001,2026-07-18T03:21:36+00:00,fa21580b9e70f6c4c21572214870e01aa0083e0bd7ccb1f821ee1ddebb49a636
2023-02-18,DK1010001,Dhaka,PM2.5-24hr,UG/M3,270.9,24,U.S. Department of State Bangladesh - Dhaka,321,5,23.796374,90.424614,050DK1010001,https://files.airnowtech.org/airnow/2023/20230218/daily_data_v2.dat,02/18/23|DK1010001|Dhaka|PM2.5-24hr|UG/M3|270.9|24|U.S. Department of State Bangladesh - Dhaka|321|5|23.796374|90.424614|050DK1010001,2026-07-18T03:21:36+00:00,7684f7302071792a0273bb2f488820db502ff7294bd586047ed08d04327a9660
2023-02-19,DK1010001,Dhaka,PM2.5-24hr,UG/M3,177.3,24,U.S. Department of State Bangladesh - Dhaka,228,4,23.796374,90.424614,050DK1010001,https://files.airnowtech.org/airnow/2023/20230219/daily_data_v2.dat,02/19/23|DK1010001|Dhaka|PM2.5-24hr|UG/M3|177.3|24|U.S. Department of State Bangladesh - Dhaka|228|4|23.796374|90.424614|050DK1010001,2026-07-18T03:21:36+00:00,b475b345addcde807fcb5fafa7d18c022d979cd9fe00d189e4f861b37e6e158c
2023-02-20,DK1010001,Dhaka,PM2.5-24hr,UG/M3,180.8,24,U.S. Department of State Bangladesh - Dhaka,231,4,23.796374,90.424614,050DK1010001,https://files.airnowtech.org/airnow/2023/20230220/daily_data_v2.dat,02/20/23|DK1010001|Dhaka|PM2.5-24hr|UG/M3|180.8|24|U.S. Department of State Bangladesh - Dhaka|231|4|23.796374|90.424614|050DK1010001,2026-07-18T03:21:36+00:00,e9ba0fc3ad831a5c7b19fdb5f77fc63803a7858271d3c32c290473074f115d40
2023-02-21,DK1010001,Dhaka,PM2.5-24hr,UG/M3,127.5,24,U.S. Department of State Bangladesh - Dhaka,188,3,23.796374,90.424614,050DK1010001,https://files.airnowtech.org/airnow/2023/20230221/daily_data_v2.dat,02/21/23|DK1010001|Dhaka|PM2.5-24hr|UG/M3|127.5|24|U.S. Department of State Bangladesh - Dhaka|188|3|23.796374|90.424614|050DK1010001,2026-07-18T03:21:36+00:00,19ba4a904b0ef5036231231fe235aad75feb1241b196cbfa6e096e74b3954d34
2023-02-22,DK1010001,Dhaka,PM2.5-24hr,UG/M3,92.1,24,U.S. Department of State Bangladesh - Dhaka,170,3,23.796374,90.424614,050DK1010001,https://files.airnowtech.org/airnow/2023/20230222/daily_data_v2.dat,02/22/23|DK1010001|Dhaka|PM2.5-24hr|UG/M3|92.1|24|U.S. Department of State Bangladesh - Dhaka|170|3|23.796374|90.424614|050DK1010001,2026-07-18T03:21:36+00:00,961e2cb0102ba1ec360b66569b17e9930ff2f27fc4d23bef284cd5accd48cfa3
2023-02-23,DK1010001,Dhaka,PM2.5-24hr,UG/M3,86.1,24,U.S. Department of State Bangladesh - Dhaka,167,3,23.796374,90.424614,050DK1010001,https://files.airnowtech.org/airnow/2023/20230223/daily_data_v2.dat,02/23/23|DK1010001|Dhaka|PM2.5-24hr|UG/M3|86.1|24|U.S. Department of State Bangladesh - Dhaka|167|3|23.796374|90.424614|050DK1010001,2026-07-18T03:21:36+00:00,a41f04cc17af722a5207afa79b9b05a1a1ccf12eee4f03495a434b3a6ce575f6
2023-02-24,DK1010001,Dhaka,PM2.5-24hr,UG/M3,121.1,24,U.S. Department of State Bangladesh - Dhaka,185,3,23.796374,90.424614,050DK1010001,https://files.airnowtech.org/airnow/2023/20230224/daily_data_v2.dat,02/24/23|DK1010001|Dhaka|PM2.5-24hr|UG/M3|121.1|24|U.S. Department of State Bangladesh - Dhaka|185|3|23.796374|90.424614|050DK1010001,2026-07-18T03:21:36+00:00,a07ad1a20c8972532b1dbeeed3253c1e604c2bbb5f57ff18c0fc3f92d9fa4625
2023-02-25,DK1010001,Dhaka,PM2.5-24hr,UG/M3,105.3,24,U.S. Department of State Bangladesh - Dhaka,177,3,23.796374,90.424614,050DK1010001,https://files.airnowtech.org/airnow/2023/20230225/daily_data_v2.dat,02/25/23|DK1010001|Dhaka|PM2.5-24hr|UG/M3|105.3|24|U.S. Department of State Bangladesh - Dhaka|177|3|23.796374|90.424614|050DK1010001,2026-07-18T03:21:36+00:00,4725d4c984a7c8a83766b3a3401374af5b2245ee7e9af932d16074ce0d6760af
2023-02-26,DK1010001,Dhaka,PM2.5-24hr,UG/M3,133.8,24,U.S. Department of State Bangladesh - Dhaka,191,3,23.796374,90.424614,050DK1010001,https://files.airnowtech.org/airnow/2023/20230226/daily_data_v2.dat,02/26/23|DK1010001|Dhaka|PM2.5-24hr|UG/M3|133.8|24|U.S. Department of State Bangladesh - Dhaka|191|3|23.796374|90.424614|050DK1010001,2026-07-18T03:21:36+00:00,9c21de9439c4c1f1deb68182a546c921fee33ab1b96d9b9d9070e31efc2b70e2
2023-02-27,DK1010001,Dhaka,PM2.5-24hr,UG/M3,161.1,24,U.S. Department of State Bangladesh - Dhaka,212,4,23.796374,90.424614,050DK1010001,https://files.airnowtech.org/airnow/2023/20230227/daily_data_v2.dat,02/27/23|DK1010001|Dhaka|PM2.5-24hr|UG/M3|161.1|24|U.S. Department of State Bangladesh - Dhaka|212|4|23.796374|90.424614|050DK1010001,2026-07-18T03:21:36+00:00,7601a81690374feb17e236356bde0d4fbfb6c8d24c7f3f11caf2d849b465c608
2023-02-28,DK1010001,Dhaka,PM2.5-24hr,UG/M3,146.0,24,U.S. Department of State Bangladesh - Dhaka,198,3,23.796374,90.424614,050DK1010001,https://files.airnowtech.org/airnow/2023/20230228/daily_data_v2.dat,02/28/23|DK1010001|Dhaka|PM2.5-24hr|UG/M3|146|24|U.S. Department of State Bangladesh - Dhaka|198|3|23.796374|90.424614|050DK1010001,2026-07-18T03:21:36+00:00,71e0bc54f225754d3f42ff7a3dc258ec3ee409dcda85287484dd8b295ad515dc
2023-03-01,DK1010001,Dhaka,PM2.5-24hr,UG/M3,171.2,24,U.S. Department of State Bangladesh - Dhaka,222,4,23.796374,90.424614,050DK1010001,https://files.airnowtech.org/airnow/2023/20230301/daily_data_v2.dat,03/01/23|DK1010001|Dhaka|PM2.5-24hr|UG/M3|171.2|24|U.S. Department of State Bangladesh - Dhaka|222|4|23.796374|90.424614|050DK1010001,2026-07-18T03:21:36+00:00,1e3d15e6a9aaf2ca673b67131af115bb2e9b8fe90d540298428b05095ad9e910
2023-03-02,DK1010001,Dhaka,PM2.5-24hr,UG/M3,217.8,24,U.S. Department of State Bangladesh - Dhaka,268,4,23.796374,90.424614,050DK1010001,https://files.airnowtech.org/airnow/2023/20230302/daily_data_v2.dat,03/02/23|DK1010001|Dhaka|PM2.5-24hr|UG/M3|217.8|24|U.S. Department of State Bangladesh - Dhaka|268|4|23.796374|90.424614|050DK1010001,2026-07-18T03:21:36+00:00,b8fa351a7fad1e367f49c788f9c70a4e96c207e07f42c15771337a778903ae85
2023-03-03,DK1010001,Dhaka,PM2.5-24hr,UG/M3,208.4,24,U.S. Department of State Bangladesh - Dhaka,258,4,23.796374,90.424614,050DK1010001,https://files.airnowtech.org/airnow/2023/20230303/daily_data_v2.dat,03/03/23|DK1010001|Dhaka|PM2.5-24hr|UG/M3|208.4|24|U.S. Department of State Bangladesh - Dhaka|258|4|23.796374|90.424614|050DK1010001,2026-07-18T03:21:36+00:00,2353597a83678d97ada7cb984597e1c2e2ab9a6409292824398496075315edc3
2023-03-04,DK1010001,Dhaka,PM2.5-24hr,UG/M3,218.6,24,U.S. Department of State Bangladesh - Dhaka,269,4,23.796374,90.424614,050DK1010001,https://files.airnowtech.org/airnow/2023/20230304/daily_data_v2.dat,03/04/23|DK1010001|Dhaka|PM2.5-24hr|UG/M3|218.6|24|U.S. Department of State Bangladesh - Dhaka|269|4|23.796374|90.424614|050DK1010001,2026-07-18T03:21:36+00:00,3df6b7a86922a2016cc744aff1dbf08af0b5dc5910623bec43c59cc7d5704cdb
2023-03-05,DK1010001,Dhaka,PM2.5-24hr,UG/M3,200.5,24,U.S. Department of State Bangladesh - Dhaka,251,4,23.796374,90.424614,050DK1010001,https://files.airnowtech.org/airnow/2023/20230305/daily_data_v2.dat,03/05/23|DK1010001|Dhaka|PM2.5-24hr|UG/M3|200.5|24|U.S. Department of State Bangladesh - Dhaka|251|4|23.796374|90.424614|050DK1010001,2026-07-18T03:21:36+00:00,d58d73319943f16a39b32efa37d6ace1b73936c260b9d551fd752510fa9b0f2a
2023-03-06,DK1010001,Dhaka,PM2.5-24hr,UG/M3,137.8,24,U.S. Department of State Bangladesh - Dhaka,193,3,23.796374,90.424614,050DK1010001,https://files.airnowtech.org/airnow/2023/20230306/daily_data_v2.dat,03/06/23|DK1010001|Dhaka|PM2.5-24hr|UG/M3|137.8|24|U.S. Department of State Bangladesh - Dhaka|193|3|23.796374|90.424614|050DK1010001,2026-07-18T03:21:36+00:00,987c92ee496a527e7249bedc81402002e36fac5588af1343f09814e1c27182bc
2023-03-07,DK1010001,Dhaka,PM2.5-24hr,UG/M3,155.6,24,U.S. Department of State Bangladesh - Dhaka,206,4,23.796374,90.424614,050DK1010001,https://files.airnowtech.org/airnow/2023/20230307/daily_data_v2.dat,03/07/23|DK1010001|Dhaka|PM2.5-24hr|UG/M3|155.6|24|U.S. Department of State Bangladesh - Dhaka|206|4|23.796374|90.424614|050DK1010001,2026-07-18T03:21:36+00:00,ebacb371b4852085d60703981cd25fd78d8c80cd9f0dbc3e2a34839299703c13
2023-03-08,DK1010001,Dhaka,PM2.5-24hr,UG/M3,109.8,24,U.S. Department of State Bangladesh - Dhaka,179,3,23.796374,90.424614,050DK1010001,https://files.airnowtech.org/airnow/2023/20230308/daily_data_v2.dat,03/08/23|DK1010001|Dhaka|PM2.5-24hr|UG/M3|109.8|24|U.S. Department of State Bangladesh - Dhaka|179|3|23.796374|90.424614|050DK1010001,2026-07-18T03:21:36+00:00,835816a089c3f77177529bdcddbe63b1ce75ca61bae0fd27c5ce3a2ce519e604
2023-03-09,DK1010001,Dhaka,PM2.5-24hr,UG/M3,136.7,24,U.S. Department of State Bangladesh - Dhaka,193,3,23.796374,90.424614,050DK1010001,https://files.airnowtech.org/airnow/2023/20230309/daily_data_v2.dat,03/09/23|DK1010001|Dhaka|PM2.5-24hr|UG/M3|136.7|24|U.S. Department of State Bangladesh - Dhaka|193|3|23.796374|90.424614|050DK1010001,2026-07-18T03:21:36+00:00,f9eeeddcdd8dbc8a0036df650ec340595eb2e0923cd23bd7d5b1fe8936880b3d
2023-03-10,DK1010001,Dhaka,PM2.5-24hr,UG/M3,139.4,24,U.S. Department of State Bangladesh - Dhaka,194,3,23.796374,90.424614,050DK1010001,https://files.airnowtech.org/airnow/2023/20230310/daily_data_v2.dat,03/10/23|DK1010001|Dhaka|PM2.5-24hr|UG/M3|139.4|24|U.S. Department of State Bangladesh - Dhaka|194|3|23.796374|90.424614|050DK1010001,2026-07-18T03:21:36+00:00,b17d980e9f34aae76dc58a98c69a4cc1f6a4120815893f7016a7080b4016c683
2023-03-11,DK1010001,Dhaka,PM2.5-24hr,UG/M3,152.4,24,U.S. Department of State Bangladesh - Dhaka,203,4,23.796374,90.424614,050DK1010001,https://files.airnowtech.org/airnow/2023/20230311/daily_data_v2.dat,03/11/23|DK1010001|Dhaka|PM2.5-24hr|UG/M3|152.4|24|U.S. Department of State Bangladesh - Dhaka|203|4|23.796374|90.424614|050DK1010001,2026-07-18T03:21:36+00:00,a1fd66e07bae59e5105dde5b829036580fd33339b24fefba21554498b4c9e053
2023-03-12,DK1010001,Dhaka,PM2.5-24hr,UG/M3,122.2,24,U.S. Department of State Bangladesh - Dhaka,185,3,23.796374,90.424614,050DK1010001,https://files.airnowtech.org/airnow/2023/20230312/daily_data_v2.dat,03/12/23|DK1010001|Dhaka|PM2.5-24hr|UG/M3|122.2|24|U.S. Department of State Bangladesh - Dhaka|185|3|23.796374|90.424614|050DK1010001,2026-07-18T03:21:36+00:00,300944956ff0c1f407d9a10e6e0e7b5b7940c265dbacfd50c7d08dc7bd63e660
2023-03-13,DK1010001,Dhaka,PM2.5-24hr,UG/M3,119.0,24,U.S. Department of State Bangladesh - Dhaka,184,3,23.796374,90.424614,050DK1010001,https://files.airnowtech.org/airnow/2023/20230313/daily_data_v2.dat,03/13/23|DK1010001|Dhaka|PM2.5-24hr|UG/M3|119|24|U.S. Department of State Bangladesh - Dhaka|184|3|23.796374|90.424614|050DK1010001,2026-07-18T03:21:36+00:00,01f8fae0c19d02e337039a82985eb9a04082a2743cc63d56f17d6bbf1a58ef95
2023-03-14,DK1010001,Dhaka,PM2.5-24hr,UG/M3,155.2,24,U.S. Department of State Bangladesh - Dhaka,206,4,23.796374,90.424614,050DK1010001,https://files.airnowtech.org/airnow/2023/20230314/daily_data_v2.dat,03/14/23|DK1010001|Dhaka|PM2.5-24hr|UG/M3|155.2|24|U.S. Department of State Bangladesh - Dhaka|206|4|23.796374|90.424614|050DK1010001,2026-07-18T03:21:36+00:00,359fcfc84f9baebf7144d6fe2d75795652ab8505fc77b2d9a4b2fa22b9a2a9e4
2023-03-15,DK1010001,Dhaka,PM2.5-24hr,UG/M3,113.8,24,U.S. Department of State Bangladesh - Dhaka,181,3,23.796374,90.424614,050DK1010001,https://files.airnowtech.org/airnow/2023/20230315/daily_data_v2.dat,03/15/23|DK1010001|Dhaka|PM2.5-24hr|UG/M3|113.8|24|U.S. Department of State Bangladesh - Dhaka|181|3|23.796374|90.424614|050DK1010001,2026-07-18T03:21:36+00:00,19f6a462a7cad4fce6b5a15d083362b9b63beeecbfa36845fc71e37bc396dceb
2023-03-16,DK1010001,Dhaka,PM2.5-24hr,UG/M3,132.2,24,U.S. Department of State Bangladesh - Dhaka,191,3,23.796374,90.424614,050DK1010001,https://files.airnowtech.org/airnow/2023/20230316/daily_data_v2.dat,03/16/23|DK1010001|Dhaka|PM2.5-24hr|UG/M3|132.2|24|U.S. Department of State Bangladesh - Dhaka|191|3|23.796374|90.424614|050DK1010001,2026-07-18T03:21:36+00:00,b4b0195897af9f6d5186fdf401abaf4bc22fa57e6753447fcd7501df68303d3d
2023-03-17,DK1010001,Dhaka,PM2.5-24hr,UG/M3,164.4,24,U.S. Department of State Bangladesh - Dhaka,215,4,23.796374,90.424614,050DK1010001,https://files.airnowtech.org/airnow/2023/20230317/daily_data_v2.dat,03/17/23|DK1010001|Dhaka|PM2.5-24hr|UG/M3|164.4|24|U.S. Department of State Bangladesh - Dhaka|215|4|23.796374|90.424614|050DK1010001,2026-07-18T03:21:36+00:00,8540d2b1894ee1025d39e463e961758f9fc21c0efd094d3a393db8da13756ede
2023-03-18,DK1010001,Dhaka,PM2.5-24hr,UG/M3,102.8,24,U.S. Department of State Bangladesh - Dhaka,175,3,23.796374,90.424614,050DK1010001,https://files.airnowtech.org/airnow/2023/20230318/daily_data_v2.dat,03/18/23|DK1010001|Dhaka|PM2.5-24hr|UG/M3|102.8|24|U.S. Department of State Bangladesh - Dhaka|175|3|23.796374|90.424614|050DK1010001,2026-07-18T03:21:36+00:00,56762fb2790290b86aef71ba1bfccdd08c5209bc9aa1e57dc70905f4a320a725
2023-03-19,DK1010001,Dhaka,PM2.5-24hr,UG/M3,92.6,24,U.S. Department of State Bangladesh - Dhaka,170,3,23.796374,90.424614,050DK1010001,https://files.airnowtech.org/airnow/2023/20230319/daily_data_v2.dat,03/19/23|DK1010001|Dhaka|PM2.5-24hr|UG/M3|92.6|24|U.S. Department of State Bangladesh - Dhaka|170|3|23.796374|90.424614|050DK1010001,2026-07-18T03:21:36+00:00,7f568c94f0f5da516d49ee8d766dead2218fe3ffb6aa73a0bf63a83a000625d1
2023-03-20,DK1010001,Dhaka,PM2.5-24hr,UG/M3,62.2,24,U.S. Department of State Bangladesh - Dhaka,154,3,23.796374,90.424614,050DK1010001,https://files.airnowtech.org/airnow/2023/20230320/daily_data_v2.dat,03/20/23|DK1010001|Dhaka|PM2.5-24hr|UG/M3|62.2|24|U.S. Department of State Bangladesh - Dhaka|154|3|23.796374|90.424614|050DK1010001,2026-07-18T03:21:36+00:00,3050451da0f8ecca6e97b212bf84dcd6e430e4b8a7850e2a8b4c59762dedc340
2023-03-21,DK1010001,Dhaka,PM2.5-24hr,UG/M3,70.5,24,U.S. Department of State Bangladesh - Dhaka,159,3,23.796374,90.424614,050DK1010001,https://files.airnowtech.org/airnow/2023/20230321/daily_data_v2.dat,03/21/23|DK1010001|Dhaka|PM2.5-24hr|UG/M3|70.5|24|U.S. Department of State Bangladesh - Dhaka|159|3|23.796374|90.424614|050DK1010001,2026-07-18T03:21:36+00:00,fd7930723c996605470397f662f4a32c72f1688ed03c0ef98278838a1fa7e8ea
2023-03-22,DK1010001,Dhaka,PM2.5-24hr,UG/M3,88.2,24,U.S. Department of State Bangladesh - Dhaka,168,3,23.796374,90.424614,050DK1010001,https://files.airnowtech.org/airnow/2023/20230322/daily_data_v2.dat,03/22/23|DK1010001|Dhaka|PM2.5-24hr|UG/M3|88.2|24|U.S. Department of State Bangladesh - Dhaka|168|3|23.796374|90.424614|050DK1010001,2026-07-18T03:21:36+00:00,f579de3ab05aea2e44ea576838edf8c13c64ee9ee5838458bcde7c263bbcaf9e
2023-03-23,DK1010001,Dhaka,PM2.5-24hr,UG/M3,63.0,24,U.S. Department of State Bangladesh - Dhaka,155,3,23.796374,90.424614,050DK1010001,https://files.airnowtech.org/airnow/2023/20230323/daily_data_v2.dat,03/23/23|DK1010001|Dhaka|PM2.5-24hr|UG/M3|63|24|U.S. Department of State Bangladesh - Dhaka|155|3|23.796374|90.424614|050DK1010001,2026-07-18T03:21:36+00:00,6f9e3e1b1cd6951e64eb222c12202899d8c8171baffa293832e804834cea8286
2023-03-24,DK1010001,Dhaka,PM2.5-24hr,UG/M3,126.6,24,U.S. Department of State Bangladesh - Dhaka,188,3,23.796374,90.424614,050DK1010001,https://files.airnowtech.org/airnow/2023/20230324/daily_data_v2.dat,03/24/23|DK1010001|Dhaka|PM2.5-24hr|UG/M3|126.6|24|U.S. Department of State Bangladesh - Dhaka|188|3|23.796374|90.424614|050DK1010001,2026-07-18T03:21:36+00:00,2a41583bc7b6643b489dc8be10bc5e3504a13e518954bc7d81d2048bcd987a74
2023-03-25,DK1010001,Dhaka,PM2.5-24hr,UG/M3,107.2,24,U.S. Department of State Bangladesh - Dhaka,178,3,23.796374,90.424614,050DK1010001,https://files.airnowtech.org/airnow/2023/20230325/daily_data_v2.dat,03/25/23|DK1010001|Dhaka|PM2.5-24hr|UG/M3|107.2|24|U.S. Department of State Bangladesh - Dhaka|178|3|23.796374|90.424614|050DK1010001,2026-07-18T03:21:36+00:00,6f0696bc30f765b88455d60af574558c6a284c4947eef66b01affc84d84c5989
2023-03-26,DK1010001,Dhaka,PM2.5-24hr,UG/M3,90.7,24,U.S. Department of State Bangladesh - Dhaka,169,3,23.796374,90.424614,050DK1010001,https://files.airnowtech.org/airnow/2023/20230326/daily_data_v2.dat,03/26/23|DK1010001|Dhaka|PM2.5-24hr|UG/M3|90.7|24|U.S. Department of State Bangladesh - Dhaka|169|3|23.796374|90.424614|050DK1010001,2026-07-18T03:21:36+00:00,2c39ee7466b25dee11039d43eb60000a6998cbf27a7e3a02e17ec92a7480d597
2023-03-27,DK1010001,Dhaka,PM2.5-24hr,UG/M3,69.7,24,U.S. Department of State Bangladesh - Dhaka,158,3,23.796374,90.424614,050DK1010001,https://files.airnowtech.org/airnow/2023/20230327/daily_data_v2.dat,03/27/23|DK1010001|Dhaka|PM2.5-24hr|UG/M3|69.7|24|U.S. Department of State Bangladesh - Dhaka|158|3|23.796374|90.424614|050DK1010001,2026-07-18T03:21:36+00:00,47398d2decb46038650c4b2d676a8389c08d9c2f70c6d3c6d025e54fe41062a0
2023-03-28,DK1010001,Dhaka,PM2.5-24hr,UG/M3,135.0,24,U.S. Department of State Bangladesh - Dhaka,192,3,23.796374,90.424614,050DK1010001,https://files.airnowtech.org/airnow/2023/20230328/daily_data_v2.dat,03/28/23|DK1010001|Dhaka|PM2.5-24hr|UG/M3|135|24|U.S. Department of State Bangladesh - Dhaka|192|3|23.796374|90.424614|050DK1010001,2026-07-18T03:21:36+00:00,6e2926d08ad9a0deaf212e4484939b8851601a297929cf70e88548bf32a80a6a
2023-03-29,DK1010001,Dhaka,PM2.5-24hr,UG/M3,84.7,24,U.S. Department of State Bangladesh - Dhaka,166,3,23.796374,90.424614,050DK1010001,https://files.airnowtech.org/airnow/2023/20230329/daily_data_v2.dat,03/29/23|DK1010001|Dhaka|PM2.5-24hr|UG/M3|84.7|24|U.S. Department of State Bangladesh - Dhaka|166|3|23.796374|90.424614|050DK1010001,2026-07-18T03:21:36+00:00,178cb21f3e05ffe1bd1e1e3d9ffeaed838e07a488357749a8e9bb4260cf482fe
2023-03-30,DK1010001,Dhaka,PM2.5-24hr,UG/M3,85.3,24,U.S. Department of State Bangladesh - Dhaka,166,3,23.796374,90.424614,050DK1010001,https://files.airnowtech.org/airnow/2023/20230330/daily_data_v2.dat,03/30/23|DK1010001|Dhaka|PM2.5-24hr|UG/M3|85.3|24|U.S. Department of State Bangladesh - Dhaka|166|3|23.796374|90.424614|050DK1010001,2026-07-18T03:21:36+00:00,d5681744597443ab11fdd10a87cadef311a7bff52df842f41d7114e121f240f6
2023-03-31,DK1010001,Dhaka,PM2.5-24hr,UG/M3,65.9,24,U.S. Department of State Bangladesh - Dhaka,156,3,23.796374,90.424614,050DK1010001,https://files.airnowtech.org/airnow/2023/20230331/daily_data_v2.dat,03/31/23|DK1010001|Dhaka|PM2.5-24hr|UG/M3|65.9|24|U.S. Department of State Bangladesh - Dhaka|156|3|23.796374|90.424614|050DK1010001,2026-07-18T03:21:36+00:00,ff8e9b6355119c6cc2241266b5885b9956da3fec23aee6be6caafc2132d9d71e
2023-04-01,DK1010001,Dhaka,PM2.5-24hr,UG/M3,54.7,24,U.S. Department of State Bangladesh - Dhaka,149,2,23.796374,90.424614,050DK1010001,https://files.airnowtech.org/airnow/2023/20230401/daily_data_v2.dat,04/01/23|DK1010001|Dhaka|PM2.5-24hr|UG/M3|54.7|24|U.S. Department of State Bangladesh - Dhaka|149|2|23.796374|90.424614|050DK1010001,2026-07-18T03:21:36+00:00,fb94efa53d76ffa8a0ceacc1b43e422d3431442f0a28e4bfdc65b7885a57072b
2023-04-02,DK1010001,Dhaka,PM2.5-24hr,UG/M3,76.2,24,U.S. Department of State Bangladesh - Dhaka,162,3,23.796374,90.424614,050DK1010001,https://files.airnowtech.org/airnow/2023/20230402/daily_data_v2.dat,04/02/23|DK1010001|Dhaka|PM2.5-24hr|UG/M3|76.2|24|U.S. Department of State Bangladesh - Dhaka|162|3|23.796374|90.424614|050DK1010001,2026-07-18T03:21:37+00:00,0a1832338b0dce58cb9c91647aad04a9f276b8e40bc51259eec8946e80be6c1d
2023-04-03,DK1010001,Dhaka,PM2.5-24hr,UG/M3,88.1,24,U.S. Department of State Bangladesh - Dhaka,168,3,23.796374,90.424614,050DK1010001,https://files.airnowtech.org/airnow/2023/20230403/daily_data_v2.dat,04/03/23|DK1010001|Dhaka|PM2.5-24hr|UG/M3|88.1|24|U.S. Department of State Bangladesh - Dhaka|168|3|23.796374|90.424614|050DK1010001,2026-07-18T03:21:37+00:00,a47c5ee5fb5a824cbbfc53536877e01def2ab479d741c3babed859ae3b1b67f0
2023-04-04,DK1010001,Dhaka,PM2.5-24hr,UG/M3,69.1,24,U.S. Department of State Bangladesh - Dhaka,158,3,23.796374,90.424614,050DK1010001,https://files.airnowtech.org/airnow/2023/20230404/daily_data_v2.dat,04/04/23|DK1010001|Dhaka|PM2.5-24hr|UG/M3|69.1|24|U.S. Department of State Bangladesh - Dhaka|158|3|23.796374|90.424614|050DK1010001,2026-07-18T03:21:37+00:00,3df0b0826cb56cdf9f767b2dcec29a351351bd4f5b74f0bd02ce99712b6fddda
2023-04-05,DK1010001,Dhaka,PM2.5-24hr,UG/M3,64.9,24,U.S. Department of State Bangladesh - Dhaka,156,3,23.796374,90.424614,050DK1010001,https://files.airnowtech.org/airnow/2023/20230405/daily_data_v2.dat,04/05/23|DK1010001|Dhaka|PM2.5-24hr|UG/M3|64.9|24|U.S. Department of State Bangladesh - Dhaka|156|3|23.796374|90.424614|050DK1010001,2026-07-18T03:21:37+00:00,f9b469a9aeb81579f43add9ff85706fc7b5aff8ece893a8b12ad2567c5f2366c
2023-04-06,DK1010001,Dhaka,PM2.5-24hr,UG/M3,88.8,24,U.S. Department of State Bangladesh - Dhaka,168,3,23.796374,90.424614,050DK1010001,https://files.airnowtech.org/airnow/2023/20230406/daily_data_v2.dat,04/06/23|DK1010001|Dhaka|PM2.5-24hr|UG/M3|88.8|24|U.S. Department of State Bangladesh - Dhaka|168|3|23.796374|90.424614|050DK1010001,2026-07-18T03:21:37+00:00,639d732340470822967d99b69d5adb9089b48a8edbc67f6fe4a606e0af96b46b
2023-04-07,DK1010001,Dhaka,PM2.5-24hr,UG/M3,111.0,24,U.S. Department of State Bangladesh - Dhaka,180,3,23.796374,90.424614,050DK1010001,https://files.airnowtech.org/airnow/2023/20230407/daily_data_v2.dat,04/07/23|DK1010001|Dhaka|PM2.5-24hr|UG/M3|111|24|U.S. Department of State Bangladesh - Dhaka|180|3|23.796374|90.424614|050DK1010001,2026-07-18T03:21:37+00:00,0b441857f2f8ceeec26c720ccf277ce12c48538a5ef0e794bc50adc1037e4182
2023-04-08,DK1010001,Dhaka,PM2.5-24hr,UG/M3,165.7,24,U.S. Department of State Bangladesh - Dhaka,216,4,23.796374,90.424614,050DK1010001,https://files.airnowtech.org/airnow/2023/20230408/daily_data_v2.dat,04/08/23|DK1010001|Dhaka|PM2.5-24hr|UG/M3|165.7|24|U.S. Department of State Bangladesh - Dhaka|216|4|23.796374|90.424614|050DK1010001,2026-07-18T03:21:37+00:00,6a53fe52a88f82b5140e2f4b8dcdcb0a0fb301d484b1c69fa02eb29fe17d7837
2023-04-09,DK1010001,Dhaka,PM2.5-24hr,UG/M3,134.4,24,U.S. Department of State Bangladesh - Dhaka,192,3,23.796374,90.424614,050DK1010001,https://files.airnowtech.org/airnow/2023/20230409/daily_data_v2.dat,04/09/23|DK1010001|Dhaka|PM2.5-24hr|UG/M3|134.4|24|U.S. Department of State Bangladesh - Dhaka|192|3|23.796374|90.424614|050DK1010001,2026-07-18T03:21:37+00:00,3187d743332f50cd74049d69889425a823b89344ad471910cd3f52d405c5fa91
2023-04-10,DK1010001,Dhaka,PM2.5-24hr,UG/M3,202.8,24,U.S. Department of State Bangladesh - Dhaka,253,4,23.796374,90.424614,050DK1010001,https://files.airnowtech.org/airnow/2023/20230410/daily_data_v2.dat,04/10/23|DK1010001|Dhaka|PM2.5-24hr|UG/M3|202.8|24|U.S. Department of State Bangladesh - Dhaka|253|4|23.796374|90.424614|050DK1010001,2026-07-18T03:21:37+00:00,d3d351e2fe6729cc6bc0fc17304cd2307e12da0d4de8047e154cc0d0bd80a651
2023-04-11,DK1010001,Dhaka,PM2.5-24hr,UG/M3,220.8,24,U.S. Department of State Bangladesh - Dhaka,271,4,23.796374,90.424614,050DK1010001,https://files.airnowtech.org/airnow/2023/20230411/daily_data_v2.dat,04/11/23|DK1010001|Dhaka|PM2.5-24hr|UG/M3|220.8|24|U.S. Department of State Bangladesh - Dhaka|271|4|23.796374|90.424614|050DK1010001,2026-07-18T03:21:37+00:00,13c92d9db5d2eccef2baba24faf692fad82b684f636d3f8598c38a9de0a8d38f
2023-04-12,DK1010001,Dhaka,PM2.5-24hr,UG/M3,165.4,24,U.S. Department of State Bangladesh - Dhaka,216,4,23.796374,90.424614,050DK1010001,https://files.airnowtech.org/airnow/2023/20230412/daily_data_v2.dat,04/12/23|DK1010001|Dhaka|PM2.5-24hr|UG/M3|165.4|24|U.S. Department of State Bangladesh - Dhaka|216|4|23.796374|90.424614|050DK1010001,2026-07-18T03:21:42+00:00,3cbbbdb9ab07526a59869734a56cb4f69e522d751b2afb964b687a4aff51c986
2023-04-13,DK1010001,Dhaka,PM2.5-24hr,UG/M3,144.8,24,U.S. Department of State Bangladesh - Dhaka,197,3,23.796374,90.424614,050DK1010001,https://files.airnowtech.org/airnow/2023/20230413/daily_data_v2.dat,04/13/23|DK1010001|Dhaka|PM2.5-24hr|UG/M3|144.8|24|U.S. Department of State Bangladesh - Dhaka|197|3|23.796374|90.424614|050DK1010001,2026-07-18T03:21:42+00:00,3c8a9c5a05a962aa3394a66a82e705b238c813ebb4c4f701069b7d0fa168ee1e
2023-04-14,DK1010001,Dhaka,PM2.5-24hr,UG/M3,123.9,24,U.S. Department of State Bangladesh - Dhaka,186,3,23.796374,90.424614,050DK1010001,https://files.airnowtech.org/airnow/2023/20230414/daily_data_v2.dat,04/14/23|DK1010001|Dhaka|PM2.5-24hr|UG/M3|123.9|24|U.S. Department of State Bangladesh - Dhaka|186|3|23.796374|90.424614|050DK1010001,2026-07-18T03:21:42+00:00,0b2e2ff99c8cf25fb3be12cfa9936467456bca41456d90b053da198f747d3426
2023-04-15,DK1010001,Dhaka,PM2.5-24hr,UG/M3,182.4,24,U.S. Department of State Bangladesh - Dhaka,233,4,23.796374,90.424614,050DK1010001,https://files.airnowtech.org/airnow/2023/20230415/daily_data_v2.dat,04/15/23|DK1010001|Dhaka|PM2.5-24hr|UG/M3|182.4|24|U.S. Department of State Bangladesh - Dhaka|233|4|23.796374|90.424614|050DK1010001,2026-07-18T03:21:42+00:00,96f655d7e5d385d8658e5728d53b3f3d0bc3370b9864c9c770e926fab193a380
2023-04-16,DK1010001,Dhaka,PM2.5-24hr,UG/M3,170.5,24,U.S. Department of State Bangladesh - Dhaka,221,4,23.796374,90.424614,050DK1010001,https://files.airnowtech.org/airnow/2023/20230416/daily_data_v2.dat,04/16/23|DK1010001|Dhaka|PM2.5-24hr|UG/M3|170.5|24|U.S. Department of State Bangladesh - Dhaka|221|4|23.796374|90.424614|050DK1010001,2026-07-18T03:21:42+00:00,845402db8bde712fe5ae0e1f5cb32be59fec7089ddb6936597d54397c6e67934
2023-04-17,DK1010001,Dhaka,PM2.5-24hr,UG/M3,92.2,24,U.S. Department of State Bangladesh - Dhaka,170,3,23.796374,90.424614,050DK1010001,https://files.airnowtech.org/airnow/2023/20230417/daily_data_v2.dat,04/17/23|DK1010001|Dhaka|PM2.5-24hr|UG/M3|92.2|24|U.S. Department of State Bangladesh - Dhaka|170|3|23.796374|90.424614|050DK1010001,2026-07-18T03:21:42+00:00,7d27a7bc5cbf6d12d1e31f682ea6109fbe732727cdb5bac22274d0cb42bf6282
2023-04-18,DK1010001,Dhaka,PM2.5-24hr,UG/M3,100.0,24,U.S. Department of State Bangladesh - Dhaka,174,3,23.796374,90.424614,050DK1010001,https://files.airnowtech.org/airnow/2023/20230418/daily_data_v2.dat,04/18/23|DK1010001|Dhaka|PM2.5-24hr|UG/M3|100|24|U.S. Department of State Bangladesh - Dhaka|174|3|23.796374|90.424614|050DK1010001,2026-07-18T03:21:42+00:00,cd34b6f63d0823a71dfa604a670af63b82202a3a1d76f60fd64c3eb0ec50f25b
2023-04-19,DK1010001,Dhaka,PM2.5-24hr,UG/M3,86.0,24,U.S. Department of State Bangladesh - Dhaka,167,3,23.796374,90.424614,050DK1010001,https://files.airnowtech.org/airnow/2023/20230419/daily_data_v2.dat,04/19/23|DK1010001|Dhaka|PM2.5-24hr|UG/M3|86|24|U.S. Department of State Bangladesh - Dhaka|167|3|23.796374|90.424614|050DK1010001,2026-07-18T03:21:42+00:00,98f282c7f9c4ab5f44a7c77dcfc0d03ed298d49d7d156c5085c424e98ef7f434
2023-04-20,DK1010001,Dhaka,PM2.5-24hr,UG/M3,73.2,24,U.S. Department of State Bangladesh - Dhaka,160,3,23.796374,90.424614,050DK1010001,https://files.airnowtech.org/airnow/2023/20230420/daily_data_v2.dat,04/20/23|DK1010001|Dhaka|PM2.5-24hr|UG/M3|73.2|24|U.S. Department of State Bangladesh - Dhaka|160|3|23.796374|90.424614|050DK1010001,2026-07-18T03:21:42+00:00,59cb936ec35b5e5baa46dfae6afcd9b69fd524143056654e0c5cebbf6885392f
2023-04-21,DK1010001,Dhaka,PM2.5-24hr,UG/M3,65.4,24,U.S. Department of State Bangladesh - Dhaka,156,3,23.796374,90.424614,050DK1010001,https://files.airnowtech.org/airnow/2023/20230421/daily_data_v2.dat,04/21/23|DK1010001|Dhaka|PM2.5-24hr|UG/M3|65.4|24|U.S. Department of State Bangladesh - Dhaka|156|3|23.796374|90.424614|050DK1010001,2026-07-18T03:21:42+00:00,35790774238ce5e04892f379fe6ada7fffb9b69f89c8257a58359ee887f7ad7e
2023-04-22,DK1010001,Dhaka,PM2.5-24hr,UG/M3,57.2,24,U.S. Department of State Bangladesh - Dhaka,152,3,23.796374,90.424614,050DK1010001,https://files.airnowtech.org/airnow/2023/20230422/daily_data_v2.dat,04/22/23|DK1010001|Dhaka|PM2.5-24hr|UG/M3|57.2|24|U.S. Department of State Bangladesh - Dhaka|152|3|23.796374|90.424614|050DK1010001,2026-07-18T03:21:42+00:00,71fd032750f7835aeb2801ce636179673b20b3584dd7a81fc488d11437f8ea9b
2023-04-23,DK1010001,Dhaka,PM2.5-24hr,UG/M3,54.8,24,U.S. Department of State Bangladesh - Dhaka,149,2,23.796374,90.424614,050DK1010001,https://files.airnowtech.org/airnow/2023/20230423/daily_data_v2.dat,04/23/23|DK1010001|Dhaka|PM2.5-24hr|UG/M3|54.8|24|U.S. Department of State Bangladesh - Dhaka|149|2|23.796374|90.424614|050DK1010001,2026-07-18T03:21:42+00:00,be59ebf92e9b04fba342489adaa64d0a4d208b33f4e742e1f17418d8ef3b1f9c
2023-04-24,DK1010001,Dhaka,PM2.5-24hr,UG/M3,43.7,24,U.S. Department of State Bangladesh - Dhaka,121,2,23.796374,90.424614,050DK1010001,https://files.airnowtech.org/airnow/2023/20230424/daily_data_v2.dat,04/24/23|DK1010001|Dhaka|PM2.5-24hr|UG/M3|43.7|24|U.S. Department of State Bangladesh - Dhaka|121|2|23.796374|90.424614|050DK1010001,2026-07-18T03:21:42+00:00,8fec3ae3e8edeff78e1c0012354467adf8df01df9d336a18a335e081756ff7c2
2023-04-25,DK1010001,Dhaka,PM2.5-24hr,UG/M3,55.4,24,U.S. Department of State Bangladesh - Dhaka,151,3,23.796374,90.424614,050DK1010001,https://files.airnowtech.org/airnow/2023/20230425/daily_data_v2.dat,04/25/23|DK1010001|Dhaka|PM2.5-24hr|UG/M3|55.4|24|U.S. Department of State Bangladesh - Dhaka|151|3|23.796374|90.424614|050DK1010001,2026-07-18T03:21:42+00:00,1dfc3ed9c66ca0fd87aa81b70cf2732fde7fbbc4bec15eef93268b3a670c425b
2023-04-27,DK1010001,Dhaka,PM2.5-24hr,UG/M3,84.2,24,U.S. Department of State Bangladesh - Dhaka,166,3,23.796374,90.424614,050DK1010001,https://files.airnowtech.org/airnow/2023/20230427/daily_data_v2.dat,04/27/23|DK1010001|Dhaka|PM2.5-24hr|UG/M3|84.2|24|U.S. Department of State Bangladesh - Dhaka|166|3|23.796374|90.424614|050DK1010001,2026-07-18T03:21:42+00:00,f3e018d2472320e926c95ac0b8f10637a6e218304585c315ca3b8b576fb9521c
2023-04-28,DK1010001,Dhaka,PM2.5-24hr,UG/M3,51.1,24,U.S. Department of State Bangladesh - Dhaka,139,2,23.796374,90.424614,050DK1010001,https://files.airnowtech.org/airnow/2023/20230428/daily_data_v2.dat,04/28/23|DK1010001|Dhaka|PM2.5-24hr|UG/M3|51.1|24|U.S. Department of State Bangladesh - Dhaka|139|2|23.796374|90.424614|050DK1010001,2026-07-18T03:21:42+00:00,418804a64de95d48e01bbe7c202309c9a7cf820d0a5cc76c991699f02d2659c2
2023-04-29,DK1010001,Dhaka,PM2.5-24hr,UG/M3,81.1,24,U.S. Department of State Bangladesh - Dhaka,164,3,23.796374,90.424614,050DK1010001,https://files.airnowtech.org/airnow/2023/20230429/daily_data_v2.dat,04/29/23|DK1010001|Dhaka|PM2.5-24hr|UG/M3|81.1|24|U.S. Department of State Bangladesh - Dhaka|164|3|23.796374|90.424614|050DK1010001,2026-07-18T03:21:42+00:00,091667705998779cd6dea13a7cf1b3bfd9f4f59853a78eacbc71fde357f082be
2023-04-30,DK1010001,Dhaka,PM2.5-24hr,UG/M3,65.9,24,U.S. Department of State Bangladesh - Dhaka,156,3,23.796374,90.424614,050DK1010001,https://files.airnowtech.org/airnow/2023/20230430/daily_data_v2.dat,04/30/23|DK1010001|Dhaka|PM2.5-24hr|UG/M3|65.9|24|U.S. Department of State Bangladesh - Dhaka|156|3|23.796374|90.424614|050DK1010001,2026-07-18T03:21:42+00:00,32d8bd8dd6f485cbbd44cd5a6cbb979b4af33c95d424c61009facdfa28b6f826
2023-05-01,DK1010001,Dhaka,PM2.5-24hr,UG/M3,50.5,24,U.S. Department of State Bangladesh - Dhaka,138,2,23.796374,90.424614,050DK1010001,https://files.airnowtech.org/airnow/2023/20230501/daily_data_v2.dat,05/01/23|DK1010001|Dhaka|PM2.5-24hr|UG/M3|50.5|24|U.S. Department of State Bangladesh - Dhaka|138|2|23.796374|90.424614|050DK1010001,2026-07-18T03:21:42+00:00,e21b27af5f8b9c28edd75e7e81b16052b4d8e307d4deff9877fd36ace3228869
2023-05-02,DK1010001,Dhaka,PM2.5-24hr,UG/M3,72.1,24,U.S. Department of State Bangladesh - Dhaka,160,3,23.796374,90.424614,050DK1010001,https://files.airnowtech.org/airnow/2023/20230502/daily_data_v2.dat,05/02/23|DK1010001|Dhaka|PM2.5-24hr|UG/M3|72.1|24|U.S. Department of State Bangladesh - Dhaka|160|3|23.796374|90.424614|050DK1010001,2026-07-18T03:21:42+00:00,428ba83c86b0a06493ec9911fb0ad04ba356b9cfd7dfd5cc518edc5af942bf40
2023-05-03,DK1010001,Dhaka,PM2.5-24hr,UG/M3,66.3,24,U.S. Department of State Bangladesh - Dhaka,157,3,23.796374,90.424614,050DK1010001,https://files.airnowtech.org/airnow/2023/20230503/daily_data_v2.dat,05/03/23|DK1010001|Dhaka|PM2.5-24hr|UG/M3|66.3|24|U.S. Department of State Bangladesh - Dhaka|157|3|23.796374|90.424614|050DK1010001,2026-07-18T03:21:42+00:00,74c6175398182b239b5f463b23d9ec63ef050b5b52ac09d1a60c91c43c5f0791
2023-05-04,DK1010001,Dhaka,PM2.5-24hr,UG/M3,59.7,24,U.S. Department of State Bangladesh - Dhaka,153,3,23.796374,90.424614,050DK1010001,https://files.airnowtech.org/airnow/2023/20230504/daily_data_v2.dat,05/04/23|DK1010001|Dhaka|PM2.5-24hr|UG/M3|59.7|24|U.S. Department of State Bangladesh - Dhaka|153|3|23.796374|90.424614|050DK1010001,2026-07-18T03:21:42+00:00,877c9c5cd113cbf46c11d092a9d80592145e0795f06585d96f086702debbb6c7
2023-05-05,DK1010001,Dhaka,PM2.5-24hr,UG/M3,59.4,24,U.S. Department of State Bangladesh - Dhaka,153,3,23.796374,90.424614,050DK1010001,https://files.airnowtech.org/airnow/2023/20230505/daily_data_v2.dat,05/05/23|DK1010001|Dhaka|PM2.5-24hr|UG/M3|59.4|24|U.S. Department of State Bangladesh - Dhaka|153|3|23.796374|90.424614|050DK1010001,2026-07-18T03:21:42+00:00,9635e89e6e816f946573988c2b1324c982098ca85dbc25a00b44a16b4183879f
2023-05-06,DK1010001,Dhaka,PM2.5-24hr,UG/M3,67.5,24,U.S. Department of State Bangladesh - Dhaka,157,3,23.796374,90.424614,050DK1010001,https://files.airnowtech.org/airnow/2023/20230506/daily_data_v2.dat,05/06/23|DK1010001|Dhaka|PM2.5-24hr|UG/M3|67.5|24|U.S. Department of State Bangladesh - Dhaka|157|3|23.796374|90.424614|050DK1010001,2026-07-18T03:21:42+00:00,76dcc21b88808bffcf0a34480a5ab3b2db7f0360a3144742aad50ab5b1d5d164
2023-05-07,DK1010001,Dhaka,PM2.5-24hr,UG/M3,67.0,24,U.S. Department of State Bangladesh - Dhaka,157,3,23.796374,90.424614,050DK1010001,https://files.airnowtech.org/airnow/2023/20230507/daily_data_v2.dat,05/07/23|DK1010001|Dhaka|PM2.5-24hr|UG/M3|67|24|U.S. Department of State Bangladesh - Dhaka|157|3|23.796374|90.424614|050DK1010001,2026-07-18T03:21:42+00:00,71a605154c791cb0abe53d9df5a944ceefa4f85b7bbfad204143c07b98124305
2023-05-08,DK1010001,Dhaka,PM2.5-24hr,UG/M3,80.2,24,U.S. Department of State Bangladesh - Dhaka,164,3,23.796374,90.424614,050DK1010001,https://files.airnowtech.org/airnow/2023/20230508/daily_data_v2.dat,05/08/23|DK1010001|Dhaka|PM2.5-24hr|UG/M3|80.2|24|U.S. Department of State Bangladesh - Dhaka|164|3|23.796374|90.424614|050DK1010001,2026-07-18T03:21:42+00:00,702c8e976d6f0ae6573a0c6cdbc616c1295258a566726596e9bb3925cd1fdf2b
2023-05-09,DK1010001,Dhaka,PM2.5-24hr,UG/M3,104.0,24,U.S. Department of State Bangladesh - Dhaka,176,3,23.796374,90.424614,050DK1010001,https://files.airnowtech.org/airnow/2023/20230509/daily_data_v2.dat,05/09/23|DK1010001|Dhaka|PM2.5-24hr|UG/M3|104|24|U.S. Department of State Bangladesh - Dhaka|176|3|23.796374|90.424614|050DK1010001,2026-07-18T03:21:42+00:00,ec0c270d6398026c104ebd1bc44abf68259c948dbd3142177074bb12145ebf56
2023-05-10,DK1010001,Dhaka,PM2.5-24hr,UG/M3,77.4,24,U.S. Department of State Bangladesh - Dhaka,162,3,23.796374,90.424614,050DK1010001,https://files.airnowtech.org/airnow/2023/20230510/daily_data_v2.dat,05/10/23|DK1010001|Dhaka|PM2.5-24hr|UG/M3|77.4|24|U.S. Department of State Bangladesh - Dhaka|162|3|23.796374|90.424614|050DK1010001,2026-07-18T03:21:42+00:00,6b1ee2c36f5320b0a456c0561750f59c93bbf1b8815fc87ea60d340175154d4e
2023-05-11,DK1010001,Dhaka,PM2.5-24hr,UG/M3,61.5,24,U.S. Department of State Bangladesh - Dhaka,154,3,23.796374,90.424614,050DK1010001,https://files.airnowtech.org/airnow/2023/20230511/daily_data_v2.dat,05/11/23|DK1010001|Dhaka|PM2.5-24hr|UG/M3|61.5|24|U.S. Department of State Bangladesh - Dhaka|154|3|23.796374|90.424614|050DK1010001,2026-07-18T03:21:42+00:00,f32e922bb3e338efceee8dd84b3d624a235d349defbd56f842cb772b8aca0c2c
2023-05-12,DK1010001,Dhaka,PM2.5-24hr,UG/M3,115.8,24,U.S. Department of State Bangladesh - Dhaka,182,3,23.796374,90.424614,050DK1010001,https://files.airnowtech.org/airnow/2023/20230512/daily_data_v2.dat,05/12/23|DK1010001|Dhaka|PM2.5-24hr|UG/M3|115.8|24|U.S. Department of State Bangladesh - Dhaka|182|3|23.796374|90.424614|050DK1010001,2026-07-18T03:21:42+00:00,0dfc4b489234649917626df39a741c94565f121290e635a5817efa7c7fe01e05
2023-05-13,DK1010001,Dhaka,PM2.5-24hr,UG/M3,85.7,24,U.S. Department of State Bangladesh - Dhaka,167,3,23.796374,90.424614,050DK1010001,https://files.airnowtech.org/airnow/2023/20230513/daily_data_v2.dat,05/13/23|DK1010001|Dhaka|PM2.5-24hr|UG/M3|85.7|24|U.S. Department of State Bangladesh - Dhaka|167|3|23.796374|90.424614|050DK1010001,2026-07-18T03:21:42+00:00,99215015e4bd9b2eba6abfbea32fc15425410c329b5cb3971616bcc7a37643a8
2023-05-14,DK1010001,Dhaka,PM2.5-24hr,UG/M3,46.6,24,U.S. Department of State Bangladesh - Dhaka,129,2,23.796374,90.424614,050DK1010001,https://files.airnowtech.org/airnow/2023/20230514/daily_data_v2.dat,05/14/23|DK1010001|Dhaka|PM2.5-24hr|UG/M3|46.6|24|U.S. Department of State Bangladesh - Dhaka|129|2|23.796374|90.424614|050DK1010001,2026-07-18T03:21:42+00:00,c89af87fb4d69b6bd69e1b08d8c024ebf0ca1c00295e9a7cb8d5d08e59d53026
2023-05-15,DK1010001,Dhaka,PM2.5-24hr,UG/M3,34.4,24,U.S. Department of State Bangladesh - Dhaka,98,1,23.796374,90.424614,050DK1010001,https://files.airnowtech.org/airnow/2023/20230515/daily_data_v2.dat,05/15/23|DK1010001|Dhaka|PM2.5-24hr|UG/M3|34.4|24|U.S. Department of State Bangladesh - Dhaka|98|1|23.796374|90.424614|050DK1010001,2026-07-18T03:21:42+00:00,602cdec1e3b7e275195fc979abfcb198c7eb788128f0739f5f8fd0d9b6f7c887
2023-05-16,DK1010001,Dhaka,PM2.5-24hr,UG/M3,71.5,24,U.S. Department of State Bangladesh - Dhaka,159,3,23.796374,90.424614,050DK1010001,https://files.airnowtech.org/airnow/2023/20230516/daily_data_v2.dat,05/16/23|DK1010001|Dhaka|PM2.5-24hr|UG/M3|71.5|24|U.S. Department of State Bangladesh - Dhaka|159|3|23.796374|90.424614|050DK1010001,2026-07-18T03:21:42+00:00,3ad72b02d93790116f1ea46a15d327610ec2243ce13a660bc74bf94ea59f8b1e
2023-05-18,DK1010001,Dhaka,PM2.5-24hr,UG/M3,59.7,24,U.S. Department of State Bangladesh - Dhaka,153,3,23.796374,90.424614,050DK1010001,https://files.airnowtech.org/airnow/2023/20230518/daily_data_v2.dat,05/18/23|DK1010001|Dhaka|PM2.5-24hr|UG/M3|59.7|24|U.S. Department of State Bangladesh - Dhaka|153|3|23.796374|90.424614|050DK1010001,2026-07-18T03:21:42+00:00,9fb951e821c6c744417b544bb11e7f9061f316bf5d793c2c0e921e9f5e498725
2023-05-19,DK1010001,Dhaka,PM2.5-24hr,UG/M3,72.6,24,U.S. Department of State Bangladesh - Dhaka,160,3,23.796374,90.424614,050DK1010001,https://files.airnowtech.org/airnow/2023/20230519/daily_data_v2.dat,05/19/23|DK1010001|Dhaka|PM2.5-24hr|UG/M3|72.6|24|U.S. Department of State Bangladesh - Dhaka|160|3|23.796374|90.424614|050DK1010001,2026-07-18T03:21:42+00:00,462ff898bf9336660bb608950a5a0efcc66bc624ff36e89674755428249088c1
2023-05-20,DK1010001,Dhaka,PM2.5-24hr,UG/M3,57.5,24,U.S. Department of State Bangladesh - Dhaka,152,3,23.796374,90.424614,050DK1010001,https://files.airnowtech.org/airnow/2023/20230520/daily_data_v2.dat,05/20/23|DK1010001|Dhaka|PM2.5-24hr|UG/M3|57.5|24|U.S. Department of State Bangladesh - Dhaka|152|3|23.796374|90.424614|050DK1010001,2026-07-18T03:21:42+00:00,0316916a8952778b2cc50137d980960e58e43dbec6975aa069383b8bfaa9ddcc
2023-05-21,DK1010001,Dhaka,PM2.5-24hr,UG/M3,54.2,24,U.S. Department of State Bangladesh - Dhaka,147,2,23.796374,90.424614,050DK1010001,https://files.airnowtech.org/airnow/2023/20230521/daily_data_v2.dat,05/21/23|DK1010001|Dhaka|PM2.5-24hr|UG/M3|54.2|24|U.S. Department of State Bangladesh - Dhaka|147|2|23.796374|90.424614|050DK1010001,2026-07-18T03:21:42+00:00,7bb9c85a8cc16aba6989afa1e422aef248024e7e458786b8210540a5b1f685b6
2023-05-22,DK1010001,Dhaka,PM2.5-24hr,UG/M3,62.2,24,U.S. Department of State Bangladesh - Dhaka,155,3,23.796374,90.424614,050DK1010001,https://files.airnowtech.org/airnow/2023/20230522/daily_data_v2.dat,05/22/23|DK1010001|Dhaka|PM2.5-24hr|UG/M3|62.2|24|U.S. Department of State Bangladesh - Dhaka|155|3|23.796374|90.424614|050DK1010001,2026-07-18T03:21:42+00:00,93a4c1b81baeb7c92f4a6ea9bf061bd5405aeb24ecce16384e481f8f9d3aae56
2023-05-23,DK1010001,Dhaka,PM2.5-24hr,UG/M3,49.6,24,U.S. Department of State Bangladesh - Dhaka,136,2,23.796374,90.424614,050DK1010001,https://files.airnowtech.org/airnow/2023/20230523/daily_data_v2.dat,05/23/23|DK1010001|Dhaka|PM2.5-24hr|UG/M3|49.6|24|U.S. Department of State Bangladesh - Dhaka|136|2|23.796374|90.424614|050DK1010001,2026-07-18T03:21:42+00:00,9c29cd98e42ff216934cf02d13ec287672b3bcfdf81761c62e1c9ce357e4f842
2023-05-24,DK1010001,Dhaka,PM2.5-24hr,UG/M3,68.3,24,U.S. Department of State Bangladesh - Dhaka,158,3,23.796374,90.424614,050DK1010001,https://files.airnowtech.org/airnow/2023/20230524/daily_data_v2.dat,05/24/23|DK1010001|Dhaka|PM2.5-24hr|UG/M3|68.3|24|U.S. Department of State Bangladesh - Dhaka|158|3|23.796374|90.424614|050DK1010001,2026-07-18T03:21:42+00:00,0d5d7d9c2966ed1b150dd5c70161f1af5f9889e483a540b649d515d672d2d233
2023-05-25,DK1010001,Dhaka,PM2.5-24hr,UG/M3,64.4,24,U.S. Department of State Bangladesh - Dhaka,156,3,23.796374,90.424614,050DK1010001,https://files.airnowtech.org/airnow/2023/20230525/daily_data_v2.dat,05/25/23|DK1010001|Dhaka|PM2.5-24hr|UG/M3|64.4|24|U.S. Department of State Bangladesh - Dhaka|156|3|23.796374|90.424614|050DK1010001,2026-07-18T03:21:42+00:00,6c07a06c0a9847e2c36a6cd1f96eb07163370c1c6020a7f1c9b166bc258b7234
2023-05-26,DK1010001,Dhaka,PM2.5-24hr,UG/M3,45.7,24,U.S. Department of State Bangladesh - Dhaka,126,2,23.796374,90.424614,050DK1010001,https://files.airnowtech.org/airnow/2023/20230526/daily_data_v2.dat,05/26/23|DK1010001|Dhaka|PM2.5-24hr|UG/M3|45.7|24|U.S. Department of State Bangladesh - Dhaka|126|2|23.796374|90.424614|050DK1010001,2026-07-18T03:21:42+00:00,46ed325db96ee171412d36de468e61016530317f14660ff434ef66040a8bf3df
2023-05-27,DK1010001,Dhaka,PM2.5-24hr,UG/M3,70.9,24,U.S. Department of State Bangladesh - Dhaka,159,3,23.796374,90.424614,050DK1010001,https://files.airnowtech.org/airnow/2023/20230527/daily_data_v2.dat,05/27/23|DK1010001|Dhaka|PM2.5-24hr|UG/M3|70.9|24|U.S. Department of State Bangladesh - Dhaka|159|3|23.796374|90.424614|050DK1010001,2026-07-18T03:21:42+00:00,06020047d2b998aba4da8c3a3bf92d5415dd35d82e113ba9777acf95501342a9
2023-05-28,DK1010001,Dhaka,PM2.5-24hr,UG/M3,86.4,24,U.S. Department of State Bangladesh - Dhaka,167,3,23.796374,90.424614,050DK1010001,https://files.airnowtech.org/airnow/2023/20230528/daily_data_v2.dat,05/28/23|DK1010001|Dhaka|PM2.5-24hr|UG/M3|86.4|24|U.S. Department of State Bangladesh - Dhaka|167|3|23.796374|90.424614|050DK1010001,2026-07-18T03:21:42+00:00,d887995af7254d64620be62cb2339c21c4e365dae56dd4ff805cd459f4eb7e92
2023-05-29,DK1010001,Dhaka,PM2.5-24hr,UG/M3,96.7,24,U.S. Department of State Bangladesh - Dhaka,172,3,23.796374,90.424614,050DK1010001,https://files.airnowtech.org/airnow/2023/20230529/daily_data_v2.dat,05/29/23|DK1010001|Dhaka|PM2.5-24hr|UG/M3|96.7|24|U.S. Department of State Bangladesh - Dhaka|172|3|23.796374|90.424614|050DK1010001,2026-07-18T03:21:42+00:00,f4b0e899a11184f68fc9da3c7ac5643674b3c9f936cc681694d7e7718e10fe51
2023-05-30,DK1010001,Dhaka,PM2.5-24hr,UG/M3,102.4,24,U.S. Department of State Bangladesh - Dhaka,175,3,23.796374,90.424614,050DK1010001,https://files.airnowtech.org/airnow/2023/20230530/daily_data_v2.dat,05/30/23|DK1010001|Dhaka|PM2.5-24hr|UG/M3|102.4|24|U.S. Department of State Bangladesh - Dhaka|175|3|23.796374|90.424614|050DK1010001,2026-07-18T03:21:42+00:00,d2ff29049da26d95eb5f73305254ba410bd0d69d55092e3fcbb93897d5e50983
2023-05-31,DK1010001,Dhaka,PM2.5-24hr,UG/M3,98.5,24,U.S. Department of State Bangladesh - Dhaka,173,3,23.796374,90.424614,050DK1010001,https://files.airnowtech.org/airnow/2023/20230531/daily_data_v2.dat,05/31/23|DK1010001|Dhaka|PM2.5-24hr|UG/M3|98.5|24|U.S. Department of State Bangladesh - Dhaka|173|3|23.796374|90.424614|050DK1010001,2026-07-18T03:21:42+00:00,17e043636e4921abeb49e1867424a693ffe25c61ae16b8418d8a5cdd00be72e1
2023-06-01,DK1010001,Dhaka,PM2.5-24hr,UG/M3,73.0,24,U.S. Department of State Bangladesh - Dhaka,160,3,23.796374,90.424614,050DK1010001,https://files.airnowtech.org/airnow/2023/20230601/daily_data_v2.dat,06/01/23|DK1010001|Dhaka|PM2.5-24hr|UG/M3|73|24|U.S. Department of State Bangladesh - Dhaka|160|3|23.796374|90.424614|050DK1010001,2026-07-18T03:21:42+00:00,23aa44c18d6d95bc22470f4006d0b1be3a0a6bb2dc254474eeb32ebb6b5ae5e5
2023-06-02,DK1010001,Dhaka,PM2.5-24hr,UG/M3,71.2,24,U.S. Department of State Bangladesh - Dhaka,159,3,23.796374,90.424614,050DK1010001,https://files.airnowtech.org/airnow/2023/20230602/daily_data_v2.dat,06/02/23|DK1010001|Dhaka|PM2.5-24hr|UG/M3|71.2|24|U.S. Department of State Bangladesh - Dhaka|159|3|23.796374|90.424614|050DK1010001,2026-07-18T03:21:42+00:00,3ca1635890ca7a070c86714ffad0df9923b497b646ab18db832348ec91bb8c65
2023-06-03,DK1010001,Dhaka,PM2.5-24hr,UG/M3,68.2,24,U.S. Department of State Bangladesh - Dhaka,158,3,23.796374,90.424614,050DK1010001,https://files.airnowtech.org/airnow/2023/20230603/daily_data_v2.dat,06/03/23|DK1010001|Dhaka|PM2.5-24hr|UG/M3|68.2|24|U.S. Department of State Bangladesh - Dhaka|158|3|23.796374|90.424614|050DK1010001,2026-07-18T03:21:42+00:00,8e8e376a7c6c1995383ab5d9e0123dca27954c39ff54328b570df760be4f21f9
2023-06-04,DK1010001,Dhaka,PM2.5-24hr,UG/M3,73.3,24,U.S. Department of State Bangladesh - Dhaka,160,3,23.796374,90.424614,050DK1010001,https://files.airnowtech.org/airnow/2023/20230604/daily_data_v2.dat,06/04/23|DK1010001|Dhaka|PM2.5-24hr|UG/M3|73.3|24|U.S. Department of State Bangladesh - Dhaka|160|3|23.796374|90.424614|050DK1010001,2026-07-18T03:21:42+00:00,b1ea8424e8dae85a632ad3dbc0fce9c914a5bfb4c7fc09a8abb26af4093834d0
2023-06-05,DK1010001,Dhaka,PM2.5-24hr,UG/M3,76.5,24,U.S. Department of State Bangladesh - Dhaka,162,3,23.796374,90.424614,050DK1010001,https://files.airnowtech.org/airnow/2023/20230605/daily_data_v2.dat,06/05/23|DK1010001|Dhaka|PM2.5-24hr|UG/M3|76.5|24|U.S. Department of State Bangladesh - Dhaka|162|3|23.796374|90.424614|050DK1010001,2026-07-18T03:21:42+00:00,41f0a00ae91ace755f6668eec1709d2e9fe5b8ae7d15fd8da1d57530641eee56
2023-06-06,DK1010001,Dhaka,PM2.5-24hr,UG/M3,85.9,24,U.S. Department of State Bangladesh - Dhaka,167,3,23.796374,90.424614,050DK1010001,https://files.airnowtech.org/airnow/2023/20230606/daily_data_v2.dat,06/06/23|DK1010001|Dhaka|PM2.5-24hr|UG/M3|85.9|24|U.S. Department of State Bangladesh - Dhaka|167|3|23.796374|90.424614|050DK1010001,2026-07-18T03:21:42+00:00,f7ed4b60dcfb3e9009e0e836d97c8c3d37b3506b2e32aa00bfc2eb2003d0d536
2023-06-07,DK1010001,Dhaka,PM2.5-24hr,UG/M3,88.3,24,U.S. Department of State Bangladesh - Dhaka,168,3,23.796374,90.424614,050DK1010001,https://files.airnowtech.org/airnow/2023/20230607/daily_data_v2.dat,06/07/23|DK1010001|Dhaka|PM2.5-24hr|UG/M3|88.3|24|U.S. Department of State Bangladesh - Dhaka|168|3|23.796374|90.424614|050DK1010001,2026-07-18T03:21:42+00:00,d21df6ee1634271a9c616d9d01797388985f862fc7d41679e018d408af6e465c
2023-06-08,DK1010001,Dhaka,PM2.5-24hr,UG/M3,86.7,24,U.S. Department of State Bangladesh - Dhaka,167,3,23.796374,90.424614,050DK1010001,https://files.airnowtech.org/airnow/2023/20230608/daily_data_v2.dat,06/08/23|DK1010001|Dhaka|PM2.5-24hr|UG/M3|86.7|24|U.S. Department of State Bangladesh - Dhaka|167|3|23.796374|90.424614|050DK1010001,2026-07-18T03:21:42+00:00,e7f6974b242dc8c3fecd7747b36369b07ecd1331320d0e2033eec56100d4541b
2023-06-09,DK1010001,Dhaka,PM2.5-24hr,UG/M3,66.4,24,U.S. Department of State Bangladesh - Dhaka,157,3,23.796374,90.424614,050DK1010001,https://files.airnowtech.org/airnow/2023/20230609/daily_data_v2.dat,06/09/23|DK1010001|Dhaka|PM2.5-24hr|UG/M3|66.4|24|U.S. Department of State Bangladesh - Dhaka|157|3|23.796374|90.424614|050DK1010001,2026-07-18T03:21:42+00:00,41d00917df29695d67993ae1686f12682409aeb492683a0114ee771eda97ec42
2023-06-10,DK1010001,Dhaka,PM2.5-24hr,UG/M3,61.7,24,U.S. Department of State Bangladesh - Dhaka,154,3,23.796374,90.424614,050DK1010001,https://files.airnowtech.org/airnow/2023/20230610/daily_data_v2.dat,06/10/23|DK1010001|Dhaka|PM2.5-24hr|UG/M3|61.7|24|U.S. Department of State Bangladesh - Dhaka|154|3|23.796374|90.424614|050DK1010001,2026-07-18T03:21:42+00:00,904b80de8ca7c745a928e5a9be616da2bcb0caee97ad732e52dc14d5210cf597
2023-06-11,DK1010001,Dhaka,PM2.5-24hr,UG/M3,63.5,24,U.S. Department of State Bangladesh - Dhaka,155,3,23.796374,90.424614,050DK1010001,https://files.airnowtech.org/airnow/2023/20230611/daily_data_v2.dat,06/11/23|DK1010001|Dhaka|PM2.5-24hr|UG/M3|63.5|24|U.S. Department of State Bangladesh - Dhaka|155|3|23.796374|90.424614|050DK1010001,2026-07-18T03:21:42+00:00,54a7aaedd9351f90d02c69cf5398bffad131fc07d4bdc81dc1f4b299e5b97b05
2023-06-12,DK1010001,Dhaka,PM2.5-24hr,UG/M3,75.7,24,U.S. Department of State Bangladesh - Dhaka,161,3,23.796374,90.424614,050DK1010001,https://files.airnowtech.org/airnow/2023/20230612/daily_data_v2.dat,06/12/23|DK1010001|Dhaka|PM2.5-24hr|UG/M3|75.7|24|U.S. Department of State Bangladesh - Dhaka|161|3|23.796374|90.424614|050DK1010001,2026-07-18T03:21:42+00:00,69988a744afcbfa76cab0a7dc29ba5f0a34e9ba307cc67832b22da3d9fc66e40
2023-06-13,DK1010001,Dhaka,PM2.5-24hr,UG/M3,76.2,24,U.S. Department of State Bangladesh - Dhaka,162,3,23.796374,90.424614,050DK1010001,https://files.airnowtech.org/airnow/2023/20230613/daily_data_v2.dat,06/13/23|DK1010001|Dhaka|PM2.5-24hr|UG/M3|76.2|24|U.S. Department of State Bangladesh - Dhaka|162|3|23.796374|90.424614|050DK1010001,2026-07-18T03:21:42+00:00,9fdb11cfd8e60b018e86d1232054da8348a92a15866d32ddefbbee96072eb7b6
2023-06-14,DK1010001,Dhaka,PM2.5-24hr,UG/M3,59.2,24,U.S. Department of State Bangladesh - Dhaka,153,3,23.796374,90.424614,050DK1010001,https://files.airnowtech.org/airnow/2023/20230614/daily_data_v2.dat,06/14/23|DK1010001|Dhaka|PM2.5-24hr|UG/M3|59.2|24|U.S. Department of State Bangladesh - Dhaka|153|3|23.796374|90.424614|050DK1010001,2026-07-18T03:21:42+00:00,c31cf19f3a2a42f5c145fb01173248830c55109f236625954feb4f26c6cf912f
2023-06-15,DK1010001,Dhaka,PM2.5-24hr,UG/M3,50.8,24,U.S. Department of State Bangladesh - Dhaka,139,2,23.796374,90.424614,050DK1010001,https://files.airnowtech.org/airnow/2023/20230615/daily_data_v2.dat,06/15/23|DK1010001|Dhaka|PM2.5-24hr|UG/M3|50.8|24|U.S. Department of State Bangladesh - Dhaka|139|2|23.796374|90.424614|050DK1010001,2026-07-18T03:21:42+00:00,c544c9f7bfff9ffa37f9eeebd84cac831ead81622c30bd3904876f11026c4807
2023-06-16,DK1010001,Dhaka,PM2.5-24hr,UG/M3,50.0,24,U.S. Department of State Bangladesh - Dhaka,137,2,23.796374,90.424614,050DK1010001,https://files.airnowtech.org/airnow/2023/20230616/daily_data_v2.dat,06/16/23|DK1010001|Dhaka|PM2.5-24hr|UG/M3|50|24|U.S. Department of State Bangladesh - Dhaka|137|2|23.796374|90.424614|050DK1010001,2026-07-18T03:21:42+00:00,ffea18a16506642d24a179da40039c2c13b3a6455f818e9ae66db532b68bb4bc
2023-06-17,DK1010001,Dhaka,PM2.5-24hr,UG/M3,38.2,24,U.S. Department of State Bangladesh - Dhaka,108,2,23.796374,90.424614,050DK1010001,https://files.airnowtech.org/airnow/2023/20230617/daily_data_v2.dat,06/17/23|DK1010001|Dhaka|PM2.5-24hr|UG/M3|38.2|24|U.S. Department of State Bangladesh - Dhaka|108|2|23.796374|90.424614|050DK1010001,2026-07-18T03:21:42+00:00,b9aa52154e874fa4f8b62e70d4845c6933c78862e54acf3c2c43aa19328f2bd5
2023-06-18,DK1010001,Dhaka,PM2.5-24hr,UG/M3,51.6,24,U.S. Department of State Bangladesh - Dhaka,141,2,23.796374,90.424614,050DK1010001,https://files.airnowtech.org/airnow/2023/20230618/daily_data_v2.dat,06/18/23|DK1010001|Dhaka|PM2.5-24hr|UG/M3|51.6|24|U.S. Department of State Bangladesh - Dhaka|141|2|23.796374|90.424614|050DK1010001,2026-07-18T03:21:42+00:00,bcb9af80c1c444b5b8975811f22ab813024a2c80fdf542aa86c5ade3cc3a1ee7
2023-06-19,DK1010001,Dhaka,PM2.5-24hr,UG/M3,48.7,24,U.S. Department of State Bangladesh - Dhaka,134,2,23.796374,90.424614,050DK1010001,https://files.airnowtech.org/airnow/2023/20230619/daily_data_v2.dat,06/19/23|DK1010001|Dhaka|PM2.5-24hr|UG/M3|48.7|24|U.S. Department of State Bangladesh - Dhaka|134|2|23.796374|90.424614|050DK1010001,2026-07-18T03:21:42+00:00,e3c94c6b37cedc7f5810f8d0dfb0be827adee180a7169172ff0ecb5dc8d6099d
2023-06-20,DK1010001,Dhaka,PM2.5-24hr,UG/M3,58.6,24,U.S. Department of State Bangladesh - Dhaka,153,3,23.796374,90.424614,050DK1010001,https://files.airnowtech.org/airnow/2023/20230620/daily_data_v2.dat,06/20/23|DK1010001|Dhaka|PM2.5-24hr|UG/M3|58.6|24|U.S. Department of State Bangladesh - Dhaka|153|3|23.796374|90.424614|050DK1010001,2026-07-18T03:21:42+00:00,7118816be87b806b267dfa91d06771b9ceec757422fee99edc39eea2da945cf8
2023-06-21,DK1010001,Dhaka,PM2.5-24hr,UG/M3,52.0,24,U.S. Department of State Bangladesh - Dhaka,142,2,23.796374,90.424614,050DK1010001,https://files.airnowtech.org/airnow/2023/20230621/daily_data_v2.dat,06/21/23|DK1010001|Dhaka|PM2.5-24hr|UG/M3|52|24|U.S. Department of State Bangladesh - Dhaka|142|2|23.796374|90.424614|050DK1010001,2026-07-18T03:21:42+00:00,585482702e4d072242ba2e410b445b0a9de45267eefbc61301bfc742b53ebe2b
2023-06-22,DK1010001,Dhaka,PM2.5-24hr,UG/M3,43.9,24,U.S. Department of State Bangladesh - Dhaka,122,2,23.796374,90.424614,050DK1010001,https://files.airnowtech.org/airnow/2023/20230622/daily_data_v2.dat,06/22/23|DK1010001|Dhaka|PM2.5-24hr|UG/M3|43.9|24|U.S. Department of State Bangladesh - Dhaka|122|2|23.796374|90.424614|050DK1010001,2026-07-18T03:21:42+00:00,cff006b9b412c789c58eee97e09c2f3604349fbc9b3313e856e41e9bf6f5540a
2023-06-23,DK1010001,Dhaka,PM2.5-24hr,UG/M3,40.5,24,U.S. Department of State Bangladesh - Dhaka,113,2,23.796374,90.424614,050DK1010001,https://files.airnowtech.org/airnow/2023/20230623/daily_data_v2.dat,06/23/23|DK1010001|Dhaka|PM2.5-24hr|UG/M3|40.5|24|U.S. Department of State Bangladesh - Dhaka|113|2|23.796374|90.424614|050DK1010001,2026-07-18T03:21:42+00:00,2e28e3172e18f2315365d9cdaeff53bdf9c026a0216d9a0bca20ee8a641b7739
2023-06-24,DK1010001,Dhaka,PM2.5-24hr,UG/M3,30.0,24,U.S. Department of State Bangladesh - Dhaka,89,1,23.796374,90.424614,050DK1010001,https://files.airnowtech.org/airnow/2023/20230624/daily_data_v2.dat,06/24/23|DK1010001|Dhaka|PM2.5-24hr|UG/M3|30|24|U.S. Department of State Bangladesh - Dhaka|89|1|23.796374|90.424614|050DK1010001,2026-07-18T03:21:42+00:00,033d5b96edfac5000ebdeb3da8d2467ebe8d8b73b5124ec23fcf64b30f52540e
2023-06-25,DK1010001,Dhaka,PM2.5-24hr,UG/M3,30.5,24,U.S. Department of State Bangladesh - Dhaka,90,1,23.796374,90.424614,050DK1010001,https://files.airnowtech.org/airnow/2023/20230625/daily_data_v2.dat,06/25/23|DK1010001|Dhaka|PM2.5-24hr|UG/M3|30.5|24|U.S. Department of State Bangladesh - Dhaka|90|1|23.796374|90.424614|050DK1010001,2026-07-18T03:21:42+00:00,b35c7b3d8c93662d9e42e3a4c8a5105dcc2d0322eb230ff69d68ba541e96fba7
2023-06-26,DK1010001,Dhaka,PM2.5-24hr,UG/M3,26.2,24,U.S. Department of State Bangladesh - Dhaka,81,1,23.796374,90.424614,050DK1010001,https://files.airnowtech.org/airnow/2023/20230626/daily_data_v2.dat,06/26/23|DK1010001|Dhaka|PM2.5-24hr|UG/M3|26.2|24|U.S. Department of State Bangladesh - Dhaka|81|1|23.796374|90.424614|050DK1010001,2026-07-18T03:21:42+00:00,aeb40afd90e804b1b5f3513e509f64adf6f4326d7b8e605d6fd1a38e05c3ed20
2023-06-27,DK1010001,Dhaka,PM2.5-24hr,UG/M3,25.3,24,U.S. Department of State Bangladesh - Dhaka,79,1,23.796374,90.424614,050DK1010001,https://files.airnowtech.org/airnow/2023/20230627/daily_data_v2.dat,06/27/23|DK1010001|Dhaka|PM2.5-24hr|UG/M3|25.3|24|U.S. Department of State Bangladesh - Dhaka|79|1|23.796374|90.424614|050DK1010001,2026-07-18T03:21:42+00:00,73d084acad8c526841ccf0efd8e6b0b29f583f76a4efc83e0ee7396e985aa491
2023-06-28,DK1010001,Dhaka,PM2.5-24hr,UG/M3,24.0,24,U.S. Department of State Bangladesh - Dhaka,76,1,23.796374,90.424614,050DK1010001,https://files.airnowtech.org/airnow/2023/20230628/daily_data_v2.dat,06/28/23|DK1010001|Dhaka|PM2.5-24hr|UG/M3|24|24|U.S. Department of State Bangladesh - Dhaka|76|1|23.796374|90.424614|050DK1010001,2026-07-18T03:21:42+00:00,a504cc9360eabd73b6a274cebe869e3380c22c645b3da80686bd1290d033dca6
2023-06-29,DK1010001,Dhaka,PM2.5-24hr,UG/M3,26.2,24,U.S. Department of State Bangladesh - Dhaka,81,1,23.796374,90.424614,050DK1010001,https://files.airnowtech.org/airnow/2023/20230629/daily_data_v2.dat,06/29/23|DK1010001|Dhaka|PM2.5-24hr|UG/M3|26.2|24|U.S. Department of State Bangladesh - Dhaka|81|1|23.796374|90.424614|050DK1010001,2026-07-18T03:21:42+00:00,5a453043fb6386c1b4d345f382b7477be247a818da61c7946f6dd89bf9927a56
2023-06-30,DK1010001,Dhaka,PM2.5-24hr,UG/M3,17.9,24,U.S. Department of State Bangladesh - Dhaka,63,1,23.796374,90.424614,050DK1010001,https://files.airnowtech.org/airnow/2023/20230630/daily_data_v2.dat,06/30/23|DK1010001|Dhaka|PM2.5-24hr|UG/M3|17.9|24|U.S. Department of State Bangladesh - Dhaka|63|1|23.796374|90.424614|050DK1010001,2026-07-18T03:21:42+00:00,e17c8cfb2e650e82b6287530510ad21fbe663f55a672000e69ce828fd0fb1951
2023-07-01,DK1010001,Dhaka,PM2.5-24hr,UG/M3,22.1,24,U.S. Department of State Bangladesh - Dhaka,72,1,23.796374,90.424614,050DK1010001,https://files.airnowtech.org/airnow/2023/20230701/daily_data_v2.dat,07/01/23|DK1010001|Dhaka|PM2.5-24hr|UG/M3|22.1|24|U.S. Department of State Bangladesh - Dhaka|72|1|23.796374|90.424614|050DK1010001,2026-07-18T03:21:42+00:00,d2e738cf06c4f896736b9e36ab1f89aa85fec909b9d4b95081d8d7c3588492e4
2023-07-02,DK1010001,Dhaka,PM2.5-24hr,UG/M3,27.4,24,U.S. Department of State Bangladesh - Dhaka,83,1,23.796374,90.424614,050DK1010001,https://files.airnowtech.org/airnow/2023/20230702/daily_data_v2.dat,07/02/23|DK1010001|Dhaka|PM2.5-24hr|UG/M3|27.4|24|U.S. Department of State Bangladesh - Dhaka|83|1|23.796374|90.424614|050DK1010001,2026-07-18T03:21:42+00:00,d6b9ae52013e4a84040a59a150760e247a138ca72feed92e215b360ab1e081f6
2023-07-03,DK1010001,Dhaka,PM2.5-24hr,UG/M3,35.2,24,U.S. Department of State Bangladesh - Dhaka,100,1,23.796374,90.424614,050DK1010001,https://files.airnowtech.org/airnow/2023/20230703/daily_data_v2.dat,07/03/23|DK1010001|Dhaka|PM2.5-24hr|UG/M3|35.2|24|U.S. Department of State Bangladesh - Dhaka|100|1|23.796374|90.424614|050DK1010001,2026-07-18T03:21:42+00:00,df410121397855580780d4b26152ee08479b9fd8bba4b6ed204a11f75c85d6de
2023-07-04,DK1010001,Dhaka,PM2.5-24hr,UG/M3,25.2,24,U.S. Department of State Bangladesh - Dhaka,79,1,23.796374,90.424614,050DK1010001,https://files.airnowtech.org/airnow/2023/20230704/daily_data_v2.dat,07/04/23|DK1010001|Dhaka|PM2.5-24hr|UG/M3|25.2|24|U.S. Department of State Bangladesh - Dhaka|79|1|23.796374|90.424614|050DK1010001,2026-07-18T03:21:42+00:00,30cf9ef4d85fbd7de36dba4b3ecdf7df0a5ee3e8f51d73316a885f8b045165bb
2023-07-05,DK1010001,Dhaka,PM2.5-24hr,UG/M3,20.6,24,U.S. Department of State Bangladesh - Dhaka,69,1,23.796374,90.424614,050DK1010001,https://files.airnowtech.org/airnow/2023/20230705/daily_data_v2.dat,07/05/23|DK1010001|Dhaka|PM2.5-24hr|UG/M3|20.6|24|U.S. Department of State Bangladesh - Dhaka|69|1|23.796374|90.424614|050DK1010001,2026-07-18T03:21:42+00:00,db7371bdde1acbc4dacc78aee6389e5495454b528fd63e7eee971f7ff60e4fec
2023-07-06,DK1010001,Dhaka,PM2.5-24hr,UG/M3,26.6,24,U.S. Department of State Bangladesh - Dhaka,81,1,23.796374,90.424614,050DK1010001,https://files.airnowtech.org/airnow/2023/20230706/daily_data_v2.dat,07/06/23|DK1010001|Dhaka|PM2.5-24hr|UG/M3|26.6|24|U.S. Department of State Bangladesh - Dhaka|81|1|23.796374|90.424614|050DK1010001,2026-07-18T03:21:42+00:00,330cab7ad1e1b29e1e18572c05a126d1a914858d624d3472e70773fb1d369a34
2023-07-07,DK1010001,Dhaka,PM2.5-24hr,UG/M3,27.2,24,U.S. Department of State Bangladesh - Dhaka,83,1,23.796374,90.424614,050DK1010001,https://files.airnowtech.org/airnow/2023/20230707/daily_data_v2.dat,07/07/23|DK1010001|Dhaka|PM2.5-24hr|UG/M3|27.2|24|U.S. Department of State Bangladesh - Dhaka|83|1|23.796374|90.424614|050DK1010001,2026-07-18T03:21:42+00:00,6228dcb5caf591a1ed592c396b9c970734e22a2783ed764cab4459bd0783573c
2023-07-08,DK1010001,Dhaka,PM2.5-24hr,UG/M3,27.0,24,U.S. Department of State Bangladesh - Dhaka,82,1,23.796374,90.424614,050DK1010001,https://files.airnowtech.org/airnow/2023/20230708/daily_data_v2.dat,07/08/23|DK1010001|Dhaka|PM2.5-24hr|UG/M3|27|24|U.S. Department of State Bangladesh - Dhaka|82|1|23.796374|90.424614|050DK1010001,2026-07-18T03:21:42+00:00,747fb8de87a822dc2043a17620cb2fd44f48f86e01f3e92f3e467e3f524350b1
2023-07-09,DK1010001,Dhaka,PM2.5-24hr,UG/M3,45.2,24,U.S. Department of State Bangladesh - Dhaka,125,2,23.796374,90.424614,050DK1010001,https://files.airnowtech.org/airnow/2023/20230709/daily_data_v2.dat,07/09/23|DK1010001|Dhaka|PM2.5-24hr|UG/M3|45.2|24|U.S. Department of State Bangladesh - Dhaka|125|2|23.796374|90.424614|050DK1010001,2026-07-18T03:21:42+00:00,8046ad97ff4be59dba841e41c60d3a291ecdcff4ea97849255985b3a8071daee
2023-07-10,DK1010001,Dhaka,PM2.5-24hr,UG/M3,34.5,24,U.S. Department of State Bangladesh - Dhaka,98,1,23.796374,90.424614,050DK1010001,https://files.airnowtech.org/airnow/2023/20230710/daily_data_v2.dat,07/10/23|DK1010001|Dhaka|PM2.5-24hr|UG/M3|34.5|24|U.S. Department of State Bangladesh - Dhaka|98|1|23.796374|90.424614|050DK1010001,2026-07-18T03:21:42+00:00,370535d6f35afaf4f8fca525b39b42ad569790e13cf0286d1025f6a2d6127bf3
2023-07-11,DK1010001,Dhaka,PM2.5-24hr,UG/M3,28.2,24,U.S. Department of State Bangladesh - Dhaka,85,1,23.796374,90.424614,050DK1010001,https://files.airnowtech.org/airnow/2023/20230711/daily_data_v2.dat,07/11/23|DK1010001|Dhaka|PM2.5-24hr|UG/M3|28.2|24|U.S. Department of State Bangladesh - Dhaka|85|1|23.796374|90.424614|050DK1010001,2026-07-18T03:21:42+00:00,80d932c0e604f84405674006c1dc822da11433f3eb45e7c0b768ed6962b99adf
2023-07-12,DK1010001,Dhaka,PM2.5-24hr,UG/M3,25.2,24,U.S. Department of State Bangladesh - Dhaka,79,1,23.796374,90.424614,050DK1010001,https://files.airnowtech.org/airnow/2023/20230712/daily_data_v2.dat,07/12/23|DK1010001|Dhaka|PM2.5-24hr|UG/M3|25.2|24|U.S. Department of State Bangladesh - Dhaka|79|1|23.796374|90.424614|050DK1010001,2026-07-18T03:21:42+00:00,ba8fec92389f065b17ad090eb5cf01e4308967cc005797605514286338b7ea6d
2023-07-13,DK1010001,Dhaka,PM2.5-24hr,UG/M3,39.6,24,U.S. Department of State Bangladesh - Dhaka,111,2,23.796374,90.424614,050DK1010001,https://files.airnowtech.org/airnow/2023/20230713/daily_data_v2.dat,07/13/23|DK1010001|Dhaka|PM2.5-24hr|UG/M3|39.6|24|U.S. Department of State Bangladesh - Dhaka|111|2|23.796374|90.424614|050DK1010001,2026-07-18T03:21:42+00:00,849909f5f3905c73826882395fc86d5495225599861cc7a50f4e24a216c4bfd7
2023-07-14,DK1010001,Dhaka,PM2.5-24hr,UG/M3,36.5,24,U.S. Department of State Bangladesh - Dhaka,103,2,23.796374,90.424614,050DK1010001,https://files.airnowtech.org/airnow/2023/20230714/daily_data_v2.dat,07/14/23|DK1010001|Dhaka|PM2.5-24hr|UG/M3|36.5|24|U.S. Department of State Bangladesh - Dhaka|103|2|23.796374|90.424614|050DK1010001,2026-07-18T03:21:42+00:00,23b55f07285ec5be6e2c3337d604b491585d6f5119298e7892276073f7935cf5
2023-07-15,DK1010001,Dhaka,PM2.5-24hr,UG/M3,29.1,24,U.S. Department of State Bangladesh - Dhaka,87,1,23.796374,90.424614,050DK1010001,https://files.airnowtech.org/airnow/2023/20230715/daily_data_v2.dat,07/15/23|DK1010001|Dhaka|PM2.5-24hr|UG/M3|29.1|24|U.S. Department of State Bangladesh - Dhaka|87|1|23.796374|90.424614|050DK1010001,2026-07-18T03:21:42+00:00,1a74625d3fb1f3a33ed10e5416051184331d4142493f43a9053185f40122ccdb
2023-07-16,DK1010001,Dhaka,PM2.5-24hr,UG/M3,36.5,24,U.S. Department of State Bangladesh - Dhaka,104,2,23.796374,90.424614,050DK1010001,https://files.airnowtech.org/airnow/2023/20230716/daily_data_v2.dat,07/16/23|DK1010001|Dhaka|PM2.5-24hr|UG/M3|36.5|24|U.S. Department of State Bangladesh - Dhaka|104|2|23.796374|90.424614|050DK1010001,2026-07-18T03:21:43+00:00,6598827c97faf9ad3bccb2c5dff8210b8ffd75bb05fb6bde0349e47b4d8d3d28
2023-07-17,DK1010001,Dhaka,PM2.5-24hr,UG/M3,34.2,24,U.S. Department of State Bangladesh - Dhaka,97,1,23.796374,90.424614,050DK1010001,https://files.airnowtech.org/airnow/2023/20230717/daily_data_v2.dat,07/17/23|DK1010001|Dhaka|PM2.5-24hr|UG/M3|34.2|24|U.S. Department of State Bangladesh - Dhaka|97|1|23.796374|90.424614|050DK1010001,2026-07-18T03:21:43+00:00,08f3b3f1cbd1dd9ec45bcfc8624ad7a1e3e6ba64edd7afb977de72660b790567
2023-07-18,DK1010001,Dhaka,PM2.5-24hr,UG/M3,33.3,24,U.S. Department of State Bangladesh - Dhaka,96,1,23.796374,90.424614,050DK1010001,https://files.airnowtech.org/airnow/2023/20230718/daily_data_v2.dat,07/18/23|DK1010001|Dhaka|PM2.5-24hr|UG/M3|33.3|24|U.S. Department of State Bangladesh - Dhaka|96|1|23.796374|90.424614|050DK1010001,2026-07-18T03:21:43+00:00,e9d7de366e13a926754b92f858a9318165a48defc9888e8f514fe3e2a32dd6b9
2023-07-19,DK1010001,Dhaka,PM2.5-24hr,UG/M3,31.3,24,U.S. Department of State Bangladesh - Dhaka,92,1,23.796374,90.424614,050DK1010001,https://files.airnowtech.org/airnow/2023/20230719/daily_data_v2.dat,07/19/23|DK1010001|Dhaka|PM2.5-24hr|UG/M3|31.3|24|U.S. Department of State Bangladesh - Dhaka|92|1|23.796374|90.424614|050DK1010001,2026-07-18T03:21:43+00:00,ce8bf8d14e0c2c1a7a1e7741ce59fbd96393df42bb12f8803ef1b5922a0ec484
2023-07-20,DK1010001,Dhaka,PM2.5-24hr,UG/M3,29.8,24,U.S. Department of State Bangladesh - Dhaka,88,1,23.796374,90.424614,050DK1010001,https://files.airnowtech.org/airnow/2023/20230720/daily_data_v2.dat,07/20/23|DK1010001|Dhaka|PM2.5-24hr|UG/M3|29.8|24|U.S. Department of State Bangladesh - Dhaka|88|1|23.796374|90.424614|050DK1010001,2026-07-18T03:21:43+00:00,247e0424aa1d2dfd4adde6f84988accee11a0acf58cb0a218ffca8d99216024f
2023-07-21,DK1010001,Dhaka,PM2.5-24hr,UG/M3,29.5,24,U.S. Department of State Bangladesh - Dhaka,88,1,23.796374,90.424614,050DK1010001,https://files.airnowtech.org/airnow/2023/20230721/daily_data_v2.dat,07/21/23|DK1010001|Dhaka|PM2.5-24hr|UG/M3|29.5|24|U.S. Department of State Bangladesh - Dhaka|88|1|23.796374|90.424614|050DK1010001,2026-07-18T03:21:43+00:00,abfb465f57e36c9ca7a6ab64fe5ef288f7ba5465bb9929d90db91cb234c9f468
2023-07-22,DK1010001,Dhaka,PM2.5-24hr,UG/M3,34.3,24,U.S. Department of State Bangladesh - Dhaka,98,1,23.796374,90.424614,050DK1010001,https://files.airnowtech.org/airnow/2023/20230722/daily_data_v2.dat,07/22/23|DK1010001|Dhaka|PM2.5-24hr|UG/M3|34.3|24|U.S. Department of State Bangladesh - Dhaka|98|1|23.796374|90.424614|050DK1010001,2026-07-18T03:21:43+00:00,9431be915ad81c35715179a0e85423923fcd6db31205844321e6d1d7210323de
2023-07-23,DK1010001,Dhaka,PM2.5-24hr,UG/M3,37.2,24,U.S. Department of State Bangladesh - Dhaka,105,2,23.796374,90.424614,050DK1010001,https://files.airnowtech.org/airnow/2023/20230723/daily_data_v2.dat,07/23/23|DK1010001|Dhaka|PM2.5-24hr|UG/M3|37.2|24|U.S. Department of State Bangladesh - Dhaka|105|2|23.796374|90.424614|050DK1010001,2026-07-18T03:21:43+00:00,211f247bec22f73e5e7b3a1b05ac4038ddd8e371ec6fcad797fae3a3d1deec16
2023-07-24,DK1010001,Dhaka,PM2.5-24hr,UG/M3,37.9,24,U.S. Department of State Bangladesh - Dhaka,107,2,23.796374,90.424614,050DK1010001,https://files.airnowtech.org/airnow/2023/20230724/daily_data_v2.dat,07/24/23|DK1010001|Dhaka|PM2.5-24hr|UG/M3|37.9|24|U.S. Department of State Bangladesh - Dhaka|107|2|23.796374|90.424614|050DK1010001,2026-07-18T03:21:43+00:00,406f2aa7f4205a6bf4a8bbbd99e216ff007bd7a0c09b4f9d6b38e6ed6f78f764
2023-07-25,DK1010001,Dhaka,PM2.5-24hr,UG/M3,29.6,24,U.S. Department of State Bangladesh - Dhaka,88,1,23.796374,90.424614,050DK1010001,https://files.airnowtech.org/airnow/2023/20230725/daily_data_v2.dat,07/25/23|DK1010001|Dhaka|PM2.5-24hr|UG/M3|29.6|24|U.S. Department of State Bangladesh - Dhaka|88|1|23.796374|90.424614|050DK1010001,2026-07-18T03:21:43+00:00,e5746d061e113df47b74a74741f092875d3d9570f8f3e76a2bef744e29bf3d02
2023-07-26,DK1010001,Dhaka,PM2.5-24hr,UG/M3,25.1,24,U.S. Department of State Bangladesh - Dhaka,79,1,23.796374,90.424614,050DK1010001,https://files.airnowtech.org/airnow/2023/20230726/daily_data_v2.dat,07/26/23|DK1010001|Dhaka|PM2.5-24hr|UG/M3|25.1|24|U.S. Department of State Bangladesh - Dhaka|79|1|23.796374|90.424614|050DK1010001,2026-07-18T03:21:43+00:00,616a2ce0d7e8adf79d7b5aa20db934a5bbac7d1612d1dba175dc2e14e9a7e0a0
2023-07-27,DK1010001,Dhaka,PM2.5-24hr,UG/M3,37.5,24,U.S. Department of State Bangladesh - Dhaka,106,2,23.796374,90.424614,050DK1010001,https://files.airnowtech.org/airnow/2023/20230727/daily_data_v2.dat,07/27/23|DK1010001|Dhaka|PM2.5-24hr|UG/M3|37.5|24|U.S. Department of State Bangladesh - Dhaka|106|2|23.796374|90.424614|050DK1010001,2026-07-18T03:21:43+00:00,9ed7e841998cd275bb7933c3f7ec825b0139e33d40ef41393f221f51ac443021
2023-07-28,DK1010001,Dhaka,PM2.5-24hr,UG/M3,32.0,24,U.S. Department of State Bangladesh - Dhaka,93,1,23.796374,90.424614,050DK1010001,https://files.airnowtech.org/airnow/2023/20230728/daily_data_v2.dat,07/28/23|DK1010001|Dhaka|PM2.5-24hr|UG/M3|32|24|U.S. Department of State Bangladesh - Dhaka|93|1|23.796374|90.424614|050DK1010001,2026-07-18T03:21:43+00:00,70509cb57242d9f2e0d09d4b8e188fa69ba90b872fb05302c6394ef7622ec9d8
2023-07-29,DK1010001,Dhaka,PM2.5-24hr,UG/M3,35.0,24,U.S. Department of State Bangladesh - Dhaka,99,1,23.796374,90.424614,050DK1010001,https://files.airnowtech.org/airnow/2023/20230729/daily_data_v2.dat,07/29/23|DK1010001|Dhaka|PM2.5-24hr|UG/M3|35|24|U.S. Department of State Bangladesh - Dhaka|99|1|23.796374|90.424614|050DK1010001,2026-07-18T03:21:43+00:00,1b4ea7c56da1334bb3710af46662473fca31f2778f59408970e9af287e2d9b0e
2023-07-30,DK1010001,Dhaka,PM2.5-24hr,UG/M3,42.7,24,U.S. Department of State Bangladesh - Dhaka,119,2,23.796374,90.424614,050DK1010001,https://files.airnowtech.org/airnow/2023/20230730/daily_data_v2.dat,07/30/23|DK1010001|Dhaka|PM2.5-24hr|UG/M3|42.7|24|U.S. Department of State Bangladesh - Dhaka|119|2|23.796374|90.424614|050DK1010001,2026-07-18T03:21:43+00:00,0979c913a9413870418926d9562e38e57a7c0e5ef904259851070fa27ae7deae
2023-07-31,DK1010001,Dhaka,PM2.5-24hr,UG/M3,43.5,24,U.S. Department of State Bangladesh - Dhaka,121,2,23.796374,90.424614,050DK1010001,https://files.airnowtech.org/airnow/2023/20230731/daily_data_v2.dat,07/31/23|DK1010001|Dhaka|PM2.5-24hr|UG/M3|43.5|24|U.S. Department of State Bangladesh - Dhaka|121|2|23.796374|90.424614|050DK1010001,2026-07-18T03:21:43+00:00,7d717a8511f4fd0a1e1955cacd53fef293c037e6d10bda98df523a198be342fb
2023-08-01,DK1010001,Dhaka,PM2.5-24hr,UG/M3,33.7,24,U.S. Department of State Bangladesh - Dhaka,97,1,23.796374,90.424614,050DK1010001,https://files.airnowtech.org/airnow/2023/20230801/daily_data_v2.dat,08/01/23|DK1010001|Dhaka|PM2.5-24hr|UG/M3|33.7|24|U.S. Department of State Bangladesh - Dhaka|97|1|23.796374|90.424614|050DK1010001,2026-07-18T03:21:43+00:00,df1212c4fe31d107354d3687dddce2a030709e4a4e09c455a8834ea09819c5ae
2023-08-02,DK1010001,Dhaka,PM2.5-24hr,UG/M3,21.0,24,U.S. Department of State Bangladesh - Dhaka,70,1,23.796374,90.424614,050DK1010001,https://files.airnowtech.org/airnow/2023/20230802/daily_data_v2.dat,08/02/23|DK1010001|Dhaka|PM2.5-24hr|UG/M3|21|24|U.S. Department of State Bangladesh - Dhaka|70|1|23.796374|90.424614|050DK1010001,2026-07-18T03:21:43+00:00,b3ffcd9ca1154f767c14c0d4daf91aae46a1b47bf960c716e3348ac29b06ef29
2023-08-03,DK1010001,Dhaka,PM2.5-24hr,UG/M3,37.5,24,U.S. Department of State Bangladesh - Dhaka,106,2,23.796374,90.424614,050DK1010001,https://files.airnowtech.org/airnow/2023/20230803/daily_data_v2.dat,08/03/23|DK1010001|Dhaka|PM2.5-24hr|UG/M3|37.5|24|U.S. Department of State Bangladesh - Dhaka|106|2|23.796374|90.424614|050DK1010001,2026-07-18T03:21:43+00:00,ea387ab002d0b82c58ef09c4da3304af3017ce7d7276f4fa85c9c5fa4abc6650
2023-08-04,DK1010001,Dhaka,PM2.5-24hr,UG/M3,48.9,24,U.S. Department of State Bangladesh - Dhaka,134,2,23.796374,90.424614,050DK1010001,https://files.airnowtech.org/airnow/2023/20230804/daily_data_v2.dat,08/04/23|DK1010001|Dhaka|PM2.5-24hr|UG/M3|48.9|24|U.S. Department of State Bangladesh - Dhaka|134|2|23.796374|90.424614|050DK1010001,2026-07-18T03:21:43+00:00,16845fe820ee8c51bd6e71f8b991b03580cb9a79880ec2529bb32d088e40ade5
2023-08-05,DK1010001,Dhaka,PM2.5-24hr,UG/M3,40.7,24,U.S. Department of State Bangladesh - Dhaka,114,2,23.796374,90.424614,050DK1010001,https://files.airnowtech.org/airnow/2023/20230805/daily_data_v2.dat,08/05/23|DK1010001|Dhaka|PM2.5-24hr|UG/M3|40.7|24|U.S. Department of State Bangladesh - Dhaka|114|2|23.796374|90.424614|050DK1010001,2026-07-18T03:21:43+00:00,bdaef8e8bb2ea56b943f48b9a2272188323e3b531eafb06b702d1e99fffac84b
2023-08-06,DK1010001,Dhaka,PM2.5-24hr,UG/M3,44.8,24,U.S. Department of State Bangladesh - Dhaka,124,2,23.796374,90.424614,050DK1010001,https://files.airnowtech.org/airnow/2023/20230806/daily_data_v2.dat,08/06/23|DK1010001|Dhaka|PM2.5-24hr|UG/M3|44.8|24|U.S. Department of State Bangladesh - Dhaka|124|2|23.796374|90.424614|050DK1010001,2026-07-18T03:21:43+00:00,cce33bbc9d407b551a3d2fa8b9ba88d4ebb9f0323954ab39e66646aee59b22f4
2023-08-07,DK1010001,Dhaka,PM2.5-24hr,UG/M3,49.7,24,U.S. Department of State Bangladesh - Dhaka,136,2,23.796374,90.424614,050DK1010001,https://files.airnowtech.org/airnow/2023/20230807/daily_data_v2.dat,08/07/23|DK1010001|Dhaka|PM2.5-24hr|UG/M3|49.7|24|U.S. Department of State Bangladesh - Dhaka|136|2|23.796374|90.424614|050DK1010001,2026-07-18T03:21:43+00:00,667eb690034fe3f1ea2b89bd8b87a1a88264234db2a091f51c38b3656fee2df7
2023-08-08,DK1010001,Dhaka,PM2.5-24hr,UG/M3,46.3,24,U.S. Department of State Bangladesh - Dhaka,128,2,23.796374,90.424614,050DK1010001,https://files.airnowtech.org/airnow/2023/20230808/daily_data_v2.dat,08/08/23|DK1010001|Dhaka|PM2.5-24hr|UG/M3|46.3|24|U.S. Department of State Bangladesh - Dhaka|128|2|23.796374|90.424614|050DK1010001,2026-07-18T03:21:43+00:00,341bc039eb7037a5ed48286cdbfc91406adb4c8f3c9ae09d8c482122d93e3482
2023-08-09,DK1010001,Dhaka,PM2.5-24hr,UG/M3,57.4,24,U.S. Department of State Bangladesh - Dhaka,152,3,23.796374,90.424614,050DK1010001,https://files.airnowtech.org/airnow/2023/20230809/daily_data_v2.dat,08/09/23|DK1010001|Dhaka|PM2.5-24hr|UG/M3|57.4|24|U.S. Department of State Bangladesh - Dhaka|152|3|23.796374|90.424614|050DK1010001,2026-07-18T03:21:43+00:00,a83532845dcccc8094873c5771fd3fe1d5431b8cd41e1c1177419d28fe33233b
2023-08-10,DK1010001,Dhaka,PM2.5-24hr,UG/M3,85.4,24,U.S. Department of State Bangladesh - Dhaka,166,3,23.796374,90.424614,050DK1010001,https://files.airnowtech.org/airnow/2023/20230810/daily_data_v2.dat,08/10/23|DK1010001|Dhaka|PM2.5-24hr|UG/M3|85.4|24|U.S. Department of State Bangladesh - Dhaka|166|3|23.796374|90.424614|050DK1010001,2026-07-18T03:21:43+00:00,b9cab218d66846ba85362f8de8ecf41910db156bf890bf9b3206ac4513520c9d
2023-08-11,DK1010001,Dhaka,PM2.5-24hr,UG/M3,70.3,24,U.S. Department of State Bangladesh - Dhaka,159,3,23.796374,90.424614,050DK1010001,https://files.airnowtech.org/airnow/2023/20230811/daily_data_v2.dat,08/11/23|DK1010001|Dhaka|PM2.5-24hr|UG/M3|70.3|24|U.S. Department of State Bangladesh - Dhaka|159|3|23.796374|90.424614|050DK1010001,2026-07-18T03:21:43+00:00,6e8bce1a4d06c3109da41e4e0bdaccb22fe020ec1fc148cc61adb1b31bb0dc2e
2023-08-12,DK1010001,Dhaka,PM2.5-24hr,UG/M3,58.5,24,U.S. Department of State Bangladesh - Dhaka,153,3,23.796374,90.424614,050DK1010001,https://files.airnowtech.org/airnow/2023/20230812/daily_data_v2.dat,08/12/23|DK1010001|Dhaka|PM2.5-24hr|UG/M3|58.5|24|U.S. Department of State Bangladesh - Dhaka|153|3|23.796374|90.424614|050DK1010001,2026-07-18T03:21:43+00:00,6ceceaf3c2a7726d27736d29b68b27ce6217e3be4ec95d434b2a067f07c19eb0
2023-08-13,DK1010001,Dhaka,PM2.5-24hr,UG/M3,53.8,24,U.S. Department of State Bangladesh - Dhaka,146,2,23.796374,90.424614,050DK1010001,https://files.airnowtech.org/airnow/2023/20230813/daily_data_v2.dat,08/13/23|DK1010001|Dhaka|PM2.5-24hr|UG/M3|53.8|24|U.S. Department of State Bangladesh - Dhaka|146|2|23.796374|90.424614|050DK1010001,2026-07-18T03:21:43+00:00,b572276c066834fd138c1f6d87b119f3571fb9fff9c117e5cbff910561ce1880
2023-08-14,DK1010001,Dhaka,PM2.5-24hr,UG/M3,70.2,24,U.S. Department of State Bangladesh - Dhaka,159,3,23.796374,90.424614,050DK1010001,https://files.airnowtech.org/airnow/2023/20230814/daily_data_v2.dat,08/14/23|DK1010001|Dhaka|PM2.5-24hr|UG/M3|70.2|24|U.S. Department of State Bangladesh - Dhaka|159|3|23.796374|90.424614|050DK1010001,2026-07-18T03:21:43+00:00,abc888ae45cedf0c3044e75b49af2d03dac9e9e45a869c1b4dabcb4fd7d8887f
2023-08-15,DK1010001,Dhaka,PM2.5-24hr,UG/M3,78.7,24,U.S. Department of State Bangladesh - Dhaka,163,3,23.796374,90.424614,050DK1010001,https://files.airnowtech.org/airnow/2023/20230815/daily_data_v2.dat,08/15/23|DK1010001|Dhaka|PM2.5-24hr|UG/M3|78.7|24|U.S. Department of State Bangladesh - Dhaka|163|3|23.796374|90.424614|050DK1010001,2026-07-18T03:21:43+00:00,29a07692a675d858fa9fda36a9576508258b2d763fdcdb0013c3d1e991314ed5
2023-08-16,DK1010001,Dhaka,PM2.5-24hr,UG/M3,86.8,24,U.S. Department of State Bangladesh - Dhaka,167,3,23.796374,90.424614,050DK1010001,https://files.airnowtech.org/airnow/2023/20230816/daily_data_v2.dat,08/16/23|DK1010001|Dhaka|PM2.5-24hr|UG/M3|86.8|24|U.S. Department of State Bangladesh - Dhaka|167|3|23.796374|90.424614|050DK1010001,2026-07-18T03:21:43+00:00,636c20d3bced5fced93357b8631a63a5dd474805404a8cf203d32f031e3eac7e
2023-08-17,DK1010001,Dhaka,PM2.5-24hr,UG/M3,47.7,24,U.S. Department of State Bangladesh - Dhaka,131,2,23.796374,90.424614,050DK1010001,https://files.airnowtech.org/airnow/2023/20230817/daily_data_v2.dat,08/17/23|DK1010001|Dhaka|PM2.5-24hr|UG/M3|47.7|24|U.S. Department of State Bangladesh - Dhaka|131|2|23.796374|90.424614|050DK1010001,2026-07-18T03:21:43+00:00,e6c47506255581870ecd388292f1009e9bc7815503f13b647dcc6cd4a3dc76bb
2023-08-18,DK1010001,Dhaka,PM2.5-24hr,UG/M3,26.7,24,U.S. Department of State Bangladesh - Dhaka,82,1,23.796374,90.424614,050DK1010001,https://files.airnowtech.org/airnow/2023/20230818/daily_data_v2.dat,08/18/23|DK1010001|Dhaka|PM2.5-24hr|UG/M3|26.7|24|U.S. Department of State Bangladesh - Dhaka|82|1|23.796374|90.424614|050DK1010001,2026-07-18T03:21:43+00:00,0df5ff98f8424703be0a5f91ccdbed2bfa26ccc50e7e2d3bd99e104468d27950
2023-08-19,DK1010001,Dhaka,PM2.5-24hr,UG/M3,35.0,24,U.S. Department of State Bangladesh - Dhaka,99,1,23.796374,90.424614,050DK1010001,https://files.airnowtech.org/airnow/2023/20230819/daily_data_v2.dat,08/19/23|DK1010001|Dhaka|PM2.5-24hr|UG/M3|35|24|U.S. Department of State Bangladesh - Dhaka|99|1|23.796374|90.424614|050DK1010001,2026-07-18T03:21:43+00:00,192d4b4a78123a85643352f7f826fd3818984554caf48b6c56512384a59c3396
2023-08-20,DK1010001,Dhaka,PM2.5-24hr,UG/M3,47.7,24,U.S. Department of State Bangladesh - Dhaka,131,2,23.796374,90.424614,050DK1010001,https://files.airnowtech.org/airnow/2023/20230820/daily_data_v2.dat,08/20/23|DK1010001|Dhaka|PM2.5-24hr|UG/M3|47.7|24|U.S. Department of State Bangladesh - Dhaka|131|2|23.796374|90.424614|050DK1010001,2026-07-18T03:21:43+00:00,0be3e84a2d7b07c6ec7ff47c9835c74edf53e5fa1743835c6047b7264c93cb28
2023-08-21,DK1010001,Dhaka,PM2.5-24hr,UG/M3,45.7,24,U.S. Department of State Bangladesh - Dhaka,126,2,23.796374,90.424614,050DK1010001,https://files.airnowtech.org/airnow/2023/20230821/daily_data_v2.dat,08/21/23|DK1010001|Dhaka|PM2.5-24hr|UG/M3|45.7|24|U.S. Department of State Bangladesh - Dhaka|126|2|23.796374|90.424614|050DK1010001,2026-07-18T03:21:43+00:00,7d00b934387b6ce4cfc6ca0ca4293024d1751bb8586c0107833ad1dd70286e24
2023-08-22,DK1010001,Dhaka,PM2.5-24hr,UG/M3,37.1,24,U.S. Department of State Bangladesh - Dhaka,105,2,23.796374,90.424614,050DK1010001,https://files.airnowtech.org/airnow/2023/20230822/daily_data_v2.dat,08/22/23|DK1010001|Dhaka|PM2.5-24hr|UG/M3|37.1|24|U.S. Department of State Bangladesh - Dhaka|105|2|23.796374|90.424614|050DK1010001,2026-07-18T03:21:43+00:00,e5b8c98437a4d8a791b28fec89dc93a75293bd03cabb2b1849a3a27b0eb97fb5
2023-08-23,DK1010001,Dhaka,PM2.5-24hr,UG/M3,37.1,24,U.S. Department of State Bangladesh - Dhaka,105,2,23.796374,90.424614,050DK1010001,https://files.airnowtech.org/airnow/2023/20230823/daily_data_v2.dat,08/23/23|DK1010001|Dhaka|PM2.5-24hr|UG/M3|37.1|24|U.S. Department of State Bangladesh - Dhaka|105|2|23.796374|90.424614|050DK1010001,2026-07-18T03:21:43+00:00,f22d606c4ddf26d6316efa7823a48d35f30a88d3dfbb4354497cdfa52e569767
2023-08-24,DK1010001,Dhaka,PM2.5-24hr,UG/M3,51.0,24,U.S. Department of State Bangladesh - Dhaka,139,2,23.796374,90.424614,050DK1010001,https://files.airnowtech.org/airnow/2023/20230824/daily_data_v2.dat,08/24/23|DK1010001|Dhaka|PM2.5-24hr|UG/M3|51|24|U.S. Department of State Bangladesh - Dhaka|139|2|23.796374|90.424614|050DK1010001,2026-07-18T03:21:43+00:00,c1752b4bfa946f4b407c0acd4a76c9759df53836ef4b6628b2556381e1b5af7c
2023-08-25,DK1010001,Dhaka,PM2.5-24hr,UG/M3,41.1,24,U.S. Department of State Bangladesh - Dhaka,115,2,23.796374,90.424614,050DK1010001,https://files.airnowtech.org/airnow/2023/20230825/daily_data_v2.dat,08/25/23|DK1010001|Dhaka|PM2.5-24hr|UG/M3|41.1|24|U.S. Department of State Bangladesh - Dhaka|115|2|23.796374|90.424614|050DK1010001,2026-07-18T03:21:43+00:00,d19ca6e814df632ff8877fdf0235ed2dd2344fa4f91a6efa1e18ac6e9e5a0719
2023-08-26,DK1010001,Dhaka,PM2.5-24hr,UG/M3,41.7,24,U.S. Department of State Bangladesh - Dhaka,117,2,23.796374,90.424614,050DK1010001,https://files.airnowtech.org/airnow/2023/20230826/daily_data_v2.dat,08/26/23|DK1010001|Dhaka|PM2.5-24hr|UG/M3|41.7|24|U.S. Department of State Bangladesh - Dhaka|117|2|23.796374|90.424614|050DK1010001,2026-07-18T03:21:43+00:00,e8f6467cbc137bf3a2c3e17c05cedad6dba3791185bd1327cc6e4e64183d2230
2023-08-27,DK1010001,Dhaka,PM2.5-24hr,UG/M3,61.8,24,U.S. Department of State Bangladesh - Dhaka,154,3,23.796374,90.424614,050DK1010001,https://files.airnowtech.org/airnow/2023/20230827/daily_data_v2.dat,08/27/23|DK1010001|Dhaka|PM2.5-24hr|UG/M3|61.8|24|U.S. Department of State Bangladesh - Dhaka|154|3|23.796374|90.424614|050DK1010001,2026-07-18T03:21:43+00:00,8b30cf2ece1fa8563b1faf97ae87410bc9999044261bb6912c54d17c5cc5f06a
2023-08-28,DK1010001,Dhaka,PM2.5-24hr,UG/M3,78.2,24,U.S. Department of State Bangladesh - Dhaka,163,3,23.796374,90.424614,050DK1010001,https://files.airnowtech.org/airnow/2023/20230828/daily_data_v2.dat,08/28/23|DK1010001|Dhaka|PM2.5-24hr|UG/M3|78.2|24|U.S. Department of State Bangladesh - Dhaka|163|3|23.796374|90.424614|050DK1010001,2026-07-18T03:21:43+00:00,915d4e19d097777454a29c5e6bed8b631306869f9c40d3eb68a8f7c21b5e9dbf
2023-08-29,DK1010001,Dhaka,PM2.5-24hr,UG/M3,97.0,24,U.S. Department of State Bangladesh - Dhaka,172,3,23.796374,90.424614,050DK1010001,https://files.airnowtech.org/airnow/2023/20230829/daily_data_v2.dat,08/29/23|DK1010001|Dhaka|PM2.5-24hr|UG/M3|97|24|U.S. Department of State Bangladesh - Dhaka|172|3|23.796374|90.424614|050DK1010001,2026-07-18T03:21:43+00:00,fc64f17b49abfc640933b7b5ca3735ecd6fa2f28d12fe5a830f2f66f14f918f9
2023-08-30,DK1010001,Dhaka,PM2.5-24hr,UG/M3,112.8,24,U.S. Department of State Bangladesh - Dhaka,181,3,23.796374,90.424614,050DK1010001,https://files.airnowtech.org/airnow/2023/20230830/daily_data_v2.dat,08/30/23|DK1010001|Dhaka|PM2.5-24hr|UG/M3|112.8|24|U.S. Department of State Bangladesh - Dhaka|181|3|23.796374|90.424614|050DK1010001,2026-07-18T03:21:43+00:00,8a869997e618f126ed331ebc504357061d2e206e46ac5911a21acf318718c974
2023-08-31,DK1010001,Dhaka,PM2.5-24hr,UG/M3,131.0,24,U.S. Department of State Bangladesh - Dhaka,190,3,23.796374,90.424614,050DK1010001,https://files.airnowtech.org/airnow/2023/20230831/daily_data_v2.dat,08/31/23|DK1010001|Dhaka|PM2.5-24hr|UG/M3|131|24|U.S. Department of State Bangladesh - Dhaka|190|3|23.796374|90.424614|050DK1010001,2026-07-18T03:21:43+00:00,ac7af08d9ea5df4ce01cee7a22965626bc5cacd86af09a9b0110a990ef634be6
2023-09-01,DK1010001,Dhaka,PM2.5-24hr,UG/M3,87.2,24,U.S. Department of State Bangladesh - Dhaka,167,3,23.796374,90.424614,050DK1010001,https://files.airnowtech.org/airnow/2023/20230901/daily_data_v2.dat,09/01/23|DK1010001|Dhaka|PM2.5-24hr|UG/M3|87.2|24|U.S. Department of State Bangladesh - Dhaka|167|3|23.796374|90.424614|050DK1010001,2026-07-18T03:21:43+00:00,9fa5eb3fcfd5ad539113819f419a63fa8daa668d63f6cfc0cde51522c40e7bfd
2023-09-02,DK1010001,Dhaka,PM2.5-24hr,UG/M3,90.6,24,U.S. Department of State Bangladesh - Dhaka,169,3,23.796374,90.424614,050DK1010001,https://files.airnowtech.org/airnow/2023/20230902/daily_data_v2.dat,09/02/23|DK1010001|Dhaka|PM2.5-24hr|UG/M3|90.6|24|U.S. Department of State Bangladesh - Dhaka|169|3|23.796374|90.424614|050DK1010001,2026-07-18T03:21:43+00:00,7ae89ed79114d91253d94a8f1de5e5a4c7d68f1148789d83d61cb4beff3d39ee
2023-09-03,DK1010001,Dhaka,PM2.5-24hr,UG/M3,55.1,24,U.S. Department of State Bangladesh - Dhaka,149,2,23.796374,90.424614,050DK1010001,https://files.airnowtech.org/airnow/2023/20230903/daily_data_v2.dat,09/03/23|DK1010001|Dhaka|PM2.5-24hr|UG/M3|55.1|24|U.S. Department of State Bangladesh - Dhaka|149|2|23.796374|90.424614|050DK1010001,2026-07-18T03:21:43+00:00,5f84dd05af4b9422940abee9cb460cade73b52a93d3e4ec90dea85fc14131fa8
2023-09-04,DK1010001,Dhaka,PM2.5-24hr,UG/M3,47.6,24,U.S. Department of State Bangladesh - Dhaka,131,2,23.796374,90.424614,050DK1010001,https://files.airnowtech.org/airnow/2023/20230904/daily_data_v2.dat,09/04/23|DK1010001|Dhaka|PM2.5-24hr|UG/M3|47.6|24|U.S. Department of State Bangladesh - Dhaka|131|2|23.796374|90.424614|050DK1010001,2026-07-18T03:21:43+00:00,485a83f5df56b295f4fd2580ad0f18d76f2897eb572704d1da7ddf489d2836e7
2023-09-05,DK1010001,Dhaka,PM2.5-24hr,UG/M3,51.8,24,U.S. Department of State Bangladesh - Dhaka,141,2,23.796374,90.424614,050DK1010001,https://files.airnowtech.org/airnow/2023/20230905/daily_data_v2.dat,09/05/23|DK1010001|Dhaka|PM2.5-24hr|UG/M3|51.8|24|U.S. Department of State Bangladesh - Dhaka|141|2|23.796374|90.424614|050DK1010001,2026-07-18T03:21:43+00:00,851a4cf5e230632bf5a9791ece7dde2d22d14365da4b3004365f11a77f45e2fb
2023-09-06,DK1010001,Dhaka,PM2.5-24hr,UG/M3,38.6,24,U.S. Department of State Bangladesh - Dhaka,109,2,23.796374,90.424614,050DK1010001,https://files.airnowtech.org/airnow/2023/20230906/daily_data_v2.dat,09/06/23|DK1010001|Dhaka|PM2.5-24hr|UG/M3|38.6|24|U.S. Department of State Bangladesh - Dhaka|109|2|23.796374|90.424614|050DK1010001,2026-07-18T03:21:43+00:00,665fcf937a27eab89d83372fb2e70a5ae58ed2ae4c35217237d5b56bd440d5ba
2023-09-07,DK1010001,Dhaka,PM2.5-24hr,UG/M3,26.5,24,U.S. Department of State Bangladesh - Dhaka,81,1,23.796374,90.424614,050DK1010001,https://files.airnowtech.org/airnow/2023/20230907/daily_data_v2.dat,09/07/23|DK1010001|Dhaka|PM2.5-24hr|UG/M3|26.5|24|U.S. Department of State Bangladesh - Dhaka|81|1|23.796374|90.424614|050DK1010001,2026-07-18T03:21:43+00:00,e37512af4e637f51d945ec580ec8984406148a1969d7db77d831ad7d797543d2
2023-09-08,DK1010001,Dhaka,PM2.5-24hr,UG/M3,28.4,24,U.S. Department of State Bangladesh - Dhaka,85,1,23.796374,90.424614,050DK1010001,https://files.airnowtech.org/airnow/2023/20230908/daily_data_v2.dat,09/08/23|DK1010001|Dhaka|PM2.5-24hr|UG/M3|28.4|24|U.S. Department of State Bangladesh - Dhaka|85|1|23.796374|90.424614|050DK1010001,2026-07-18T03:21:43+00:00,9214b53059d15b80ea3d06183e4ea2c1efe7781beeade54bf69466598cf1722f
2023-09-09,DK1010001,Dhaka,PM2.5-24hr,UG/M3,52.8,24,U.S. Department of State Bangladesh - Dhaka,144,2,23.796374,90.424614,050DK1010001,https://files.airnowtech.org/airnow/2023/20230909/daily_data_v2.dat,09/09/23|DK1010001|Dhaka|PM2.5-24hr|UG/M3|52.8|24|U.S. Department of State Bangladesh - Dhaka|144|2|23.796374|90.424614|050DK1010001,2026-07-18T03:21:43+00:00,33ed58c1fb5add98195766992b28bcfbc0d54d94ea3971d2ee8b533db2775182
2023-09-10,DK1010001,Dhaka,PM2.5-24hr,UG/M3,69.6,24,U.S. Department of State Bangladesh - Dhaka,158,3,23.796374,90.424614,050DK1010001,https://files.airnowtech.org/airnow/2023/20230910/daily_data_v2.dat,09/10/23|DK1010001|Dhaka|PM2.5-24hr|UG/M3|69.6|24|U.S. Department of State Bangladesh - Dhaka|158|3|23.796374|90.424614|050DK1010001,2026-07-18T03:21:44+00:00,9fe5c6235006fbf779c7dfd59c738cb9b328f11e92933b5d65ed69e01834d4d1
2023-09-11,DK1010001,Dhaka,PM2.5-24hr,UG/M3,52.5,24,U.S. Department of State Bangladesh - Dhaka,143,2,23.796374,90.424614,050DK1010001,https://files.airnowtech.org/airnow/2023/20230911/daily_data_v2.dat,09/11/23|DK1010001|Dhaka|PM2.5-24hr|UG/M3|52.5|24|U.S. Department of State Bangladesh - Dhaka|143|2|23.796374|90.424614|050DK1010001,2026-07-18T03:21:44+00:00,5292bf86ef01d9ab445eefb0af46b83fde0acb60572a4431e5042004db3f4aea
2023-09-12,DK1010001,Dhaka,PM2.5-24hr,UG/M3,49.6,24,U.S. Department of State Bangladesh - Dhaka,136,2,23.796374,90.424614,050DK1010001,https://files.airnowtech.org/airnow/2023/20230912/daily_data_v2.dat,09/12/23|DK1010001|Dhaka|PM2.5-24hr|UG/M3|49.6|24|U.S. Department of State Bangladesh - Dhaka|136|2|23.796374|90.424614|050DK1010001,2026-07-18T03:21:44+00:00,ba255ac8b926826361b9d7aac403079717de5dca1724a8aca6f54b257cafd772
2023-09-13,DK1010001,Dhaka,PM2.5-24hr,UG/M3,30.6,24,U.S. Department of State Bangladesh - Dhaka,90,1,23.796374,90.424614,050DK1010001,https://files.airnowtech.org/airnow/2023/20230913/daily_data_v2.dat,09/13/23|DK1010001|Dhaka|PM2.5-24hr|UG/M3|30.6|24|U.S. Department of State Bangladesh - Dhaka|90|1|23.796374|90.424614|050DK1010001,2026-07-18T03:21:48+00:00,500e3a9894741a64c6f61abeeea72aabdc7b3b7cf6b1f9a7a3460a4358dade9c
2023-09-14,DK1010001,Dhaka,PM2.5-24hr,UG/M3,21.4,24,U.S. Department of State Bangladesh - Dhaka,71,1,23.796374,90.424614,050DK1010001,https://files.airnowtech.org/airnow/2023/20230914/daily_data_v2.dat,09/14/23|DK1010001|Dhaka|PM2.5-24hr|UG/M3|21.4|24|U.S. Department of State Bangladesh - Dhaka|71|1|23.796374|90.424614|050DK1010001,2026-07-18T03:21:48+00:00,1403d9d31ce3f574fa9b2c02dfe4466467a2d0c013768abf1f484954e2a6729c
2023-09-15,DK1010001,Dhaka,PM2.5-24hr,UG/M3,39.9,24,U.S. Department of State Bangladesh - Dhaka,112,2,23.796374,90.424614,050DK1010001,https://files.airnowtech.org/airnow/2023/20230915/daily_data_v2.dat,09/15/23|DK1010001|Dhaka|PM2.5-24hr|UG/M3|39.9|24|U.S. Department of State Bangladesh - Dhaka|112|2|23.796374|90.424614|050DK1010001,2026-07-18T03:21:48+00:00,85a0dc508eb2e287911d4a0b9c6fd178b13e3b70f18e5c846d4e75ef7324e879
2023-09-16,DK1010001,Dhaka,PM2.5-24hr,UG/M3,52.6,24,U.S. Department of State Bangladesh - Dhaka,143,2,23.796374,90.424614,050DK1010001,https://files.airnowtech.org/airnow/2023/20230916/daily_data_v2.dat,09/16/23|DK1010001|Dhaka|PM2.5-24hr|UG/M3|52.6|24|U.S. Department of State Bangladesh - Dhaka|143|2|23.796374|90.424614|050DK1010001,2026-07-18T03:21:48+00:00,0fb0092dd75aee5fb2d9b8e94520406efc54c21a70769310ba0e2002b7ddd38e
2023-09-17,DK1010001,Dhaka,PM2.5-24hr,UG/M3,54.0,24,U.S. Department of State Bangladesh - Dhaka,147,2,23.796374,90.424614,050DK1010001,https://files.airnowtech.org/airnow/2023/20230917/daily_data_v2.dat,09/17/23|DK1010001|Dhaka|PM2.5-24hr|UG/M3|54|24|U.S. Department of State Bangladesh - Dhaka|147|2|23.796374|90.424614|050DK1010001,2026-07-18T03:21:48+00:00,69a35e73d5125218a06e20a6deabfe5a36e7407d0dd95f91dcb1b5658c9a6e0b
2023-09-18,DK1010001,Dhaka,PM2.5-24hr,UG/M3,41.3,24,U.S. Department of State Bangladesh - Dhaka,116,2,23.796374,90.424614,050DK1010001,https://files.airnowtech.org/airnow/2023/20230918/daily_data_v2.dat,09/18/23|DK1010001|Dhaka|PM2.5-24hr|UG/M3|41.3|24|U.S. Department of State Bangladesh - Dhaka|116|2|23.796374|90.424614|050DK1010001,2026-07-18T03:21:48+00:00,4bdcd4e297f27671e0ba8d0679a7dcaaf6467401d995b3c1d0d360b9be55f1d9
2023-09-19,DK1010001,Dhaka,PM2.5-24hr,UG/M3,18.0,24,U.S. Department of State Bangladesh - Dhaka,64,1,23.796374,90.424614,050DK1010001,https://files.airnowtech.org/airnow/2023/20230919/daily_data_v2.dat,09/19/23|DK1010001|Dhaka|PM2.5-24hr|UG/M3|18|24|U.S. Department of State Bangladesh - Dhaka|64|1|23.796374|90.424614|050DK1010001,2026-07-18T03:21:48+00:00,a607d2d215a929f7197018238cca992085535c034d63c8cfaa31e85796e4eda9
2023-09-20,DK1010001,Dhaka,PM2.5-24hr,UG/M3,26.9,24,U.S. Department of State Bangladesh - Dhaka,82,1,23.796374,90.424614,050DK1010001,https://files.airnowtech.org/airnow/2023/20230920/daily_data_v2.dat,09/20/23|DK1010001|Dhaka|PM2.5-24hr|UG/M3|26.9|24|U.S. Department of State Bangladesh - Dhaka|82|1|23.796374|90.424614|050DK1010001,2026-07-18T03:21:48+00:00,76e80e7b55d9fc0932a64341efb0be939870ce7361af23996d4c01b728b8e91e
2023-09-21,DK1010001,Dhaka,PM2.5-24hr,UG/M3,32.3,24,U.S. Department of State Bangladesh - Dhaka,94,1,23.796374,90.424614,050DK1010001,https://files.airnowtech.org/airnow/2023/20230921/daily_data_v2.dat,09/21/23|DK1010001|Dhaka|PM2.5-24hr|UG/M3|32.3|24|U.S. Department of State Bangladesh - Dhaka|94|1|23.796374|90.424614|050DK1010001,2026-07-18T03:21:48+00:00,137472222f4c53c1b276f796a0d6a5a2780a576bee3c779f88a1a295c53ad5d5
2023-09-22,DK1010001,Dhaka,PM2.5-24hr,UG/M3,28.3,24,U.S. Department of State Bangladesh - Dhaka,85,1,23.796374,90.424614,050DK1010001,https://files.airnowtech.org/airnow/2023/20230922/daily_data_v2.dat,09/22/23|DK1010001|Dhaka|PM2.5-24hr|UG/M3|28.3|24|U.S. Department of State Bangladesh - Dhaka|85|1|23.796374|90.424614|050DK1010001,2026-07-18T03:21:48+00:00,5ad793cccc463bf374c3dd185418dbe3cdf424f7f803ed0a45df19dffad34e17
2023-09-23,DK1010001,Dhaka,PM2.5-24hr,UG/M3,40.8,24,U.S. Department of State Bangladesh - Dhaka,114,2,23.796374,90.424614,050DK1010001,https://files.airnowtech.org/airnow/2023/20230923/daily_data_v2.dat,09/23/23|DK1010001|Dhaka|PM2.5-24hr|UG/M3|40.8|24|U.S. Department of State Bangladesh - Dhaka|114|2|23.796374|90.424614|050DK1010001,2026-07-18T03:21:48+00:00,762eafab3d36946b6ace5b6279c72508894b1d236acb8fb8c63dc95789f4c754
2023-09-24,DK1010001,Dhaka,PM2.5-24hr,UG/M3,36.6,24,U.S. Department of State Bangladesh - Dhaka,104,2,23.796374,90.424614,050DK1010001,https://files.airnowtech.org/airnow/2023/20230924/daily_data_v2.dat,09/24/23|DK1010001|Dhaka|PM2.5-24hr|UG/M3|36.6|24|U.S. Department of State Bangladesh - Dhaka|104|2|23.796374|90.424614|050DK1010001,2026-07-18T03:21:48+00:00,94ea3ada43feaab35226acb9765e403c84ab3fda9fdd99444e956a108732c010
2023-09-25,DK1010001,Dhaka,PM2.5-24hr,UG/M3,39.8,24,U.S. Department of State Bangladesh - Dhaka,112,2,23.796374,90.424614,050DK1010001,https://files.airnowtech.org/airnow/2023/20230925/daily_data_v2.dat,09/25/23|DK1010001|Dhaka|PM2.5-24hr|UG/M3|39.8|24|U.S. Department of State Bangladesh - Dhaka|112|2|23.796374|90.424614|050DK1010001,2026-07-18T03:21:48+00:00,f3c7e17de489434a7f2a7e925577d88113b5ad07598007c11b72264151430e31
2023-09-26,DK1010001,Dhaka,PM2.5-24hr,UG/M3,64.8,24,U.S. Department of State Bangladesh - Dhaka,156,3,23.796374,90.424614,050DK1010001,https://files.airnowtech.org/airnow/2023/20230926/daily_data_v2.dat,09/26/23|DK1010001|Dhaka|PM2.5-24hr|UG/M3|64.8|24|U.S. Department of State Bangladesh - Dhaka|156|3|23.796374|90.424614|050DK1010001,2026-07-18T03:21:48+00:00,0f83bbecca78acf2ae95a7527d8b1c792e11c4fff127dd5058e8cb0a3e463a26
2023-09-27,DK1010001,Dhaka,PM2.5-24hr,UG/M3,70.8,24,U.S. Department of State Bangladesh - Dhaka,159,3,23.796374,90.424614,050DK1010001,https://files.airnowtech.org/airnow/2023/20230927/daily_data_v2.dat,09/27/23|DK1010001|Dhaka|PM2.5-24hr|UG/M3|70.8|24|U.S. Department of State Bangladesh - Dhaka|159|3|23.796374|90.424614|050DK1010001,2026-07-18T03:21:48+00:00,f4c10d330facd50e499e39bef98ed5cecf8bc56390cb5306c6af76c30f45bcc3
2023-09-28,DK1010001,Dhaka,PM2.5-24hr,UG/M3,67.5,24,U.S. Department of State Bangladesh - Dhaka,157,3,23.796374,90.424614,050DK1010001,https://files.airnowtech.org/airnow/2023/20230928/daily_data_v2.dat,09/28/23|DK1010001|Dhaka|PM2.5-24hr|UG/M3|67.5|24|U.S. Department of State Bangladesh - Dhaka|157|3|23.796374|90.424614|050DK1010001,2026-07-18T03:21:48+00:00,038051ef4faae2eddacc043fd43759abe1ba62c9aaa33cd1891bba0f18eaf80c
2023-09-29,DK1010001,Dhaka,PM2.5-24hr,UG/M3,43.7,24,U.S. Department of State Bangladesh - Dhaka,121,2,23.796374,90.424614,050DK1010001,https://files.airnowtech.org/airnow/2023/20230929/daily_data_v2.dat,09/29/23|DK1010001|Dhaka|PM2.5-24hr|UG/M3|43.7|24|U.S. Department of State Bangladesh - Dhaka|121|2|23.796374|90.424614|050DK1010001,2026-07-18T03:21:48+00:00,000a41871b5c55966c7a76ff04129c57a2404c6ff7493bcc5d201c8b60a7a40c
2023-09-30,DK1010001,Dhaka,PM2.5-24hr,UG/M3,32.2,24,U.S. Department of State Bangladesh - Dhaka,93,1,23.796374,90.424614,050DK1010001,https://files.airnowtech.org/airnow/2023/20230930/daily_data_v2.dat,09/30/23|DK1010001|Dhaka|PM2.5-24hr|UG/M3|32.2|24|U.S. Department of State Bangladesh - Dhaka|93|1|23.796374|90.424614|050DK1010001,2026-07-18T03:21:48+00:00,d8990de73de0b4d665843b3ccbcfd85d3f131f3b2af07d97cf7d2e0c73974b1c
2023-10-01,DK1010001,Dhaka,PM2.5-24hr,UG/M3,31.5,24,U.S. Department of State Bangladesh - Dhaka,92,1,23.796374,90.424614,050DK1010001,https://files.airnowtech.org/airnow/2023/20231001/daily_data_v2.dat,10/01/23|DK1010001|Dhaka|PM2.5-24hr|UG/M3|31.5|24|U.S. Department of State Bangladesh - Dhaka|92|1|23.796374|90.424614|050DK1010001,2026-07-18T03:21:48+00:00,0b74b3ee298d3361835e2e059306b2600a29f8da583bd79f02a372646c973eec
2023-10-02,DK1010001,Dhaka,PM2.5-24hr,UG/M3,34.1,24,U.S. Department of State Bangladesh - Dhaka,97,1,23.796374,90.424614,050DK1010001,https://files.airnowtech.org/airnow/2023/20231002/daily_data_v2.dat,10/02/23|DK1010001|Dhaka|PM2.5-24hr|UG/M3|34.1|24|U.S. Department of State Bangladesh - Dhaka|97|1|23.796374|90.424614|050DK1010001,2026-07-18T03:21:48+00:00,e223f853783ae462a9d2b4e15c627e8379bc3afc408abebafd646e0da25f943a
2023-10-03,DK1010001,Dhaka,PM2.5-24hr,UG/M3,27.2,24,U.S. Department of State Bangladesh - Dhaka,83,1,23.796374,90.424614,050DK1010001,https://files.airnowtech.org/airnow/2023/20231003/daily_data_v2.dat,10/03/23|DK1010001|Dhaka|PM2.5-24hr|UG/M3|27.2|24|U.S. Department of State Bangladesh - Dhaka|83|1|23.796374|90.424614|050DK1010001,2026-07-18T03:21:48+00:00,460f37c59dce0b1bda49731bcf6645bcb05b843b04c65198da6f2c538362bb6d
2023-10-04,DK1010001,Dhaka,PM2.5-24hr,UG/M3,29.1,24,U.S. Department of State Bangladesh - Dhaka,87,1,23.796374,90.424614,050DK1010001,https://files.airnowtech.org/airnow/2023/20231004/daily_data_v2.dat,10/04/23|DK1010001|Dhaka|PM2.5-24hr|UG/M3|29.1|24|U.S. Department of State Bangladesh - Dhaka|87|1|23.796374|90.424614|050DK1010001,2026-07-18T03:21:48+00:00,eef47a0cd8fdaf75600f152b5321412322d05609fec6b36e10369739eba78a9a
2023-10-05,DK1010001,Dhaka,PM2.5-24hr,UG/M3,34.2,24,U.S. Department of State Bangladesh - Dhaka,98,1,23.796374,90.424614,050DK1010001,https://files.airnowtech.org/airnow/2023/20231005/daily_data_v2.dat,10/05/23|DK1010001|Dhaka|PM2.5-24hr|UG/M3|34.2|24|U.S. Department of State Bangladesh - Dhaka|98|1|23.796374|90.424614|050DK1010001,2026-07-18T03:21:48+00:00,60f0f905f704d959667e7190726b6302a0a8d0eec6995e8f9d68ce333c679f29
2023-10-06,DK1010001,Dhaka,PM2.5-24hr,UG/M3,43.7,24,U.S. Department of State Bangladesh - Dhaka,121,2,23.796374,90.424614,050DK1010001,https://files.airnowtech.org/airnow/2023/20231006/daily_data_v2.dat,10/06/23|DK1010001|Dhaka|PM2.5-24hr|UG/M3|43.7|24|U.S. Department of State Bangladesh - Dhaka|121|2|23.796374|90.424614|050DK1010001,2026-07-18T03:21:48+00:00,3f9c71ac656e2a0aef707854a56b8403e438033d2bf6c884bda44812fd3d0e20
2023-10-07,DK1010001,Dhaka,PM2.5-24hr,UG/M3,61.1,24,U.S. Department of State Bangladesh - Dhaka,154,3,23.796374,90.424614,050DK1010001,https://files.airnowtech.org/airnow/2023/20231007/daily_data_v2.dat,10/07/23|DK1010001|Dhaka|PM2.5-24hr|UG/M3|61.1|24|U.S. Department of State Bangladesh - Dhaka|154|3|23.796374|90.424614|050DK1010001,2026-07-18T03:21:48+00:00,4a973f253d883fdbebd831cee696b3d60e2231477291ea8eb62d6f17abce7b02
2023-10-08,DK1010001,Dhaka,PM2.5-24hr,UG/M3,53.0,24,U.S. Department of State Bangladesh - Dhaka,144,2,23.796374,90.424614,050DK1010001,https://files.airnowtech.org/airnow/2023/20231008/daily_data_v2.dat,10/08/23|DK1010001|Dhaka|PM2.5-24hr|UG/M3|53|24|U.S. Department of State Bangladesh - Dhaka|144|2|23.796374|90.424614|050DK1010001,2026-07-18T03:21:48+00:00,6748cd64fbfa74281dcd3cd08134f57be42e7d2290f1205fce4db7cae52d7609
2023-10-09,DK1010001,Dhaka,PM2.5-24hr,UG/M3,75.5,24,U.S. Department of State Bangladesh - Dhaka,161,3,23.796374,90.424614,050DK1010001,https://files.airnowtech.org/airnow/2023/20231009/daily_data_v2.dat,10/09/23|DK1010001|Dhaka|PM2.5-24hr|UG/M3|75.5|24|U.S. Department of State Bangladesh - Dhaka|161|3|23.796374|90.424614|050DK1010001,2026-07-18T03:21:48+00:00,7da8cc4a2cdae99113ac4cbd4f8ed208118d2764148f6ceede710a9c089a39ee
2023-10-10,DK1010001,Dhaka,PM2.5-24hr,UG/M3,105.5,24,U.S. Department of State Bangladesh - Dhaka,177,3,23.796374,90.424614,050DK1010001,https://files.airnowtech.org/airnow/2023/20231010/daily_data_v2.dat,10/10/23|DK1010001|Dhaka|PM2.5-24hr|UG/M3|105.5|24|U.S. Department of State Bangladesh - Dhaka|177|3|23.796374|90.424614|050DK1010001,2026-07-18T03:21:48+00:00,229e4635809350d0b94db022d1c97856339529d4eb2ff1cca07e093af09af242
2023-10-11,DK1010001,Dhaka,PM2.5-24hr,UG/M3,131.1,24,U.S. Department of State Bangladesh - Dhaka,190,3,23.796374,90.424614,050DK1010001,https://files.airnowtech.org/airnow/2023/20231011/daily_data_v2.dat,10/11/23|DK1010001|Dhaka|PM2.5-24hr|UG/M3|131.1|24|U.S. Department of State Bangladesh - Dhaka|190|3|23.796374|90.424614|050DK1010001,2026-07-18T03:21:48+00:00,ad7a9640114e290436518f00f9b95b96be69c605ec8c6db06eecb2d313826a02
2023-10-12,DK1010001,Dhaka,PM2.5-24hr,UG/M3,110.7,24,U.S. Department of State Bangladesh - Dhaka,180,3,23.796374,90.424614,050DK1010001,https://files.airnowtech.org/airnow/2023/20231012/daily_data_v2.dat,10/12/23|DK1010001|Dhaka|PM2.5-24hr|UG/M3|110.7|24|U.S. Department of State Bangladesh - Dhaka|180|3|23.796374|90.424614|050DK1010001,2026-07-18T03:21:48+00:00,d1efc356021aa2743e254ecd47a55d21c3e030b3f44027ad184447f83bd8e0d5
2023-10-13,DK1010001,Dhaka,PM2.5-24hr,UG/M3,93.9,24,U.S. Department of State Bangladesh - Dhaka,171,3,23.796374,90.424614,050DK1010001,https://files.airnowtech.org/airnow/2023/20231013/daily_data_v2.dat,10/13/23|DK1010001|Dhaka|PM2.5-24hr|UG/M3|93.9|24|U.S. Department of State Bangladesh - Dhaka|171|3|23.796374|90.424614|050DK1010001,2026-07-18T03:21:48+00:00,1dc46715b362b073f5da22024aafe90d80b78e60281a1b61e1175d03b8ea298c
2023-10-14,DK1010001,Dhaka,PM2.5-24hr,UG/M3,115.3,24,U.S. Department of State Bangladesh - Dhaka,182,3,23.796374,90.424614,050DK1010001,https://files.airnowtech.org/airnow/2023/20231014/daily_data_v2.dat,10/14/23|DK1010001|Dhaka|PM2.5-24hr|UG/M3|115.3|24|U.S. Department of State Bangladesh - Dhaka|182|3|23.796374|90.424614|050DK1010001,2026-07-18T03:21:48+00:00,a31748021cd5a105b86e31a305825f23157c9200d20c402605088491a4e80c9b
2023-10-15,DK1010001,Dhaka,PM2.5-24hr,UG/M3,128.8,24,U.S. Department of State Bangladesh - Dhaka,189,3,23.796374,90.424614,050DK1010001,https://files.airnowtech.org/airnow/2023/20231015/daily_data_v2.dat,10/15/23|DK1010001|Dhaka|PM2.5-24hr|UG/M3|128.8|24|U.S. Department of State Bangladesh - Dhaka|189|3|23.796374|90.424614|050DK1010001,2026-07-18T03:21:48+00:00,c2278b8e636c5108743310bab6534fd48ad1cf7ec4e75fee9df0adce959b6367
2023-10-16,DK1010001,Dhaka,PM2.5-24hr,UG/M3,103.3,24,U.S. Department of State Bangladesh - Dhaka,176,3,23.796374,90.424614,050DK1010001,https://files.airnowtech.org/airnow/2023/20231016/daily_data_v2.dat,10/16/23|DK1010001|Dhaka|PM2.5-24hr|UG/M3|103.3|24|U.S. Department of State Bangladesh - Dhaka|176|3|23.796374|90.424614|050DK1010001,2026-07-18T03:21:48+00:00,5d034a8f4f206da493b787e764d2bbbf5e2c4636682292281481a4ca9f9f42e9
2023-10-17,DK1010001,Dhaka,PM2.5-24hr,UG/M3,137.4,24,U.S. Department of State Bangladesh - Dhaka,193,3,23.796374,90.424614,050DK1010001,https://files.airnowtech.org/airnow/2023/20231017/daily_data_v2.dat,10/17/23|DK1010001|Dhaka|PM2.5-24hr|UG/M3|137.4|24|U.S. Department of State Bangladesh - Dhaka|193|3|23.796374|90.424614|050DK1010001,2026-07-18T03:21:48+00:00,fb81f50310a1146251cb8b6cc6a7ab66d283b5432df0d7a8d9f7cf71d753ca06
2023-10-18,DK1010001,Dhaka,PM2.5-24hr,UG/M3,124.1,24,U.S. Department of State Bangladesh - Dhaka,186,3,23.796374,90.424614,050DK1010001,https://files.airnowtech.org/airnow/2023/20231018/daily_data_v2.dat,10/18/23|DK1010001|Dhaka|PM2.5-24hr|UG/M3|124.1|24|U.S. Department of State Bangladesh - Dhaka|186|3|23.796374|90.424614|050DK1010001,2026-07-18T03:21:48+00:00,4c625711157788ffb76f4cbff88a48ee4d7213c33043f3a6e727d9dfb1d76496
2023-10-19,DK1010001,Dhaka,PM2.5-24hr,UG/M3,91.2,24,U.S. Department of State Bangladesh - Dhaka,169,3,23.796374,90.424614,050DK1010001,https://files.airnowtech.org/airnow/2023/20231019/daily_data_v2.dat,10/19/23|DK1010001|Dhaka|PM2.5-24hr|UG/M3|91.2|24|U.S. Department of State Bangladesh - Dhaka|169|3|23.796374|90.424614|050DK1010001,2026-07-18T03:21:49+00:00,32dc291ac88b89fff40eaed67a252097f34b0170b7b08638e98e0c7a1b799591
2023-10-20,DK1010001,Dhaka,PM2.5-24hr,UG/M3,71.1,24,U.S. Department of State Bangladesh - Dhaka,159,3,23.796374,90.424614,050DK1010001,https://files.airnowtech.org/airnow/2023/20231020/daily_data_v2.dat,10/20/23|DK1010001|Dhaka|PM2.5-24hr|UG/M3|71.1|24|U.S. Department of State Bangladesh - Dhaka|159|3|23.796374|90.424614|050DK1010001,2026-07-18T03:21:49+00:00,4b191c146e9c6869e69417f3c2610d0605f8a48e27e2aac034eed636c7e1d6b1
2023-10-21,DK1010001,Dhaka,PM2.5-24hr,UG/M3,72.7,24,U.S. Department of State Bangladesh - Dhaka,160,3,23.796374,90.424614,050DK1010001,https://files.airnowtech.org/airnow/2023/20231021/daily_data_v2.dat,10/21/23|DK1010001|Dhaka|PM2.5-24hr|UG/M3|72.7|24|U.S. Department of State Bangladesh - Dhaka|160|3|23.796374|90.424614|050DK1010001,2026-07-18T03:21:49+00:00,f97a71d8932c73574d2eacb4a7be73b28dba330636f6a3320a50f3917178a5cb
2023-10-22,DK1010001,Dhaka,PM2.5-24hr,UG/M3,77.0,24,U.S. Department of State Bangladesh - Dhaka,162,3,23.796374,90.424614,050DK1010001,https://files.airnowtech.org/airnow/2023/20231022/daily_data_v2.dat,10/22/23|DK1010001|Dhaka|PM2.5-24hr|UG/M3|77|24|U.S. Department of State Bangladesh - Dhaka|162|3|23.796374|90.424614|050DK1010001,2026-07-18T03:21:49+00:00,ea851253844c9c4371caf0bd48347b8eb4430da741dc02f52aea7b0e4f6ecce7
2023-10-23,DK1010001,Dhaka,PM2.5-24hr,UG/M3,76.5,24,U.S. Department of State Bangladesh - Dhaka,162,3,23.796374,90.424614,050DK1010001,https://files.airnowtech.org/airnow/2023/20231023/daily_data_v2.dat,10/23/23|DK1010001|Dhaka|PM2.5-24hr|UG/M3|76.5|24|U.S. Department of State Bangladesh - Dhaka|162|3|23.796374|90.424614|050DK1010001,2026-07-18T03:21:49+00:00,aba2cf01a2c352adaf7e2d7631035424f2ee106fddd624a3e5ef740c6e046ddd
2023-10-24,DK1010001,Dhaka,PM2.5-24hr,UG/M3,29.1,24,U.S. Department of State Bangladesh - Dhaka,87,1,23.796374,90.424614,050DK1010001,https://files.airnowtech.org/airnow/2023/20231024/daily_data_v2.dat,10/24/23|DK1010001|Dhaka|PM2.5-24hr|UG/M3|29.1|24|U.S. Department of State Bangladesh - Dhaka|87|1|23.796374|90.424614|050DK1010001,2026-07-18T03:21:49+00:00,82190b0d2bc38e8426d9de37ed04b3ef159b54062696fd4e264e35085c5b1def
2023-10-25,DK1010001,Dhaka,PM2.5-24hr,UG/M3,58.7,24,U.S. Department of State Bangladesh - Dhaka,153,3,23.796374,90.424614,050DK1010001,https://files.airnowtech.org/airnow/2023/20231025/daily_data_v2.dat,10/25/23|DK1010001|Dhaka|PM2.5-24hr|UG/M3|58.7|24|U.S. Department of State Bangladesh - Dhaka|153|3|23.796374|90.424614|050DK1010001,2026-07-18T03:21:49+00:00,86c90903ef506750c2c8909ced035a9353a16af4129e667ba768a483e1665e36
2023-10-26,DK1010001,Dhaka,PM2.5-24hr,UG/M3,73.0,24,U.S. Department of State Bangladesh - Dhaka,160,3,23.796374,90.424614,050DK1010001,https://files.airnowtech.org/airnow/2023/20231026/daily_data_v2.dat,10/26/23|DK1010001|Dhaka|PM2.5-24hr|UG/M3|73|24|U.S. Department of State Bangladesh - Dhaka|160|3|23.796374|90.424614|050DK1010001,2026-07-18T03:21:49+00:00,1346629d756af1b9d300bf9ec4181d92b3cd7259b7b6af061103933a04cbc025
2023-10-27,DK1010001,Dhaka,PM2.5-24hr,UG/M3,82.6,24,U.S. Department of State Bangladesh - Dhaka,165,3,23.796374,90.424614,050DK1010001,https://files.airnowtech.org/airnow/2023/20231027/daily_data_v2.dat,10/27/23|DK1010001|Dhaka|PM2.5-24hr|UG/M3|82.6|24|U.S. Department of State Bangladesh - Dhaka|165|3|23.796374|90.424614|050DK1010001,2026-07-18T03:21:49+00:00,2747a880ff42792c4af0a25a340f0eb07aeb85575078d4d2d1589f7e101be464
2023-10-28,DK1010001,Dhaka,PM2.5-24hr,UG/M3,89.5,24,U.S. Department of State Bangladesh - Dhaka,169,3,23.796374,90.424614,050DK1010001,https://files.airnowtech.org/airnow/2023/20231028/daily_data_v2.dat,10/28/23|DK1010001|Dhaka|PM2.5-24hr|UG/M3|89.5|24|U.S. Department of State Bangladesh - Dhaka|169|3|23.796374|90.424614|050DK1010001,2026-07-18T03:21:49+00:00,4fa05206057d3c0aa44f207c02f0249975e9e79322c281053ece237f1b170fde
2023-10-29,DK1010001,Dhaka,PM2.5-24hr,UG/M3,87.9,24,U.S. Department of State Bangladesh - Dhaka,168,3,23.796374,90.424614,050DK1010001,https://files.airnowtech.org/airnow/2023/20231029/daily_data_v2.dat,10/29/23|DK1010001|Dhaka|PM2.5-24hr|UG/M3|87.9|24|U.S. Department of State Bangladesh - Dhaka|168|3|23.796374|90.424614|050DK1010001,2026-07-18T03:21:49+00:00,c7dbf8060956e9760e81a6c710769f060ec177ae13453717b5dfc29e8e163de3
2023-10-30,DK1010001,Dhaka,PM2.5-24hr,UG/M3,108.5,24,U.S. Department of State Bangladesh - Dhaka,178,3,23.796374,90.424614,050DK1010001,https://files.airnowtech.org/airnow/2023/20231030/daily_data_v2.dat,10/30/23|DK1010001|Dhaka|PM2.5-24hr|UG/M3|108.5|24|U.S. Department of State Bangladesh - Dhaka|178|3|23.796374|90.424614|050DK1010001,2026-07-18T03:21:49+00:00,05d32f270debf3818613331b5751a25649e29b31228b62740a701f642f588d24
2023-10-31,DK1010001,Dhaka,PM2.5-24hr,UG/M3,112.1,24,U.S. Department of State Bangladesh - Dhaka,180,3,23.796374,90.424614,050DK1010001,https://files.airnowtech.org/airnow/2023/20231031/daily_data_v2.dat,10/31/23|DK1010001|Dhaka|PM2.5-24hr|UG/M3|112.1|24|U.S. Department of State Bangladesh - Dhaka|180|3|23.796374|90.424614|050DK1010001,2026-07-18T03:21:49+00:00,8f6ebbe41090275842ad1ddb8a1477c097fa3198347259d5aaae6a0a3e57cc0b
2023-11-01,DK1010001,Dhaka,PM2.5-24hr,UG/M3,93.6,24,U.S. Department of State Bangladesh - Dhaka,171,3,23.796374,90.424614,050DK1010001,https://files.airnowtech.org/airnow/2023/20231101/daily_data_v2.dat,11/01/23|DK1010001|Dhaka|PM2.5-24hr|UG/M3|93.6|24|U.S. Department of State Bangladesh - Dhaka|171|3|23.796374|90.424614|050DK1010001,2026-07-18T03:21:49+00:00,28bf82731dff990b94f62f872095770ecb893102431a8116181682e8c8b8ba64
2023-11-02,DK1010001,Dhaka,PM2.5-24hr,UG/M3,92.5,24,U.S. Department of State Bangladesh - Dhaka,170,3,23.796374,90.424614,050DK1010001,https://files.airnowtech.org/airnow/2023/20231102/daily_data_v2.dat,11/02/23|DK1010001|Dhaka|PM2.5-24hr|UG/M3|92.5|24|U.S. Department of State Bangladesh - Dhaka|170|3|23.796374|90.424614|050DK1010001,2026-07-18T03:21:49+00:00,8ca411569b507d6ab4f35372035f49d6e58d18fbf6cc41060fb524f32345c730
2023-11-03,DK1010001,Dhaka,PM2.5-24hr,UG/M3,100.6,24,U.S. Department of State Bangladesh - Dhaka,174,3,23.796374,90.424614,050DK1010001,https://files.airnowtech.org/airnow/2023/20231103/daily_data_v2.dat,11/03/23|DK1010001|Dhaka|PM2.5-24hr|UG/M3|100.6|24|U.S. Department of State Bangladesh - Dhaka|174|3|23.796374|90.424614|050DK1010001,2026-07-18T03:21:49+00:00,dbde879efe7e10df80b643a996652e77d08f2ab144d6b7abfab73c8ca4cabfda
2023-11-04,DK1010001,Dhaka,PM2.5-24hr,UG/M3,90.7,24,U.S. Department of State Bangladesh - Dhaka,169,3,23.796374,90.424614,050DK1010001,https://files.airnowtech.org/airnow/2023/20231104/daily_data_v2.dat,11/04/23|DK1010001|Dhaka|PM2.5-24hr|UG/M3|90.7|24|U.S. Department of State Bangladesh - Dhaka|169|3|23.796374|90.424614|050DK1010001,2026-07-18T03:21:49+00:00,c635b9c93a76b8cac91ef751aa88d86679669c14ebc1e9f1da4b7475da60fa69
2023-11-05,DK1010001,Dhaka,PM2.5-24hr,UG/M3,105.7,24,U.S. Department of State Bangladesh - Dhaka,177,3,23.796374,90.424614,050DK1010001,https://files.airnowtech.org/airnow/2023/20231105/daily_data_v2.dat,11/05/23|DK1010001|Dhaka|PM2.5-24hr|UG/M3|105.7|24|U.S. Department of State Bangladesh - Dhaka|177|3|23.796374|90.424614|050DK1010001,2026-07-18T03:21:49+00:00,807f30697433d5c69beaa52d7b174c801bd594ecd2ef0d7b0301b3cb75295d65
2023-11-06,DK1010001,Dhaka,PM2.5-24hr,UG/M3,99.0,24,U.S. Department of State Bangladesh - Dhaka,173,3,23.796374,90.424614,050DK1010001,https://files.airnowtech.org/airnow/2023/20231106/daily_data_v2.dat,11/06/23|DK1010001|Dhaka|PM2.5-24hr|UG/M3|99|24|U.S. Department of State Bangladesh - Dhaka|173|3|23.796374|90.424614|050DK1010001,2026-07-18T03:21:49+00:00,8a2cda0e7ab66558731d716fde25af661d26ba1bf36ba29c068b4d4ebda276c0
2023-11-07,DK1010001,Dhaka,PM2.5-24hr,UG/M3,97.7,24,U.S. Department of State Bangladesh - Dhaka,173,3,23.796374,90.424614,050DK1010001,https://files.airnowtech.org/airnow/2023/20231107/daily_data_v2.dat,11/07/23|DK1010001|Dhaka|PM2.5-24hr|UG/M3|97.7|24|U.S. Department of State Bangladesh - Dhaka|173|3|23.796374|90.424614|050DK1010001,2026-07-18T03:21:49+00:00,ec4f1c1d3f1c535e03fc6eb326481c9bd4a0e36963d34b7e1a5aa95ca90c6a5d
2023-11-08,DK1010001,Dhaka,PM2.5-24hr,UG/M3,109.2,24,U.S. Department of State Bangladesh - Dhaka,179,3,23.796374,90.424614,050DK1010001,https://files.airnowtech.org/airnow/2023/20231108/daily_data_v2.dat,11/08/23|DK1010001|Dhaka|PM2.5-24hr|UG/M3|109.2|24|U.S. Department of State Bangladesh - Dhaka|179|3|23.796374|90.424614|050DK1010001,2026-07-18T03:21:49+00:00,d5a054938529e33619d12c8a265d7f6aedabba3d6f15da8573bb12d79d68e298
2023-11-09,DK1010001,Dhaka,PM2.5-24hr,UG/M3,128.3,24,U.S. Department of State Bangladesh - Dhaka,189,3,23.796374,90.424614,050DK1010001,https://files.airnowtech.org/airnow/2023/20231109/daily_data_v2.dat,11/09/23|DK1010001|Dhaka|PM2.5-24hr|UG/M3|128.3|24|U.S. Department of State Bangladesh - Dhaka|189|3|23.796374|90.424614|050DK1010001,2026-07-18T03:21:49+00:00,4d730774322d9fd5c3f431f9f9ef2d8ba3834654caf958dd84697807f124d517
2023-11-10,DK1010001,Dhaka,PM2.5-24hr,UG/M3,133.5,24,U.S. Department of State Bangladesh - Dhaka,191,3,23.796374,90.424614,050DK1010001,https://files.airnowtech.org/airnow/2023/20231110/daily_data_v2.dat,11/10/23|DK1010001|Dhaka|PM2.5-24hr|UG/M3|133.5|24|U.S. Department of State Bangladesh - Dhaka|191|3|23.796374|90.424614|050DK1010001,2026-07-18T03:21:49+00:00,ba20a34f0a81b50e46faa5547a99dabc2c686d5d2ad8d5b352ec1683371e77a5
2023-11-11,DK1010001,Dhaka,PM2.5-24hr,UG/M3,102.8,24,U.S. Department of State Bangladesh - Dhaka,175,3,23.796374,90.424614,050DK1010001,https://files.airnowtech.org/airnow/2023/20231111/daily_data_v2.dat,11/11/23|DK1010001|Dhaka|PM2.5-24hr|UG/M3|102.8|24|U.S. Department of State Bangladesh - Dhaka|175|3|23.796374|90.424614|050DK1010001,2026-07-18T03:21:49+00:00,b989a6644dbee616d78221ccf041a71478881eec3991206b3aa47fcba4ac18c1
2023-11-13,DK1010001,Dhaka,PM2.5-24hr,UG/M3,124.5,24,U.S. Department of State Bangladesh - Dhaka,187,3,23.796374,90.424614,050DK1010001,https://files.airnowtech.org/airnow/2023/20231113/daily_data_v2.dat,11/13/23|DK1010001|Dhaka|PM2.5-24hr|UG/M3|124.5|24|U.S. Department of State Bangladesh - Dhaka|187|3|23.796374|90.424614|050DK1010001,2026-07-18T03:21:49+00:00,0ccdb5a19be52538b846b03d1878a89ceb93a91be4f4814e5984dc211ebdefb1
2023-11-14,DK1010001,Dhaka,PM2.5-24hr,UG/M3,122.7,24,U.S. Department of State Bangladesh - Dhaka,186,3,23.796374,90.424614,050DK1010001,https://files.airnowtech.org/airnow/2023/20231114/daily_data_v2.dat,11/14/23|DK1010001|Dhaka|PM2.5-24hr|UG/M3|122.7|24|U.S. Department of State Bangladesh - Dhaka|186|3|23.796374|90.424614|050DK1010001,2026-07-18T03:21:49+00:00,2fc557e1fce28243a4f856207bdd0f1cd266d72ec6ec22ae7767bca8ef5b8540
2023-11-15,DK1010001,Dhaka,PM2.5-24hr,UG/M3,96.6,24,U.S. Department of State Bangladesh - Dhaka,172,3,23.796374,90.424614,050DK1010001,https://files.airnowtech.org/airnow/2023/20231115/daily_data_v2.dat,11/15/23|DK1010001|Dhaka|PM2.5-24hr|UG/M3|96.6|24|U.S. Department of State Bangladesh - Dhaka|172|3|23.796374|90.424614|050DK1010001,2026-07-18T03:21:49+00:00,bf02b21e43733cf2cda8a83d3368256410a26c3557cf9793854148fcaccd8e84
2023-11-16,DK1010001,Dhaka,PM2.5-24hr,UG/M3,52.3,24,U.S. Department of State Bangladesh - Dhaka,142,2,23.796374,90.424614,050DK1010001,https://files.airnowtech.org/airnow/2023/20231116/daily_data_v2.dat,11/16/23|DK1010001|Dhaka|PM2.5-24hr|UG/M3|52.3|24|U.S. Department of State Bangladesh - Dhaka|142|2|23.796374|90.424614|050DK1010001,2026-07-18T03:21:49+00:00,8cf05bdc5183819a1b47bdbe07675e7e0a12697c7f589a8e1946fa64bf802d56
2023-11-17,DK1010001,Dhaka,PM2.5-24hr,UG/M3,17.0,24,U.S. Department of State Bangladesh - Dhaka,61,1,23.796374,90.424614,050DK1010001,https://files.airnowtech.org/airnow/2023/20231117/daily_data_v2.dat,11/17/23|DK1010001|Dhaka|PM2.5-24hr|UG/M3|17|24|U.S. Department of State Bangladesh - Dhaka|61|1|23.796374|90.424614|050DK1010001,2026-07-18T03:21:49+00:00,29f9d8099f066618ff98983d2bcc25bd419b6d60606293237152617402ef4d75
2023-11-18,DK1010001,Dhaka,PM2.5-24hr,UG/M3,41.0,24,U.S. Department of State Bangladesh - Dhaka,115,2,23.796374,90.424614,050DK1010001,https://files.airnowtech.org/airnow/2023/20231118/daily_data_v2.dat,11/18/23|DK1010001|Dhaka|PM2.5-24hr|UG/M3|41|24|U.S. Department of State Bangladesh - Dhaka|115|2|23.796374|90.424614|050DK1010001,2026-07-18T03:21:49+00:00,9ba07d1e57015e70a6bbae8255c00f36a78df0062293374db4ababab9724a651
2023-11-19,DK1010001,Dhaka,PM2.5-24hr,UG/M3,76.0,24,U.S. Department of State Bangladesh - Dhaka,162,3,23.796374,90.424614,050DK1010001,https://files.airnowtech.org/airnow/2023/20231119/daily_data_v2.dat,11/19/23|DK1010001|Dhaka|PM2.5-24hr|UG/M3|76|24|U.S. Department of State Bangladesh - Dhaka|162|3|23.796374|90.424614|050DK1010001,2026-07-18T03:21:49+00:00,f2336fbd7f6a67c35a0cd831df1e85f56e95e1af505f8a1400d575eeeba0b570
2023-11-20,DK1010001,Dhaka,PM2.5-24hr,UG/M3,84.7,24,U.S. Department of State Bangladesh - Dhaka,166,3,23.796374,90.424614,050DK1010001,https://files.airnowtech.org/airnow/2023/20231120/daily_data_v2.dat,11/20/23|DK1010001|Dhaka|PM2.5-24hr|UG/M3|84.7|24|U.S. Department of State Bangladesh - Dhaka|166|3|23.796374|90.424614|050DK1010001,2026-07-18T03:21:49+00:00,b73f5a2ef4617945d4dcdbf732b1309959285aa4637e3c66fddbdd0a54ae7f13
2023-11-21,DK1010001,Dhaka,PM2.5-24hr,UG/M3,119.6,24,U.S. Department of State Bangladesh - Dhaka,184,3,23.796374,90.424614,050DK1010001,https://files.airnowtech.org/airnow/2023/20231121/daily_data_v2.dat,11/21/23|DK1010001|Dhaka|PM2.5-24hr|UG/M3|119.6|24|U.S. Department of State Bangladesh - Dhaka|184|3|23.796374|90.424614|050DK1010001,2026-07-18T03:21:49+00:00,7019d2c77729d4c59355c55356f09c00903a4214a8e8c3b4f0789da60b8e905b
2023-11-22,DK1010001,Dhaka,PM2.5-24hr,UG/M3,178.1,24,U.S. Department of State Bangladesh - Dhaka,228,4,23.796374,90.424614,050DK1010001,https://files.airnowtech.org/airnow/2023/20231122/daily_data_v2.dat,11/22/23|DK1010001|Dhaka|PM2.5-24hr|UG/M3|178.1|24|U.S. Department of State Bangladesh - Dhaka|228|4|23.796374|90.424614|050DK1010001,2026-07-18T03:21:49+00:00,fc574733d8858b422f087c9b01575bb45579a13aecaf24d07d641c19a109fe48
2023-11-23,DK1010001,Dhaka,PM2.5-24hr,UG/M3,189.0,24,U.S. Department of State Bangladesh - Dhaka,239,4,23.796374,90.424614,050DK1010001,https://files.airnowtech.org/airnow/2023/20231123/daily_data_v2.dat,11/23/23|DK1010001|Dhaka|PM2.5-24hr|UG/M3|189|24|U.S. Department of State Bangladesh - Dhaka|239|4|23.796374|90.424614|050DK1010001,2026-07-18T03:21:49+00:00,03410346649248121e961b4c02de0dfd08a84a47c864e5d650eaf111e92e5a48
2023-11-24,DK1010001,Dhaka,PM2.5-24hr,UG/M3,202.3,24,U.S. Department of State Bangladesh - Dhaka,252,4,23.796374,90.424614,050DK1010001,https://files.airnowtech.org/airnow/2023/20231124/daily_data_v2.dat,11/24/23|DK1010001|Dhaka|PM2.5-24hr|UG/M3|202.3|24|U.S. Department of State Bangladesh - Dhaka|252|4|23.796374|90.424614|050DK1010001,2026-07-18T03:21:49+00:00,8be06e4c3c0cc988b7f77d2e7d4c072ff22e6d55152d9cb17b3c729137752ab5
2023-11-25,DK1010001,Dhaka,PM2.5-24hr,UG/M3,161.9,24,U.S. Department of State Bangladesh - Dhaka,212,4,23.796374,90.424614,050DK1010001,https://files.airnowtech.org/airnow/2023/20231125/daily_data_v2.dat,11/25/23|DK1010001|Dhaka|PM2.5-24hr|UG/M3|161.9|24|U.S. Department of State Bangladesh - Dhaka|212|4|23.796374|90.424614|050DK1010001,2026-07-18T03:21:49+00:00,7f4e2909ac41da376a56a736b44b51c358877fac5f35b9ffb8d290ced85a526e
2023-11-26,DK1010001,Dhaka,PM2.5-24hr,UG/M3,141.3,24,U.S. Department of State Bangladesh - Dhaka,195,3,23.796374,90.424614,050DK1010001,https://files.airnowtech.org/airnow/2023/20231126/daily_data_v2.dat,11/26/23|DK1010001|Dhaka|PM2.5-24hr|UG/M3|141.3|24|U.S. Department of State Bangladesh - Dhaka|195|3|23.796374|90.424614|050DK1010001,2026-07-18T03:21:49+00:00,5355225b931f3bf6d1e889247c87b275393e56085e388619160bd3539b0088da
2023-11-27,DK1010001,Dhaka,PM2.5-24hr,UG/M3,80.7,24,U.S. Department of State Bangladesh - Dhaka,164,3,23.796374,90.424614,050DK1010001,https://files.airnowtech.org/airnow/2023/20231127/daily_data_v2.dat,11/27/23|DK1010001|Dhaka|PM2.5-24hr|UG/M3|80.7|24|U.S. Department of State Bangladesh - Dhaka|164|3|23.796374|90.424614|050DK1010001,2026-07-18T03:21:49+00:00,c304ecf4f0a74552f1943eac34dca87d6294d3b43c21e232e2e5401c525036ff
2023-11-28,DK1010001,Dhaka,PM2.5-24hr,UG/M3,133.0,24,U.S. Department of State Bangladesh - Dhaka,191,3,23.796374,90.424614,050DK1010001,https://files.airnowtech.org/airnow/2023/20231128/daily_data_v2.dat,11/28/23|DK1010001|Dhaka|PM2.5-24hr|UG/M3|133|24|U.S. Department of State Bangladesh - Dhaka|191|3|23.796374|90.424614|050DK1010001,2026-07-18T03:21:49+00:00,0fee578033a4e05ba60e97233f5ab4cafe30b1aeef5f62f32158e798b2fa0968
2023-11-29,DK1010001,Dhaka,PM2.5-24hr,UG/M3,117.8,24,U.S. Department of State Bangladesh - Dhaka,183,3,23.796374,90.424614,050DK1010001,https://files.airnowtech.org/airnow/2023/20231129/daily_data_v2.dat,11/29/23|DK1010001|Dhaka|PM2.5-24hr|UG/M3|117.8|24|U.S. Department of State Bangladesh - Dhaka|183|3|23.796374|90.424614|050DK1010001,2026-07-18T03:21:49+00:00,6ed87a06db977a30752bbfd28e69cc61c9cf3ecf04d083fb80f0e9c93e4830ed
2023-11-30,DK1010001,Dhaka,PM2.5-24hr,UG/M3,81.3,24,U.S. Department of State Bangladesh - Dhaka,164,3,23.796374,90.424614,050DK1010001,https://files.airnowtech.org/airnow/2023/20231130/daily_data_v2.dat,11/30/23|DK1010001|Dhaka|PM2.5-24hr|UG/M3|81.3|24|U.S. Department of State Bangladesh - Dhaka|164|3|23.796374|90.424614|050DK1010001,2026-07-18T03:21:49+00:00,5da4989ad089888ed0e3452271355dfdb892a2c9f777c68b6076a9fb8e2795c6
2023-12-01,DK1010001,Dhaka,PM2.5-24hr,UG/M3,112.6,24,U.S. Department of State Bangladesh - Dhaka,181,3,23.796374,90.424614,050DK1010001,https://files.airnowtech.org/airnow/2023/20231201/daily_data_v2.dat,12/01/23|DK1010001|Dhaka|PM2.5-24hr|UG/M3|112.6|24|U.S. Department of State Bangladesh - Dhaka|181|3|23.796374|90.424614|050DK1010001,2026-07-18T03:21:49+00:00,eb7ea4001226794840b72b290ff7ab1cce00140f912a1ed3180cddc04830cb73
2023-12-02,DK1010001,Dhaka,PM2.5-24hr,UG/M3,112.1,24,U.S. Department of State Bangladesh - Dhaka,180,3,23.796374,90.424614,050DK1010001,https://files.airnowtech.org/airnow/2023/20231202/daily_data_v2.dat,12/02/23|DK1010001|Dhaka|PM2.5-24hr|UG/M3|112.1|24|U.S. Department of State Bangladesh - Dhaka|180|3|23.796374|90.424614|050DK1010001,2026-07-18T03:21:49+00:00,4ecbb82b20de42057de1c75db8cfbfa23205161cde5a360f4fbb3debbc09b978
2023-12-03,DK1010001,Dhaka,PM2.5-24hr,UG/M3,100.8,24,U.S. Department of State Bangladesh - Dhaka,174,3,23.796374,90.424614,050DK1010001,https://files.airnowtech.org/airnow/2023/20231203/daily_data_v2.dat,12/03/23|DK1010001|Dhaka|PM2.5-24hr|UG/M3|100.8|24|U.S. Department of State Bangladesh - Dhaka|174|3|23.796374|90.424614|050DK1010001,2026-07-18T03:21:49+00:00,5090313efd8c0d419f43191fd4b6056b45444cd10a5fc0e2ce04dc0aa0ad07e3
2023-12-04,DK1010001,Dhaka,PM2.5-24hr,UG/M3,104.3,24,U.S. Department of State Bangladesh - Dhaka,176,3,23.796374,90.424614,050DK1010001,https://files.airnowtech.org/airnow/2023/20231204/daily_data_v2.dat,12/04/23|DK1010001|Dhaka|PM2.5-24hr|UG/M3|104.3|24|U.S. Department of State Bangladesh - Dhaka|176|3|23.796374|90.424614|050DK1010001,2026-07-18T03:21:49+00:00,ee87e52d9a935202a09a1f3754952afb77171f2bd8bb7c65286a995afafd7ed9
2023-12-05,DK1010001,Dhaka,PM2.5-24hr,UG/M3,130.6,24,U.S. Department of State Bangladesh - Dhaka,190,3,23.796374,90.424614,050DK1010001,https://files.airnowtech.org/airnow/2023/20231205/daily_data_v2.dat,12/05/23|DK1010001|Dhaka|PM2.5-24hr|UG/M3|130.6|24|U.S. Department of State Bangladesh - Dhaka|190|3|23.796374|90.424614|050DK1010001,2026-07-18T03:21:49+00:00,398aa8d1c29cdc665933affac1b0b584e734892cc65f84b38292c9aa0235be1a
2023-12-06,DK1010001,Dhaka,PM2.5-24hr,UG/M3,101.6,24,U.S. Department of State Bangladesh - Dhaka,175,3,23.796374,90.424614,050DK1010001,https://files.airnowtech.org/airnow/2023/20231206/daily_data_v2.dat,12/06/23|DK1010001|Dhaka|PM2.5-24hr|UG/M3|101.6|24|U.S. Department of State Bangladesh - Dhaka|175|3|23.796374|90.424614|050DK1010001,2026-07-18T03:21:49+00:00,b72daa085bcf2230ada4e167f7125319fa6b735152391ef292c1a9a8a59b8a49
2023-12-07,DK1010001,Dhaka,PM2.5-24hr,UG/M3,56.2,24,U.S. Department of State Bangladesh - Dhaka,151,3,23.796374,90.424614,050DK1010001,https://files.airnowtech.org/airnow/2023/20231207/daily_data_v2.dat,12/07/23|DK1010001|Dhaka|PM2.5-24hr|UG/M3|56.2|24|U.S. Department of State Bangladesh - Dhaka|151|3|23.796374|90.424614|050DK1010001,2026-07-18T03:21:49+00:00,96fe71b4ec54b7cc07e35110dbf40efb08081ce5d2042aaa354519cf20a2f6cc
2023-12-08,DK1010001,Dhaka,PM2.5-24hr,UG/M3,49.6,24,U.S. Department of State Bangladesh - Dhaka,136,2,23.796374,90.424614,050DK1010001,https://files.airnowtech.org/airnow/2023/20231208/daily_data_v2.dat,12/08/23|DK1010001|Dhaka|PM2.5-24hr|UG/M3|49.6|24|U.S. Department of State Bangladesh - Dhaka|136|2|23.796374|90.424614|050DK1010001,2026-07-18T03:21:49+00:00,16c7f18dd6f0a41186a7508bd2c54802affa1419dc1d64dd1638c6e190948d7f
2023-12-09,DK1010001,Dhaka,PM2.5-24hr,UG/M3,121.3,24,U.S. Department of State Bangladesh - Dhaka,185,3,23.796374,90.424614,050DK1010001,https://files.airnowtech.org/airnow/2023/20231209/daily_data_v2.dat,12/09/23|DK1010001|Dhaka|PM2.5-24hr|UG/M3|121.3|24|U.S. Department of State Bangladesh - Dhaka|185|3|23.796374|90.424614|050DK1010001,2026-07-18T03:21:49+00:00,6f9cfcb81bb4cef21ec3d262f75f88f4cb547eddfc4fe83e7f9720d4ce8339f6
2023-12-10,DK1010001,Dhaka,PM2.5-24hr,UG/M3,191.5,24,U.S. Department of State Bangladesh - Dhaka,242,4,23.796374,90.424614,050DK1010001,https://files.airnowtech.org/airnow/2023/20231210/daily_data_v2.dat,12/10/23|DK1010001|Dhaka|PM2.5-24hr|UG/M3|191.5|24|U.S. Department of State Bangladesh - Dhaka|242|4|23.796374|90.424614|050DK1010001,2026-07-18T03:21:49+00:00,5b93d4cd0a359c993b46f657aba55d4e1fdc5fcdad25ce5ed713f397f3f8c1cd
2023-12-11,DK1010001,Dhaka,PM2.5-24hr,UG/M3,221.5,24,U.S. Department of State Bangladesh - Dhaka,271,4,23.796374,90.424614,050DK1010001,https://files.airnowtech.org/airnow/2023/20231211/daily_data_v2.dat,12/11/23|DK1010001|Dhaka|PM2.5-24hr|UG/M3|221.5|24|U.S. Department of State Bangladesh - Dhaka|271|4|23.796374|90.424614|050DK1010001,2026-07-18T03:21:49+00:00,ea3c2bf293f0008a2bfe8f7eb0cc4698fbce66fda0db85e5bac1c24896605c60
2023-12-12,DK1010001,Dhaka,PM2.5-24hr,UG/M3,186.3,24,U.S. Department of State Bangladesh - Dhaka,236,4,23.796374,90.424614,050DK1010001,https://files.airnowtech.org/airnow/2023/20231212/daily_data_v2.dat,12/12/23|DK1010001|Dhaka|PM2.5-24hr|UG/M3|186.3|24|U.S. Department of State Bangladesh - Dhaka|236|4|23.796374|90.424614|050DK1010001,2026-07-18T03:21:49+00:00,583f34692773c5b5ff871a0f1d794531ac7806d8692891556e887bf9caa891c6
2023-12-13,DK1010001,Dhaka,PM2.5-24hr,UG/M3,234.2,24,U.S. Department of State Bangladesh - Dhaka,284,4,23.796374,90.424614,050DK1010001,https://files.airnowtech.org/airnow/2023/20231213/daily_data_v2.dat,12/13/23|DK1010001|Dhaka|PM2.5-24hr|UG/M3|234.2|24|U.S. Department of State Bangladesh - Dhaka|284|4|23.796374|90.424614|050DK1010001,2026-07-18T03:21:49+00:00,4d75b4f2fca495b8f5981fde9df3089a5994e1d1005779bb9a19049e285d64db
2023-12-14,DK1010001,Dhaka,PM2.5-24hr,UG/M3,245.0,24,U.S. Department of State Bangladesh - Dhaka,295,4,23.796374,90.424614,050DK1010001,https://files.airnowtech.org/airnow/2023/20231214/daily_data_v2.dat,12/14/23|DK1010001|Dhaka|PM2.5-24hr|UG/M3|245|24|U.S. Department of State Bangladesh - Dhaka|295|4|23.796374|90.424614|050DK1010001,2026-07-18T03:21:49+00:00,c2b9d87887bba6b879ac09718806cb2ce9ce69debc21c91a7fe510908c3558ae
2023-12-15,DK1010001,Dhaka,PM2.5-24hr,UG/M3,225.2,24,U.S. Department of State Bangladesh - Dhaka,275,4,23.796374,90.424614,050DK1010001,https://files.airnowtech.org/airnow/2023/20231215/daily_data_v2.dat,12/15/23|DK1010001|Dhaka|PM2.5-24hr|UG/M3|225.2|24|U.S. Department of State Bangladesh - Dhaka|275|4|23.796374|90.424614|050DK1010001,2026-07-18T03:21:49+00:00,517ed1beb680509b4aad07592b64d708a4b8f9e4d86e79b7e05301b54e2509e4
2023-12-16,DK1010001,Dhaka,PM2.5-24hr,UG/M3,185.8,24,U.S. Department of State Bangladesh - Dhaka,236,4,23.796374,90.424614,050DK1010001,https://files.airnowtech.org/airnow/2023/20231216/daily_data_v2.dat,12/16/23|DK1010001|Dhaka|PM2.5-24hr|UG/M3|185.8|24|U.S. Department of State Bangladesh - Dhaka|236|4|23.796374|90.424614|050DK1010001,2026-07-18T03:21:49+00:00,db7e23b4b1dd8b43a227e13091c510f49e2eec3ad00ec77ba74f66d8430cbe6a
2023-12-17,DK1010001,Dhaka,PM2.5-24hr,UG/M3,177.6,24,U.S. Department of State Bangladesh - Dhaka,228,4,23.796374,90.424614,050DK1010001,https://files.airnowtech.org/airnow/2023/20231217/daily_data_v2.dat,12/17/23|DK1010001|Dhaka|PM2.5-24hr|UG/M3|177.6|24|U.S. Department of State Bangladesh - Dhaka|228|4|23.796374|90.424614|050DK1010001,2026-07-18T03:21:49+00:00,36d9f5b5ef5cde27c826312dabef7ee697d34472fbb49464f8447a6f3f83520e
2023-12-18,DK1010001,Dhaka,PM2.5-24hr,UG/M3,172.7,24,U.S. Department of State Bangladesh - Dhaka,223,4,23.796374,90.424614,050DK1010001,https://files.airnowtech.org/airnow/2023/20231218/daily_data_v2.dat,12/18/23|DK1010001|Dhaka|PM2.5-24hr|UG/M3|172.7|24|U.S. Department of State Bangladesh - Dhaka|223|4|23.796374|90.424614|050DK1010001,2026-07-18T03:21:49+00:00,afa5ddc20126f665868fd9d829dba9740b6e5b0996bd7b4fc3ebcaf267973cf5
2023-12-19,DK1010001,Dhaka,PM2.5-24hr,UG/M3,184.6,24,U.S. Department of State Bangladesh - Dhaka,235,4,23.796374,90.424614,050DK1010001,https://files.airnowtech.org/airnow/2023/20231219/daily_data_v2.dat,12/19/23|DK1010001|Dhaka|PM2.5-24hr|UG/M3|184.6|24|U.S. Department of State Bangladesh - Dhaka|235|4|23.796374|90.424614|050DK1010001,2026-07-18T03:21:49+00:00,d7fc9babfe612c3827a5948e882b239ea83b35363c541091f5c813838344ee26
2023-12-20,DK1010001,Dhaka,PM2.5-24hr,UG/M3,175.5,24,U.S. Department of State Bangladesh - Dhaka,226,4,23.796374,90.424614,050DK1010001,https://files.airnowtech.org/airnow/2023/20231220/daily_data_v2.dat,12/20/23|DK1010001|Dhaka|PM2.5-24hr|UG/M3|175.5|24|U.S. Department of State Bangladesh - Dhaka|226|4|23.796374|90.424614|050DK1010001,2026-07-18T03:21:49+00:00,5077da79c076bc51eb44362c7f6b6dbc63627eb60d8adc4d60240cee9e4bef7d
2023-12-21,DK1010001,Dhaka,PM2.5-24hr,UG/M3,163.9,24,U.S. Department of State Bangladesh - Dhaka,214,4,23.796374,90.424614,050DK1010001,https://files.airnowtech.org/airnow/2023/20231221/daily_data_v2.dat,12/21/23|DK1010001|Dhaka|PM2.5-24hr|UG/M3|163.9|24|U.S. Department of State Bangladesh - Dhaka|214|4|23.796374|90.424614|050DK1010001,2026-07-18T03:21:49+00:00,317992b85c421df141a96b3afe1564269ad31dcf6c05d7434a563060094a3aaf
2023-12-22,DK1010001,Dhaka,PM2.5-24hr,UG/M3,193.8,24,U.S. Department of State Bangladesh - Dhaka,244,4,23.796374,90.424614,050DK1010001,https://files.airnowtech.org/airnow/2023/20231222/daily_data_v2.dat,12/22/23|DK1010001|Dhaka|PM2.5-24hr|UG/M3|193.8|24|U.S. Department of State Bangladesh - Dhaka|244|4|23.796374|90.424614|050DK1010001,2026-07-18T03:21:49+00:00,645071779b7ea139835471efd151328054fd14535f022a034bb0cf8850bbfd77
2023-12-23,DK1010001,Dhaka,PM2.5-24hr,UG/M3,205.7,24,U.S. Department of State Bangladesh - Dhaka,256,4,23.796374,90.424614,050DK1010001,https://files.airnowtech.org/airnow/2023/20231223/daily_data_v2.dat,12/23/23|DK1010001|Dhaka|PM2.5-24hr|UG/M3|205.7|24|U.S. Department of State Bangladesh - Dhaka|256|4|23.796374|90.424614|050DK1010001,2026-07-18T03:21:49+00:00,cdc259293a1e73da9d38232bf7ee0167d24482237908c539f6a8ee10fabc6298
2023-12-24,DK1010001,Dhaka,PM2.5-24hr,UG/M3,191.9,24,U.S. Department of State Bangladesh - Dhaka,242,4,23.796374,90.424614,050DK1010001,https://files.airnowtech.org/airnow/2023/20231224/daily_data_v2.dat,12/24/23|DK1010001|Dhaka|PM2.5-24hr|UG/M3|191.9|24|U.S. Department of State Bangladesh - Dhaka|242|4|23.796374|90.424614|050DK1010001,2026-07-18T03:21:49+00:00,3b0a626b09ab217ee9f497f79c8000ef89b1d2aa689a84883b4f026d33838a5f
2023-12-25,DK1010001,Dhaka,PM2.5-24hr,UG/M3,204.0,24,U.S. Department of State Bangladesh - Dhaka,254,4,23.796374,90.424614,050DK1010001,https://files.airnowtech.org/airnow/2023/20231225/daily_data_v2.dat,12/25/23|DK1010001|Dhaka|PM2.5-24hr|UG/M3|204|24|U.S. Department of State Bangladesh - Dhaka|254|4|23.796374|90.424614|050DK1010001,2026-07-18T03:21:49+00:00,f0867312fb618df9b0b88d60284f248d07be27432cc375b7947c63dd1515dda6
2023-12-26,DK1010001,Dhaka,PM2.5-24hr,UG/M3,215.0,24,U.S. Department of State Bangladesh - Dhaka,265,4,23.796374,90.424614,050DK1010001,https://files.airnowtech.org/airnow/2023/20231226/daily_data_v2.dat,12/26/23|DK1010001|Dhaka|PM2.5-24hr|UG/M3|215|24|U.S. Department of State Bangladesh - Dhaka|265|4|23.796374|90.424614|050DK1010001,2026-07-18T03:21:49+00:00,d22cfe4daba582a2476b946dc443cc8f6c32337a1f8c49254c67123ec7378d56
2023-12-27,DK1010001,Dhaka,PM2.5-24hr,UG/M3,219.6,24,U.S. Department of State Bangladesh - Dhaka,269,4,23.796374,90.424614,050DK1010001,https://files.airnowtech.org/airnow/2023/20231227/daily_data_v2.dat,12/27/23|DK1010001|Dhaka|PM2.5-24hr|UG/M3|219.6|24|U.S. Department of State Bangladesh - Dhaka|269|4|23.796374|90.424614|050DK1010001,2026-07-18T03:21:49+00:00,81be09363fdac80e5d5b2fa8e4e217d3c36ffe971aa763b7caa3322cd9028958
2023-12-28,DK1010001,Dhaka,PM2.5-24hr,UG/M3,167.9,24,U.S. Department of State Bangladesh - Dhaka,218,4,23.796374,90.424614,050DK1010001,https://files.airnowtech.org/airnow/2023/20231228/daily_data_v2.dat,12/28/23|DK1010001|Dhaka|PM2.5-24hr|UG/M3|167.9|24|U.S. Department of State Bangladesh - Dhaka|218|4|23.796374|90.424614|050DK1010001,2026-07-18T03:21:49+00:00,8d714195b2221a6f78e51c323273d2128a786980b9ad90df4f46b3ccb1a8e7c6
2023-12-29,DK1010001,Dhaka,PM2.5-24hr,UG/M3,185.1,24,U.S. Department of State Bangladesh - Dhaka,235,4,23.796374,90.424614,050DK1010001,https://files.airnowtech.org/airnow/2023/20231229/daily_data_v2.dat,12/29/23|DK1010001|Dhaka|PM2.5-24hr|UG/M3|185.1|24|U.S. Department of State Bangladesh - Dhaka|235|4|23.796374|90.424614|050DK1010001,2026-07-18T03:21:49+00:00,68d0576e2bc7ddf0e4364c64ac0c12e30c74402a402566912a729396839d274f
2023-12-30,DK1010001,Dhaka,PM2.5-24hr,UG/M3,147.8,24,U.S. Department of State Bangladesh - Dhaka,199,3,23.796374,90.424614,050DK1010001,https://files.airnowtech.org/airnow/2023/20231230/daily_data_v2.dat,12/30/23|DK1010001|Dhaka|PM2.5-24hr|UG/M3|147.8|24|U.S. Department of State Bangladesh - Dhaka|199|3|23.796374|90.424614|050DK1010001,2026-07-18T03:21:49+00:00,f892dbf04799cc78d39e71c6add97069872e3ac7f206c5fa3d16f0638de1515f
2023-12-31,DK1010001,Dhaka,PM2.5-24hr,UG/M3,190.7,24,U.S. Department of State Bangladesh - Dhaka,241,4,23.796374,90.424614,050DK1010001,https://files.airnowtech.org/airnow/2023/20231231/daily_data_v2.dat,12/31/23|DK1010001|Dhaka|PM2.5-24hr|UG/M3|190.7|24|U.S. Department of State Bangladesh - Dhaka|241|4|23.796374|90.424614|050DK1010001,2026-07-18T03:21:49+00:00,57502f6549d157299aa99900533d1574fd78d1e5f8330d21001aa85c5b4dc84e
2024-01-01,DK1010001,Dhaka,PM2.5-24hr,UG/M3,201.0,24,U.S. Department of State Bangladesh - Dhaka,251,4,23.796374,90.424614,050DK1010001,https://files.airnowtech.org/airnow/2024/20240101/daily_data_v2.dat,01/01/24|DK1010001|Dhaka|PM2.5-24hr|UG/M3|201|24|U.S. Department of State Bangladesh - Dhaka|251|4|23.796374|90.424614|050DK1010001,2026-07-18T03:21:49+00:00,d3d950a84ee4fda20ef4779bad1db4db5cc69a4407e8dda0d7b270efa1007fd6
2024-01-02,DK1010001,Dhaka,PM2.5-24hr,UG/M3,204.8,24,U.S. Department of State Bangladesh - Dhaka,255,4,23.796374,90.424614,050DK1010001,https://files.airnowtech.org/airnow/2024/20240102/daily_data_v2.dat,01/02/24|DK1010001|Dhaka|PM2.5-24hr|UG/M3|204.8|24|U.S. Department of State Bangladesh - Dhaka|255|4|23.796374|90.424614|050DK1010001,2026-07-18T03:21:49+00:00,ffa28dcc61cec54480816e9c0131d4bc9588845fe3a4f6a90de3b11b6992a288
2024-01-03,DK1010001,Dhaka,PM2.5-24hr,UG/M3,170.0,24,U.S. Department of State Bangladesh - Dhaka,220,4,23.796374,90.424614,050DK1010001,https://files.airnowtech.org/airnow/2024/20240103/daily_data_v2.dat,01/03/24|DK1010001|Dhaka|PM2.5-24hr|UG/M3|170|24|U.S. Department of State Bangladesh - Dhaka|220|4|23.796374|90.424614|050DK1010001,2026-07-18T03:21:49+00:00,a06e5b5bf9fdebba828e227ebd2d85e54572887f3697ad5147d727d05bf4f123
2024-01-04,DK1010001,Dhaka,PM2.5-24hr,UG/M3,214.9,24,U.S. Department of State Bangladesh - Dhaka,265,4,23.796374,90.424614,050DK1010001,https://files.airnowtech.org/airnow/2024/20240104/daily_data_v2.dat,01/04/24|DK1010001|Dhaka|PM2.5-24hr|UG/M3|214.9|24|U.S. Department of State Bangladesh - Dhaka|265|4|23.796374|90.424614|050DK1010001,2026-07-18T03:21:49+00:00,168f90cf1889e02b516897248c38c129260b8cd93a39c7b2e42542c9847d2b94
2024-01-05,DK1010001,Dhaka,PM2.5-24hr,UG/M3,179.5,24,U.S. Department of State Bangladesh - Dhaka,230,4,23.796374,90.424614,050DK1010001,https://files.airnowtech.org/airnow/2024/20240105/daily_data_v2.dat,01/05/24|DK1010001|Dhaka|PM2.5-24hr|UG/M3|179.5|24|U.S. Department of State Bangladesh - Dhaka|230|4|23.796374|90.424614|050DK1010001,2026-07-18T03:21:49+00:00,34cea19845913dd7f41bbfbf5b6c386e4b90f475564b31b5a68ef87a0797be8d
2024-01-06,DK1010001,Dhaka,PM2.5-24hr,UG/M3,197.5,24,U.S. Department of State Bangladesh - Dhaka,248,4,23.796374,90.424614,050DK1010001,https://files.airnowtech.org/airnow/2024/20240106/daily_data_v2.dat,01/06/24|DK1010001|Dhaka|PM2.5-24hr|UG/M3|197.5|24|U.S. Department of State Bangladesh - Dhaka|248|4|23.796374|90.424614|050DK1010001,2026-07-18T03:21:49+00:00,91320a034c5028298080bec1d1a724bc06132b4d927f1fece6c8266b10f1a512
2024-01-07,DK1010001,Dhaka,PM2.5-24hr,UG/M3,160.5,24,U.S. Department of State Bangladesh - Dhaka,211,4,23.796374,90.424614,050DK1010001,https://files.airnowtech.org/airnow/2024/20240107/daily_data_v2.dat,01/07/24|DK1010001|Dhaka|PM2.5-24hr|UG/M3|160.5|24|U.S. Department of State Bangladesh - Dhaka|211|4|23.796374|90.424614|050DK1010001,2026-07-18T03:21:49+00:00,e3093368fedc08fbd8bd2b481a2bb49f866f595968c99d62cdd4df428a534e62
2024-01-08,DK1010001,Dhaka,PM2.5-24hr,UG/M3,216.4,24,U.S. Department of State Bangladesh - Dhaka,266,4,23.796374,90.424614,050DK1010001,https://files.airnowtech.org/airnow/2024/20240108/daily_data_v2.dat,01/08/24|DK1010001|Dhaka|PM2.5-24hr|UG/M3|216.4|24|U.S. Department of State Bangladesh - Dhaka|266|4|23.796374|90.424614|050DK1010001,2026-07-18T03:21:49+00:00,77f07f390e87c50760fe447904d4f1e4c8de950790938a5318c6cb9ad38ea86b
2024-01-09,DK1010001,Dhaka,PM2.5-24hr,UG/M3,215.5,24,U.S. Department of State Bangladesh - Dhaka,265,4,23.796374,90.424614,050DK1010001,https://files.airnowtech.org/airnow/2024/20240109/daily_data_v2.dat,01/09/24|DK1010001|Dhaka|PM2.5-24hr|UG/M3|215.5|24|U.S. Department of State Bangladesh - Dhaka|265|4|23.796374|90.424614|050DK1010001,2026-07-18T03:21:49+00:00,2d35683732214c2a65c5242f6cb898ae4318910d115abfc8e624b75d5351c63e
2024-01-10,DK1010001,Dhaka,PM2.5-24hr,UG/M3,212.4,24,U.S. Department of State Bangladesh - Dhaka,262,4,23.796374,90.424614,050DK1010001,https://files.airnowtech.org/airnow/2024/20240110/daily_data_v2.dat,01/10/24|DK1010001|Dhaka|PM2.5-24hr|UG/M3|212.4|24|U.S. Department of State Bangladesh - Dhaka|262|4|23.796374|90.424614|050DK1010001,2026-07-18T03:21:49+00:00,d747e0435c4d3618b5027ecb470981672b5296cfa78782236f02848b54e722ca
2024-01-11,DK1010001,Dhaka,PM2.5-24hr,UG/M3,207.3,24,U.S. Department of State Bangladesh - Dhaka,257,4,23.796374,90.424614,050DK1010001,https://files.airnowtech.org/airnow/2024/20240111/daily_data_v2.dat,01/11/24|DK1010001|Dhaka|PM2.5-24hr|UG/M3|207.3|24|U.S. Department of State Bangladesh - Dhaka|257|4|23.796374|90.424614|050DK1010001,2026-07-18T03:21:49+00:00,cee2d9c4d8cdf87e9c95f7a44b1e849552731f7f7ac513ab0c6632860a087ca3
2024-01-12,DK1010001,Dhaka,PM2.5-24hr,UG/M3,180.8,24,U.S. Department of State Bangladesh - Dhaka,231,4,23.796374,90.424614,050DK1010001,https://files.airnowtech.org/airnow/2024/20240112/daily_data_v2.dat,01/12/24|DK1010001|Dhaka|PM2.5-24hr|UG/M3|180.8|24|U.S. Department of State Bangladesh - Dhaka|231|4|23.796374|90.424614|050DK1010001,2026-07-18T03:21:49+00:00,4d96d1b14ad94403706ce4f3958af937c00166db1802ebdd2f16d59f7f215141
2024-01-13,DK1010001,Dhaka,PM2.5-24hr,UG/M3,155.7,24,U.S. Department of State Bangladesh - Dhaka,206,4,23.796374,90.424614,050DK1010001,https://files.airnowtech.org/airnow/2024/20240113/daily_data_v2.dat,01/13/24|DK1010001|Dhaka|PM2.5-24hr|UG/M3|155.7|24|U.S. Department of State Bangladesh - Dhaka|206|4|23.796374|90.424614|050DK1010001,2026-07-18T03:21:49+00:00,137903e10fd803e8306b9d677e5259964e18c3e37bdef7e5e1d22f64db41c57a
2024-01-14,DK1010001,Dhaka,PM2.5-24hr,UG/M3,156.2,24,U.S. Department of State Bangladesh - Dhaka,207,4,23.796374,90.424614,050DK1010001,https://files.airnowtech.org/airnow/2024/20240114/daily_data_v2.dat,01/14/24|DK1010001|Dhaka|PM2.5-24hr|UG/M3|156.2|24|U.S. Department of State Bangladesh - Dhaka|207|4|23.796374|90.424614|050DK1010001,2026-07-18T03:21:49+00:00,4fbca39b9f3ce7748aa506f79b81b5ed92f5a4c288172aee2a2631433e4cd60c
2024-01-15,DK1010001,Dhaka,PM2.5-24hr,UG/M3,168.6,24,U.S. Department of State Bangladesh - Dhaka,219,4,23.796374,90.424614,050DK1010001,https://files.airnowtech.org/airnow/2024/20240115/daily_data_v2.dat,01/15/24|DK1010001|Dhaka|PM2.5-24hr|UG/M3|168.6|24|U.S. Department of State Bangladesh - Dhaka|219|4|23.796374|90.424614|050DK1010001,2026-07-18T03:21:49+00:00,8bf34f1dfd7878ae085242c66ff9b2f1ab0c0cbae9692859af16fdb79325ecf6
2024-01-16,DK1010001,Dhaka,PM2.5-24hr,UG/M3,212.3,24,U.S. Department of State Bangladesh - Dhaka,262,4,23.796374,90.424614,050DK1010001,https://files.airnowtech.org/airnow/2024/20240116/daily_data_v2.dat,01/16/24|DK1010001|Dhaka|PM2.5-24hr|UG/M3|212.3|24|U.S. Department of State Bangladesh - Dhaka|262|4|23.796374|90.424614|050DK1010001,2026-07-18T03:21:49+00:00,62ae8aa9fbd86835d1afd07064effaa8cb4f53f74a11665d3ce041b8054b2f0c
2024-01-17,DK1010001,Dhaka,PM2.5-24hr,UG/M3,207.9,24,U.S. Department of State Bangladesh - Dhaka,258,4,23.796374,90.424614,050DK1010001,https://files.airnowtech.org/airnow/2024/20240117/daily_data_v2.dat,01/17/24|DK1010001|Dhaka|PM2.5-24hr|UG/M3|207.9|24|U.S. Department of State Bangladesh - Dhaka|258|4|23.796374|90.424614|050DK1010001,2026-07-18T03:21:49+00:00,9dbb57afd5cdc2a7049edae9232b4c11fc91b037724e287d05fd439b64e92fa2
2024-01-18,DK1010001,Dhaka,PM2.5-24hr,UG/M3,204.2,24,U.S. Department of State Bangladesh - Dhaka,254,4,23.796374,90.424614,050DK1010001,https://files.airnowtech.org/airnow/2024/20240118/daily_data_v2.dat,01/18/24|DK1010001|Dhaka|PM2.5-24hr|UG/M3|204.2|24|U.S. Department of State Bangladesh - Dhaka|254|4|23.796374|90.424614|050DK1010001,2026-07-18T03:21:49+00:00,b0e1676d32d50beb175c93c4723d6a33693d4b5a0f5d9741345d9f8e6ba008b4
2024-01-19,DK1010001,Dhaka,PM2.5-24hr,UG/M3,200.2,24,U.S. Department of State Bangladesh - Dhaka,250,4,23.796374,90.424614,050DK1010001,https://files.airnowtech.org/airnow/2024/20240119/daily_data_v2.dat,01/19/24|DK1010001|Dhaka|PM2.5-24hr|UG/M3|200.2|24|U.S. Department of State Bangladesh - Dhaka|250|4|23.796374|90.424614|050DK1010001,2026-07-18T03:21:49+00:00,a62eb1708abff68be67f109206491153bf3709f283e1f32d64baecd9149978e2
2024-01-20,DK1010001,Dhaka,PM2.5-24hr,UG/M3,232.4,24,U.S. Department of State Bangladesh - Dhaka,282,4,23.796374,90.424614,050DK1010001,https://files.airnowtech.org/airnow/2024/20240120/daily_data_v2.dat,01/20/24|DK1010001|Dhaka|PM2.5-24hr|UG/M3|232.4|24|U.S. Department of State Bangladesh - Dhaka|282|4|23.796374|90.424614|050DK1010001,2026-07-18T03:21:49+00:00,3e9da92f13c10435446b6609fe6cda81c562fd82d18e5d3b4b8132b9cbad3d75
2024-01-21,DK1010001,Dhaka,PM2.5-24hr,UG/M3,243.8,24,U.S. Department of State Bangladesh - Dhaka,293,4,23.796374,90.424614,050DK1010001,https://files.airnowtech.org/airnow/2024/20240121/daily_data_v2.dat,01/21/24|DK1010001|Dhaka|PM2.5-24hr|UG/M3|243.8|24|U.S. Department of State Bangladesh - Dhaka|293|4|23.796374|90.424614|050DK1010001,2026-07-18T03:21:49+00:00,b1dd15b4f0993c27ae8934bd7e6deef09850d466c34ccdb70a7b251fd0e7f283
2024-01-22,DK1010001,Dhaka,PM2.5-24hr,UG/M3,235.3,24,U.S. Department of State Bangladesh - Dhaka,285,4,23.796374,90.424614,050DK1010001,https://files.airnowtech.org/airnow/2024/20240122/daily_data_v2.dat,01/22/24|DK1010001|Dhaka|PM2.5-24hr|UG/M3|235.3|24|U.S. Department of State Bangladesh - Dhaka|285|4|23.796374|90.424614|050DK1010001,2026-07-18T03:21:49+00:00,4add3551ed2490a5d7f53e94eb3dd30d064c35907ef02bee79b9db5e6dc7e490
2024-01-23,DK1010001,Dhaka,PM2.5-24hr,UG/M3,280.7,24,U.S. Department of State Bangladesh - Dhaka,331,5,23.796374,90.424614,050DK1010001,https://files.airnowtech.org/airnow/2024/20240123/daily_data_v2.dat,01/23/24|DK1010001|Dhaka|PM2.5-24hr|UG/M3|280.7|24|U.S. Department of State Bangladesh - Dhaka|331|5|23.796374|90.424614|050DK1010001,2026-07-18T03:21:49+00:00,61c67107917f34116bd94cee07055c85807d17e15ece494f8eeba2c2d30ebe5d
2024-01-24,DK1010001,Dhaka,PM2.5-24hr,UG/M3,211.2,24,U.S. Department of State Bangladesh - Dhaka,261,4,23.796374,90.424614,050DK1010001,https://files.airnowtech.org/airnow/2024/20240124/daily_data_v2.dat,01/24/24|DK1010001|Dhaka|PM2.5-24hr|UG/M3|211.2|24|U.S. Department of State Bangladesh - Dhaka|261|4|23.796374|90.424614|050DK1010001,2026-07-18T03:21:49+00:00,ab25289e6f9336fe80d2257d469c739bcebee34d5132cd613ad741cc53b8ea60
2024-01-25,DK1010001,Dhaka,PM2.5-24hr,UG/M3,299.7,24,U.S. Department of State Bangladesh - Dhaka,350,5,23.796374,90.424614,050DK1010001,https://files.airnowtech.org/airnow/2024/20240125/daily_data_v2.dat,01/25/24|DK1010001|Dhaka|PM2.5-24hr|UG/M3|299.7|24|U.S. Department of State Bangladesh - Dhaka|350|5|23.796374|90.424614|050DK1010001,2026-07-18T03:21:49+00:00,c99916d66a72c03d33ea7fb3b1b9e3fd3bd8ce849c02f34d80498353ceec7252
2024-01-26,DK1010001,Dhaka,PM2.5-24hr,UG/M3,221.0,24,U.S. Department of State Bangladesh - Dhaka,271,4,23.796374,90.424614,050DK1010001,https://files.airnowtech.org/airnow/2024/20240126/daily_data_v2.dat,01/26/24|DK1010001|Dhaka|PM2.5-24hr|UG/M3|221|24|U.S. Department of State Bangladesh - Dhaka|271|4|23.796374|90.424614|050DK1010001,2026-07-18T03:21:49+00:00,662fd4d2dfaca744361e89a1629228433e1823f81115f1450f82b5d3cbd5716b
2024-01-27,DK1010001,Dhaka,PM2.5-24hr,UG/M3,197.2,24,U.S. Department of State Bangladesh - Dhaka,247,4,23.796374,90.424614,050DK1010001,https://files.airnowtech.org/airnow/2024/20240127/daily_data_v2.dat,01/27/24|DK1010001|Dhaka|PM2.5-24hr|UG/M3|197.2|24|U.S. Department of State Bangladesh - Dhaka|247|4|23.796374|90.424614|050DK1010001,2026-07-18T03:21:49+00:00,5bf86190ae0449b1168590df1f1986fc03d9f7172c295a17e33d5d2182895c8c
2024-01-28,DK1010001,Dhaka,PM2.5-24hr,UG/M3,160.5,24,U.S. Department of State Bangladesh - Dhaka,211,4,23.796374,90.424614,050DK1010001,https://files.airnowtech.org/airnow/2024/20240128/daily_data_v2.dat,01/28/24|DK1010001|Dhaka|PM2.5-24hr|UG/M3|160.5|24|U.S. Department of State Bangladesh - Dhaka|211|4|23.796374|90.424614|050DK1010001,2026-07-18T03:21:50+00:00,1c95e9fa60bd92aa0885209d9eebe75e8239594dcc35084a321cff5d67830e99
2024-01-29,DK1010001,Dhaka,PM2.5-24hr,UG/M3,191.2,24,U.S. Department of State Bangladesh - Dhaka,241,4,23.796374,90.424614,050DK1010001,https://files.airnowtech.org/airnow/2024/20240129/daily_data_v2.dat,01/29/24|DK1010001|Dhaka|PM2.5-24hr|UG/M3|191.2|24|U.S. Department of State Bangladesh - Dhaka|241|4|23.796374|90.424614|050DK1010001,2026-07-18T03:21:50+00:00,05989dc5fcbbe941946fb350574886f2c728c843a342bb7292bdd16314042426
2024-01-30,DK1010001,Dhaka,PM2.5-24hr,UG/M3,303.7,24,U.S. Department of State Bangladesh - Dhaka,354,5,23.796374,90.424614,050DK1010001,https://files.airnowtech.org/airnow/2024/20240130/daily_data_v2.dat,01/30/24|DK1010001|Dhaka|PM2.5-24hr|UG/M3|303.7|24|U.S. Department of State Bangladesh - Dhaka|354|5|23.796374|90.424614|050DK1010001,2026-07-18T03:21:50+00:00,e7ebe82b770bd5313f0202b8fe2729a56e16487d35b5522397d9a7524887c5a0
2024-01-31,DK1010001,Dhaka,PM2.5-24hr,UG/M3,216.1,24,U.S. Department of State Bangladesh - Dhaka,266,4,23.796374,90.424614,050DK1010001,https://files.airnowtech.org/airnow/2024/20240131/daily_data_v2.dat,01/31/24|DK1010001|Dhaka|PM2.5-24hr|UG/M3|216.1|24|U.S. Department of State Bangladesh - Dhaka|266|4|23.796374|90.424614|050DK1010001,2026-07-18T03:21:50+00:00,e342a2623cd27716e300aed166fd06c28dc5a4623df2029bd49800756255a73a
2024-02-01,DK1010001,Dhaka,PM2.5-24hr,UG/M3,205.9,24,U.S. Department of State Bangladesh - Dhaka,256,4,23.796374,90.424614,050DK1010001,https://files.airnowtech.org/airnow/2024/20240201/daily_data_v2.dat,02/01/24|DK1010001|Dhaka|PM2.5-24hr|UG/M3|205.9|24|U.S. Department of State Bangladesh - Dhaka|256|4|23.796374|90.424614|050DK1010001,2026-07-18T03:21:50+00:00,916e2d312e8a8d2831d319f60ec7cc22e2e462336740dea3c78c2ebef702da89
2024-02-02,DK1010001,Dhaka,PM2.5-24hr,UG/M3,132.0,24,U.S. Department of State Bangladesh - Dhaka,191,3,23.796374,90.424614,050DK1010001,https://files.airnowtech.org/airnow/2024/20240202/daily_data_v2.dat,02/02/24|DK1010001|Dhaka|PM2.5-24hr|UG/M3|132|24|U.S. Department of State Bangladesh - Dhaka|191|3|23.796374|90.424614|050DK1010001,2026-07-18T03:21:50+00:00,53fc13830b1b675daf84528082caaf9cef2bd2617684b33b7004a2d3e030f848
2024-02-03,DK1010001,Dhaka,PM2.5-24hr,UG/M3,155.0,24,U.S. Department of State Bangladesh - Dhaka,206,4,23.796374,90.424614,050DK1010001,https://files.airnowtech.org/airnow/2024/20240203/daily_data_v2.dat,02/03/24|DK1010001|Dhaka|PM2.5-24hr|UG/M3|155|24|U.S. Department of State Bangladesh - Dhaka|206|4|23.796374|90.424614|050DK1010001,2026-07-18T03:21:50+00:00,f0047fdb85f840176ddd0d9a4f5f3452470b8fa3d6a3c115df6eceb36e630a89
2024-02-04,DK1010001,Dhaka,PM2.5-24hr,UG/M3,218.9,24,U.S. Department of State Bangladesh - Dhaka,269,4,23.796374,90.424614,050DK1010001,https://files.airnowtech.org/airnow/2024/20240204/daily_data_v2.dat,02/04/24|DK1010001|Dhaka|PM2.5-24hr|UG/M3|218.9|24|U.S. Department of State Bangladesh - Dhaka|269|4|23.796374|90.424614|050DK1010001,2026-07-18T03:21:50+00:00,8a7f4b4928bee05c144a840a7fcdf8abb65340c9700531ac4f0f4aa64ebc8cfc
2024-02-05,DK1010001,Dhaka,PM2.5-24hr,UG/M3,205.7,24,U.S. Department of State Bangladesh - Dhaka,256,4,23.796374,90.424614,050DK1010001,https://files.airnowtech.org/airnow/2024/20240205/daily_data_v2.dat,02/05/24|DK1010001|Dhaka|PM2.5-24hr|UG/M3|205.7|24|U.S. Department of State Bangladesh - Dhaka|256|4|23.796374|90.424614|050DK1010001,2026-07-18T03:21:50+00:00,fb72d89c903c2c323096a08000b10007eaa72c15535ee47b54acb63410c04ff9
2024-02-06,DK1010001,Dhaka,PM2.5-24hr,UG/M3,155.0,24,U.S. Department of State Bangladesh - Dhaka,206,4,23.796374,90.424614,050DK1010001,https://files.airnowtech.org/airnow/2024/20240206/daily_data_v2.dat,02/06/24|DK1010001|Dhaka|PM2.5-24hr|UG/M3|155|24|U.S. Department of State Bangladesh - Dhaka|206|4|23.796374|90.424614|050DK1010001,2026-07-18T03:21:50+00:00,2b1983e363e5f6cf08d8b4615ef88f43107f96b0fd96c5a73f8272272d938a05
2024-02-07,DK1010001,Dhaka,PM2.5-24hr,UG/M3,143.8,24,U.S. Department of State Bangladesh - Dhaka,197,3,23.796374,90.424614,050DK1010001,https://files.airnowtech.org/airnow/2024/20240207/daily_data_v2.dat,02/07/24|DK1010001|Dhaka|PM2.5-24hr|UG/M3|143.8|24|U.S. Department of State Bangladesh - Dhaka|197|3|23.796374|90.424614|050DK1010001,2026-07-18T03:21:50+00:00,6678d450b4fff22ec13aa7cb450b76b105e07162098f59e1bab7cc951128a629
2024-02-08,DK1010001,Dhaka,PM2.5-24hr,UG/M3,123.5,24,U.S. Department of State Bangladesh - Dhaka,186,3,23.796374,90.424614,050DK1010001,https://files.airnowtech.org/airnow/2024/20240208/daily_data_v2.dat,02/08/24|DK1010001|Dhaka|PM2.5-24hr|UG/M3|123.5|24|U.S. Department of State Bangladesh - Dhaka|186|3|23.796374|90.424614|050DK1010001,2026-07-18T03:21:50+00:00,83d3e4cad9753cc07e42911cbf597cc0ea21d97bd2ca23c66d5ca0bbadd7d951
2024-02-09,DK1010001,Dhaka,PM2.5-24hr,UG/M3,130.9,24,U.S. Department of State Bangladesh - Dhaka,190,3,23.796374,90.424614,050DK1010001,https://files.airnowtech.org/airnow/2024/20240209/daily_data_v2.dat,02/09/24|DK1010001|Dhaka|PM2.5-24hr|UG/M3|130.9|24|U.S. Department of State Bangladesh - Dhaka|190|3|23.796374|90.424614|050DK1010001,2026-07-18T03:21:50+00:00,3f2b6ff512e2f731224ce32f81689768cc7bbf2541d7d517afcb8f5b0aa31824
2024-02-10,DK1010001,Dhaka,PM2.5-24hr,UG/M3,175.8,24,U.S. Department of State Bangladesh - Dhaka,226,4,23.796374,90.424614,050DK1010001,https://files.airnowtech.org/airnow/2024/20240210/daily_data_v2.dat,02/10/24|DK1010001|Dhaka|PM2.5-24hr|UG/M3|175.8|24|U.S. Department of State Bangladesh - Dhaka|226|4|23.796374|90.424614|050DK1010001,2026-07-18T03:21:50+00:00,503ba1075a6ec5cd6c3db00cf626e2df14d2cbcdeaa5b15b2fefd5eb9319367c
2024-02-11,DK1010001,Dhaka,PM2.5-24hr,UG/M3,180.0,24,U.S. Department of State Bangladesh - Dhaka,230,4,23.796374,90.424614,050DK1010001,https://files.airnowtech.org/airnow/2024/20240211/daily_data_v2.dat,02/11/24|DK1010001|Dhaka|PM2.5-24hr|UG/M3|180|24|U.S. Department of State Bangladesh - Dhaka|230|4|23.796374|90.424614|050DK1010001,2026-07-18T03:21:50+00:00,948c2c8bd9e53ea3948b21ef65c024994b6f29c7e62e095d0cfdde9b3089b10f
2024-02-12,DK1010001,Dhaka,PM2.5-24hr,UG/M3,193.0,24,U.S. Department of State Bangladesh - Dhaka,243,4,23.796374,90.424614,050DK1010001,https://files.airnowtech.org/airnow/2024/20240212/daily_data_v2.dat,02/12/24|DK1010001|Dhaka|PM2.5-24hr|UG/M3|193|24|U.S. Department of State Bangladesh - Dhaka|243|4|23.796374|90.424614|050DK1010001,2026-07-18T03:21:50+00:00,8a9fb9a56b516503d409964e1f9445ee2943f01969af1d5a07a561c339e120b5
2024-02-13,DK1010001,Dhaka,PM2.5-24hr,UG/M3,205.1,24,U.S. Department of State Bangladesh - Dhaka,255,4,23.796374,90.424614,050DK1010001,https://files.airnowtech.org/airnow/2024/20240213/daily_data_v2.dat,02/13/24|DK1010001|Dhaka|PM2.5-24hr|UG/M3|205.1|24|U.S. Department of State Bangladesh - Dhaka|255|4|23.796374|90.424614|050DK1010001,2026-07-18T03:21:50+00:00,f1c87770658004ced0f2ea7d76b378e02d01940fb2d31f0454c405e80740bd06
2024-02-14,DK1010001,Dhaka,PM2.5-24hr,UG/M3,252.3,24,U.S. Department of State Bangladesh - Dhaka,303,5,23.796374,90.424614,050DK1010001,https://files.airnowtech.org/airnow/2024/20240214/daily_data_v2.dat,02/14/24|DK1010001|Dhaka|PM2.5-24hr|UG/M3|252.3|24|U.S. Department of State Bangladesh - Dhaka|303|5|23.796374|90.424614|050DK1010001,2026-07-18T03:21:50+00:00,39507f6be9d2638bc121fa8108fee07f0c47b78f0e9a2ac5342c6e64e1f6d233
2024-02-15,DK1010001,Dhaka,PM2.5-24hr,UG/M3,228.1,24,U.S. Department of State Bangladesh - Dhaka,278,4,23.796374,90.424614,050DK1010001,https://files.airnowtech.org/airnow/2024/20240215/daily_data_v2.dat,02/15/24|DK1010001|Dhaka|PM2.5-24hr|UG/M3|228.1|24|U.S. Department of State Bangladesh - Dhaka|278|4|23.796374|90.424614|050DK1010001,2026-07-18T03:21:50+00:00,ba11ae79b3ef130a7e279515dafd0b929a8be53a28faf39c4fcaf3f5182ce812
2024-02-16,DK1010001,Dhaka,PM2.5-24hr,UG/M3,154.7,24,U.S. Department of State Bangladesh - Dhaka,205,4,23.796374,90.424614,050DK1010001,https://files.airnowtech.org/airnow/2024/20240216/daily_data_v2.dat,02/16/24|DK1010001|Dhaka|PM2.5-24hr|UG/M3|154.7|24|U.S. Department of State Bangladesh - Dhaka|205|4|23.796374|90.424614|050DK1010001,2026-07-18T03:21:50+00:00,e03c60e8ffc4b24f169f90402dc3b4382b666d55a13cb92e0ef5eb14c53663dd
2024-02-17,DK1010001,Dhaka,PM2.5-24hr,UG/M3,162.2,24,U.S. Department of State Bangladesh - Dhaka,213,4,23.796374,90.424614,050DK1010001,https://files.airnowtech.org/airnow/2024/20240217/daily_data_v2.dat,02/17/24|DK1010001|Dhaka|PM2.5-24hr|UG/M3|162.2|24|U.S. Department of State Bangladesh - Dhaka|213|4|23.796374|90.424614|050DK1010001,2026-07-18T03:21:50+00:00,aa183279925144f20150d37d8413755f11154aa6adc75ae267d3b902dfa6be81
2024-02-18,DK1010001,Dhaka,PM2.5-24hr,UG/M3,293.8,24,U.S. Department of State Bangladesh - Dhaka,344,5,23.796374,90.424614,050DK1010001,https://files.airnowtech.org/airnow/2024/20240218/daily_data_v2.dat,02/18/24|DK1010001|Dhaka|PM2.5-24hr|UG/M3|293.8|24|U.S. Department of State Bangladesh - Dhaka|344|5|23.796374|90.424614|050DK1010001,2026-07-18T03:21:50+00:00,05304f4d5e17d5cbc6a6beaacf4f6133661ffc8b26d770a96bd521fb9342186c
2024-02-19,DK1010001,Dhaka,PM2.5-24hr,UG/M3,237.7,24,U.S. Department of State Bangladesh - Dhaka,288,4,23.796374,90.424614,050DK1010001,https://files.airnowtech.org/airnow/2024/20240219/daily_data_v2.dat,02/19/24|DK1010001|Dhaka|PM2.5-24hr|UG/M3|237.7|24|U.S. Department of State Bangladesh - Dhaka|288|4|23.796374|90.424614|050DK1010001,2026-07-18T03:21:50+00:00,b491c3584d8998843ae14c0588ac63b5b337d2bb79b08b6a9a6df22b7addb29a
2024-02-20,DK1010001,Dhaka,PM2.5-24hr,UG/M3,137.2,24,U.S. Department of State Bangladesh - Dhaka,193,3,23.796374,90.424614,050DK1010001,https://files.airnowtech.org/airnow/2024/20240220/daily_data_v2.dat,02/20/24|DK1010001|Dhaka|PM2.5-24hr|UG/M3|137.2|24|U.S. Department of State Bangladesh - Dhaka|193|3|23.796374|90.424614|050DK1010001,2026-07-18T03:21:50+00:00,8c6c4a9b90741b69e5e56b7a86f6fa44c938545414c3df24ac05d7ea846cb2a4
2024-02-21,DK1010001,Dhaka,PM2.5-24hr,UG/M3,91.5,24,U.S. Department of State Bangladesh - Dhaka,170,3,23.796374,90.424614,050DK1010001,https://files.airnowtech.org/airnow/2024/20240221/daily_data_v2.dat,02/21/24|DK1010001|Dhaka|PM2.5-24hr|UG/M3|91.5|24|U.S. Department of State Bangladesh - Dhaka|170|3|23.796374|90.424614|050DK1010001,2026-07-18T03:21:50+00:00,64e76e61d5347fba906a44d6f93489c210c066688a3dfe9e2bb03dee647d469e
2024-02-22,DK1010001,Dhaka,PM2.5-24hr,UG/M3,75.9,24,U.S. Department of State Bangladesh - Dhaka,162,3,23.796374,90.424614,050DK1010001,https://files.airnowtech.org/airnow/2024/20240222/daily_data_v2.dat,02/22/24|DK1010001|Dhaka|PM2.5-24hr|UG/M3|75.9|24|U.S. Department of State Bangladesh - Dhaka|162|3|23.796374|90.424614|050DK1010001,2026-07-18T03:21:50+00:00,4f189bbdb84d208c7d43188b277e2c2c1ac69ed578046944548b65b74a7bf1c8
2024-02-23,DK1010001,Dhaka,PM2.5-24hr,UG/M3,82.5,24,U.S. Department of State Bangladesh - Dhaka,165,3,23.796374,90.424614,050DK1010001,https://files.airnowtech.org/airnow/2024/20240223/daily_data_v2.dat,02/23/24|DK1010001|Dhaka|PM2.5-24hr|UG/M3|82.5|24|U.S. Department of State Bangladesh - Dhaka|165|3|23.796374|90.424614|050DK1010001,2026-07-18T03:21:50+00:00,f7ec7d0eb1f47f8d2e9b29c94b9800ab6dae4861f5fecc6bae188fdaf9e83dfd
2024-02-24,DK1010001,Dhaka,PM2.5-24hr,UG/M3,94.5,24,U.S. Department of State Bangladesh - Dhaka,171,3,23.796374,90.424614,050DK1010001,https://files.airnowtech.org/airnow/2024/20240224/daily_data_v2.dat,02/24/24|DK1010001|Dhaka|PM2.5-24hr|UG/M3|94.5|24|U.S. Department of State Bangladesh - Dhaka|171|3|23.796374|90.424614|050DK1010001,2026-07-18T03:21:50+00:00,e4599a963c3b156b63a67276221f6eba06de87f836b1fc25e7c8bc1a1a816fb0
2024-02-25,DK1010001,Dhaka,PM2.5-24hr,UG/M3,69.0,24,U.S. Department of State Bangladesh - Dhaka,158,3,23.796374,90.424614,050DK1010001,https://files.airnowtech.org/airnow/2024/20240225/daily_data_v2.dat,02/25/24|DK1010001|Dhaka|PM2.5-24hr|UG/M3|69|24|U.S. Department of State Bangladesh - Dhaka|158|3|23.796374|90.424614|050DK1010001,2026-07-18T03:21:50+00:00,814e3d66a498657b22133cab8072831c7c457ccd52b68cf32cfe4d4355317977
2024-02-26,DK1010001,Dhaka,PM2.5-24hr,UG/M3,81.7,24,U.S. Department of State Bangladesh - Dhaka,165,3,23.796374,90.424614,050DK1010001,https://files.airnowtech.org/airnow/2024/20240226/daily_data_v2.dat,02/26/24|DK1010001|Dhaka|PM2.5-24hr|UG/M3|81.7|24|U.S. Department of State Bangladesh - Dhaka|165|3|23.796374|90.424614|050DK1010001,2026-07-18T03:21:50+00:00,f8cfd381f1b31616b9f34dbf8ce114dcd9a718aa0071bb39ecf0e9c5648f7a18
2024-02-27,DK1010001,Dhaka,PM2.5-24hr,UG/M3,127.0,24,U.S. Department of State Bangladesh - Dhaka,188,3,23.796374,90.424614,050DK1010001,https://files.airnowtech.org/airnow/2024/20240227/daily_data_v2.dat,02/27/24|DK1010001|Dhaka|PM2.5-24hr|UG/M3|127|24|U.S. Department of State Bangladesh - Dhaka|188|3|23.796374|90.424614|050DK1010001,2026-07-18T03:21:50+00:00,417afa7e57cd90bb4e71a4053230398bec4b67eb0e04941d2eec3242d2476347
2024-02-28,DK1010001,Dhaka,PM2.5-24hr,UG/M3,233.9,24,U.S. Department of State Bangladesh - Dhaka,284,4,23.796374,90.424614,050DK1010001,https://files.airnowtech.org/airnow/2024/20240228/daily_data_v2.dat,02/28/24|DK1010001|Dhaka|PM2.5-24hr|UG/M3|233.9|24|U.S. Department of State Bangladesh - Dhaka|284|4|23.796374|90.424614|050DK1010001,2026-07-18T03:21:50+00:00,014a2c426966b4e845bd3b28f876339191aa0be48d981e588e1246474147d151
2024-02-29,DK1010001,Dhaka,PM2.5-24hr,UG/M3,207.5,24,U.S. Department of State Bangladesh - Dhaka,258,4,23.796374,90.424614,050DK1010001,https://files.airnowtech.org/airnow/2024/20240229/daily_data_v2.dat,02/29/24|DK1010001|Dhaka|PM2.5-24hr|UG/M3|207.5|24|U.S. Department of State Bangladesh - Dhaka|258|4|23.796374|90.424614|050DK1010001,2026-07-18T03:21:50+00:00,56ca2327546c4895abcc6fd6bbf7fce7b76a3f149ceeee61b48925ce2a550f04
2024-03-01,DK1010001,Dhaka,PM2.5-24hr,UG/M3,118.2,24,U.S. Department of State Bangladesh - Dhaka,183,3,23.796374,90.424614,050DK1010001,https://files.airnowtech.org/airnow/2024/20240301/daily_data_v2.dat,03/01/24|DK1010001|Dhaka|PM2.5-24hr|UG/M3|118.2|24|U.S. Department of State Bangladesh - Dhaka|183|3|23.796374|90.424614|050DK1010001,2026-07-18T03:21:50+00:00,76010493f1031769082b1b695eebbad60a0476633301017f4501e16920a36c3d
2024-03-02,DK1010001,Dhaka,PM2.5-24hr,UG/M3,148.0,24,U.S. Department of State Bangladesh - Dhaka,199,3,23.796374,90.424614,050DK1010001,https://files.airnowtech.org/airnow/2024/20240302/daily_data_v2.dat,03/02/24|DK1010001|Dhaka|PM2.5-24hr|UG/M3|148|24|U.S. Department of State Bangladesh - Dhaka|199|3|23.796374|90.424614|050DK1010001,2026-07-18T03:21:50+00:00,b61e573bcc76992d3536b621bebd71dfd4c0b7243998ce9a5e3cf0c1c41c7bb3
2024-03-03,DK1010001,Dhaka,PM2.5-24hr,UG/M3,165.3,24,U.S. Department of State Bangladesh - Dhaka,216,4,23.796374,90.424614,050DK1010001,https://files.airnowtech.org/airnow/2024/20240303/daily_data_v2.dat,03/03/24|DK1010001|Dhaka|PM2.5-24hr|UG/M3|165.3|24|U.S. Department of State Bangladesh - Dhaka|216|4|23.796374|90.424614|050DK1010001,2026-07-18T03:21:50+00:00,bd3735038c45a41a88402c854ca7c6c641631f6786305302a7420124663aa379
2024-03-04,DK1010001,Dhaka,PM2.5-24hr,UG/M3,111.7,24,U.S. Department of State Bangladesh - Dhaka,180,3,23.796374,90.424614,050DK1010001,https://files.airnowtech.org/airnow/2024/20240304/daily_data_v2.dat,03/04/24|DK1010001|Dhaka|PM2.5-24hr|UG/M3|111.7|24|U.S. Department of State Bangladesh - Dhaka|180|3|23.796374|90.424614|050DK1010001,2026-07-18T03:21:50+00:00,0d4d5f8c5008b71b67f96af6f7be6986f323ab887ba815b31a4bfee9bb160044
2024-03-05,DK1010001,Dhaka,PM2.5-24hr,UG/M3,102.4,24,U.S. Department of State Bangladesh - Dhaka,175,3,23.796374,90.424614,050DK1010001,https://files.airnowtech.org/airnow/2024/20240305/daily_data_v2.dat,03/05/24|DK1010001|Dhaka|PM2.5-24hr|UG/M3|102.4|24|U.S. Department of State Bangladesh - Dhaka|175|3|23.796374|90.424614|050DK1010001,2026-07-18T03:21:50+00:00,049d25deafae548e1b7d75958a00915691525b11fdc053a67ebe169cdcda9279
2024-03-06,DK1010001,Dhaka,PM2.5-24hr,UG/M3,140.0,24,U.S. Department of State Bangladesh - Dhaka,195,3,23.796374,90.424614,050DK1010001,https://files.airnowtech.org/airnow/2024/20240306/daily_data_v2.dat,03/06/24|DK1010001|Dhaka|PM2.5-24hr|UG/M3|140|24|U.S. Department of State Bangladesh - Dhaka|195|3|23.796374|90.424614|050DK1010001,2026-07-18T03:21:50+00:00,b3efcd26ffe13b51eb37b150251e03b666a081cb7f93472bf220243c9ca9558a
2024-03-07,DK1010001,Dhaka,PM2.5-24hr,UG/M3,118.2,24,U.S. Department of State Bangladesh - Dhaka,183,3,23.796374,90.424614,050DK1010001,https://files.airnowtech.org/airnow/2024/20240307/daily_data_v2.dat,03/07/24|DK1010001|Dhaka|PM2.5-24hr|UG/M3|118.2|24|U.S. Department of State Bangladesh - Dhaka|183|3|23.796374|90.424614|050DK1010001,2026-07-18T03:21:50+00:00,1813f728ceb2977b671b3600381beba7f6dcbd2ff9cb803864197a5181dd97ce
2024-03-08,DK1010001,Dhaka,PM2.5-24hr,UG/M3,133.1,24,U.S. Department of State Bangladesh - Dhaka,191,3,23.796374,90.424614,050DK1010001,https://files.airnowtech.org/airnow/2024/20240308/daily_data_v2.dat,03/08/24|DK1010001|Dhaka|PM2.5-24hr|UG/M3|133.1|24|U.S. Department of State Bangladesh - Dhaka|191|3|23.796374|90.424614|050DK1010001,2026-07-18T03:21:50+00:00,02d183e55f5fbe8c0f33664ae65537994e220e8b226bcc0b429f0f2de451c324
2024-03-09,DK1010001,Dhaka,PM2.5-24hr,UG/M3,145.5,24,U.S. Department of State Bangladesh - Dhaka,198,3,23.796374,90.424614,050DK1010001,https://files.airnowtech.org/airnow/2024/20240309/daily_data_v2.dat,03/09/24|DK1010001|Dhaka|PM2.5-24hr|UG/M3|145.5|24|U.S. Department of State Bangladesh - Dhaka|198|3|23.796374|90.424614|050DK1010001,2026-07-18T03:21:50+00:00,d09c934624fd75f0d0a9ae3ec296ffed0593448b51033943dc08858c72a5e3e9
2024-03-10,DK1010001,Dhaka,PM2.5-24hr,UG/M3,158.0,24,U.S. Department of State Bangladesh - Dhaka,208,4,23.796374,90.424614,050DK1010001,https://files.airnowtech.org/airnow/2024/20240310/daily_data_v2.dat,03/10/24|DK1010001|Dhaka|PM2.5-24hr|UG/M3|158|24|U.S. Department of State Bangladesh - Dhaka|208|4|23.796374|90.424614|050DK1010001,2026-07-18T03:21:50+00:00,f4089f9dda27f4b123041560277b8d4cf116529e1f3bcc8f2c226d9e93e04dc4
2024-03-11,DK1010001,Dhaka,PM2.5-24hr,UG/M3,156.2,24,U.S. Department of State Bangladesh - Dhaka,207,4,23.796374,90.424614,050DK1010001,https://files.airnowtech.org/airnow/2024/20240311/daily_data_v2.dat,03/11/24|DK1010001|Dhaka|PM2.5-24hr|UG/M3|156.2|24|U.S. Department of State Bangladesh - Dhaka|207|4|23.796374|90.424614|050DK1010001,2026-07-18T03:21:50+00:00,c1125dd5e89d792f4ba7cd0460a27bd4873618600bbe60197f3b6dcdfd0d4eae
2024-03-12,DK1010001,Dhaka,PM2.5-24hr,UG/M3,200.5,24,U.S. Department of State Bangladesh - Dhaka,251,4,23.796374,90.424614,050DK1010001,https://files.airnowtech.org/airnow/2024/20240312/daily_data_v2.dat,03/12/24|DK1010001|Dhaka|PM2.5-24hr|UG/M3|200.5|24|U.S. Department of State Bangladesh - Dhaka|251|4|23.796374|90.424614|050DK1010001,2026-07-18T03:21:50+00:00,cf8f66eba3f43f1df6c39f5967e2a8855f54efc6296c487b2a3fa79ace9b7019
2024-03-13,DK1010001,Dhaka,PM2.5-24hr,UG/M3,88.6,24,U.S. Department of State Bangladesh - Dhaka,168,3,23.796374,90.424614,050DK1010001,https://files.airnowtech.org/airnow/2024/20240313/daily_data_v2.dat,03/13/24|DK1010001|Dhaka|PM2.5-24hr|UG/M3|88.6|24|U.S. Department of State Bangladesh - Dhaka|168|3|23.796374|90.424614|050DK1010001,2026-07-18T03:21:50+00:00,5215773ea7a43bab4a6da542cf1a2b12615dc8945db32c6f604bf722eaf6a195
2024-03-14,DK1010001,Dhaka,PM2.5-24hr,UG/M3,87.2,24,U.S. Department of State Bangladesh - Dhaka,167,3,23.796374,90.424614,050DK1010001,https://files.airnowtech.org/airnow/2024/20240314/daily_data_v2.dat,03/14/24|DK1010001|Dhaka|PM2.5-24hr|UG/M3|87.2|24|U.S. Department of State Bangladesh - Dhaka|167|3|23.796374|90.424614|050DK1010001,2026-07-18T03:21:50+00:00,9d1e24cd7647633a11f2e9470f5b3e0faa904d566cde9ba4f0fd4757a59c24d7
2024-03-15,DK1010001,Dhaka,PM2.5-24hr,UG/M3,136.4,24,U.S. Department of State Bangladesh - Dhaka,193,3,23.796374,90.424614,050DK1010001,https://files.airnowtech.org/airnow/2024/20240315/daily_data_v2.dat,03/15/24|DK1010001|Dhaka|PM2.5-24hr|UG/M3|136.4|24|U.S. Department of State Bangladesh - Dhaka|193|3|23.796374|90.424614|050DK1010001,2026-07-18T03:21:50+00:00,5851cd103193469efb28d8f4d5407e1bfb1bf93c72cdf973572153e47eef26d2
2024-03-16,DK1010001,Dhaka,PM2.5-24hr,UG/M3,113.2,24,U.S. Department of State Bangladesh - Dhaka,181,3,23.796374,90.424614,050DK1010001,https://files.airnowtech.org/airnow/2024/20240316/daily_data_v2.dat,03/16/24|DK1010001|Dhaka|PM2.5-24hr|UG/M3|113.2|24|U.S. Department of State Bangladesh - Dhaka|181|3|23.796374|90.424614|050DK1010001,2026-07-18T03:21:50+00:00,55aa1323fc89bf3a8ccc801b1142dded567f0625a8f7761f8460f7e7d485c7a0
2024-03-17,DK1010001,Dhaka,PM2.5-24hr,UG/M3,96.5,24,U.S. Department of State Bangladesh - Dhaka,172,3,23.796374,90.424614,050DK1010001,https://files.airnowtech.org/airnow/2024/20240317/daily_data_v2.dat,03/17/24|DK1010001|Dhaka|PM2.5-24hr|UG/M3|96.5|24|U.S. Department of State Bangladesh - Dhaka|172|3|23.796374|90.424614|050DK1010001,2026-07-18T03:21:50+00:00,aa0d0b34839deb7b686b55be309cbaf3fbcf5ff9d88512d39db15cf38f28f5a0
2024-03-18,DK1010001,Dhaka,PM2.5-24hr,UG/M3,169.0,24,U.S. Department of State Bangladesh - Dhaka,219,4,23.796374,90.424614,050DK1010001,https://files.airnowtech.org/airnow/2024/20240318/daily_data_v2.dat,03/18/24|DK1010001|Dhaka|PM2.5-24hr|UG/M3|169|24|U.S. Department of State Bangladesh - Dhaka|219|4|23.796374|90.424614|050DK1010001,2026-07-18T03:21:50+00:00,f39fb55e6a3aefd56eac0cb1c298b327251940d7df35a4d22b4c5646477a5464
2024-03-19,DK1010001,Dhaka,PM2.5-24hr,UG/M3,143.1,24,U.S. Department of State Bangladesh - Dhaka,196,3,23.796374,90.424614,050DK1010001,https://files.airnowtech.org/airnow/2024/20240319/daily_data_v2.dat,03/19/24|DK1010001|Dhaka|PM2.5-24hr|UG/M3|143.1|24|U.S. Department of State Bangladesh - Dhaka|196|3|23.796374|90.424614|050DK1010001,2026-07-18T03:21:50+00:00,198b163944ec57b28ba41a86a8e0bef6e571f463a82ed6a557b820881d83bd0c
2024-03-20,DK1010001,Dhaka,PM2.5-24hr,UG/M3,125.5,24,U.S. Department of State Bangladesh - Dhaka,187,3,23.796374,90.424614,050DK1010001,https://files.airnowtech.org/airnow/2024/20240320/daily_data_v2.dat,03/20/24|DK1010001|Dhaka|PM2.5-24hr|UG/M3|125.5|24|U.S. Department of State Bangladesh - Dhaka|187|3|23.796374|90.424614|050DK1010001,2026-07-18T03:21:50+00:00,5483c7a0029ddf163e80b03490a4eea7741f54f92ae4709b0d4d4e0921227c29
2024-03-21,DK1010001,Dhaka,PM2.5-24hr,UG/M3,73.3,24,U.S. Department of State Bangladesh - Dhaka,160,3,23.796374,90.424614,050DK1010001,https://files.airnowtech.org/airnow/2024/20240321/daily_data_v2.dat,03/21/24|DK1010001|Dhaka|PM2.5-24hr|UG/M3|73.3|24|U.S. Department of State Bangladesh - Dhaka|160|3|23.796374|90.424614|050DK1010001,2026-07-18T03:21:50+00:00,ab99292c6184aee72996532e7c487ef0172c78b8f0df08a42bcf0a7ca8abeeb3
2024-03-22,DK1010001,Dhaka,PM2.5-24hr,UG/M3,114.3,24,U.S. Department of State Bangladesh - Dhaka,181,3,23.796374,90.424614,050DK1010001,https://files.airnowtech.org/airnow/2024/20240322/daily_data_v2.dat,03/22/24|DK1010001|Dhaka|PM2.5-24hr|UG/M3|114.3|24|U.S. Department of State Bangladesh - Dhaka|181|3|23.796374|90.424614|050DK1010001,2026-07-18T03:21:50+00:00,84353c0d31e2557957ddd977a23236b50111f3e10870127adaf94db158e71fc9
2024-03-23,DK1010001,Dhaka,PM2.5-24hr,UG/M3,113.5,24,U.S. Department of State Bangladesh - Dhaka,181,3,23.796374,90.424614,050DK1010001,https://files.airnowtech.org/airnow/2024/20240323/daily_data_v2.dat,03/23/24|DK1010001|Dhaka|PM2.5-24hr|UG/M3|113.5|24|U.S. Department of State Bangladesh - Dhaka|181|3|23.796374|90.424614|050DK1010001,2026-07-18T03:21:50+00:00,b229dfb1a68f1bc7eb3ca4561f06ae236f4ff097b2f4dd30078cc69e706c9464
2024-03-24,DK1010001,Dhaka,PM2.5-24hr,UG/M3,69.3,24,U.S. Department of State Bangladesh - Dhaka,158,3,23.796374,90.424614,050DK1010001,https://files.airnowtech.org/airnow/2024/20240324/daily_data_v2.dat,03/24/24|DK1010001|Dhaka|PM2.5-24hr|UG/M3|69.3|24|U.S. Department of State Bangladesh - Dhaka|158|3|23.796374|90.424614|050DK1010001,2026-07-18T03:21:50+00:00,839ba92c9c61acf5b0e458054414dd566dc707fd72a68328229a08349f46a938
2024-03-25,DK1010001,Dhaka,PM2.5-24hr,UG/M3,91.2,24,U.S. Department of State Bangladesh - Dhaka,169,3,23.796374,90.424614,050DK1010001,https://files.airnowtech.org/airnow/2024/20240325/daily_data_v2.dat,03/25/24|DK1010001|Dhaka|PM2.5-24hr|UG/M3|91.2|24|U.S. Department of State Bangladesh - Dhaka|169|3|23.796374|90.424614|050DK1010001,2026-07-18T03:21:50+00:00,ffc913695556fc439279907ef983bc57d3742d413a982cf69b15f710dadc0388
2024-03-26,DK1010001,Dhaka,PM2.5-24hr,UG/M3,49.5,24,U.S. Department of State Bangladesh - Dhaka,136,2,23.796374,90.424614,050DK1010001,https://files.airnowtech.org/airnow/2024/20240326/daily_data_v2.dat,03/26/24|DK1010001|Dhaka|PM2.5-24hr|UG/M3|49.5|24|U.S. Department of State Bangladesh - Dhaka|136|2|23.796374|90.424614|050DK1010001,2026-07-18T03:21:50+00:00,6a051d60df802784148165476cabe6f4759c1e05246e94bb80e989788a76c0cc
2024-03-27,DK1010001,Dhaka,PM2.5-24hr,UG/M3,109.5,24,U.S. Department of State Bangladesh - Dhaka,179,3,23.796374,90.424614,050DK1010001,https://files.airnowtech.org/airnow/2024/20240327/daily_data_v2.dat,03/27/24|DK1010001|Dhaka|PM2.5-24hr|UG/M3|109.5|24|U.S. Department of State Bangladesh - Dhaka|179|3|23.796374|90.424614|050DK1010001,2026-07-18T03:21:50+00:00,ecae3aac27c0940c2422825bc455cc89a0e68b3e3f0ce59d30508c576902444b
2024-03-28,DK1010001,Dhaka,PM2.5-24hr,UG/M3,98.9,24,U.S. Department of State Bangladesh - Dhaka,173,3,23.796374,90.424614,050DK1010001,https://files.airnowtech.org/airnow/2024/20240328/daily_data_v2.dat,03/28/24|DK1010001|Dhaka|PM2.5-24hr|UG/M3|98.9|24|U.S. Department of State Bangladesh - Dhaka|173|3|23.796374|90.424614|050DK1010001,2026-07-18T03:21:50+00:00,0b3a641740b5b89d77a364e1601d63624164ee0c0e4f19ed30c22ea0be2971c6
2024-03-29,DK1010001,Dhaka,PM2.5-24hr,UG/M3,116.4,24,U.S. Department of State Bangladesh - Dhaka,182,3,23.796374,90.424614,050DK1010001,https://files.airnowtech.org/airnow/2024/20240329/daily_data_v2.dat,03/29/24|DK1010001|Dhaka|PM2.5-24hr|UG/M3|116.4|24|U.S. Department of State Bangladesh - Dhaka|182|3|23.796374|90.424614|050DK1010001,2026-07-18T03:21:50+00:00,662ca5c3c9570b1245d2d33e01b54d98128728ba6db8511f6301918d995024b7
2024-03-30,DK1010001,Dhaka,PM2.5-24hr,UG/M3,63.3,24,U.S. Department of State Bangladesh - Dhaka,155,3,23.796374,90.424614,050DK1010001,https://files.airnowtech.org/airnow/2024/20240330/daily_data_v2.dat,03/30/24|DK1010001|Dhaka|PM2.5-24hr|UG/M3|63.3|24|U.S. Department of State Bangladesh - Dhaka|155|3|23.796374|90.424614|050DK1010001,2026-07-18T03:21:50+00:00,9efe8c49659338195c05b181c965756fbeaf50aed960138e643b2ba15d851b8f
2024-03-31,DK1010001,Dhaka,PM2.5-24hr,UG/M3,46.5,24,U.S. Department of State Bangladesh - Dhaka,128,2,23.796374,90.424614,050DK1010001,https://files.airnowtech.org/airnow/2024/20240331/daily_data_v2.dat,03/31/24|DK1010001|Dhaka|PM2.5-24hr|UG/M3|46.5|24|U.S. Department of State Bangladesh - Dhaka|128|2|23.796374|90.424614|050DK1010001,2026-07-18T03:21:50+00:00,1ba6ac119d5a35b6de08648e70255e3812f6331de11678b4c6b91067f1e11f4d
2024-04-01,DK1010001,Dhaka,PM2.5-24hr,UG/M3,66.1,24,U.S. Department of State Bangladesh - Dhaka,156,3,23.796374,90.424614,050DK1010001,https://files.airnowtech.org/airnow/2024/20240401/daily_data_v2.dat,04/01/24|DK1010001|Dhaka|PM2.5-24hr|UG/M3|66.1|24|U.S. Department of State Bangladesh - Dhaka|156|3|23.796374|90.424614|050DK1010001,2026-07-18T03:21:50+00:00,67ee8661e58422fc1eee0c4865a81436e83d924257447c41e6f2749883727d25
2024-04-02,DK1010001,Dhaka,PM2.5-24hr,UG/M3,69.5,24,U.S. Department of State Bangladesh - Dhaka,158,3,23.796374,90.424614,050DK1010001,https://files.airnowtech.org/airnow/2024/20240402/daily_data_v2.dat,04/02/24|DK1010001|Dhaka|PM2.5-24hr|UG/M3|69.5|24|U.S. Department of State Bangladesh - Dhaka|158|3|23.796374|90.424614|050DK1010001,2026-07-18T03:21:50+00:00,6eaee4709c33a15efcb611c4ddf4a021f8023442f5e2a1bac7ede55e63e723e8
2024-04-03,DK1010001,Dhaka,PM2.5-24hr,UG/M3,67.9,24,U.S. Department of State Bangladesh - Dhaka,157,3,23.796374,90.424614,050DK1010001,https://files.airnowtech.org/airnow/2024/20240403/daily_data_v2.dat,04/03/24|DK1010001|Dhaka|PM2.5-24hr|UG/M3|67.9|24|U.S. Department of State Bangladesh - Dhaka|157|3|23.796374|90.424614|050DK1010001,2026-07-18T03:21:50+00:00,900ce61b0f77f19efde2abaadd4222b7255ddf29ec3315cd7464ad7d6bb272e6
2024-04-04,DK1010001,Dhaka,PM2.5-24hr,UG/M3,66.7,24,U.S. Department of State Bangladesh - Dhaka,157,3,23.796374,90.424614,050DK1010001,https://files.airnowtech.org/airnow/2024/20240404/daily_data_v2.dat,04/04/24|DK1010001|Dhaka|PM2.5-24hr|UG/M3|66.7|24|U.S. Department of State Bangladesh - Dhaka|157|3|23.796374|90.424614|050DK1010001,2026-07-18T03:21:50+00:00,eaecca01606bd71235fcf2cda502a49e95f5bca89ed1d8f86a4ec7357bee648f
2024-04-05,DK1010001,Dhaka,PM2.5-24hr,UG/M3,73.7,24,U.S. Department of State Bangladesh - Dhaka,160,3,23.796374,90.424614,050DK1010001,https://files.airnowtech.org/airnow/2024/20240405/daily_data_v2.dat,04/05/24|DK1010001|Dhaka|PM2.5-24hr|UG/M3|73.7|24|U.S. Department of State Bangladesh - Dhaka|160|3|23.796374|90.424614|050DK1010001,2026-07-18T03:21:50+00:00,a4d701985a0f5c80361591f80c54ac7b4cc59365d0d23cc93145e303e67966d0
2024-04-06,DK1010001,Dhaka,PM2.5-24hr,UG/M3,75.3,24,U.S. Department of State Bangladesh - Dhaka,161,3,23.796374,90.424614,050DK1010001,https://files.airnowtech.org/airnow/2024/20240406/daily_data_v2.dat,04/06/24|DK1010001|Dhaka|PM2.5-24hr|UG/M3|75.3|24|U.S. Department of State Bangladesh - Dhaka|161|3|23.796374|90.424614|050DK1010001,2026-07-18T03:21:50+00:00,14da1b5ca4ea3c57b983b72947db1733d035cffc32404335984bd49e3168c288
2024-04-07,DK1010001,Dhaka,PM2.5-24hr,UG/M3,76.8,24,U.S. Department of State Bangladesh - Dhaka,162,3,23.796374,90.424614,050DK1010001,https://files.airnowtech.org/airnow/2024/20240407/daily_data_v2.dat,04/07/24|DK1010001|Dhaka|PM2.5-24hr|UG/M3|76.8|24|U.S. Department of State Bangladesh - Dhaka|162|3|23.796374|90.424614|050DK1010001,2026-07-18T03:21:50+00:00,f034e2ea6a2540261ef9a6c25ec724ced2766fe12e85e3a81d4b972d268c766e
2024-04-08,DK1010001,Dhaka,PM2.5-24hr,UG/M3,90.0,24,U.S. Department of State Bangladesh - Dhaka,169,3,23.796374,90.424614,050DK1010001,https://files.airnowtech.org/airnow/2024/20240408/daily_data_v2.dat,04/08/24|DK1010001|Dhaka|PM2.5-24hr|UG/M3|90|24|U.S. Department of State Bangladesh - Dhaka|169|3|23.796374|90.424614|050DK1010001,2026-07-18T03:21:50+00:00,14c0394a80cb3e063713b040ad31bb3d4065b49100faea92c21b91af30c97db9
2024-04-09,DK1010001,Dhaka,PM2.5-24hr,UG/M3,119.7,24,U.S. Department of State Bangladesh - Dhaka,184,3,23.796374,90.424614,050DK1010001,https://files.airnowtech.org/airnow/2024/20240409/daily_data_v2.dat,04/09/24|DK1010001|Dhaka|PM2.5-24hr|UG/M3|119.7|24|U.S. Department of State Bangladesh - Dhaka|184|3|23.796374|90.424614|050DK1010001,2026-07-18T03:21:50+00:00,a628d19a51de8ecccfd257bc6d075487537101ed4e67cbe9c8d0de2bf5327d04
2024-04-10,DK1010001,Dhaka,PM2.5-24hr,UG/M3,143.6,24,U.S. Department of State Bangladesh - Dhaka,196,3,23.796374,90.424614,050DK1010001,https://files.airnowtech.org/airnow/2024/20240410/daily_data_v2.dat,04/10/24|DK1010001|Dhaka|PM2.5-24hr|UG/M3|143.6|24|U.S. Department of State Bangladesh - Dhaka|196|3|23.796374|90.424614|050DK1010001,2026-07-18T03:21:50+00:00,f4811971be1c8fb9b6d9b555f740ab2b6dde87fd45ced821900330b88f24b01b
2024-04-11,DK1010001,Dhaka,PM2.5-24hr,UG/M3,91.9,24,U.S. Department of State Bangladesh - Dhaka,170,3,23.796374,90.424614,050DK1010001,https://files.airnowtech.org/airnow/2024/20240411/daily_data_v2.dat,04/11/24|DK1010001|Dhaka|PM2.5-24hr|UG/M3|91.9|24|U.S. Department of State Bangladesh - Dhaka|170|3|23.796374|90.424614|050DK1010001,2026-07-18T03:21:50+00:00,b7d54cfda5ae0bb828ccd31d897621504fb7f334092bf47259e1af4a26af0f44
2024-04-12,DK1010001,Dhaka,PM2.5-24hr,UG/M3,94.8,24,U.S. Department of State Bangladesh - Dhaka,171,3,23.796374,90.424614,050DK1010001,https://files.airnowtech.org/airnow/2024/20240412/daily_data_v2.dat,04/12/24|DK1010001|Dhaka|PM2.5-24hr|UG/M3|94.8|24|U.S. Department of State Bangladesh - Dhaka|171|3|23.796374|90.424614|050DK1010001,2026-07-18T03:21:50+00:00,4ce6cbb7882ebb4a5dbdbea25ac91303d0f6a6aed4d809af47b31c4c9047b53a
2024-04-13,DK1010001,Dhaka,PM2.5-24hr,UG/M3,118.0,24,U.S. Department of State Bangladesh - Dhaka,183,3,23.796374,90.424614,050DK1010001,https://files.airnowtech.org/airnow/2024/20240413/daily_data_v2.dat,04/13/24|DK1010001|Dhaka|PM2.5-24hr|UG/M3|118|24|U.S. Department of State Bangladesh - Dhaka|183|3|23.796374|90.424614|050DK1010001,2026-07-18T03:21:50+00:00,9dc2f72d88f7c804c7147a194c640d2f18f8b71612665e2d7066451456feb94a
2024-04-14,DK1010001,Dhaka,PM2.5-24hr,UG/M3,127.1,24,U.S. Department of State Bangladesh - Dhaka,188,3,23.796374,90.424614,050DK1010001,https://files.airnowtech.org/airnow/2024/20240414/daily_data_v2.dat,04/14/24|DK1010001|Dhaka|PM2.5-24hr|UG/M3|127.1|24|U.S. Department of State Bangladesh - Dhaka|188|3|23.796374|90.424614|050DK1010001,2026-07-18T03:21:50+00:00,68dc91b2a8bbb1bb613da6f0449f4e4171aa841d8f0321ab78c067a8b46f93de
2024-04-15,DK1010001,Dhaka,PM2.5-24hr,UG/M3,125.9,24,U.S. Department of State Bangladesh - Dhaka,187,3,23.796374,90.424614,050DK1010001,https://files.airnowtech.org/airnow/2024/20240415/daily_data_v2.dat,04/15/24|DK1010001|Dhaka|PM2.5-24hr|UG/M3|125.9|24|U.S. Department of State Bangladesh - Dhaka|187|3|23.796374|90.424614|050DK1010001,2026-07-18T03:21:50+00:00,b5f71f9825ca3e056033a2e370ee6e356b874fdf82620bbf1e605c69422bb97b
2024-04-16,DK1010001,Dhaka,PM2.5-24hr,UG/M3,67.6,24,U.S. Department of State Bangladesh - Dhaka,157,3,23.796374,90.424614,050DK1010001,https://files.airnowtech.org/airnow/2024/20240416/daily_data_v2.dat,04/16/24|DK1010001|Dhaka|PM2.5-24hr|UG/M3|67.6|24|U.S. Department of State Bangladesh - Dhaka|157|3|23.796374|90.424614|050DK1010001,2026-07-18T03:21:50+00:00,e355cedc7a91f0eb6ae64f0e7085a13f8988d638a4afe2fcc4e576f3c78da3ac
2024-04-17,DK1010001,Dhaka,PM2.5-24hr,UG/M3,74.5,24,U.S. Department of State Bangladesh - Dhaka,161,3,23.796374,90.424614,050DK1010001,https://files.airnowtech.org/airnow/2024/20240417/daily_data_v2.dat,04/17/24|DK1010001|Dhaka|PM2.5-24hr|UG/M3|74.5|24|U.S. Department of State Bangladesh - Dhaka|161|3|23.796374|90.424614|050DK1010001,2026-07-18T03:21:50+00:00,6cb508e1f8608c29be0c2b66e05ddb4205724db710575a8264f573b2e283caf9
2024-04-18,DK1010001,Dhaka,PM2.5-24hr,UG/M3,64.8,24,U.S. Department of State Bangladesh - Dhaka,156,3,23.796374,90.424614,050DK1010001,https://files.airnowtech.org/airnow/2024/20240418/daily_data_v2.dat,04/18/24|DK1010001|Dhaka|PM2.5-24hr|UG/M3|64.8|24|U.S. Department of State Bangladesh - Dhaka|156|3|23.796374|90.424614|050DK1010001,2026-07-18T03:21:50+00:00,1ab4af68923ee64082eefda9978761fac3fd7a3d8f85ca54769c3f34c950fd88
2024-04-19,DK1010001,Dhaka,PM2.5-24hr,UG/M3,59.6,24,U.S. Department of State Bangladesh - Dhaka,153,3,23.796374,90.424614,050DK1010001,https://files.airnowtech.org/airnow/2024/20240419/daily_data_v2.dat,04/19/24|DK1010001|Dhaka|PM2.5-24hr|UG/M3|59.6|24|U.S. Department of State Bangladesh - Dhaka|153|3|23.796374|90.424614|050DK1010001,2026-07-18T03:21:50+00:00,f6712d9aa987b9cd1c27912ee2aca0a2833627fd0d39890a958035f13425f685
2024-04-20,DK1010001,Dhaka,PM2.5-24hr,UG/M3,52.2,24,U.S. Department of State Bangladesh - Dhaka,142,2,23.796374,90.424614,050DK1010001,https://files.airnowtech.org/airnow/2024/20240420/daily_data_v2.dat,04/20/24|DK1010001|Dhaka|PM2.5-24hr|UG/M3|52.2|24|U.S. Department of State Bangladesh - Dhaka|142|2|23.796374|90.424614|050DK1010001,2026-07-18T03:21:51+00:00,de4f0f4e7eaf05eff3500bd85a6a5392c3055be2de4f3d10470175c317e9b3ae
2024-04-21,DK1010001,Dhaka,PM2.5-24hr,UG/M3,50.8,24,U.S. Department of State Bangladesh - Dhaka,139,2,23.796374,90.424614,050DK1010001,https://files.airnowtech.org/airnow/2024/20240421/daily_data_v2.dat,04/21/24|DK1010001|Dhaka|PM2.5-24hr|UG/M3|50.8|24|U.S. Department of State Bangladesh - Dhaka|139|2|23.796374|90.424614|050DK1010001,2026-07-18T03:21:51+00:00,dbc99238d2eb98cd9de89a9184355f68a23490f643cab8a89638b5f21210a0dc
2024-04-22,DK1010001,Dhaka,PM2.5-24hr,UG/M3,64.0,24,U.S. Department of State Bangladesh - Dhaka,155,3,23.796374,90.424614,050DK1010001,https://files.airnowtech.org/airnow/2024/20240422/daily_data_v2.dat,04/22/24|DK1010001|Dhaka|PM2.5-24hr|UG/M3|64|24|U.S. Department of State Bangladesh - Dhaka|155|3|23.796374|90.424614|050DK1010001,2026-07-18T03:21:51+00:00,5d539f8de151073f35b7b38780111294f464098f24734e0de80a63fcc857c197
2024-04-23,DK1010001,Dhaka,PM2.5-24hr,UG/M3,64.2,24,U.S. Department of State Bangladesh - Dhaka,156,3,23.796374,90.424614,050DK1010001,https://files.airnowtech.org/airnow/2024/20240423/daily_data_v2.dat,04/23/24|DK1010001|Dhaka|PM2.5-24hr|UG/M3|64.2|24|U.S. Department of State Bangladesh - Dhaka|156|3|23.796374|90.424614|050DK1010001,2026-07-18T03:21:51+00:00,7ae75f1d98ddd66b01c9536486e0c3a5c0da2bce89b4fa307d83d7898dccc607
2024-04-24,DK1010001,Dhaka,PM2.5-24hr,UG/M3,71.2,24,U.S. Department of State Bangladesh - Dhaka,159,3,23.796374,90.424614,050DK1010001,https://files.airnowtech.org/airnow/2024/20240424/daily_data_v2.dat,04/24/24|DK1010001|Dhaka|PM2.5-24hr|UG/M3|71.2|24|U.S. Department of State Bangladesh - Dhaka|159|3|23.796374|90.424614|050DK1010001,2026-07-18T03:21:51+00:00,61414ea9a5c265691f5d987d747444399abaf27ff15aacdd52b9d2ce12ddd743
2024-04-25,DK1010001,Dhaka,PM2.5-24hr,UG/M3,82.1,24,U.S. Department of State Bangladesh - Dhaka,165,3,23.796374,90.424614,050DK1010001,https://files.airnowtech.org/airnow/2024/20240425/daily_data_v2.dat,04/25/24|DK1010001|Dhaka|PM2.5-24hr|UG/M3|82.1|24|U.S. Department of State Bangladesh - Dhaka|165|3|23.796374|90.424614|050DK1010001,2026-07-18T03:21:51+00:00,cfa664aa78d6436bc09aa65251594dd4d5c7e3f35696a9102315ff4a9f1e9dae
2024-04-26,DK1010001,Dhaka,PM2.5-24hr,UG/M3,68.8,24,U.S. Department of State Bangladesh - Dhaka,158,3,23.796374,90.424614,050DK1010001,https://files.airnowtech.org/airnow/2024/20240426/daily_data_v2.dat,04/26/24|DK1010001|Dhaka|PM2.5-24hr|UG/M3|68.8|24|U.S. Department of State Bangladesh - Dhaka|158|3|23.796374|90.424614|050DK1010001,2026-07-18T03:21:51+00:00,02a926a7cefc87d0eeab0183db63df245ae7392b30811ec9fa33a01acb7f7330
2024-04-27,DK1010001,Dhaka,PM2.5-24hr,UG/M3,62.8,24,U.S. Department of State Bangladesh - Dhaka,155,3,23.796374,90.424614,050DK1010001,https://files.airnowtech.org/airnow/2024/20240427/daily_data_v2.dat,04/27/24|DK1010001|Dhaka|PM2.5-24hr|UG/M3|62.8|24|U.S. Department of State Bangladesh - Dhaka|155|3|23.796374|90.424614|050DK1010001,2026-07-18T03:21:51+00:00,9da2208ea6516b2f58d6f284c0a8d06c8bc33e175988d2854845b3bdaf020123
2024-04-28,DK1010001,Dhaka,PM2.5-24hr,UG/M3,69.9,24,U.S. Department of State Bangladesh - Dhaka,158,3,23.796374,90.424614,050DK1010001,https://files.airnowtech.org/airnow/2024/20240428/daily_data_v2.dat,04/28/24|DK1010001|Dhaka|PM2.5-24hr|UG/M3|69.9|24|U.S. Department of State Bangladesh - Dhaka|158|3|23.796374|90.424614|050DK1010001,2026-07-18T03:21:51+00:00,01a1478530d13bb2aa8089bb4d206c9252ea5a730e03f99bb654f9dfafcf29f0
2024-04-29,DK1010001,Dhaka,PM2.5-24hr,UG/M3,67.6,24,U.S. Department of State Bangladesh - Dhaka,157,3,23.796374,90.424614,050DK1010001,https://files.airnowtech.org/airnow/2024/20240429/daily_data_v2.dat,04/29/24|DK1010001|Dhaka|PM2.5-24hr|UG/M3|67.6|24|U.S. Department of State Bangladesh - Dhaka|157|3|23.796374|90.424614|050DK1010001,2026-07-18T03:21:51+00:00,75bfdb8792abd5e1836e1a7e12318f2d7fff562179405253a662838c161955ae
2024-04-30,DK1010001,Dhaka,PM2.5-24hr,UG/M3,68.7,24,U.S. Department of State Bangladesh - Dhaka,158,3,23.796374,90.424614,050DK1010001,https://files.airnowtech.org/airnow/2024/20240430/daily_data_v2.dat,04/30/24|DK1010001|Dhaka|PM2.5-24hr|UG/M3|68.7|24|U.S. Department of State Bangladesh - Dhaka|158|3|23.796374|90.424614|050DK1010001,2026-07-18T03:21:51+00:00,98a99cd48c864cf74e9720e01dec278d560ef3e715152ba56abffbe414c0a36a
2024-05-01,DK1010001,Dhaka,PM2.5-24hr,UG/M3,48.5,24,U.S. Department of State Bangladesh - Dhaka,133,2,23.796374,90.424614,050DK1010001,https://files.airnowtech.org/airnow/2024/20240501/daily_data_v2.dat,05/01/24|DK1010001|Dhaka|PM2.5-24hr|UG/M3|48.5|24|U.S. Department of State Bangladesh - Dhaka|133|2|23.796374|90.424614|050DK1010001,2026-07-18T03:21:51+00:00,6d2a6f8722bb66f99432bc4e56825f5b458486d415986151b87af035a325d8a2
2024-05-02,DK1010001,Dhaka,PM2.5-24hr,UG/M3,63.0,24,U.S. Department of State Bangladesh - Dhaka,155,3,23.796374,90.424614,050DK1010001,https://files.airnowtech.org/airnow/2024/20240502/daily_data_v2.dat,05/02/24|DK1010001|Dhaka|PM2.5-24hr|UG/M3|63|24|U.S. Department of State Bangladesh - Dhaka|155|3|23.796374|90.424614|050DK1010001,2026-07-18T03:21:51+00:00,a9a37e6bf153cafe6ca1505971cbb87d417fbcd0a92349c344b79d42120ed665
2024-05-03,DK1010001,Dhaka,PM2.5-24hr,UG/M3,82.6,24,U.S. Department of State Bangladesh - Dhaka,165,3,23.796374,90.424614,050DK1010001,https://files.airnowtech.org/airnow/2024/20240503/daily_data_v2.dat,05/03/24|DK1010001|Dhaka|PM2.5-24hr|UG/M3|82.6|24|U.S. Department of State Bangladesh - Dhaka|165|3|23.796374|90.424614|050DK1010001,2026-07-18T03:21:51+00:00,56ac4d0973f955ca2adb49380fb1a3a063820568d9b8d36fe7b8aa6c5a357741
2024-05-04,DK1010001,Dhaka,PM2.5-24hr,UG/M3,70.2,24,U.S. Department of State Bangladesh - Dhaka,159,3,23.796374,90.424614,050DK1010001,https://files.airnowtech.org/airnow/2024/20240504/daily_data_v2.dat,05/04/24|DK1010001|Dhaka|PM2.5-24hr|UG/M3|70.2|24|U.S. Department of State Bangladesh - Dhaka|159|3|23.796374|90.424614|050DK1010001,2026-07-18T03:21:51+00:00,b5e3fd2b570508f31c7c4df8b5be665e0f60d20fbbeeabbfe29e4edfb61550a2
2024-05-05,DK1010001,Dhaka,PM2.5-24hr,UG/M3,51.9,24,U.S. Department of State Bangladesh - Dhaka,142,2,23.796374,90.424614,050DK1010001,https://files.airnowtech.org/airnow/2024/20240505/daily_data_v2.dat,05/05/24|DK1010001|Dhaka|PM2.5-24hr|UG/M3|51.9|24|U.S. Department of State Bangladesh - Dhaka|142|2|23.796374|90.424614|050DK1010001,2026-07-18T03:21:51+00:00,84a72b1e6ad376b829aa1bd4f66975c34f783e26f986d64c6088589ef690e8d4
2024-05-06,DK1010001,Dhaka,PM2.5-24hr,UG/M3,50.2,24,U.S. Department of State Bangladesh - Dhaka,137,2,23.796374,90.424614,050DK1010001,https://files.airnowtech.org/airnow/2024/20240506/daily_data_v2.dat,05/06/24|DK1010001|Dhaka|PM2.5-24hr|UG/M3|50.2|24|U.S. Department of State Bangladesh - Dhaka|137|2|23.796374|90.424614|050DK1010001,2026-07-18T03:21:51+00:00,9c493ced1d8034d1db9ad5632019115d08e8bb86a93ee38c82cf44b7e09472ae
2024-05-07,DK1010001,Dhaka,PM2.5-24hr,UG/M3,62.2,24,U.S. Department of State Bangladesh - Dhaka,156,3,23.796374,90.424614,050DK1010001,https://files.airnowtech.org/airnow/2024/20240507/daily_data_v2.dat,05/07/24|DK1010001|Dhaka|PM2.5-24hr|UG/M3|62.2|24|U.S. Department of State Bangladesh - Dhaka|156|3|23.796374|90.424614|050DK1010001,2026-07-18T03:21:51+00:00,e9f79fcce71dcd00519f9408d881030247c879d5c7d85778599478ec157a3657
2024-05-08,DK1010001,Dhaka,PM2.5-24hr,UG/M3,83.3,24,U.S. Department of State Bangladesh - Dhaka,171,3,23.796374,90.424614,050DK1010001,https://files.airnowtech.org/airnow/2024/20240508/daily_data_v2.dat,05/08/24|DK1010001|Dhaka|PM2.5-24hr|UG/M3|83.3|24|U.S. Department of State Bangladesh - Dhaka|171|3|23.796374|90.424614|050DK1010001,2026-07-18T03:21:51+00:00,9abc1613454ddcdb66ef4b49aa92ee01d0538fa61acb02f832d60b31c81a5270
2024-05-09,DK1010001,Dhaka,PM2.5-24hr,UG/M3,99.0,24,U.S. Department of State Bangladesh - Dhaka,181,3,23.796374,90.424614,050DK1010001,https://files.airnowtech.org/airnow/2024/20240509/daily_data_v2.dat,05/09/24|DK1010001|Dhaka|PM2.5-24hr|UG/M3|99|24|U.S. Department of State Bangladesh - Dhaka|181|3|23.796374|90.424614|050DK1010001,2026-07-18T03:21:51+00:00,1d0372bc4da3c61737d772ef98e7ed659c4fff4b28b673bc87230c8653330f0b
2024-05-10,DK1010001,Dhaka,PM2.5-24hr,UG/M3,64.7,24,U.S. Department of State Bangladesh - Dhaka,158,3,23.796374,90.424614,050DK1010001,https://files.airnowtech.org/airnow/2024/20240510/daily_data_v2.dat,05/10/24|DK1010001|Dhaka|PM2.5-24hr|UG/M3|64.7|24|U.S. Department of State Bangladesh - Dhaka|158|3|23.796374|90.424614|050DK1010001,2026-07-18T03:21:51+00:00,f4683c81f0e01fe5e49709f340829d368bba7c4587e4f783e9e7cfce7803b6c0
2024-05-11,DK1010001,Dhaka,PM2.5-24hr,UG/M3,57.8,24,U.S. Department of State Bangladesh - Dhaka,153,3,23.796374,90.424614,050DK1010001,https://files.airnowtech.org/airnow/2024/20240511/daily_data_v2.dat,05/11/24|DK1010001|Dhaka|PM2.5-24hr|UG/M3|57.8|24|U.S. Department of State Bangladesh - Dhaka|153|3|23.796374|90.424614|050DK1010001,2026-07-18T03:21:51+00:00,b44ce19369745be9b6cdb15fcd725b6926716375870cd031410a12cc58ee8870
2024-05-12,DK1010001,Dhaka,PM2.5-24hr,UG/M3,80.0,24,U.S. Department of State Bangladesh - Dhaka,168,3,23.796374,90.424614,050DK1010001,https://files.airnowtech.org/airnow/2024/20240512/daily_data_v2.dat,05/12/24|DK1010001|Dhaka|PM2.5-24hr|UG/M3|80|24|U.S. Department of State Bangladesh - Dhaka|168|3|23.796374|90.424614|050DK1010001,2026-07-18T03:21:51+00:00,4b84693b0a12ac94544e5e2641901ba68b27d9215f5d5ca4fa62bde390727885
2024-05-13,DK1010001,Dhaka,PM2.5-24hr,UG/M3,113.4,24,U.S. Department of State Bangladesh - Dhaka,192,3,23.796374,90.424614,050DK1010001,https://files.airnowtech.org/airnow/2024/20240513/daily_data_v2.dat,05/13/24|DK1010001|Dhaka|PM2.5-24hr|UG/M3|113.4|24|U.S. Department of State Bangladesh - Dhaka|192|3|23.796374|90.424614|050DK1010001,2026-07-18T03:21:51+00:00,a197865a10625f498a225a47e1b51491361a86bb1153c0dae748c164468ee57b
2024-05-14,DK1010001,Dhaka,PM2.5-24hr,UG/M3,59.2,24,U.S. Department of State Bangladesh - Dhaka,154,3,23.796374,90.424614,050DK1010001,https://files.airnowtech.org/airnow/2024/20240514/daily_data_v2.dat,05/14/24|DK1010001|Dhaka|PM2.5-24hr|UG/M3|59.2|24|U.S. Department of State Bangladesh - Dhaka|154|3|23.796374|90.424614|050DK1010001,2026-07-18T03:21:51+00:00,eaccf126a19bf0f1abd18b9eac5103345f4927b43aa97532507136114c0510bf
2024-05-15,DK1010001,Dhaka,PM2.5-24hr,UG/M3,69.0,24,U.S. Department of State Bangladesh - Dhaka,160,3,23.796374,90.424614,050DK1010001,https://files.airnowtech.org/airnow/2024/20240515/daily_data_v2.dat,05/15/24|DK1010001|Dhaka|PM2.5-24hr|UG/M3|69|24|U.S. Department of State Bangladesh - Dhaka|160|3|23.796374|90.424614|050DK1010001,2026-07-18T03:21:51+00:00,255456cf6eb73c4ee5d77c1c1bace272576960f827d2ed8a9f203759611deca0
2024-05-16,DK1010001,Dhaka,PM2.5-24hr,UG/M3,57.5,24,U.S. Department of State Bangladesh - Dhaka,152,3,23.796374,90.424614,050DK1010001,https://files.airnowtech.org/airnow/2024/20240516/daily_data_v2.dat,05/16/24|DK1010001|Dhaka|PM2.5-24hr|UG/M3|57.5|24|U.S. Department of State Bangladesh - Dhaka|152|3|23.796374|90.424614|050DK1010001,2026-07-18T03:21:51+00:00,18fd7f63387480835f25aa7423164bbdc838467c8ec7a4aaad681e2dc6b947ac
2024-05-17,DK1010001,Dhaka,PM2.5-24hr,UG/M3,49.5,24,U.S. Department of State Bangladesh - Dhaka,135,2,23.796374,90.424614,050DK1010001,https://files.airnowtech.org/airnow/2024/20240517/daily_data_v2.dat,05/17/24|DK1010001|Dhaka|PM2.5-24hr|UG/M3|49.5|24|U.S. Department of State Bangladesh - Dhaka|135|2|23.796374|90.424614|050DK1010001,2026-07-18T03:21:51+00:00,4155164e3241c4120d580e3e3c8476e4a5e436c748f8764f43190a16711344a4
2024-05-18,DK1010001,Dhaka,PM2.5-24hr,UG/M3,43.2,24,U.S. Department of State Bangladesh - Dhaka,120,2,23.796374,90.424614,050DK1010001,https://files.airnowtech.org/airnow/2024/20240518/daily_data_v2.dat,05/18/24|DK1010001|Dhaka|PM2.5-24hr|UG/M3|43.2|24|U.S. Department of State Bangladesh - Dhaka|120|2|23.796374|90.424614|050DK1010001,2026-07-18T03:21:51+00:00,2381e4dd41e7ed9d52a1742d0306dbc5feeb0ad5989abdaf6ddf3385907138be
2024-05-19,DK1010001,Dhaka,PM2.5-24hr,UG/M3,84.2,24,U.S. Department of State Bangladesh - Dhaka,171,3,23.796374,90.424614,050DK1010001,https://files.airnowtech.org/airnow/2024/20240519/daily_data_v2.dat,05/19/24|DK1010001|Dhaka|PM2.5-24hr|UG/M3|84.2|24|U.S. Department of State Bangladesh - Dhaka|171|3|23.796374|90.424614|050DK1010001,2026-07-18T03:21:51+00:00,eea34b6bd8babacd0434ab0d67a3972a6626b2e74712636475f1cca8a74fc879
2024-05-20,DK1010001,Dhaka,PM2.5-24hr,UG/M3,70.7,24,U.S. Department of State Bangladesh - Dhaka,162,3,23.796374,90.424614,050DK1010001,https://files.airnowtech.org/airnow/2024/20240520/daily_data_v2.dat,05/20/24|DK1010001|Dhaka|PM2.5-24hr|UG/M3|70.7|24|U.S. Department of State Bangladesh - Dhaka|162|3|23.796374|90.424614|050DK1010001,2026-07-18T03:21:51+00:00,354cc91fe534da12decb1b30f7bc2ad8f9a3605628c070090783b307f9524eec
2024-05-21,DK1010001,Dhaka,PM2.5-24hr,UG/M3,98.3,24,U.S. Department of State Bangladesh - Dhaka,181,3,23.796374,90.424614,050DK1010001,https://files.airnowtech.org/airnow/2024/20240521/daily_data_v2.dat,05/21/24|DK1010001|Dhaka|PM2.5-24hr|UG/M3|98.3|24|U.S. Department of State Bangladesh - Dhaka|181|3|23.796374|90.424614|050DK1010001,2026-07-18T03:21:51+00:00,ce1dc80b4f0810b75769ef47ff322f1f1e16a3f907da73ebcd311632eb388cee
2024-05-22,DK1010001,Dhaka,PM2.5-24hr,UG/M3,56.0,24,U.S. Department of State Bangladesh - Dhaka,151,3,23.796374,90.424614,050DK1010001,https://files.airnowtech.org/airnow/2024/20240522/daily_data_v2.dat,05/22/24|DK1010001|Dhaka|PM2.5-24hr|UG/M3|56|24|U.S. Department of State Bangladesh - Dhaka|151|3|23.796374|90.424614|050DK1010001,2026-07-18T03:21:51+00:00,503b3cb6b97a5d841d5abdfa9a8575b851c5bc89bc8a25bcae9c8eb4a593ec9d
2024-05-23,DK1010001,Dhaka,PM2.5-24hr,UG/M3,114.2,24,U.S. Department of State Bangladesh - Dhaka,192,3,23.796374,90.424614,050DK1010001,https://files.airnowtech.org/airnow/2024/20240523/daily_data_v2.dat,05/23/24|DK1010001|Dhaka|PM2.5-24hr|UG/M3|114.2|24|U.S. Department of State Bangladesh - Dhaka|192|3|23.796374|90.424614|050DK1010001,2026-07-18T03:21:51+00:00,014846ff4e84cf2b71cea4218133475bbbe6e236fd8b59ee5edbaa8bfdabfe90
2024-05-24,DK1010001,Dhaka,PM2.5-24hr,UG/M3,71.8,24,U.S. Department of State Bangladesh - Dhaka,162,3,23.796374,90.424614,050DK1010001,https://files.airnowtech.org/airnow/2024/20240524/daily_data_v2.dat,05/24/24|DK1010001|Dhaka|PM2.5-24hr|UG/M3|71.8|24|U.S. Department of State Bangladesh - Dhaka|162|3|23.796374|90.424614|050DK1010001,2026-07-18T03:21:51+00:00,56d4221fd3c84f1eb881c02170cc4c2f10e20b05e59d338527c6ab842bb914e9
2024-05-25,DK1010001,Dhaka,PM2.5-24hr,UG/M3,63.8,24,U.S. Department of State Bangladesh - Dhaka,157,3,23.796374,90.424614,050DK1010001,https://files.airnowtech.org/airnow/2024/20240525/daily_data_v2.dat,05/25/24|DK1010001|Dhaka|PM2.5-24hr|UG/M3|63.8|24|U.S. Department of State Bangladesh - Dhaka|157|3|23.796374|90.424614|050DK1010001,2026-07-18T03:21:51+00:00,6d847fdc1c9a256747e3921f2f8d7817d432827095f0e7ae7d417fd93a1bc7e6
2024-05-27,DK1010001,Dhaka,PM2.5-24hr,UG/M3,9.4,24,U.S. Department of State Bangladesh - Dhaka,52,1,23.796374,90.424614,050DK1010001,https://files.airnowtech.org/airnow/2024/20240527/daily_data_v2.dat,05/27/24|DK1010001|Dhaka|PM2.5-24hr|UG/M3|9.4|24|U.S. Department of State Bangladesh - Dhaka|52|1|23.796374|90.424614|050DK1010001,2026-07-18T03:21:51+00:00,52f88a8519f5145bec0ef9411bd4077333e74a4a54be0ebaf74cebb496a0e28d
2024-05-28,DK1010001,Dhaka,PM2.5-24hr,UG/M3,29.4,24,U.S. Department of State Bangladesh - Dhaka,89,1,23.796374,90.424614,050DK1010001,https://files.airnowtech.org/airnow/2024/20240528/daily_data_v2.dat,05/28/24|DK1010001|Dhaka|PM2.5-24hr|UG/M3|29.4|24|U.S. Department of State Bangladesh - Dhaka|89|1|23.796374|90.424614|050DK1010001,2026-07-18T03:21:51+00:00,67167441024875752599c022252be351f55b58ed682a9ff583815fafe9e3f4b5
2024-05-29,DK1010001,Dhaka,PM2.5-24hr,UG/M3,52.2,24,U.S. Department of State Bangladesh - Dhaka,142,2,23.796374,90.424614,050DK1010001,https://files.airnowtech.org/airnow/2024/20240529/daily_data_v2.dat,05/29/24|DK1010001|Dhaka|PM2.5-24hr|UG/M3|52.2|24|U.S. Department of State Bangladesh - Dhaka|142|2|23.796374|90.424614|050DK1010001,2026-07-18T03:21:51+00:00,5d97c2b0606a34796e118911e62b3792596ccf31d79f98afb300b37a18f3e679
2024-05-30,DK1010001,Dhaka,PM2.5-24hr,UG/M3,51.8,24,U.S. Department of State Bangladesh - Dhaka,141,2,23.796374,90.424614,050DK1010001,https://files.airnowtech.org/airnow/2024/20240530/daily_data_v2.dat,05/30/24|DK1010001|Dhaka|PM2.5-24hr|UG/M3|51.8|24|U.S. Department of State Bangladesh - Dhaka|141|2|23.796374|90.424614|050DK1010001,2026-07-18T03:21:51+00:00,9fe18026b7e47f22aca550588c176f70194131ca87d351e192c01e5a87a6d711
2024-05-31,DK1010001,Dhaka,PM2.5-24hr,UG/M3,49.0,24,U.S. Department of State Bangladesh - Dhaka,134,2,23.796374,90.424614,050DK1010001,https://files.airnowtech.org/airnow/2024/20240531/daily_data_v2.dat,05/31/24|DK1010001|Dhaka|PM2.5-24hr|UG/M3|49|24|U.S. Department of State Bangladesh - Dhaka|134|2|23.796374|90.424614|050DK1010001,2026-07-18T03:21:51+00:00,cac66a558733c108529ea136bc03389a345e0ef4e510c27e6b1a44196d8f40fc
2024-06-01,DK1010001,Dhaka,PM2.5-24hr,UG/M3,48.0,24,U.S. Department of State Bangladesh - Dhaka,132,2,23.796374,90.424614,050DK1010001,https://files.airnowtech.org/airnow/2024/20240601/daily_data_v2.dat,06/01/24|DK1010001|Dhaka|PM2.5-24hr|UG/M3|48|24|U.S. Department of State Bangladesh - Dhaka|132|2|23.796374|90.424614|050DK1010001,2026-07-18T03:21:51+00:00,d9aaf11ec9193cf9873d93126c069f6183d60305ee660cd558899e7df18b3395
2024-06-02,DK1010001,Dhaka,PM2.5-24hr,UG/M3,43.5,24,U.S. Department of State Bangladesh - Dhaka,121,2,23.796374,90.424614,050DK1010001,https://files.airnowtech.org/airnow/2024/20240602/daily_data_v2.dat,06/02/24|DK1010001|Dhaka|PM2.5-24hr|UG/M3|43.5|24|U.S. Department of State Bangladesh - Dhaka|121|2|23.796374|90.424614|050DK1010001,2026-07-18T03:21:51+00:00,b0c2a48b0c58b03bdf10983e49daf74d15a0e95e4fbf27a886c013f686dfa17b
2024-06-03,DK1010001,Dhaka,PM2.5-24hr,UG/M3,35.7,24,U.S. Department of State Bangladesh - Dhaka,101,2,23.796374,90.424614,050DK1010001,https://files.airnowtech.org/airnow/2024/20240603/daily_data_v2.dat,06/03/24|DK1010001|Dhaka|PM2.5-24hr|UG/M3|35.7|24|U.S. Department of State Bangladesh - Dhaka|101|2|23.796374|90.424614|050DK1010001,2026-07-18T03:21:51+00:00,f9c310838d8c5c5c07f2cd366e0bc5ac2645ffbcb6ece828bb61c629499c8ce9
2024-06-04,DK1010001,Dhaka,PM2.5-24hr,UG/M3,63.2,24,U.S. Department of State Bangladesh - Dhaka,156,3,23.796374,90.424614,050DK1010001,https://files.airnowtech.org/airnow/2024/20240604/daily_data_v2.dat,06/04/24|DK1010001|Dhaka|PM2.5-24hr|UG/M3|63.2|24|U.S. Department of State Bangladesh - Dhaka|156|3|23.796374|90.424614|050DK1010001,2026-07-18T03:21:51+00:00,7cf8efa365f9e4ceea77f4d83f7ffe3c42c80372c0b528b7784f456f660eb403
2024-06-05,DK1010001,Dhaka,PM2.5-24hr,UG/M3,64.2,24,U.S. Department of State Bangladesh - Dhaka,157,3,23.796374,90.424614,050DK1010001,https://files.airnowtech.org/airnow/2024/20240605/daily_data_v2.dat,06/05/24|DK1010001|Dhaka|PM2.5-24hr|UG/M3|64.2|24|U.S. Department of State Bangladesh - Dhaka|157|3|23.796374|90.424614|050DK1010001,2026-07-18T03:21:51+00:00,7692e923b17eb5f467447e385fea1473ce7354edd8c79fb6db0c3838fbed9432
2024-06-06,DK1010001,Dhaka,PM2.5-24hr,UG/M3,57.7,24,U.S. Department of State Bangladesh - Dhaka,153,3,23.796374,90.424614,050DK1010001,https://files.airnowtech.org/airnow/2024/20240606/daily_data_v2.dat,06/06/24|DK1010001|Dhaka|PM2.5-24hr|UG/M3|57.7|24|U.S. Department of State Bangladesh - Dhaka|153|3|23.796374|90.424614|050DK1010001,2026-07-18T03:21:51+00:00,617051cb827161ddc6a2b2e439af268b3d59d722b6bc38350ed202e894e4a39b
2024-06-07,DK1010001,Dhaka,PM2.5-24hr,UG/M3,81.7,24,U.S. Department of State Bangladesh - Dhaka,169,3,23.796374,90.424614,050DK1010001,https://files.airnowtech.org/airnow/2024/20240607/daily_data_v2.dat,06/07/24|DK1010001|Dhaka|PM2.5-24hr|UG/M3|81.7|24|U.S. Department of State Bangladesh - Dhaka|169|3|23.796374|90.424614|050DK1010001,2026-07-18T03:21:51+00:00,ff911eb91200ddb078c41970148f604be903a7aa66c15cac999dfaf66cae41c7
2024-06-08,DK1010001,Dhaka,PM2.5-24hr,UG/M3,50.2,24,U.S. Department of State Bangladesh - Dhaka,137,2,23.796374,90.424614,050DK1010001,https://files.airnowtech.org/airnow/2024/20240608/daily_data_v2.dat,06/08/24|DK1010001|Dhaka|PM2.5-24hr|UG/M3|50.2|24|U.S. Department of State Bangladesh - Dhaka|137|2|23.796374|90.424614|050DK1010001,2026-07-18T03:21:51+00:00,f7ac397be04c96b6866e15d284162cc84e9a32457eeaf14c96b0a79a098f9186
2024-06-09,DK1010001,Dhaka,PM2.5-24hr,UG/M3,45.6,24,U.S. Department of State Bangladesh - Dhaka,126,2,23.796374,90.424614,050DK1010001,https://files.airnowtech.org/airnow/2024/20240609/daily_data_v2.dat,06/09/24|DK1010001|Dhaka|PM2.5-24hr|UG/M3|45.6|24|U.S. Department of State Bangladesh - Dhaka|126|2|23.796374|90.424614|050DK1010001,2026-07-18T03:21:51+00:00,0dccdb2b17991ed741a2724d07386e2b6c40f6ad02101f2baa2ca1a66bd81fb7
2024-06-10,DK1010001,Dhaka,PM2.5-24hr,UG/M3,69.3,24,U.S. Department of State Bangladesh - Dhaka,161,3,23.796374,90.424614,050DK1010001,https://files.airnowtech.org/airnow/2024/20240610/daily_data_v2.dat,06/10/24|DK1010001|Dhaka|PM2.5-24hr|UG/M3|69.3|24|U.S. Department of State Bangladesh - Dhaka|161|3|23.796374|90.424614|050DK1010001,2026-07-18T03:21:51+00:00,35ce320465c66af5fc4f353435b8902b10f09e026902b03e1c27036b9df843d4
2024-06-11,DK1010001,Dhaka,PM2.5-24hr,UG/M3,70.7,24,U.S. Department of State Bangladesh - Dhaka,162,3,23.796374,90.424614,050DK1010001,https://files.airnowtech.org/airnow/2024/20240611/daily_data_v2.dat,06/11/24|DK1010001|Dhaka|PM2.5-24hr|UG/M3|70.7|24|U.S. Department of State Bangladesh - Dhaka|162|3|23.796374|90.424614|050DK1010001,2026-07-18T03:21:51+00:00,b8c677d10eda5d846adb58442cdef9464b83602e0bbc167442cba79839619bd6
2024-06-12,DK1010001,Dhaka,PM2.5-24hr,UG/M3,40.3,24,U.S. Department of State Bangladesh - Dhaka,113,2,23.796374,90.424614,050DK1010001,https://files.airnowtech.org/airnow/2024/20240612/daily_data_v2.dat,06/12/24|DK1010001|Dhaka|PM2.5-24hr|UG/M3|40.3|24|U.S. Department of State Bangladesh - Dhaka|113|2|23.796374|90.424614|050DK1010001,2026-07-18T03:21:51+00:00,d96a47a12030d14553d0fdbab5ecfa29e2d644b2f68269b75219561caa7b9f9d
2024-06-13,DK1010001,Dhaka,PM2.5-24hr,UG/M3,45.0,24,U.S. Department of State Bangladesh - Dhaka,124,2,23.796374,90.424614,050DK1010001,https://files.airnowtech.org/airnow/2024/20240613/daily_data_v2.dat,06/13/24|DK1010001|Dhaka|PM2.5-24hr|UG/M3|45|24|U.S. Department of State Bangladesh - Dhaka|124|2|23.796374|90.424614|050DK1010001,2026-07-18T03:21:51+00:00,efaafb122b976e640c158aa536aed4a3da927fbdc7ce8a11cc5016883d54d052
2024-06-14,DK1010001,Dhaka,PM2.5-24hr,UG/M3,58.4,24,U.S. Department of State Bangladesh - Dhaka,153,3,23.796374,90.424614,050DK1010001,https://files.airnowtech.org/airnow/2024/20240614/daily_data_v2.dat,06/14/24|DK1010001|Dhaka|PM2.5-24hr|UG/M3|58.4|24|U.S. Department of State Bangladesh - Dhaka|153|3|23.796374|90.424614|050DK1010001,2026-07-18T03:21:51+00:00,e9bc40b1d6fcfb13c367dcede60b4430339267f21a0c101a0d8449a33504b6c0
2024-06-15,DK1010001,Dhaka,PM2.5-24hr,UG/M3,51.9,24,U.S. Department of State Bangladesh - Dhaka,141,2,23.796374,90.424614,050DK1010001,https://files.airnowtech.org/airnow/2024/20240615/daily_data_v2.dat,06/15/24|DK1010001|Dhaka|PM2.5-24hr|UG/M3|51.9|24|U.S. Department of State Bangladesh - Dhaka|141|2|23.796374|90.424614|050DK1010001,2026-07-18T03:21:51+00:00,aa63f1d725a1c7a6b49870a7187bfefb84ca57139204a1c81318a6dd3310d6f2
2024-06-16,DK1010001,Dhaka,PM2.5-24hr,UG/M3,37.6,24,U.S. Department of State Bangladesh - Dhaka,106,2,23.796374,90.424614,050DK1010001,https://files.airnowtech.org/airnow/2024/20240616/daily_data_v2.dat,06/16/24|DK1010001|Dhaka|PM2.5-24hr|UG/M3|37.6|24|U.S. Department of State Bangladesh - Dhaka|106|2|23.796374|90.424614|050DK1010001,2026-07-18T03:21:51+00:00,531c924dc0b300b390d1ce699d24b470c5fbfb75d45fef58a3c3e49909f6e1b6
2024-06-17,DK1010001,Dhaka,PM2.5-24hr,UG/M3,34.0,24,U.S. Department of State Bangladesh - Dhaka,97,1,23.796374,90.424614,050DK1010001,https://files.airnowtech.org/airnow/2024/20240617/daily_data_v2.dat,06/17/24|DK1010001|Dhaka|PM2.5-24hr|UG/M3|34|24|U.S. Department of State Bangladesh - Dhaka|97|1|23.796374|90.424614|050DK1010001,2026-07-18T03:21:51+00:00,c4d2b0124555eeaf355b95e540f5efb83d8056ff954015dcb238c8d7ef8565c9
2024-06-18,DK1010001,Dhaka,PM2.5-24hr,UG/M3,32.4,24,U.S. Department of State Bangladesh - Dhaka,94,1,23.796374,90.424614,050DK1010001,https://files.airnowtech.org/airnow/2024/20240618/daily_data_v2.dat,06/18/24|DK1010001|Dhaka|PM2.5-24hr|UG/M3|32.4|24|U.S. Department of State Bangladesh - Dhaka|94|1|23.796374|90.424614|050DK1010001,2026-07-18T03:21:51+00:00,9ceb09697d5e297a71023ec85eb213f7cf781de1a39431c6c6a1e27cecd12b3a
2024-06-19,DK1010001,Dhaka,PM2.5-24hr,UG/M3,21.2,24,U.S. Department of State Bangladesh - Dhaka,74,1,23.796374,90.424614,050DK1010001,https://files.airnowtech.org/airnow/2024/20240619/daily_data_v2.dat,06/19/24|DK1010001|Dhaka|PM2.5-24hr|UG/M3|21.2|24|U.S. Department of State Bangladesh - Dhaka|74|1|23.796374|90.424614|050DK1010001,2026-07-18T03:21:51+00:00,bc559a232c1e1a500c5610cf4e8d1f78edfe396ba82d1fd73bd03e4977c0ee0f
2024-06-20,DK1010001,Dhaka,PM2.5-24hr,UG/M3,23.7,24,U.S. Department of State Bangladesh - Dhaka,78,1,23.796374,90.424614,050DK1010001,https://files.airnowtech.org/airnow/2024/20240620/daily_data_v2.dat,06/20/24|DK1010001|Dhaka|PM2.5-24hr|UG/M3|23.7|24|U.S. Department of State Bangladesh - Dhaka|78|1|23.796374|90.424614|050DK1010001,2026-07-18T03:21:51+00:00,142021ba650f5864c0dfdb8c499669566d1a2b491846c3f7327f772f49c681dc
2024-06-21,DK1010001,Dhaka,PM2.5-24hr,UG/M3,44.0,24,U.S. Department of State Bangladesh - Dhaka,122,2,23.796374,90.424614,050DK1010001,https://files.airnowtech.org/airnow/2024/20240621/daily_data_v2.dat,06/21/24|DK1010001|Dhaka|PM2.5-24hr|UG/M3|44|24|U.S. Department of State Bangladesh - Dhaka|122|2|23.796374|90.424614|050DK1010001,2026-07-18T03:21:51+00:00,65ffa5a0690e9aa339179cfde423d1528109e9c0d57b8a21bcdcfa547008cae1
2024-06-22,DK1010001,Dhaka,PM2.5-24hr,UG/M3,39.0,24,U.S. Department of State Bangladesh - Dhaka,110,2,23.796374,90.424614,050DK1010001,https://files.airnowtech.org/airnow/2024/20240622/daily_data_v2.dat,06/22/24|DK1010001|Dhaka|PM2.5-24hr|UG/M3|39|24|U.S. Department of State Bangladesh - Dhaka|110|2|23.796374|90.424614|050DK1010001,2026-07-18T03:21:51+00:00,6d4912dbb7845e724675a729de4c4567a08bb99b50229e784342be378cd1cc09
2024-06-23,DK1010001,Dhaka,PM2.5-24hr,UG/M3,54.1,24,U.S. Department of State Bangladesh - Dhaka,147,2,23.796374,90.424614,050DK1010001,https://files.airnowtech.org/airnow/2024/20240623/daily_data_v2.dat,06/23/24|DK1010001|Dhaka|PM2.5-24hr|UG/M3|54.1|24|U.S. Department of State Bangladesh - Dhaka|147|2|23.796374|90.424614|050DK1010001,2026-07-18T03:21:51+00:00,bf1b08279a3233afbbc0b1471921c610a44f0f6d7278e677463c3ddeb49a9a78
2024-06-24,DK1010001,Dhaka,PM2.5-24hr,UG/M3,31.3,24,U.S. Department of State Bangladesh - Dhaka,92,1,23.796374,90.424614,050DK1010001,https://files.airnowtech.org/airnow/2024/20240624/daily_data_v2.dat,06/24/24|DK1010001|Dhaka|PM2.5-24hr|UG/M3|31.3|24|U.S. Department of State Bangladesh - Dhaka|92|1|23.796374|90.424614|050DK1010001,2026-07-18T03:21:51+00:00,8db3e9093e4113573a202eea74ffa8bcaeee9fe0f2ff73fd43b0f1ca279abd58
2024-06-25,DK1010001,Dhaka,PM2.5-24hr,UG/M3,33.4,24,U.S. Department of State Bangladesh - Dhaka,96,1,23.796374,90.424614,050DK1010001,https://files.airnowtech.org/airnow/2024/20240625/daily_data_v2.dat,06/25/24|DK1010001|Dhaka|PM2.5-24hr|UG/M3|33.4|24|U.S. Department of State Bangladesh - Dhaka|96|1|23.796374|90.424614|050DK1010001,2026-07-18T03:21:51+00:00,c8bf789e3a0f84254edc560c7e1969297293789d2fc823590986be20c8e9453b
2024-06-26,DK1010001,Dhaka,PM2.5-24hr,UG/M3,54.5,24,U.S. Department of State Bangladesh - Dhaka,148,2,23.796374,90.424614,050DK1010001,https://files.airnowtech.org/airnow/2024/20240626/daily_data_v2.dat,06/26/24|DK1010001|Dhaka|PM2.5-24hr|UG/M3|54.5|24|U.S. Department of State Bangladesh - Dhaka|148|2|23.796374|90.424614|050DK1010001,2026-07-18T03:21:51+00:00,1012656e20c4f1f0ed44945cf44bfb3c5aee8644e9b430b1c3339267761640ca
2024-06-27,DK1010001,Dhaka,PM2.5-24hr,UG/M3,34.2,24,U.S. Department of State Bangladesh - Dhaka,98,1,23.796374,90.424614,050DK1010001,https://files.airnowtech.org/airnow/2024/20240627/daily_data_v2.dat,06/27/24|DK1010001|Dhaka|PM2.5-24hr|UG/M3|34.2|24|U.S. Department of State Bangladesh - Dhaka|98|1|23.796374|90.424614|050DK1010001,2026-07-18T03:21:51+00:00,bf414ee7329cd19716ce67d66034b72dd77ca01771b4a02005a6e5e8e867f3fd
2024-06-28,DK1010001,Dhaka,PM2.5-24hr,UG/M3,23.2,24,U.S. Department of State Bangladesh - Dhaka,77,1,23.796374,90.424614,050DK1010001,https://files.airnowtech.org/airnow/2024/20240628/daily_data_v2.dat,06/28/24|DK1010001|Dhaka|PM2.5-24hr|UG/M3|23.2|24|U.S. Department of State Bangladesh - Dhaka|77|1|23.796374|90.424614|050DK1010001,2026-07-18T03:21:51+00:00,efc4b2cdaa2d75fe8103c72da6d4bcecdf9f4f44f7469c9965421696005c1beb
2024-06-29,DK1010001,Dhaka,PM2.5-24hr,UG/M3,36.0,24,U.S. Department of State Bangladesh - Dhaka,102,2,23.796374,90.424614,050DK1010001,https://files.airnowtech.org/airnow/2024/20240629/daily_data_v2.dat,06/29/24|DK1010001|Dhaka|PM2.5-24hr|UG/M3|36|24|U.S. Department of State Bangladesh - Dhaka|102|2|23.796374|90.424614|050DK1010001,2026-07-18T03:21:51+00:00,676312f4f42f1ca67d66b9800b4ba277afed61287c7248c8870a5400bbb441a3
2024-06-30,DK1010001,Dhaka,PM2.5-24hr,UG/M3,34.7,24,U.S. Department of State Bangladesh - Dhaka,99,1,23.796374,90.424614,050DK1010001,https://files.airnowtech.org/airnow/2024/20240630/daily_data_v2.dat,06/30/24|DK1010001|Dhaka|PM2.5-24hr|UG/M3|34.7|24|U.S. Department of State Bangladesh - Dhaka|99|1|23.796374|90.424614|050DK1010001,2026-07-18T03:21:51+00:00,a1974229311f32240bb1137eede09d4db84e62b31d321769f387b5ec0259fed6
2024-07-01,DK1010001,Dhaka,PM2.5-24hr,UG/M3,42.7,24,U.S. Department of State Bangladesh - Dhaka,119,2,23.796374,90.424614,050DK1010001,https://files.airnowtech.org/airnow/2024/20240701/daily_data_v2.dat,07/01/24|DK1010001|Dhaka|PM2.5-24hr|UG/M3|42.7|24|U.S. Department of State Bangladesh - Dhaka|119|2|23.796374|90.424614|050DK1010001,2026-07-18T03:21:51+00:00,e24e29bf271121a6718546c26cedd22d85858519b4b5b7aa91bc627f7419c3d3
2024-07-02,DK1010001,Dhaka,PM2.5-24hr,UG/M3,49.2,24,U.S. Department of State Bangladesh - Dhaka,135,2,23.796374,90.424614,050DK1010001,https://files.airnowtech.org/airnow/2024/20240702/daily_data_v2.dat,07/02/24|DK1010001|Dhaka|PM2.5-24hr|UG/M3|49.2|24|U.S. Department of State Bangladesh - Dhaka|135|2|23.796374|90.424614|050DK1010001,2026-07-18T03:21:51+00:00,b9c7e92acbc9ab70eab334129eefb7d1beb40ba5f42698cd0dde6df9ef9314b8
2024-07-03,DK1010001,Dhaka,PM2.5-24hr,UG/M3,38.9,24,U.S. Department of State Bangladesh - Dhaka,109,2,23.796374,90.424614,050DK1010001,https://files.airnowtech.org/airnow/2024/20240703/daily_data_v2.dat,07/03/24|DK1010001|Dhaka|PM2.5-24hr|UG/M3|38.9|24|U.S. Department of State Bangladesh - Dhaka|109|2|23.796374|90.424614|050DK1010001,2026-07-18T03:21:51+00:00,2dbb118e1470834e8d30d72fe7303b3531e269f29fa81d9e63221024265dea64
2024-07-04,DK1010001,Dhaka,PM2.5-24hr,UG/M3,36.0,24,U.S. Department of State Bangladesh - Dhaka,102,2,23.796374,90.424614,050DK1010001,https://files.airnowtech.org/airnow/2024/20240704/daily_data_v2.dat,07/04/24|DK1010001|Dhaka|PM2.5-24hr|UG/M3|36|24|U.S. Department of State Bangladesh - Dhaka|102|2|23.796374|90.424614|050DK1010001,2026-07-18T03:21:51+00:00,1fe0a455324f249073db2f842070557a4c4ac08828e957ea18ba05b79aa649da
2024-07-05,DK1010001,Dhaka,PM2.5-24hr,UG/M3,36.8,24,U.S. Department of State Bangladesh - Dhaka,104,2,23.796374,90.424614,050DK1010001,https://files.airnowtech.org/airnow/2024/20240705/daily_data_v2.dat,07/05/24|DK1010001|Dhaka|PM2.5-24hr|UG/M3|36.8|24|U.S. Department of State Bangladesh - Dhaka|104|2|23.796374|90.424614|050DK1010001,2026-07-18T03:21:51+00:00,6f0727e4ea7103df3aa43de483bcaaf669c5856112825fa04e83e546166724be
2024-07-06,DK1010001,Dhaka,PM2.5-24hr,UG/M3,34.5,24,U.S. Department of State Bangladesh - Dhaka,98,1,23.796374,90.424614,050DK1010001,https://files.airnowtech.org/airnow/2024/20240706/daily_data_v2.dat,07/06/24|DK1010001|Dhaka|PM2.5-24hr|UG/M3|34.5|24|U.S. Department of State Bangladesh - Dhaka|98|1|23.796374|90.424614|050DK1010001,2026-07-18T03:21:51+00:00,45d0edb139d00eae95264a34f04dae9ad13e5a33f315f4a61e61504042e7cffa
2024-07-07,DK1010001,Dhaka,PM2.5-24hr,UG/M3,38.9,24,U.S. Department of State Bangladesh - Dhaka,109,2,23.796374,90.424614,050DK1010001,https://files.airnowtech.org/airnow/2024/20240707/daily_data_v2.dat,07/07/24|DK1010001|Dhaka|PM2.5-24hr|UG/M3|38.9|24|U.S. Department of State Bangladesh - Dhaka|109|2|23.796374|90.424614|050DK1010001,2026-07-18T03:21:51+00:00,3795ec6ce56550b4e0ac79d77a3ae6858f314d39d72c63a12dcde876084d4e00
2024-07-08,DK1010001,Dhaka,PM2.5-24hr,UG/M3,34.4,24,U.S. Department of State Bangladesh - Dhaka,98,1,23.796374,90.424614,050DK1010001,https://files.airnowtech.org/airnow/2024/20240708/daily_data_v2.dat,07/08/24|DK1010001|Dhaka|PM2.5-24hr|UG/M3|34.4|24|U.S. Department of State Bangladesh - Dhaka|98|1|23.796374|90.424614|050DK1010001,2026-07-18T03:21:51+00:00,e2f49cfa0e4caf53025a59406e2d33b591ee18f96b8e939436e2e2ae2f45fa1f
2024-07-09,DK1010001,Dhaka,PM2.5-24hr,UG/M3,40.8,24,U.S. Department of State Bangladesh - Dhaka,114,2,23.796374,90.424614,050DK1010001,https://files.airnowtech.org/airnow/2024/20240709/daily_data_v2.dat,07/09/24|DK1010001|Dhaka|PM2.5-24hr|UG/M3|40.8|24|U.S. Department of State Bangladesh - Dhaka|114|2|23.796374|90.424614|050DK1010001,2026-07-18T03:21:51+00:00,6d177d0d0f6001a58a9d5cf4e7c0906ba324dd3f34aa5c68c5bb81721cc16f57
2024-07-10,DK1010001,Dhaka,PM2.5-24hr,UG/M3,34.8,24,U.S. Department of State Bangladesh - Dhaka,99,1,23.796374,90.424614,050DK1010001,https://files.airnowtech.org/airnow/2024/20240710/daily_data_v2.dat,07/10/24|DK1010001|Dhaka|PM2.5-24hr|UG/M3|34.8|24|U.S. Department of State Bangladesh - Dhaka|99|1|23.796374|90.424614|050DK1010001,2026-07-18T03:21:51+00:00,93fb1a5c186d4e4f82af077dbc3f5c744c52955d1e96c935fa10708d7c9c2c63
2024-07-11,DK1010001,Dhaka,PM2.5-24hr,UG/M3,32.7,24,U.S. Department of State Bangladesh - Dhaka,95,1,23.796374,90.424614,050DK1010001,https://files.airnowtech.org/airnow/2024/20240711/daily_data_v2.dat,07/11/24|DK1010001|Dhaka|PM2.5-24hr|UG/M3|32.7|24|U.S. Department of State Bangladesh - Dhaka|95|1|23.796374|90.424614|050DK1010001,2026-07-18T03:21:51+00:00,30ddae1c8cb3f852b5bbe41c7f0ffef21076f8a4c90fb77be21544db496bbe0f
2024-07-12,DK1010001,Dhaka,PM2.5-24hr,UG/M3,44.2,24,U.S. Department of State Bangladesh - Dhaka,122,2,23.796374,90.424614,050DK1010001,https://files.airnowtech.org/airnow/2024/20240712/daily_data_v2.dat,07/12/24|DK1010001|Dhaka|PM2.5-24hr|UG/M3|44.2|24|U.S. Department of State Bangladesh - Dhaka|122|2|23.796374|90.424614|050DK1010001,2026-07-18T03:21:51+00:00,801a2dfdad08d58f311e51e19cd5157b2703aaa9a9cfd7f8b7eebdd247433277
2024-07-13,DK1010001,Dhaka,PM2.5-24hr,UG/M3,41.6,24,U.S. Department of State Bangladesh - Dhaka,116,2,23.796374,90.424614,050DK1010001,https://files.airnowtech.org/airnow/2024/20240713/daily_data_v2.dat,07/13/24|DK1010001|Dhaka|PM2.5-24hr|UG/M3|41.6|24|U.S. Department of State Bangladesh - Dhaka|116|2|23.796374|90.424614|050DK1010001,2026-07-18T03:21:51+00:00,7c58b55ced7c9e0630befc9900ce8a392ca611e2e79f8b3d90968e6370733471
2024-07-14,DK1010001,Dhaka,PM2.5-24hr,UG/M3,39.2,24,U.S. Department of State Bangladesh - Dhaka,110,2,23.796374,90.424614,050DK1010001,https://files.airnowtech.org/airnow/2024/20240714/daily_data_v2.dat,07/14/24|DK1010001|Dhaka|PM2.5-24hr|UG/M3|39.2|24|U.S. Department of State Bangladesh - Dhaka|110|2|23.796374|90.424614|050DK1010001,2026-07-18T03:21:51+00:00,b00d068016bb8724655985faa04d17303625d9b70b94ca5fa6fdbbd5abd60620
2024-07-15,DK1010001,Dhaka,PM2.5-24hr,UG/M3,27.3,24,U.S. Department of State Bangladesh - Dhaka,85,1,23.796374,90.424614,050DK1010001,https://files.airnowtech.org/airnow/2024/20240715/daily_data_v2.dat,07/15/24|DK1010001|Dhaka|PM2.5-24hr|UG/M3|27.3|24|U.S. Department of State Bangladesh - Dhaka|85|1|23.796374|90.424614|050DK1010001,2026-07-18T03:21:51+00:00,b116ce215130c1c8a049c5026aaa0de3e2b7a305bab28d1db500bacfc6acd285
2024-07-16,DK1010001,Dhaka,PM2.5-24hr,UG/M3,29.4,24,U.S. Department of State Bangladesh - Dhaka,89,1,23.796374,90.424614,050DK1010001,https://files.airnowtech.org/airnow/2024/20240716/daily_data_v2.dat,07/16/24|DK1010001|Dhaka|PM2.5-24hr|UG/M3|29.4|24|U.S. Department of State Bangladesh - Dhaka|89|1|23.796374|90.424614|050DK1010001,2026-07-18T03:21:51+00:00,ebff5bde64b3c41d29a62b4864c3539c47bd41b4cc5ada5549e55ed3b85fad6f
2024-07-17,DK1010001,Dhaka,PM2.5-24hr,UG/M3,43.7,24,U.S. Department of State Bangladesh - Dhaka,121,2,23.796374,90.424614,050DK1010001,https://files.airnowtech.org/airnow/2024/20240717/daily_data_v2.dat,07/17/24|DK1010001|Dhaka|PM2.5-24hr|UG/M3|43.7|24|U.S. Department of State Bangladesh - Dhaka|121|2|23.796374|90.424614|050DK1010001,2026-07-18T03:21:51+00:00,77c1db808b199b1c423183c551fc729306a1986419ad3b8d23a205c5305f56ff
2024-07-18,DK1010001,Dhaka,PM2.5-24hr,UG/M3,41.2,24,U.S. Department of State Bangladesh - Dhaka,115,2,23.796374,90.424614,050DK1010001,https://files.airnowtech.org/airnow/2024/20240718/daily_data_v2.dat,07/18/24|DK1010001|Dhaka|PM2.5-24hr|UG/M3|41.2|24|U.S. Department of State Bangladesh - Dhaka|115|2|23.796374|90.424614|050DK1010001,2026-07-18T03:21:51+00:00,f3bd36aab789eeb927711700ced2856f9acf5106b8914c04f87a3b626a9c2ef5
2024-07-22,DK1010001,Dhaka,PM2.5-24hr,UG/M3,15.4,24,U.S. Department of State Bangladesh - Dhaka,63,1,23.796374,90.424614,050DK1010001,https://files.airnowtech.org/airnow/2024/20240722/daily_data_v2.dat,07/22/24|DK1010001|Dhaka|PM2.5-24hr|UG/M3|15.4|24|U.S. Department of State Bangladesh - Dhaka|63|1|23.796374|90.424614|050DK1010001,2026-07-18T03:21:51+00:00,72dbb314d64a6dc4dceea1b21bcabdaaa4180b85bcf4135364becdf97d66ab04
2024-07-23,DK1010001,Dhaka,PM2.5-24hr,UG/M3,15.5,24,U.S. Department of State Bangladesh - Dhaka,63,1,23.796374,90.424614,050DK1010001,https://files.airnowtech.org/airnow/2024/20240723/daily_data_v2.dat,07/23/24|DK1010001|Dhaka|PM2.5-24hr|UG/M3|15.5|24|U.S. Department of State Bangladesh - Dhaka|63|1|23.796374|90.424614|050DK1010001,2026-07-18T03:21:51+00:00,2f47c53a70a881502ab803644733d161cfc9903c8ae1b33bc3f059daace34c2e
2024-07-24,DK1010001,Dhaka,PM2.5-24hr,UG/M3,24.9,24,U.S. Department of State Bangladesh - Dhaka,80,1,23.796374,90.424614,050DK1010001,https://files.airnowtech.org/airnow/2024/20240724/daily_data_v2.dat,07/24/24|DK1010001|Dhaka|PM2.5-24hr|UG/M3|24.9|24|U.S. Department of State Bangladesh - Dhaka|80|1|23.796374|90.424614|050DK1010001,2026-07-18T03:21:51+00:00,11a0273a5dbe549110801bd8acdf167ae5f70f1dd237f43de5c2c693fe7732b9
2024-07-25,DK1010001,Dhaka,PM2.5-24hr,UG/M3,31.7,24,U.S. Department of State Bangladesh - Dhaka,93,1,23.796374,90.424614,050DK1010001,https://files.airnowtech.org/airnow/2024/20240725/daily_data_v2.dat,07/25/24|DK1010001|Dhaka|PM2.5-24hr|UG/M3|31.7|24|U.S. Department of State Bangladesh - Dhaka|93|1|23.796374|90.424614|050DK1010001,2026-07-18T03:21:52+00:00,6ac1a3ebc8cdb2e403ff58bc2029c7bcb7baecb9bb4e65a3f53b26df5d965a56
2024-07-26,DK1010001,Dhaka,PM2.5-24hr,UG/M3,21.1,24,U.S. Department of State Bangladesh - Dhaka,73,1,23.796374,90.424614,050DK1010001,https://files.airnowtech.org/airnow/2024/20240726/daily_data_v2.dat,07/26/24|DK1010001|Dhaka|PM2.5-24hr|UG/M3|21.1|24|U.S. Department of State Bangladesh - Dhaka|73|1|23.796374|90.424614|050DK1010001,2026-07-18T03:21:52+00:00,7dbb9b88cdf19cdac0b2f452a1e8156ecec22157daef024df24bd12ae529953e
2024-07-27,DK1010001,Dhaka,PM2.5-24hr,UG/M3,20.7,24,U.S. Department of State Bangladesh - Dhaka,73,1,23.796374,90.424614,050DK1010001,https://files.airnowtech.org/airnow/2024/20240727/daily_data_v2.dat,07/27/24|DK1010001|Dhaka|PM2.5-24hr|UG/M3|20.7|24|U.S. Department of State Bangladesh - Dhaka|73|1|23.796374|90.424614|050DK1010001,2026-07-18T03:21:52+00:00,414bec606db0fdff459fdff8a4c18fc484e0858f431426d866dbfdbe9768f25c
2024-07-28,DK1010001,Dhaka,PM2.5-24hr,UG/M3,20.8,24,U.S. Department of State Bangladesh - Dhaka,73,1,23.796374,90.424614,050DK1010001,https://files.airnowtech.org/airnow/2024/20240728/daily_data_v2.dat,07/28/24|DK1010001|Dhaka|PM2.5-24hr|UG/M3|20.8|24|U.S. Department of State Bangladesh - Dhaka|73|1|23.796374|90.424614|050DK1010001,2026-07-18T03:21:52+00:00,261b4a86aec0635879c20931489b685253f4df004858f6990181d0f294935622
2024-07-29,DK1010001,Dhaka,PM2.5-24hr,UG/M3,27.2,24,U.S. Department of State Bangladesh - Dhaka,85,1,23.796374,90.424614,050DK1010001,https://files.airnowtech.org/airnow/2024/20240729/daily_data_v2.dat,07/29/24|DK1010001|Dhaka|PM2.5-24hr|UG/M3|27.2|24|U.S. Department of State Bangladesh - Dhaka|85|1|23.796374|90.424614|050DK1010001,2026-07-18T03:21:52+00:00,f7df522ff3b4ba1b862a0512ecd185a64eec85a088a12d34f8378bf9c9bc80b1
2024-07-30,DK1010001,Dhaka,PM2.5-24hr,UG/M3,37.9,24,U.S. Department of State Bangladesh - Dhaka,107,2,23.796374,90.424614,050DK1010001,https://files.airnowtech.org/airnow/2024/20240730/daily_data_v2.dat,07/30/24|DK1010001|Dhaka|PM2.5-24hr|UG/M3|37.9|24|U.S. Department of State Bangladesh - Dhaka|107|2|23.796374|90.424614|050DK1010001,2026-07-18T03:21:52+00:00,cb14f1a4e1e848fb14e9cb221e45565344bda299f6173a71cd4fe879c3e3661c
2024-07-31,DK1010001,Dhaka,PM2.5-24hr,UG/M3,42.7,24,U.S. Department of State Bangladesh - Dhaka,119,2,23.796374,90.424614,050DK1010001,https://files.airnowtech.org/airnow/2024/20240731/daily_data_v2.dat,07/31/24|DK1010001|Dhaka|PM2.5-24hr|UG/M3|42.7|24|U.S. Department of State Bangladesh - Dhaka|119|2|23.796374|90.424614|050DK1010001,2026-07-18T03:21:52+00:00,649ff2e1d8eaca42ea126ec5fa5276c1436063a8d8817080084e2e2c114e4281
2024-08-01,DK1010001,Dhaka,PM2.5-24hr,UG/M3,17.5,24,U.S. Department of State Bangladesh - Dhaka,67,1,23.796374,90.424614,050DK1010001,https://files.airnowtech.org/airnow/2024/20240801/daily_data_v2.dat,08/01/24|DK1010001|Dhaka|PM2.5-24hr|UG/M3|17.5|24|U.S. Department of State Bangladesh - Dhaka|67|1|23.796374|90.424614|050DK1010001,2026-07-18T03:21:52+00:00,44ad76dfebcc79894df2becd08ee8430a34123ef14fa79085798aa62b2c482e7
2024-08-02,DK1010001,Dhaka,PM2.5-24hr,UG/M3,37.4,24,U.S. Department of State Bangladesh - Dhaka,106,2,23.796374,90.424614,050DK1010001,https://files.airnowtech.org/airnow/2024/20240802/daily_data_v2.dat,08/02/24|DK1010001|Dhaka|PM2.5-24hr|UG/M3|37.4|24|U.S. Department of State Bangladesh - Dhaka|106|2|23.796374|90.424614|050DK1010001,2026-07-18T03:21:52+00:00,82243286e28d5274196b3a47cc9f5ca2dbea82e96dc5cb71bba898c03a25d3b0
2024-08-03,DK1010001,Dhaka,PM2.5-24hr,UG/M3,45.0,24,U.S. Department of State Bangladesh - Dhaka,124,2,23.796374,90.424614,050DK1010001,https://files.airnowtech.org/airnow/2024/20240803/daily_data_v2.dat,08/03/24|DK1010001|Dhaka|PM2.5-24hr|UG/M3|45|24|U.S. Department of State Bangladesh - Dhaka|124|2|23.796374|90.424614|050DK1010001,2026-07-18T03:21:52+00:00,1e7da3321582b1adce8557c86cc20f9aed6f3ddced1965126bc450bb976152c6
2024-08-04,DK1010001,Dhaka,PM2.5-24hr,UG/M3,39.3,24,U.S. Department of State Bangladesh - Dhaka,110,2,23.796374,90.424614,050DK1010001,https://files.airnowtech.org/airnow/2024/20240804/daily_data_v2.dat,08/04/24|DK1010001|Dhaka|PM2.5-24hr|UG/M3|39.3|24|U.S. Department of State Bangladesh - Dhaka|110|2|23.796374|90.424614|050DK1010001,2026-07-18T03:21:52+00:00,5b4a5ad9a4f5e8f284f7af66fc5f2ea6d7d63671326ffc986ba8d93e5269f9e4
2024-08-05,DK1010001,Dhaka,PM2.5-24hr,UG/M3,25.1,24,U.S. Department of State Bangladesh - Dhaka,81,1,23.796374,90.424614,050DK1010001,https://files.airnowtech.org/airnow/2024/20240805/daily_data_v2.dat,08/05/24|DK1010001|Dhaka|PM2.5-24hr|UG/M3|25.1|24|U.S. Department of State Bangladesh - Dhaka|81|1|23.796374|90.424614|050DK1010001,2026-07-18T03:21:52+00:00,cdfd3e23051b0b844c4d97c4e44e1031fc5de26d040cf8993466a8bf925add0f
2024-08-06,DK1010001,Dhaka,PM2.5-24hr,UG/M3,24.5,24,U.S. Department of State Bangladesh - Dhaka,80,1,23.796374,90.424614,050DK1010001,https://files.airnowtech.org/airnow/2024/20240806/daily_data_v2.dat,08/06/24|DK1010001|Dhaka|PM2.5-24hr|UG/M3|24.5|24|U.S. Department of State Bangladesh - Dhaka|80|1|23.796374|90.424614|050DK1010001,2026-07-18T03:21:52+00:00,7837c41644644a6eb4cc9cb68e37f93b9a3dc5da4fdc1ae5a3f85960cab84035
2024-08-07,DK1010001,Dhaka,PM2.5-24hr,UG/M3,29.1,24,U.S. Department of State Bangladesh - Dhaka,88,1,23.796374,90.424614,050DK1010001,https://files.airnowtech.org/airnow/2024/20240807/daily_data_v2.dat,08/07/24|DK1010001|Dhaka|PM2.5-24hr|UG/M3|29.1|24|U.S. Department of State Bangladesh - Dhaka|88|1|23.796374|90.424614|050DK1010001,2026-07-18T03:21:52+00:00,9a342f4fce0d195ee7e1d9a43114a2854b22c9e34a2cbab2f35df91360da1fcf
2024-08-08,DK1010001,Dhaka,PM2.5-24hr,UG/M3,30.0,24,U.S. Department of State Bangladesh - Dhaka,90,1,23.796374,90.424614,050DK1010001,https://files.airnowtech.org/airnow/2024/20240808/daily_data_v2.dat,08/08/24|DK1010001|Dhaka|PM2.5-24hr|UG/M3|30|24|U.S. Department of State Bangladesh - Dhaka|90|1|23.796374|90.424614|050DK1010001,2026-07-18T03:21:52+00:00,4a08d80a8410a176da60e5229377d3270f2e48442b72582ddf0727412ec7762d
2024-08-09,DK1010001,Dhaka,PM2.5-24hr,UG/M3,25.9,24,U.S. Department of State Bangladesh - Dhaka,82,1,23.796374,90.424614,050DK1010001,https://files.airnowtech.org/airnow/2024/20240809/daily_data_v2.dat,08/09/24|DK1010001|Dhaka|PM2.5-24hr|UG/M3|25.9|24|U.S. Department of State Bangladesh - Dhaka|82|1|23.796374|90.424614|050DK1010001,2026-07-18T03:21:52+00:00,8905b96ab701e1bdde61fdb579b8b3cf1addf592ed932a34a3c86ef302cb18d5
2024-08-10,DK1010001,Dhaka,PM2.5-24hr,UG/M3,38.7,24,U.S. Department of State Bangladesh - Dhaka,109,2,23.796374,90.424614,050DK1010001,https://files.airnowtech.org/airnow/2024/20240810/daily_data_v2.dat,08/10/24|DK1010001|Dhaka|PM2.5-24hr|UG/M3|38.7|24|U.S. Department of State Bangladesh - Dhaka|109|2|23.796374|90.424614|050DK1010001,2026-07-18T03:21:52+00:00,52eca70e397347a101182c2b68c5921f6d47e717348e8415d4dc29f75b5551be
2024-08-11,DK1010001,Dhaka,PM2.5-24hr,UG/M3,44.2,24,U.S. Department of State Bangladesh - Dhaka,122,2,23.796374,90.424614,050DK1010001,https://files.airnowtech.org/airnow/2024/20240811/daily_data_v2.dat,08/11/24|DK1010001|Dhaka|PM2.5-24hr|UG/M3|44.2|24|U.S. Department of State Bangladesh - Dhaka|122|2|23.796374|90.424614|050DK1010001,2026-07-18T03:21:52+00:00,8dee9d54bf784fb22ce51a4c140cba8fcf0785f25f883fbec92a22612381f301
2024-08-12,DK1010001,Dhaka,PM2.5-24hr,UG/M3,57.0,24,U.S. Department of State Bangladesh - Dhaka,152,3,23.796374,90.424614,050DK1010001,https://files.airnowtech.org/airnow/2024/20240812/daily_data_v2.dat,08/12/24|DK1010001|Dhaka|PM2.5-24hr|UG/M3|57|24|U.S. Department of State Bangladesh - Dhaka|152|3|23.796374|90.424614|050DK1010001,2026-07-18T03:21:52+00:00,e88b57357669b741ae2cdeaea84c640e36307fd264a0a7c341f42f9bef69a539
2024-08-13,DK1010001,Dhaka,PM2.5-24hr,UG/M3,62.2,24,U.S. Department of State Bangladesh - Dhaka,156,3,23.796374,90.424614,050DK1010001,https://files.airnowtech.org/airnow/2024/20240813/daily_data_v2.dat,08/13/24|DK1010001|Dhaka|PM2.5-24hr|UG/M3|62.2|24|U.S. Department of State Bangladesh - Dhaka|156|3|23.796374|90.424614|050DK1010001,2026-07-18T03:21:52+00:00,12393a874002ab0ff7498540219f0f037eea11f111b4e22c8142031dbd234282
2024-08-14,DK1010001,Dhaka,PM2.5-24hr,UG/M3,45.1,24,U.S. Department of State Bangladesh - Dhaka,125,2,23.796374,90.424614,050DK1010001,https://files.airnowtech.org/airnow/2024/20240814/daily_data_v2.dat,08/14/24|DK1010001|Dhaka|PM2.5-24hr|UG/M3|45.1|24|U.S. Department of State Bangladesh - Dhaka|125|2|23.796374|90.424614|050DK1010001,2026-07-18T03:21:52+00:00,cad58faf8f085eeebcbf12b458c395481fbb4331b230fdf5a1c087d0b74f2d88
2024-08-15,DK1010001,Dhaka,PM2.5-24hr,UG/M3,38.7,24,U.S. Department of State Bangladesh - Dhaka,109,2,23.796374,90.424614,050DK1010001,https://files.airnowtech.org/airnow/2024/20240815/daily_data_v2.dat,08/15/24|DK1010001|Dhaka|PM2.5-24hr|UG/M3|38.7|24|U.S. Department of State Bangladesh - Dhaka|109|2|23.796374|90.424614|050DK1010001,2026-07-18T03:21:52+00:00,ea01573bbbb8e2932a8b551429358b717ef354c4656c0be55e751f9f11d047bd
2024-08-16,DK1010001,Dhaka,PM2.5-24hr,UG/M3,23.9,24,U.S. Department of State Bangladesh - Dhaka,79,1,23.796374,90.424614,050DK1010001,https://files.airnowtech.org/airnow/2024/20240816/daily_data_v2.dat,08/16/24|DK1010001|Dhaka|PM2.5-24hr|UG/M3|23.9|24|U.S. Department of State Bangladesh - Dhaka|79|1|23.796374|90.424614|050DK1010001,2026-07-18T03:21:52+00:00,d11fe418f375ecc1614b9d6a8a595d88fe449877939052377685acccc60223ac
2024-08-17,DK1010001,Dhaka,PM2.5-24hr,UG/M3,10.1,24,U.S. Department of State Bangladesh - Dhaka,53,1,23.796374,90.424614,050DK1010001,https://files.airnowtech.org/airnow/2024/20240817/daily_data_v2.dat,08/17/24|DK1010001|Dhaka|PM2.5-24hr|UG/M3|10.1|24|U.S. Department of State Bangladesh - Dhaka|53|1|23.796374|90.424614|050DK1010001,2026-07-18T03:21:52+00:00,e047c07fb2f12f339e04d3d75b45a52abc1f32890d16227b15c57db1f97af0c7
2024-08-18,DK1010001,Dhaka,PM2.5-24hr,UG/M3,19.9,24,U.S. Department of State Bangladesh - Dhaka,71,1,23.796374,90.424614,050DK1010001,https://files.airnowtech.org/airnow/2024/20240818/daily_data_v2.dat,08/18/24|DK1010001|Dhaka|PM2.5-24hr|UG/M3|19.9|24|U.S. Department of State Bangladesh - Dhaka|71|1|23.796374|90.424614|050DK1010001,2026-07-18T03:21:52+00:00,9f765bd070af8fa2063fc4eb8b6fac6d537d021bf2a81beb04ee8e5388661e04
2024-08-19,DK1010001,Dhaka,PM2.5-24hr,UG/M3,20.2,24,U.S. Department of State Bangladesh - Dhaka,72,1,23.796374,90.424614,050DK1010001,https://files.airnowtech.org/airnow/2024/20240819/daily_data_v2.dat,08/19/24|DK1010001|Dhaka|PM2.5-24hr|UG/M3|20.2|24|U.S. Department of State Bangladesh - Dhaka|72|1|23.796374|90.424614|050DK1010001,2026-07-18T03:21:52+00:00,8582e7f28f1ca2b6b26e3396bb23c2849b137e4598d7dce7d42ef41dd7b12e8f
2024-08-20,DK1010001,Dhaka,PM2.5-24hr,UG/M3,35.8,24,U.S. Department of State Bangladesh - Dhaka,102,2,23.796374,90.424614,050DK1010001,https://files.airnowtech.org/airnow/2024/20240820/daily_data_v2.dat,08/20/24|DK1010001|Dhaka|PM2.5-24hr|UG/M3|35.8|24|U.S. Department of State Bangladesh - Dhaka|102|2|23.796374|90.424614|050DK1010001,2026-07-18T03:21:52+00:00,6d7a3d201801644e9a92ab728daea261c36ab6a115d34bb73c067fd9dbef6fc1
2024-08-21,DK1010001,Dhaka,PM2.5-24hr,UG/M3,44.2,24,U.S. Department of State Bangladesh - Dhaka,122,2,23.796374,90.424614,050DK1010001,https://files.airnowtech.org/airnow/2024/20240821/daily_data_v2.dat,08/21/24|DK1010001|Dhaka|PM2.5-24hr|UG/M3|44.2|24|U.S. Department of State Bangladesh - Dhaka|122|2|23.796374|90.424614|050DK1010001,2026-07-18T03:21:52+00:00,f21fb7e38aac6cfec7e43acb55c333ef727628db317f1a7e1c2fff54be1a1cce
2024-08-22,DK1010001,Dhaka,PM2.5-24hr,UG/M3,48.0,24,U.S. Department of State Bangladesh - Dhaka,132,2,23.796374,90.424614,050DK1010001,https://files.airnowtech.org/airnow/2024/20240822/daily_data_v2.dat,08/22/24|DK1010001|Dhaka|PM2.5-24hr|UG/M3|48|24|U.S. Department of State Bangladesh - Dhaka|132|2|23.796374|90.424614|050DK1010001,2026-07-18T03:21:52+00:00,9d3b85998ac3147f09deaef3c7824bd95350ebda5b8c0f9d107d848fc6470050
2024-08-23,DK1010001,Dhaka,PM2.5-24hr,UG/M3,29.6,24,U.S. Department of State Bangladesh - Dhaka,89,1,23.796374,90.424614,050DK1010001,https://files.airnowtech.org/airnow/2024/20240823/daily_data_v2.dat,08/23/24|DK1010001|Dhaka|PM2.5-24hr|UG/M3|29.6|24|U.S. Department of State Bangladesh - Dhaka|89|1|23.796374|90.424614|050DK1010001,2026-07-18T03:21:52+00:00,386dfaac77b034a8317a1454da882c311dbecb604d47fef65b1a804b7784ce4d
2024-08-24,DK1010001,Dhaka,PM2.5-24hr,UG/M3,27.5,24,U.S. Department of State Bangladesh - Dhaka,85,1,23.796374,90.424614,050DK1010001,https://files.airnowtech.org/airnow/2024/20240824/daily_data_v2.dat,08/24/24|DK1010001|Dhaka|PM2.5-24hr|UG/M3|27.5|24|U.S. Department of State Bangladesh - Dhaka|85|1|23.796374|90.424614|050DK1010001,2026-07-18T03:21:52+00:00,1c472d72538e577b3c8ae1f9bbbcf175e9a4941065f90597282abbf32e7aacba
2024-08-25,DK1010001,Dhaka,PM2.5-24hr,UG/M3,15.2,24,U.S. Department of State Bangladesh - Dhaka,62,1,23.796374,90.424614,050DK1010001,https://files.airnowtech.org/airnow/2024/20240825/daily_data_v2.dat,08/25/24|DK1010001|Dhaka|PM2.5-24hr|UG/M3|15.2|24|U.S. Department of State Bangladesh - Dhaka|62|1|23.796374|90.424614|050DK1010001,2026-07-18T03:21:52+00:00,7cf96ec95b55fa8870d8fb6d04f841a7b4e436a7795e99d76ddf5b20bb2a4a1f
2024-08-26,DK1010001,Dhaka,PM2.5-24hr,UG/M3,32.2,24,U.S. Department of State Bangladesh - Dhaka,94,1,23.796374,90.424614,050DK1010001,https://files.airnowtech.org/airnow/2024/20240826/daily_data_v2.dat,08/26/24|DK1010001|Dhaka|PM2.5-24hr|UG/M3|32.2|24|U.S. Department of State Bangladesh - Dhaka|94|1|23.796374|90.424614|050DK1010001,2026-07-18T03:21:52+00:00,6fa0a3f7075eaa159d8161039723896ad3dfbbeb96d25698cae3d2425186a477
2024-08-27,DK1010001,Dhaka,PM2.5-24hr,UG/M3,32.7,24,U.S. Department of State Bangladesh - Dhaka,95,1,23.796374,90.424614,050DK1010001,https://files.airnowtech.org/airnow/2024/20240827/daily_data_v2.dat,08/27/24|DK1010001|Dhaka|PM2.5-24hr|UG/M3|32.7|24|U.S. Department of State Bangladesh - Dhaka|95|1|23.796374|90.424614|050DK1010001,2026-07-18T03:21:52+00:00,5b8b6fdef3ee3623b0d4f49ded6af95fd4c40e50022f6c2ccecb6fe29f3b4bf6
2024-08-28,DK1010001,Dhaka,PM2.5-24hr,UG/M3,47.6,24,U.S. Department of State Bangladesh - Dhaka,131,2,23.796374,90.424614,050DK1010001,https://files.airnowtech.org/airnow/2024/20240828/daily_data_v2.dat,08/28/24|DK1010001|Dhaka|PM2.5-24hr|UG/M3|47.6|24|U.S. Department of State Bangladesh - Dhaka|131|2|23.796374|90.424614|050DK1010001,2026-07-18T03:21:52+00:00,59fbc22c3a6a3ef9ab49764871363acd689cef9185461cddf3d75d3c30684cfc
2024-08-29,DK1010001,Dhaka,PM2.5-24hr,UG/M3,53.8,24,U.S. Department of State Bangladesh - Dhaka,146,2,23.796374,90.424614,050DK1010001,https://files.airnowtech.org/airnow/2024/20240829/daily_data_v2.dat,08/29/24|DK1010001|Dhaka|PM2.5-24hr|UG/M3|53.8|24|U.S. Department of State Bangladesh - Dhaka|146|2|23.796374|90.424614|050DK1010001,2026-07-18T03:21:52+00:00,5dacba1326547f9c0c4653cbc48036fe974f823412a6ad772ced07d626e1af01
2024-08-30,DK1010001,Dhaka,PM2.5-24hr,UG/M3,37.5,24,U.S. Department of State Bangladesh - Dhaka,106,2,23.796374,90.424614,050DK1010001,https://files.airnowtech.org/airnow/2024/20240830/daily_data_v2.dat,08/30/24|DK1010001|Dhaka|PM2.5-24hr|UG/M3|37.5|24|U.S. Department of State Bangladesh - Dhaka|106|2|23.796374|90.424614|050DK1010001,2026-07-18T03:21:52+00:00,761bb480462bd722f9025adf2a244fe8db5551c3d1609b9e62f036f465ae19f6
2024-08-31,DK1010001,Dhaka,PM2.5-24hr,UG/M3,31.3,24,U.S. Department of State Bangladesh - Dhaka,92,1,23.796374,90.424614,050DK1010001,https://files.airnowtech.org/airnow/2024/20240831/daily_data_v2.dat,08/31/24|DK1010001|Dhaka|PM2.5-24hr|UG/M3|31.3|24|U.S. Department of State Bangladesh - Dhaka|92|1|23.796374|90.424614|050DK1010001,2026-07-18T03:21:52+00:00,cf3327f32e8561b9f4a06543c287899fa4cb97472c3a69d2047c8dcf6c24c8de
2024-09-01,DK1010001,Dhaka,PM2.5-24hr,UG/M3,35.0,24,U.S. Department of State Bangladesh - Dhaka,99,1,23.796374,90.424614,050DK1010001,https://files.airnowtech.org/airnow/2024/20240901/daily_data_v2.dat,09/01/24|DK1010001|Dhaka|PM2.5-24hr|UG/M3|35|24|U.S. Department of State Bangladesh - Dhaka|99|1|23.796374|90.424614|050DK1010001,2026-07-18T03:21:52+00:00,64e00674f9b14b92310b31698c95b577cbe284103240efe05e5f1726f7141577
2024-09-02,DK1010001,Dhaka,PM2.5-24hr,UG/M3,52.1,24,U.S. Department of State Bangladesh - Dhaka,142,2,23.796374,90.424614,050DK1010001,https://files.airnowtech.org/airnow/2024/20240902/daily_data_v2.dat,09/02/24|DK1010001|Dhaka|PM2.5-24hr|UG/M3|52.1|24|U.S. Department of State Bangladesh - Dhaka|142|2|23.796374|90.424614|050DK1010001,2026-07-18T03:21:52+00:00,89b247734fb9b8f5af20b8c594f8fd6d2f54da577d365847a2a3f49b5573bb63
2024-09-03,DK1010001,Dhaka,PM2.5-24hr,UG/M3,47.2,24,U.S. Department of State Bangladesh - Dhaka,130,2,23.796374,90.424614,050DK1010001,https://files.airnowtech.org/airnow/2024/20240903/daily_data_v2.dat,09/03/24|DK1010001|Dhaka|PM2.5-24hr|UG/M3|47.2|24|U.S. Department of State Bangladesh - Dhaka|130|2|23.796374|90.424614|050DK1010001,2026-07-18T03:21:52+00:00,562dce5481410b35f5faec8a66e94298de9149699285bce945ba5b437d18d90c
2024-09-04,DK1010001,Dhaka,PM2.5-24hr,UG/M3,44.5,24,U.S. Department of State Bangladesh - Dhaka,123,2,23.796374,90.424614,050DK1010001,https://files.airnowtech.org/airnow/2024/20240904/daily_data_v2.dat,09/04/24|DK1010001|Dhaka|PM2.5-24hr|UG/M3|44.5|24|U.S. Department of State Bangladesh - Dhaka|123|2|23.796374|90.424614|050DK1010001,2026-07-18T03:21:52+00:00,f2d6af8f968d77a026038aab971502852b1aa2e9de4e30dfef5c646465c2184b
2024-09-05,DK1010001,Dhaka,PM2.5-24hr,UG/M3,51.4,24,U.S. Department of State Bangladesh - Dhaka,140,2,23.796374,90.424614,050DK1010001,https://files.airnowtech.org/airnow/2024/20240905/daily_data_v2.dat,09/05/24|DK1010001|Dhaka|PM2.5-24hr|UG/M3|51.4|24|U.S. Department of State Bangladesh - Dhaka|140|2|23.796374|90.424614|050DK1010001,2026-07-18T03:21:52+00:00,a81eb4ece49d726b60dc285d79603ffd00e23fbd8bdaffc7e773764fdf854178
2024-09-06,DK1010001,Dhaka,PM2.5-24hr,UG/M3,45.1,24,U.S. Department of State Bangladesh - Dhaka,125,2,23.796374,90.424614,050DK1010001,https://files.airnowtech.org/airnow/2024/20240906/daily_data_v2.dat,09/06/24|DK1010001|Dhaka|PM2.5-24hr|UG/M3|45.1|24|U.S. Department of State Bangladesh - Dhaka|125|2|23.796374|90.424614|050DK1010001,2026-07-18T03:21:52+00:00,eb0d3845e182b1fb6083cb6ac3cbd8fbc0ff5f1779d093accaaebd909a0b964c
2024-09-07,DK1010001,Dhaka,PM2.5-24hr,UG/M3,83.2,24,U.S. Department of State Bangladesh - Dhaka,170,3,23.796374,90.424614,050DK1010001,https://files.airnowtech.org/airnow/2024/20240907/daily_data_v2.dat,09/07/24|DK1010001|Dhaka|PM2.5-24hr|UG/M3|83.2|24|U.S. Department of State Bangladesh - Dhaka|170|3|23.796374|90.424614|050DK1010001,2026-07-18T03:21:52+00:00,a887429d24eeed70d1a6955e4509fcb500c4bee4e724707937afa3e96ce1ccfa
2024-09-08,DK1010001,Dhaka,PM2.5-24hr,UG/M3,35.8,24,U.S. Department of State Bangladesh - Dhaka,102,2,23.796374,90.424614,050DK1010001,https://files.airnowtech.org/airnow/2024/20240908/daily_data_v2.dat,09/08/24|DK1010001|Dhaka|PM2.5-24hr|UG/M3|35.8|24|U.S. Department of State Bangladesh - Dhaka|102|2|23.796374|90.424614|050DK1010001,2026-07-18T03:21:52+00:00,c4dd8f50d2ddf5aef14e7881a3f388bc3a93603140fe2754b0abf3d3996fd635
2024-09-09,DK1010001,Dhaka,PM2.5-24hr,UG/M3,26.7,24,U.S. Department of State Bangladesh - Dhaka,84,1,23.796374,90.424614,050DK1010001,https://files.airnowtech.org/airnow/2024/20240909/daily_data_v2.dat,09/09/24|DK1010001|Dhaka|PM2.5-24hr|UG/M3|26.7|24|U.S. Department of State Bangladesh - Dhaka|84|1|23.796374|90.424614|050DK1010001,2026-07-18T03:21:52+00:00,65fd09e41369b8e2c7bc13d66a9f82c6c5f00186d441d9e3f70725ac6e600955
2024-09-10,DK1010001,Dhaka,PM2.5-24hr,UG/M3,31.6,24,U.S. Department of State Bangladesh - Dhaka,93,1,23.796374,90.424614,050DK1010001,https://files.airnowtech.org/airnow/2024/20240910/daily_data_v2.dat,09/10/24|DK1010001|Dhaka|PM2.5-24hr|UG/M3|31.6|24|U.S. Department of State Bangladesh - Dhaka|93|1|23.796374|90.424614|050DK1010001,2026-07-18T03:21:52+00:00,0684ebabf5ee14aaa3efc4b6600aaa9ea5838ef59c11648b4d4b2cbecde14a17
2024-09-11,DK1010001,Dhaka,PM2.5-24hr,UG/M3,46.8,24,U.S. Department of State Bangladesh - Dhaka,129,2,23.796374,90.424614,050DK1010001,https://files.airnowtech.org/airnow/2024/20240911/daily_data_v2.dat,09/11/24|DK1010001|Dhaka|PM2.5-24hr|UG/M3|46.8|24|U.S. Department of State Bangladesh - Dhaka|129|2|23.796374|90.424614|050DK1010001,2026-07-18T03:21:52+00:00,e51904a3a66072dc767043c626b5e6c0fa620ce82a4576ada0bdb9d37fc2e2cd
2024-09-12,DK1010001,Dhaka,PM2.5-24hr,UG/M3,44.5,24,U.S. Department of State Bangladesh - Dhaka,123,2,23.796374,90.424614,050DK1010001,https://files.airnowtech.org/airnow/2024/20240912/daily_data_v2.dat,09/12/24|DK1010001|Dhaka|PM2.5-24hr|UG/M3|44.5|24|U.S. Department of State Bangladesh - Dhaka|123|2|23.796374|90.424614|050DK1010001,2026-07-18T03:21:52+00:00,2c3e46fe7383c08a07a135113e8445f9d3086ad707cbf6dbbe11ca82a74c4135
2024-09-13,DK1010001,Dhaka,PM2.5-24hr,UG/M3,15.6,24,U.S. Department of State Bangladesh - Dhaka,63,1,23.796374,90.424614,050DK1010001,https://files.airnowtech.org/airnow/2024/20240913/daily_data_v2.dat,09/13/24|DK1010001|Dhaka|PM2.5-24hr|UG/M3|15.6|24|U.S. Department of State Bangladesh - Dhaka|63|1|23.796374|90.424614|050DK1010001,2026-07-18T03:21:52+00:00,b22a425f882811b755e4e7c07aade6d922c41bd1c37219bf2aa351f0a4e7df22
2024-09-14,DK1010001,Dhaka,PM2.5-24hr,UG/M3,9.5,24,U.S. Department of State Bangladesh - Dhaka,52,1,23.796374,90.424614,050DK1010001,https://files.airnowtech.org/airnow/2024/20240914/daily_data_v2.dat,09/14/24|DK1010001|Dhaka|PM2.5-24hr|UG/M3|9.5|24|U.S. Department of State Bangladesh - Dhaka|52|1|23.796374|90.424614|050DK1010001,2026-07-18T03:21:52+00:00,d3e4c819d0036424f08b91c29e7c48197beb3df03ac14efeb85f2dfbe6f2df01
2024-09-15,DK1010001,Dhaka,PM2.5-24hr,UG/M3,18.4,24,U.S. Department of State Bangladesh - Dhaka,68,1,23.796374,90.424614,050DK1010001,https://files.airnowtech.org/airnow/2024/20240915/daily_data_v2.dat,09/15/24|DK1010001|Dhaka|PM2.5-24hr|UG/M3|18.4|24|U.S. Department of State Bangladesh - Dhaka|68|1|23.796374|90.424614|050DK1010001,2026-07-18T03:21:54+00:00,8dc443213771e362cfb4cb0a78034f71c206414329d55abe499e2a444e5686cb
2024-09-16,DK1010001,Dhaka,PM2.5-24hr,UG/M3,45.0,24,U.S. Department of State Bangladesh - Dhaka,124,2,23.796374,90.424614,050DK1010001,https://files.airnowtech.org/airnow/2024/20240916/daily_data_v2.dat,09/16/24|DK1010001|Dhaka|PM2.5-24hr|UG/M3|45|24|U.S. Department of State Bangladesh - Dhaka|124|2|23.796374|90.424614|050DK1010001,2026-07-18T03:21:54+00:00,eb09424b8bdbea05892ac653dbc0bc97662c65b2b98b5b53352aeb2f75c2068d
2024-09-17,DK1010001,Dhaka,PM2.5-24hr,UG/M3,59.2,24,U.S. Department of State Bangladesh - Dhaka,154,3,23.796374,90.424614,050DK1010001,https://files.airnowtech.org/airnow/2024/20240917/daily_data_v2.dat,09/17/24|DK1010001|Dhaka|PM2.5-24hr|UG/M3|59.2|24|U.S. Department of State Bangladesh - Dhaka|154|3|23.796374|90.424614|050DK1010001,2026-07-18T03:21:54+00:00,ac99bd3b6a867fae224699279a1043024be97f7de4e01241959f901f34fc7b52
2024-09-18,DK1010001,Dhaka,PM2.5-24hr,UG/M3,64.7,24,U.S. Department of State Bangladesh - Dhaka,157,3,23.796374,90.424614,050DK1010001,https://files.airnowtech.org/airnow/2024/20240918/daily_data_v2.dat,09/18/24|DK1010001|Dhaka|PM2.5-24hr|UG/M3|64.7|24|U.S. Department of State Bangladesh - Dhaka|157|3|23.796374|90.424614|050DK1010001,2026-07-18T03:21:54+00:00,630edea7152093b270c0effc59c624433fe954e7eb25f8b3621f253bb502cc9f
2024-09-19,DK1010001,Dhaka,PM2.5-24hr,UG/M3,69.2,24,U.S. Department of State Bangladesh - Dhaka,161,3,23.796374,90.424614,050DK1010001,https://files.airnowtech.org/airnow/2024/20240919/daily_data_v2.dat,09/19/24|DK1010001|Dhaka|PM2.5-24hr|UG/M3|69.2|24|U.S. Department of State Bangladesh - Dhaka|161|3|23.796374|90.424614|050DK1010001,2026-07-18T03:21:54+00:00,fd520c9f1373e0e764abfee1b37d32970d463759e94f8e43d85a7cd7a0ba4ba2
2024-09-20,DK1010001,Dhaka,PM2.5-24hr,UG/M3,65.9,24,U.S. Department of State Bangladesh - Dhaka,158,3,23.796374,90.424614,050DK1010001,https://files.airnowtech.org/airnow/2024/20240920/daily_data_v2.dat,09/20/24|DK1010001|Dhaka|PM2.5-24hr|UG/M3|65.9|24|U.S. Department of State Bangladesh - Dhaka|158|3|23.796374|90.424614|050DK1010001,2026-07-18T03:21:54+00:00,83d1b363cc030820c1cf20112bcc6503684b0728a7ef0c9f0d168fcbccfa77cf
2024-09-21,DK1010001,Dhaka,PM2.5-24hr,UG/M3,40.2,24,U.S. Department of State Bangladesh - Dhaka,113,2,23.796374,90.424614,050DK1010001,https://files.airnowtech.org/airnow/2024/20240921/daily_data_v2.dat,09/21/24|DK1010001|Dhaka|PM2.5-24hr|UG/M3|40.2|24|U.S. Department of State Bangladesh - Dhaka|113|2|23.796374|90.424614|050DK1010001,2026-07-18T03:21:54+00:00,1ffc2d2da63d7654fd40dfeaf3d40aee666dcce8223765fad16eaab7952fb1fa
2024-09-22,DK1010001,Dhaka,PM2.5-24hr,UG/M3,38.9,24,U.S. Department of State Bangladesh - Dhaka,109,2,23.796374,90.424614,050DK1010001,https://files.airnowtech.org/airnow/2024/20240922/daily_data_v2.dat,09/22/24|DK1010001|Dhaka|PM2.5-24hr|UG/M3|38.9|24|U.S. Department of State Bangladesh - Dhaka|109|2|23.796374|90.424614|050DK1010001,2026-07-18T03:21:54+00:00,8d2182034aa47fd65a758ecc8a2919334b96fee077c5586843723e6fbb24bf10
2024-09-23,DK1010001,Dhaka,PM2.5-24hr,UG/M3,98.6,24,U.S. Department of State Bangladesh - Dhaka,181,3,23.796374,90.424614,050DK1010001,https://files.airnowtech.org/airnow/2024/20240923/daily_data_v2.dat,09/23/24|DK1010001|Dhaka|PM2.5-24hr|UG/M3|98.6|24|U.S. Department of State Bangladesh - Dhaka|181|3|23.796374|90.424614|050DK1010001,2026-07-18T03:21:54+00:00,ec33871d5d705b1593a163f27a26c455f79cf1161a90bdad42c68c19a3027375
2024-09-24,DK1010001,Dhaka,PM2.5-24hr,UG/M3,28.0,24,U.S. Department of State Bangladesh - Dhaka,86,1,23.796374,90.424614,050DK1010001,https://files.airnowtech.org/airnow/2024/20240924/daily_data_v2.dat,09/24/24|DK1010001|Dhaka|PM2.5-24hr|UG/M3|28|24|U.S. Department of State Bangladesh - Dhaka|86|1|23.796374|90.424614|050DK1010001,2026-07-18T03:21:54+00:00,cf2cebbc87b07251960b223f949b52e186ce1ecd9a906a3d233922e777e18ebb
2024-09-25,DK1010001,Dhaka,PM2.5-24hr,UG/M3,24.1,24,U.S. Department of State Bangladesh - Dhaka,79,1,23.796374,90.424614,050DK1010001,https://files.airnowtech.org/airnow/2024/20240925/daily_data_v2.dat,09/25/24|DK1010001|Dhaka|PM2.5-24hr|UG/M3|24.1|24|U.S. Department of State Bangladesh - Dhaka|79|1|23.796374|90.424614|050DK1010001,2026-07-18T03:21:54+00:00,6b3ac2f9d016868d77adc1e8a34b4c5ce9adcca474ace65f56deb95850221387
2024-09-26,DK1010001,Dhaka,PM2.5-24hr,UG/M3,32.9,24,U.S. Department of State Bangladesh - Dhaka,95,1,23.796374,90.424614,050DK1010001,https://files.airnowtech.org/airnow/2024/20240926/daily_data_v2.dat,09/26/24|DK1010001|Dhaka|PM2.5-24hr|UG/M3|32.9|24|U.S. Department of State Bangladesh - Dhaka|95|1|23.796374|90.424614|050DK1010001,2026-07-18T03:21:54+00:00,446f7e26cfe1154d50f9c6c4d4313e6182f5bd4a04675b5280d89159aa93a90f
2024-09-27,DK1010001,Dhaka,PM2.5-24hr,UG/M3,43.0,24,U.S. Department of State Bangladesh - Dhaka,119,2,23.796374,90.424614,050DK1010001,https://files.airnowtech.org/airnow/2024/20240927/daily_data_v2.dat,09/27/24|DK1010001|Dhaka|PM2.5-24hr|UG/M3|43|24|U.S. Department of State Bangladesh - Dhaka|119|2|23.796374|90.424614|050DK1010001,2026-07-18T03:21:54+00:00,778cd04f09501145445024c8fed2b7323dfcc1df1c682b03b01bea0cabb06b79
2024-09-28,DK1010001,Dhaka,PM2.5-24hr,UG/M3,33.5,24,U.S. Department of State Bangladesh - Dhaka,96,1,23.796374,90.424614,050DK1010001,https://files.airnowtech.org/airnow/2024/20240928/daily_data_v2.dat,09/28/24|DK1010001|Dhaka|PM2.5-24hr|UG/M3|33.5|24|U.S. Department of State Bangladesh - Dhaka|96|1|23.796374|90.424614|050DK1010001,2026-07-18T03:21:54+00:00,058c029dfdfc47cb57bac11faebcce42aecbf0e33cc6561058295105af274f5a
2024-09-29,DK1010001,Dhaka,PM2.5-24hr,UG/M3,38.9,24,U.S. Department of State Bangladesh - Dhaka,109,2,23.796374,90.424614,050DK1010001,https://files.airnowtech.org/airnow/2024/20240929/daily_data_v2.dat,09/29/24|DK1010001|Dhaka|PM2.5-24hr|UG/M3|38.9|24|U.S. Department of State Bangladesh - Dhaka|109|2|23.796374|90.424614|050DK1010001,2026-07-18T03:21:54+00:00,e0da6a48a4c6d8731009a63b3c41cbddccf00170dbb8378d9d59961e985c1fca
2024-09-30,DK1010001,Dhaka,PM2.5-24hr,UG/M3,79.4,24,U.S. Department of State Bangladesh - Dhaka,168,3,23.796374,90.424614,050DK1010001,https://files.airnowtech.org/airnow/2024/20240930/daily_data_v2.dat,09/30/24|DK1010001|Dhaka|PM2.5-24hr|UG/M3|79.4|24|U.S. Department of State Bangladesh - Dhaka|168|3|23.796374|90.424614|050DK1010001,2026-07-18T03:21:54+00:00,62269ad056c1622426be73e42f4de51043d13e95033cdc125d276d4476d36f40
2024-10-01,DK1010001,Dhaka,PM2.5-24hr,UG/M3,67.0,24,U.S. Department of State Bangladesh - Dhaka,159,3,23.796374,90.424614,050DK1010001,https://files.airnowtech.org/airnow/2024/20241001/daily_data_v2.dat,10/01/24|DK1010001|Dhaka|PM2.5-24hr|UG/M3|67|24|U.S. Department of State Bangladesh - Dhaka|159|3|23.796374|90.424614|050DK1010001,2026-07-18T03:21:54+00:00,b0a1926e37b03a5e280dbb85de31e8ba65843f9b2cbd80d8edb3f07a03967f40
2024-10-02,DK1010001,Dhaka,PM2.5-24hr,UG/M3,55.6,24,U.S. Department of State Bangladesh - Dhaka,151,3,23.796374,90.424614,050DK1010001,https://files.airnowtech.org/airnow/2024/20241002/daily_data_v2.dat,10/02/24|DK1010001|Dhaka|PM2.5-24hr|UG/M3|55.6|24|U.S. Department of State Bangladesh - Dhaka|151|3|23.796374|90.424614|050DK1010001,2026-07-18T03:21:54+00:00,f6c5e5a1131bde109940f13f8845513782f19c506b391113479b696f1218b573
2024-10-03,DK1010001,Dhaka,PM2.5-24hr,UG/M3,34.7,24,U.S. Department of State Bangladesh - Dhaka,99,1,23.796374,90.424614,050DK1010001,https://files.airnowtech.org/airnow/2024/20241003/daily_data_v2.dat,10/03/24|DK1010001|Dhaka|PM2.5-24hr|UG/M3|34.7|24|U.S. Department of State Bangladesh - Dhaka|99|1|23.796374|90.424614|050DK1010001,2026-07-18T03:21:54+00:00,c11cc93652e608f25b87b24956b3037caa81cbc1ec635876d0ecc96e214c107d
2024-10-04,DK1010001,Dhaka,PM2.5-24hr,UG/M3,42.7,24,U.S. Department of State Bangladesh - Dhaka,119,2,23.796374,90.424614,050DK1010001,https://files.airnowtech.org/airnow/2024/20241004/daily_data_v2.dat,10/04/24|DK1010001|Dhaka|PM2.5-24hr|UG/M3|42.7|24|U.S. Department of State Bangladesh - Dhaka|119|2|23.796374|90.424614|050DK1010001,2026-07-18T03:21:54+00:00,4de4368ddc3e9a5f4a480acdf3d8bdea4c29058a9ed89d31d4b97b33b6c84432
2024-10-05,DK1010001,Dhaka,PM2.5-24hr,UG/M3,54.2,24,U.S. Department of State Bangladesh - Dhaka,147,2,23.796374,90.424614,050DK1010001,https://files.airnowtech.org/airnow/2024/20241005/daily_data_v2.dat,10/05/24|DK1010001|Dhaka|PM2.5-24hr|UG/M3|54.2|24|U.S. Department of State Bangladesh - Dhaka|147|2|23.796374|90.424614|050DK1010001,2026-07-18T03:21:54+00:00,4a887845388bd5abd8bf92b7a38e9602949be46f8150307646c0a273015356ae
2024-10-06,DK1010001,Dhaka,PM2.5-24hr,UG/M3,45.0,24,U.S. Department of State Bangladesh - Dhaka,124,2,23.796374,90.424614,050DK1010001,https://files.airnowtech.org/airnow/2024/20241006/daily_data_v2.dat,10/06/24|DK1010001|Dhaka|PM2.5-24hr|UG/M3|45|24|U.S. Department of State Bangladesh - Dhaka|124|2|23.796374|90.424614|050DK1010001,2026-07-18T03:21:54+00:00,70017aabf3086e33310428ad3e6c3585d02577da752a7af6b01a32e62e93a920
2024-10-07,DK1010001,Dhaka,PM2.5-24hr,UG/M3,62.4,24,U.S. Department of State Bangladesh - Dhaka,156,3,23.796374,90.424614,050DK1010001,https://files.airnowtech.org/airnow/2024/20241007/daily_data_v2.dat,10/07/24|DK1010001|Dhaka|PM2.5-24hr|UG/M3|62.4|24|U.S. Department of State Bangladesh - Dhaka|156|3|23.796374|90.424614|050DK1010001,2026-07-18T03:21:54+00:00,48e9bcfb52f5253c07c33b725756b689ce9fd608ba0b2b832a936b59d829bf88
2024-10-08,DK1010001,Dhaka,PM2.5-24hr,UG/M3,52.0,24,U.S. Department of State Bangladesh - Dhaka,142,2,23.796374,90.424614,050DK1010001,https://files.airnowtech.org/airnow/2024/20241008/daily_data_v2.dat,10/08/24|DK1010001|Dhaka|PM2.5-24hr|UG/M3|52|24|U.S. Department of State Bangladesh - Dhaka|142|2|23.796374|90.424614|050DK1010001,2026-07-18T03:21:54+00:00,27869e2b9cc7634c6038574604ad55b6c4c27ae7eb39c672c07b8b9595b316f5
2024-10-09,DK1010001,Dhaka,PM2.5-24hr,UG/M3,72.4,24,U.S. Department of State Bangladesh - Dhaka,163,3,23.796374,90.424614,050DK1010001,https://files.airnowtech.org/airnow/2024/20241009/daily_data_v2.dat,10/09/24|DK1010001|Dhaka|PM2.5-24hr|UG/M3|72.4|24|U.S. Department of State Bangladesh - Dhaka|163|3|23.796374|90.424614|050DK1010001,2026-07-18T03:21:54+00:00,f81a1ef2949bd605811a6191e54ccda3e10b298b547ec0ea5b70d6b5765130e1
2024-10-10,DK1010001,Dhaka,PM2.5-24hr,UG/M3,70.0,24,U.S. Department of State Bangladesh - Dhaka,161,3,23.796374,90.424614,050DK1010001,https://files.airnowtech.org/airnow/2024/20241010/daily_data_v2.dat,10/10/24|DK1010001|Dhaka|PM2.5-24hr|UG/M3|70|24|U.S. Department of State Bangladesh - Dhaka|161|3|23.796374|90.424614|050DK1010001,2026-07-18T03:21:54+00:00,811986e496074e6a192c1463cef9c8061bdb96e13952523e4fcc9a99aa7cd48d
2024-10-11,DK1010001,Dhaka,PM2.5-24hr,UG/M3,38.0,24,U.S. Department of State Bangladesh - Dhaka,107,2,23.796374,90.424614,050DK1010001,https://files.airnowtech.org/airnow/2024/20241011/daily_data_v2.dat,10/11/24|DK1010001|Dhaka|PM2.5-24hr|UG/M3|38|24|U.S. Department of State Bangladesh - Dhaka|107|2|23.796374|90.424614|050DK1010001,2026-07-18T03:21:54+00:00,e196ac68b60b2e44a2fb65c7fc83df91107ffdf2933ec383167af301dc002ff5
2024-10-12,DK1010001,Dhaka,PM2.5-24hr,UG/M3,79.4,24,U.S. Department of State Bangladesh - Dhaka,168,3,23.796374,90.424614,050DK1010001,https://files.airnowtech.org/airnow/2024/20241012/daily_data_v2.dat,10/12/24|DK1010001|Dhaka|PM2.5-24hr|UG/M3|79.4|24|U.S. Department of State Bangladesh - Dhaka|168|3|23.796374|90.424614|050DK1010001,2026-07-18T03:21:54+00:00,b6c0484efba4aa81283e83f1d6708d46c4acaae659f13e49f2fcbb982d91c65f
2024-10-13,DK1010001,Dhaka,PM2.5-24hr,UG/M3,107.2,24,U.S. Department of State Bangladesh - Dhaka,187,3,23.796374,90.424614,050DK1010001,https://files.airnowtech.org/airnow/2024/20241013/daily_data_v2.dat,10/13/24|DK1010001|Dhaka|PM2.5-24hr|UG/M3|107.2|24|U.S. Department of State Bangladesh - Dhaka|187|3|23.796374|90.424614|050DK1010001,2026-07-18T03:21:54+00:00,633d01797df900daeab2e79b5459281d99121c6483a241710467c9688c836f12
2024-10-14,DK1010001,Dhaka,PM2.5-24hr,UG/M3,103.4,24,U.S. Department of State Bangladesh - Dhaka,185,3,23.796374,90.424614,050DK1010001,https://files.airnowtech.org/airnow/2024/20241014/daily_data_v2.dat,10/14/24|DK1010001|Dhaka|PM2.5-24hr|UG/M3|103.4|24|U.S. Department of State Bangladesh - Dhaka|185|3|23.796374|90.424614|050DK1010001,2026-07-18T03:21:54+00:00,6ba660853602ec21471c3ee9475a8c94b24382eb1f62934b21180d6856ab1e5f
2024-10-15,DK1010001,Dhaka,PM2.5-24hr,UG/M3,109.0,24,U.S. Department of State Bangladesh - Dhaka,189,3,23.796374,90.424614,050DK1010001,https://files.airnowtech.org/airnow/2024/20241015/daily_data_v2.dat,10/15/24|DK1010001|Dhaka|PM2.5-24hr|UG/M3|109|24|U.S. Department of State Bangladesh - Dhaka|189|3|23.796374|90.424614|050DK1010001,2026-07-18T03:21:54+00:00,7b8be0f4cb1509def4e69c2f623b096793076efcfab5089bc8cfe2e7da3e9140
2024-10-16,DK1010001,Dhaka,PM2.5-24hr,UG/M3,175.8,24,U.S. Department of State Bangladesh - Dhaka,251,4,23.796374,90.424614,050DK1010001,https://files.airnowtech.org/airnow/2024/20241016/daily_data_v2.dat,10/16/24|DK1010001|Dhaka|PM2.5-24hr|UG/M3|175.8|24|U.S. Department of State Bangladesh - Dhaka|251|4|23.796374|90.424614|050DK1010001,2026-07-18T03:21:54+00:00,3c6c26a1e50d55a7812132e404c9ae3ff79a12b8b80afa697a3b3f4288cdc600
2024-10-17,DK1010001,Dhaka,PM2.5-24hr,UG/M3,127.6,24,U.S. Department of State Bangladesh - Dhaka,203,4,23.796374,90.424614,050DK1010001,https://files.airnowtech.org/airnow/2024/20241017/daily_data_v2.dat,10/17/24|DK1010001|Dhaka|PM2.5-24hr|UG/M3|127.6|24|U.S. Department of State Bangladesh - Dhaka|203|4|23.796374|90.424614|050DK1010001,2026-07-18T03:21:54+00:00,394932e3d0678ec78cee02e86c99ab16273bcf807ac330135b6e5874bed33023
2024-10-18,DK1010001,Dhaka,PM2.5-24hr,UG/M3,89.7,24,U.S. Department of State Bangladesh - Dhaka,175,3,23.796374,90.424614,050DK1010001,https://files.airnowtech.org/airnow/2024/20241018/daily_data_v2.dat,10/18/24|DK1010001|Dhaka|PM2.5-24hr|UG/M3|89.7|24|U.S. Department of State Bangladesh - Dhaka|175|3|23.796374|90.424614|050DK1010001,2026-07-18T03:21:54+00:00,312886b87e04d8b3928cef88fb92006ac26c03046534e2bd18cfd11f8a8dc291
2024-10-19,DK1010001,Dhaka,PM2.5-24hr,UG/M3,93.3,24,U.S. Department of State Bangladesh - Dhaka,177,3,23.796374,90.424614,050DK1010001,https://files.airnowtech.org/airnow/2024/20241019/daily_data_v2.dat,10/19/24|DK1010001|Dhaka|PM2.5-24hr|UG/M3|93.3|24|U.S. Department of State Bangladesh - Dhaka|177|3|23.796374|90.424614|050DK1010001,2026-07-18T03:21:54+00:00,51faac2c1fbf9f9f167deeb825d0241401481e5ac0a491ccd8084d1d12786b12
2024-10-20,DK1010001,Dhaka,PM2.5-24hr,UG/M3,79.1,24,U.S. Department of State Bangladesh - Dhaka,168,3,23.796374,90.424614,050DK1010001,https://files.airnowtech.org/airnow/2024/20241020/daily_data_v2.dat,10/20/24|DK1010001|Dhaka|PM2.5-24hr|UG/M3|79.1|24|U.S. Department of State Bangladesh - Dhaka|168|3|23.796374|90.424614|050DK1010001,2026-07-18T03:21:54+00:00,0a80d0ccdad5e368957cb803ef2b251a6317b8694a287cceb1f686ac5c81d30e
2024-10-21,DK1010001,Dhaka,PM2.5-24hr,UG/M3,94.2,24,U.S. Department of State Bangladesh - Dhaka,178,3,23.796374,90.424614,050DK1010001,https://files.airnowtech.org/airnow/2024/20241021/daily_data_v2.dat,10/21/24|DK1010001|Dhaka|PM2.5-24hr|UG/M3|94.2|24|U.S. Department of State Bangladesh - Dhaka|178|3|23.796374|90.424614|050DK1010001,2026-07-18T03:21:54+00:00,6e62d1b55ae91a313c1534642765416b2e88d1c7f51b3fc6760839769fb1744e
2024-10-22,DK1010001,Dhaka,PM2.5-24hr,UG/M3,75.4,24,U.S. Department of State Bangladesh - Dhaka,165,3,23.796374,90.424614,050DK1010001,https://files.airnowtech.org/airnow/2024/20241022/daily_data_v2.dat,10/22/24|DK1010001|Dhaka|PM2.5-24hr|UG/M3|75.4|24|U.S. Department of State Bangladesh - Dhaka|165|3|23.796374|90.424614|050DK1010001,2026-07-18T03:21:54+00:00,14954e7aeaa86a90252bf4cbe3c94ce302dec8f3406a9e7eb86f4b38075c229c
2024-10-23,DK1010001,Dhaka,PM2.5-24hr,UG/M3,49.7,24,U.S. Department of State Bangladesh - Dhaka,136,2,23.796374,90.424614,050DK1010001,https://files.airnowtech.org/airnow/2024/20241023/daily_data_v2.dat,10/23/24|DK1010001|Dhaka|PM2.5-24hr|UG/M3|49.7|24|U.S. Department of State Bangladesh - Dhaka|136|2|23.796374|90.424614|050DK1010001,2026-07-18T03:21:54+00:00,f58dcda6a54fa3d1ba5635343b3960f1db64d8e8f95749d8988f5f0a7c501551
2024-10-24,DK1010001,Dhaka,PM2.5-24hr,UG/M3,16.5,24,U.S. Department of State Bangladesh - Dhaka,65,1,23.796374,90.424614,050DK1010001,https://files.airnowtech.org/airnow/2024/20241024/daily_data_v2.dat,10/24/24|DK1010001|Dhaka|PM2.5-24hr|UG/M3|16.5|24|U.S. Department of State Bangladesh - Dhaka|65|1|23.796374|90.424614|050DK1010001,2026-07-18T03:21:54+00:00,bf69702d12ea854877e51bd05da4f6c340a68717ce7e2bc499cc58e1ae264eec
2024-10-25,DK1010001,Dhaka,PM2.5-24hr,UG/M3,36.6,24,U.S. Department of State Bangladesh - Dhaka,104,2,23.796374,90.424614,050DK1010001,https://files.airnowtech.org/airnow/2024/20241025/daily_data_v2.dat,10/25/24|DK1010001|Dhaka|PM2.5-24hr|UG/M3|36.6|24|U.S. Department of State Bangladesh - Dhaka|104|2|23.796374|90.424614|050DK1010001,2026-07-18T03:21:54+00:00,d3aa0c66d2984291dc910aa59c2ac828bc0d8f19b1e637ca049492096d668143
2024-10-26,DK1010001,Dhaka,PM2.5-24hr,UG/M3,58.0,24,U.S. Department of State Bangladesh - Dhaka,153,3,23.796374,90.424614,050DK1010001,https://files.airnowtech.org/airnow/2024/20241026/daily_data_v2.dat,10/26/24|DK1010001|Dhaka|PM2.5-24hr|UG/M3|58|24|U.S. Department of State Bangladesh - Dhaka|153|3|23.796374|90.424614|050DK1010001,2026-07-18T03:21:54+00:00,2fdda0e8bcc4f778e53f47221caee6d18a3136e165476b807f4c9276589c0a0e
2024-10-27,DK1010001,Dhaka,PM2.5-24hr,UG/M3,87.2,24,U.S. Department of State Bangladesh - Dhaka,173,3,23.796374,90.424614,050DK1010001,https://files.airnowtech.org/airnow/2024/20241027/daily_data_v2.dat,10/27/24|DK1010001|Dhaka|PM2.5-24hr|UG/M3|87.2|24|U.S. Department of State Bangladesh - Dhaka|173|3|23.796374|90.424614|050DK1010001,2026-07-18T03:21:54+00:00,adb3110dd9ee064f06e357152f99bb4e983f17db41addd6658caafc5f5156bc0
2024-10-28,DK1010001,Dhaka,PM2.5-24hr,UG/M3,76.5,24,U.S. Department of State Bangladesh - Dhaka,166,3,23.796374,90.424614,050DK1010001,https://files.airnowtech.org/airnow/2024/20241028/daily_data_v2.dat,10/28/24|DK1010001|Dhaka|PM2.5-24hr|UG/M3|76.5|24|U.S. Department of State Bangladesh - Dhaka|166|3|23.796374|90.424614|050DK1010001,2026-07-18T03:21:54+00:00,1fbca144d7a86a1b3aca3ed9111944f28bbc0cbe23596584cc2c7ecd3e3b8a9d
2024-10-29,DK1010001,Dhaka,PM2.5-24hr,UG/M3,114.9,24,U.S. Department of State Bangladesh - Dhaka,193,3,23.796374,90.424614,050DK1010001,https://files.airnowtech.org/airnow/2024/20241029/daily_data_v2.dat,10/29/24|DK1010001|Dhaka|PM2.5-24hr|UG/M3|114.9|24|U.S. Department of State Bangladesh - Dhaka|193|3|23.796374|90.424614|050DK1010001,2026-07-18T03:21:54+00:00,8c72e9ac95e6e33b07d3e4b997e1f27c47dac5e55e1fc163d2c906da2939dba8
2024-10-30,DK1010001,Dhaka,PM2.5-24hr,UG/M3,109.2,24,U.S. Department of State Bangladesh - Dhaka,189,3,23.796374,90.424614,050DK1010001,https://files.airnowtech.org/airnow/2024/20241030/daily_data_v2.dat,10/30/24|DK1010001|Dhaka|PM2.5-24hr|UG/M3|109.2|24|U.S. Department of State Bangladesh - Dhaka|189|3|23.796374|90.424614|050DK1010001,2026-07-18T03:21:55+00:00,227258314c83906618e43d70ce6c0d4a48b774457fde66ae1106495571fc780c
2024-10-31,DK1010001,Dhaka,PM2.5-24hr,UG/M3,62.6,24,U.S. Department of State Bangladesh - Dhaka,156,3,23.796374,90.424614,050DK1010001,https://files.airnowtech.org/airnow/2024/20241031/daily_data_v2.dat,10/31/24|DK1010001|Dhaka|PM2.5-24hr|UG/M3|62.6|24|U.S. Department of State Bangladesh - Dhaka|156|3|23.796374|90.424614|050DK1010001,2026-07-18T03:21:55+00:00,24d319055a9854a0a6d564994ca73e37e5ff7e873297d33742509b92e58dbf64
2024-11-01,DK1010001,Dhaka,PM2.5-24hr,UG/M3,100.3,24,U.S. Department of State Bangladesh - Dhaka,182,3,23.796374,90.424614,050DK1010001,https://files.airnowtech.org/airnow/2024/20241101/daily_data_v2.dat,11/01/24|DK1010001|Dhaka|PM2.5-24hr|UG/M3|100.3|24|U.S. Department of State Bangladesh - Dhaka|182|3|23.796374|90.424614|050DK1010001,2026-07-18T03:21:55+00:00,de566474e088290458f0ecd6c0a6944f80ea93376d16af46d183d4f7fe7a9872
2024-11-02,DK1010001,Dhaka,PM2.5-24hr,UG/M3,91.0,24,U.S. Department of State Bangladesh - Dhaka,176,3,23.796374,90.424614,050DK1010001,https://files.airnowtech.org/airnow/2024/20241102/daily_data_v2.dat,11/02/24|DK1010001|Dhaka|PM2.5-24hr|UG/M3|91|24|U.S. Department of State Bangladesh - Dhaka|176|3|23.796374|90.424614|050DK1010001,2026-07-18T03:21:55+00:00,4774bd91d40da0ea65b5d97ad4bb2ef2633d9b47aff411518496fd552823e3ce
2024-11-03,DK1010001,Dhaka,PM2.5-24hr,UG/M3,93.9,24,U.S. Department of State Bangladesh - Dhaka,178,3,23.796374,90.424614,050DK1010001,https://files.airnowtech.org/airnow/2024/20241103/daily_data_v2.dat,11/03/24|DK1010001|Dhaka|PM2.5-24hr|UG/M3|93.9|24|U.S. Department of State Bangladesh - Dhaka|178|3|23.796374|90.424614|050DK1010001,2026-07-18T03:21:55+00:00,97812f0532f8ff9c170359b51d6cc0f2c36171ab4d69c474cdcd42b27d1cd997
2024-11-04,DK1010001,Dhaka,PM2.5-24hr,UG/M3,84.6,24,U.S. Department of State Bangladesh - Dhaka,171,3,23.796374,90.424614,050DK1010001,https://files.airnowtech.org/airnow/2024/20241104/daily_data_v2.dat,11/04/24|DK1010001|Dhaka|PM2.5-24hr|UG/M3|84.6|24|U.S. Department of State Bangladesh - Dhaka|171|3|23.796374|90.424614|050DK1010001,2026-07-18T03:21:55+00:00,ad9a012726ada8a44586b8e10b77fdbb1198e02debcd97a5cad6a0b516a62e62
2024-11-05,DK1010001,Dhaka,PM2.5-24hr,UG/M3,72.1,24,U.S. Department of State Bangladesh - Dhaka,163,3,23.796374,90.424614,050DK1010001,https://files.airnowtech.org/airnow/2024/20241105/daily_data_v2.dat,11/05/24|DK1010001|Dhaka|PM2.5-24hr|UG/M3|72.1|24|U.S. Department of State Bangladesh - Dhaka|163|3|23.796374|90.424614|050DK1010001,2026-07-18T03:21:55+00:00,2364a5452ca3e42531e26db5d1fb18bc220d358fb004c9b563beee545eb9f337
2024-11-06,DK1010001,Dhaka,PM2.5-24hr,UG/M3,46.5,24,U.S. Department of State Bangladesh - Dhaka,128,2,23.796374,90.424614,050DK1010001,https://files.airnowtech.org/airnow/2024/20241106/daily_data_v2.dat,11/06/24|DK1010001|Dhaka|PM2.5-24hr|UG/M3|46.5|24|U.S. Department of State Bangladesh - Dhaka|128|2|23.796374|90.424614|050DK1010001,2026-07-18T03:21:55+00:00,b525d561a5d5feae7179dc0a7e0afad1678d340fc50409d3d666d2c478f81016
2024-11-07,DK1010001,Dhaka,PM2.5-24hr,UG/M3,74.0,24,U.S. Department of State Bangladesh - Dhaka,164,3,23.796374,90.424614,050DK1010001,https://files.airnowtech.org/airnow/2024/20241107/daily_data_v2.dat,11/07/24|DK1010001|Dhaka|PM2.5-24hr|UG/M3|74|24|U.S. Department of State Bangladesh - Dhaka|164|3|23.796374|90.424614|050DK1010001,2026-07-18T03:21:55+00:00,20313936ff31fa9fa8a3a1682b36619931d062d42babb6485a15bd2620dc62a9
2024-11-08,DK1010001,Dhaka,PM2.5-24hr,UG/M3,58.1,24,U.S. Department of State Bangladesh - Dhaka,153,3,23.796374,90.424614,050DK1010001,https://files.airnowtech.org/airnow/2024/20241108/daily_data_v2.dat,11/08/24|DK1010001|Dhaka|PM2.5-24hr|UG/M3|58.1|24|U.S. Department of State Bangladesh - Dhaka|153|3|23.796374|90.424614|050DK1010001,2026-07-18T03:21:55+00:00,6b07b6a069e62cf4d8524482277f9049ce14e8e566ebd0b444e7d21708b9363a
2024-11-09,DK1010001,Dhaka,PM2.5-24hr,UG/M3,33.0,24,U.S. Department of State Bangladesh - Dhaka,96,1,23.796374,90.424614,050DK1010001,https://files.airnowtech.org/airnow/2024/20241109/daily_data_v2.dat,11/09/24|DK1010001|Dhaka|PM2.5-24hr|UG/M3|33|24|U.S. Department of State Bangladesh - Dhaka|96|1|23.796374|90.424614|050DK1010001,2026-07-18T03:21:55+00:00,bca44f1502104fe688d6e9ad6a679c7c3f5e8e14ee5b71280cab9bfdc61a25c7
2024-11-10,DK1010001,Dhaka,PM2.5-24hr,UG/M3,60.8,24,U.S. Department of State Bangladesh - Dhaka,155,3,23.796374,90.424614,050DK1010001,https://files.airnowtech.org/airnow/2024/20241110/daily_data_v2.dat,11/10/24|DK1010001|Dhaka|PM2.5-24hr|UG/M3|60.8|24|U.S. Department of State Bangladesh - Dhaka|155|3|23.796374|90.424614|050DK1010001,2026-07-18T03:21:55+00:00,a19645eaa399fba5a71f620943f31176380f64df86a1cbe214e1aa68fa4a75d9
2024-11-11,DK1010001,Dhaka,PM2.5-24hr,UG/M3,64.3,24,U.S. Department of State Bangladesh - Dhaka,157,3,23.796374,90.424614,050DK1010001,https://files.airnowtech.org/airnow/2024/20241111/daily_data_v2.dat,11/11/24|DK1010001|Dhaka|PM2.5-24hr|UG/M3|64.3|24|U.S. Department of State Bangladesh - Dhaka|157|3|23.796374|90.424614|050DK1010001,2026-07-18T03:21:55+00:00,fa866427c124b33e34c1ea2a223bf5b9ad06fd17b81d1f988ff32611ca565709
2024-11-12,DK1010001,Dhaka,PM2.5-24hr,UG/M3,73.7,24,U.S. Department of State Bangladesh - Dhaka,164,3,23.796374,90.424614,050DK1010001,https://files.airnowtech.org/airnow/2024/20241112/daily_data_v2.dat,11/12/24|DK1010001|Dhaka|PM2.5-24hr|UG/M3|73.7|24|U.S. Department of State Bangladesh - Dhaka|164|3|23.796374|90.424614|050DK1010001,2026-07-18T03:21:55+00:00,acbf03d0ac2785f55e10a61939484dc15d1f50b9e91b275c1d9ab1d9b7647aa7
2024-11-13,DK1010001,Dhaka,PM2.5-24hr,UG/M3,87.4,24,U.S. Department of State Bangladesh - Dhaka,173,3,23.796374,90.424614,050DK1010001,https://files.airnowtech.org/airnow/2024/20241113/daily_data_v2.dat,11/13/24|DK1010001|Dhaka|PM2.5-24hr|UG/M3|87.4|24|U.S. Department of State Bangladesh - Dhaka|173|3|23.796374|90.424614|050DK1010001,2026-07-18T03:21:55+00:00,078cedc5730dcfb3dbb73e39f121dd3abe2e4d5305c88b33c68654ecb8f39509
2024-11-14,DK1010001,Dhaka,PM2.5-24hr,UG/M3,118.7,24,U.S. Department of State Bangladesh - Dhaka,195,3,23.796374,90.424614,050DK1010001,https://files.airnowtech.org/airnow/2024/20241114/daily_data_v2.dat,11/14/24|DK1010001|Dhaka|PM2.5-24hr|UG/M3|118.7|24|U.S. Department of State Bangladesh - Dhaka|195|3|23.796374|90.424614|050DK1010001,2026-07-18T03:21:55+00:00,62772197e6e78f59da257878779522fc75004fe034339bb4ebcae40d14645dfb
2024-11-15,DK1010001,Dhaka,PM2.5-24hr,UG/M3,138.0,24,U.S. Department of State Bangladesh - Dhaka,213,4,23.796374,90.424614,050DK1010001,https://files.airnowtech.org/airnow/2024/20241115/daily_data_v2.dat,11/15/24|DK1010001|Dhaka|PM2.5-24hr|UG/M3|138|24|U.S. Department of State Bangladesh - Dhaka|213|4|23.796374|90.424614|050DK1010001,2026-07-18T03:21:55+00:00,d440f3182ec1b5b82496dd12eabbbf77b803e724013e5affef80c9c00db84fc7
2024-11-16,DK1010001,Dhaka,PM2.5-24hr,UG/M3,195.7,24,U.S. Department of State Bangladesh - Dhaka,271,4,23.796374,90.424614,050DK1010001,https://files.airnowtech.org/airnow/2024/20241116/daily_data_v2.dat,11/16/24|DK1010001|Dhaka|PM2.5-24hr|UG/M3|195.7|24|U.S. Department of State Bangladesh - Dhaka|271|4|23.796374|90.424614|050DK1010001,2026-07-18T03:21:55+00:00,784aefb4ad8778c2c5a53a8efa1c0d52a74dfcb6d6649957f27ba97ce81b92b3
2024-11-17,DK1010001,Dhaka,PM2.5-24hr,UG/M3,162.3,24,U.S. Department of State Bangladesh - Dhaka,237,4,23.796374,90.424614,050DK1010001,https://files.airnowtech.org/airnow/2024/20241117/daily_data_v2.dat,11/17/24|DK1010001|Dhaka|PM2.5-24hr|UG/M3|162.3|24|U.S. Department of State Bangladesh - Dhaka|237|4|23.796374|90.424614|050DK1010001,2026-07-18T03:21:55+00:00,ae324ab9779ebb24dc955605ccde8c7874d270ea86c1c9398e9c7afd9fccb51d
2024-11-18,DK1010001,Dhaka,PM2.5-24hr,UG/M3,160.7,24,U.S. Department of State Bangladesh - Dhaka,236,4,23.796374,90.424614,050DK1010001,https://files.airnowtech.org/airnow/2024/20241118/daily_data_v2.dat,11/18/24|DK1010001|Dhaka|PM2.5-24hr|UG/M3|160.7|24|U.S. Department of State Bangladesh - Dhaka|236|4|23.796374|90.424614|050DK1010001,2026-07-18T03:21:55+00:00,7c7dafc388725b9c5f9c10bed617599de15d77eb6772a1e4c960fab611c5662e
2024-11-19,DK1010001,Dhaka,PM2.5-24hr,UG/M3,127.9,24,U.S. Department of State Bangladesh - Dhaka,203,4,23.796374,90.424614,050DK1010001,https://files.airnowtech.org/airnow/2024/20241119/daily_data_v2.dat,11/19/24|DK1010001|Dhaka|PM2.5-24hr|UG/M3|127.9|24|U.S. Department of State Bangladesh - Dhaka|203|4|23.796374|90.424614|050DK1010001,2026-07-18T03:21:55+00:00,10a68aa211c8f03454a37dc3f46fe50b197efdc782872437cb155a7a486a5011
2024-11-20,DK1010001,Dhaka,PM2.5-24hr,UG/M3,144.2,24,U.S. Department of State Bangladesh - Dhaka,220,4,23.796374,90.424614,050DK1010001,https://files.airnowtech.org/airnow/2024/20241120/daily_data_v2.dat,11/20/24|DK1010001|Dhaka|PM2.5-24hr|UG/M3|144.2|24|U.S. Department of State Bangladesh - Dhaka|220|4|23.796374|90.424614|050DK1010001,2026-07-18T03:21:55+00:00,e156a5446796e268e67cafb74f7473580a3d8c0971aabcfe15f1082cbb4425e8
2024-11-21,DK1010001,Dhaka,PM2.5-24hr,UG/M3,145.1,24,U.S. Department of State Bangladesh - Dhaka,220,4,23.796374,90.424614,050DK1010001,https://files.airnowtech.org/airnow/2024/20241121/daily_data_v2.dat,11/21/24|DK1010001|Dhaka|PM2.5-24hr|UG/M3|145.1|24|U.S. Department of State Bangladesh - Dhaka|220|4|23.796374|90.424614|050DK1010001,2026-07-18T03:21:55+00:00,ac38cdda2372fc6d91d02cd65ba3f2aec9be7986d4dc43cfb7a3180db6096bfa
2024-11-22,DK1010001,Dhaka,PM2.5-24hr,UG/M3,167.7,24,U.S. Department of State Bangladesh - Dhaka,243,4,23.796374,90.424614,050DK1010001,https://files.airnowtech.org/airnow/2024/20241122/daily_data_v2.dat,11/22/24|DK1010001|Dhaka|PM2.5-24hr|UG/M3|167.7|24|U.S. Department of State Bangladesh - Dhaka|243|4|23.796374|90.424614|050DK1010001,2026-07-18T03:21:55+00:00,0bffe295b4fc1503b0607b663e31559df7e3f1f586902c22c51e6c6f03363e98
2024-11-23,DK1010001,Dhaka,PM2.5-24hr,UG/M3,139.8,24,U.S. Department of State Bangladesh - Dhaka,215,4,23.796374,90.424614,050DK1010001,https://files.airnowtech.org/airnow/2024/20241123/daily_data_v2.dat,11/23/24|DK1010001|Dhaka|PM2.5-24hr|UG/M3|139.8|24|U.S. Department of State Bangladesh - Dhaka|215|4|23.796374|90.424614|050DK1010001,2026-07-18T03:21:55+00:00,9f912a514a3757e1b1636a6c45a862ad0d0be895e1cecab1cacc743dfc15d8aa
2024-11-24,DK1010001,Dhaka,PM2.5-24hr,UG/M3,186.5,24,U.S. Department of State Bangladesh - Dhaka,261,4,23.796374,90.424614,050DK1010001,https://files.airnowtech.org/airnow/2024/20241124/daily_data_v2.dat,11/24/24|DK1010001|Dhaka|PM2.5-24hr|UG/M3|186.5|24|U.S. Department of State Bangladesh - Dhaka|261|4|23.796374|90.424614|050DK1010001,2026-07-18T03:21:55+00:00,249eb44f4f918c7682b6919f2f1a5e6f13ef35391776b30e4a81b889c6cfa386
2024-11-25,DK1010001,Dhaka,PM2.5-24hr,UG/M3,206.6,24,U.S. Department of State Bangladesh - Dhaka,281,4,23.796374,90.424614,050DK1010001,https://files.airnowtech.org/airnow/2024/20241125/daily_data_v2.dat,11/25/24|DK1010001|Dhaka|PM2.5-24hr|UG/M3|206.6|24|U.S. Department of State Bangladesh - Dhaka|281|4|23.796374|90.424614|050DK1010001,2026-07-18T03:21:55+00:00,70616b5f7a3b91a43990dee6a3451aed1a46c584f1f7af290c882111d07ea172
2024-11-26,DK1010001,Dhaka,PM2.5-24hr,UG/M3,154.7,24,U.S. Department of State Bangladesh - Dhaka,230,4,23.796374,90.424614,050DK1010001,https://files.airnowtech.org/airnow/2024/20241126/daily_data_v2.dat,11/26/24|DK1010001|Dhaka|PM2.5-24hr|UG/M3|154.7|24|U.S. Department of State Bangladesh - Dhaka|230|4|23.796374|90.424614|050DK1010001,2026-07-18T03:21:55+00:00,d77ded2592b724e77925e1fbf1225fa7123426f1c973451c1f111f7c2afee255
2024-11-27,DK1010001,Dhaka,PM2.5-24hr,UG/M3,161.6,24,U.S. Department of State Bangladesh - Dhaka,237,4,23.796374,90.424614,050DK1010001,https://files.airnowtech.org/airnow/2024/20241127/daily_data_v2.dat,11/27/24|DK1010001|Dhaka|PM2.5-24hr|UG/M3|161.6|24|U.S. Department of State Bangladesh - Dhaka|237|4|23.796374|90.424614|050DK1010001,2026-07-18T03:21:55+00:00,273c0a75e1cd4fab9d547e8374034f0792bcb5345e8587302418e3bc32614152
2024-11-28,DK1010001,Dhaka,PM2.5-24hr,UG/M3,108.8,24,U.S. Department of State Bangladesh - Dhaka,188,3,23.796374,90.424614,050DK1010001,https://files.airnowtech.org/airnow/2024/20241128/daily_data_v2.dat,11/28/24|DK1010001|Dhaka|PM2.5-24hr|UG/M3|108.8|24|U.S. Department of State Bangladesh - Dhaka|188|3|23.796374|90.424614|050DK1010001,2026-07-18T03:21:55+00:00,f564b425ea5b01c11924c8b5ec8c99350805a47896a9727d408e0649177f1ffe
2024-11-29,DK1010001,Dhaka,PM2.5-24hr,UG/M3,83.5,24,U.S. Department of State Bangladesh - Dhaka,171,3,23.796374,90.424614,050DK1010001,https://files.airnowtech.org/airnow/2024/20241129/daily_data_v2.dat,11/29/24|DK1010001|Dhaka|PM2.5-24hr|UG/M3|83.5|24|U.S. Department of State Bangladesh - Dhaka|171|3|23.796374|90.424614|050DK1010001,2026-07-18T03:21:55+00:00,03643a7e5e5a17c0569a43694c111c9c43721b58d7d826479226001f4c25dff7
2024-11-30,DK1010001,Dhaka,PM2.5-24hr,UG/M3,71.2,24,U.S. Department of State Bangladesh - Dhaka,162,3,23.796374,90.424614,050DK1010001,https://files.airnowtech.org/airnow/2024/20241130/daily_data_v2.dat,11/30/24|DK1010001|Dhaka|PM2.5-24hr|UG/M3|71.2|24|U.S. Department of State Bangladesh - Dhaka|162|3|23.796374|90.424614|050DK1010001,2026-07-18T03:21:55+00:00,75eaa773b13fd7d9d629f53a44c6ef2900929abcc235476ec1dc4011b245cffc
2024-12-01,DK1010001,Dhaka,PM2.5-24hr,UG/M3,106.1,24,U.S. Department of State Bangladesh - Dhaka,186,3,23.796374,90.424614,050DK1010001,https://files.airnowtech.org/airnow/2024/20241201/daily_data_v2.dat,12/01/24|DK1010001|Dhaka|PM2.5-24hr|UG/M3|106.1|24|U.S. Department of State Bangladesh - Dhaka|186|3|23.796374|90.424614|050DK1010001,2026-07-18T03:21:55+00:00,9a9ac2f1b5264ec39360913d54205bd8e999f95a9e0e63032dcad5b38bad4fe8
2024-12-02,DK1010001,Dhaka,PM2.5-24hr,UG/M3,100.5,24,U.S. Department of State Bangladesh - Dhaka,183,3,23.796374,90.424614,050DK1010001,https://files.airnowtech.org/airnow/2024/20241202/daily_data_v2.dat,12/02/24|DK1010001|Dhaka|PM2.5-24hr|UG/M3|100.5|24|U.S. Department of State Bangladesh - Dhaka|183|3|23.796374|90.424614|050DK1010001,2026-07-18T03:21:55+00:00,c0ec7cb6345fdc826820434fca83c6c4dbf65e760a90505670bb1516480372c7
2024-12-03,DK1010001,Dhaka,PM2.5-24hr,UG/M3,112.8,24,U.S. Department of State Bangladesh - Dhaka,191,3,23.796374,90.424614,050DK1010001,https://files.airnowtech.org/airnow/2024/20241203/daily_data_v2.dat,12/03/24|DK1010001|Dhaka|PM2.5-24hr|UG/M3|112.8|24|U.S. Department of State Bangladesh - Dhaka|191|3|23.796374|90.424614|050DK1010001,2026-07-18T03:21:55+00:00,8576ee799e0ad37e0eb7cba2d7a29119e8c2c621ad4ec24ddbb47283d7ca20d9
2024-12-04,DK1010001,Dhaka,PM2.5-24hr,UG/M3,189.0,24,U.S. Department of State Bangladesh - Dhaka,264,4,23.796374,90.424614,050DK1010001,https://files.airnowtech.org/airnow/2024/20241204/daily_data_v2.dat,12/04/24|DK1010001|Dhaka|PM2.5-24hr|UG/M3|189|24|U.S. Department of State Bangladesh - Dhaka|264|4|23.796374|90.424614|050DK1010001,2026-07-18T03:21:55+00:00,585e4cb58ce801ae57e451bacc307c70d22c310e9c27ac3a49c6aa9511c510b1
2024-12-05,DK1010001,Dhaka,PM2.5-24hr,UG/M3,247.1,24,U.S. Department of State Bangladesh - Dhaka,344,5,23.796374,90.424614,050DK1010001,https://files.airnowtech.org/airnow/2024/20241205/daily_data_v2.dat,12/05/24|DK1010001|Dhaka|PM2.5-24hr|UG/M3|247.1|24|U.S. Department of State Bangladesh - Dhaka|344|5|23.796374|90.424614|050DK1010001,2026-07-18T03:21:55+00:00,deb252b25fa00deb83398a786b48c83e312c6d2d956079b5ef3ebc6008840d4e
2024-12-06,DK1010001,Dhaka,PM2.5-24hr,UG/M3,171.6,24,U.S. Department of State Bangladesh - Dhaka,247,4,23.796374,90.424614,050DK1010001,https://files.airnowtech.org/airnow/2024/20241206/daily_data_v2.dat,12/06/24|DK1010001|Dhaka|PM2.5-24hr|UG/M3|171.6|24|U.S. Department of State Bangladesh - Dhaka|247|4|23.796374|90.424614|050DK1010001,2026-07-18T03:21:55+00:00,95a327d66d7cb8cb7c5550d2c565f822c889a69a27789361be65bf2a41d34ba7
2024-12-07,DK1010001,Dhaka,PM2.5-24hr,UG/M3,162.0,24,U.S. Department of State Bangladesh - Dhaka,237,4,23.796374,90.424614,050DK1010001,https://files.airnowtech.org/airnow/2024/20241207/daily_data_v2.dat,12/07/24|DK1010001|Dhaka|PM2.5-24hr|UG/M3|162|24|U.S. Department of State Bangladesh - Dhaka|237|4|23.796374|90.424614|050DK1010001,2026-07-18T03:21:55+00:00,6de0b628d25fbfda423a0be258b4dbb129e00b66020d950746b8c8f7b778ddb5
2024-12-08,DK1010001,Dhaka,PM2.5-24hr,UG/M3,184.6,24,U.S. Department of State Bangladesh - Dhaka,260,4,23.796374,90.424614,050DK1010001,https://files.airnowtech.org/airnow/2024/20241208/daily_data_v2.dat,12/08/24|DK1010001|Dhaka|PM2.5-24hr|UG/M3|184.6|24|U.S. Department of State Bangladesh - Dhaka|260|4|23.796374|90.424614|050DK1010001,2026-07-18T03:21:55+00:00,339c68e511c57bdae443a405bf4e970cd58cf18e3340bbbad8fd56e53a67c517
2024-12-09,DK1010001,Dhaka,PM2.5-24hr,UG/M3,232.2,24,U.S. Department of State Bangladesh - Dhaka,314,5,23.796374,90.424614,050DK1010001,https://files.airnowtech.org/airnow/2024/20241209/daily_data_v2.dat,12/09/24|DK1010001|Dhaka|PM2.5-24hr|UG/M3|232.2|24|U.S. Department of State Bangladesh - Dhaka|314|5|23.796374|90.424614|050DK1010001,2026-07-18T03:21:55+00:00,4840aa202a62d791da6f2fdb235f99306fc0a18b22f50d2d5472e2c028237383
2024-12-10,DK1010001,Dhaka,PM2.5-24hr,UG/M3,179.2,24,U.S. Department of State Bangladesh - Dhaka,254,4,23.796374,90.424614,050DK1010001,https://files.airnowtech.org/airnow/2024/20241210/daily_data_v2.dat,12/10/24|DK1010001|Dhaka|PM2.5-24hr|UG/M3|179.2|24|U.S. Department of State Bangladesh - Dhaka|254|4|23.796374|90.424614|050DK1010001,2026-07-18T03:21:55+00:00,05d4d72c83e7f55d2f038476c66b5b0f8c0eeb29db296b2f7fffa7e44c5b7269
2024-12-11,DK1010001,Dhaka,PM2.5-24hr,UG/M3,179.5,24,U.S. Department of State Bangladesh - Dhaka,255,4,23.796374,90.424614,050DK1010001,https://files.airnowtech.org/airnow/2024/20241211/daily_data_v2.dat,12/11/24|DK1010001|Dhaka|PM2.5-24hr|UG/M3|179.5|24|U.S. Department of State Bangladesh - Dhaka|255|4|23.796374|90.424614|050DK1010001,2026-07-18T03:21:55+00:00,44edaffe1674df54f6dc70fe980f997107a6db33fd1e5dc94ed35f79f3f4bf28
2024-12-12,DK1010001,Dhaka,PM2.5-24hr,UG/M3,169.0,24,U.S. Department of State Bangladesh - Dhaka,244,4,23.796374,90.424614,050DK1010001,https://files.airnowtech.org/airnow/2024/20241212/daily_data_v2.dat,12/12/24|DK1010001|Dhaka|PM2.5-24hr|UG/M3|169|24|U.S. Department of State Bangladesh - Dhaka|244|4|23.796374|90.424614|050DK1010001,2026-07-18T03:21:55+00:00,2e7f2fc927a337bc88dfbb763bcba08b40262ed0573e2fa31701c54dc4e0dcce
2024-12-13,DK1010001,Dhaka,PM2.5-24hr,UG/M3,182.5,24,U.S. Department of State Bangladesh - Dhaka,257,4,23.796374,90.424614,050DK1010001,https://files.airnowtech.org/airnow/2024/20241213/daily_data_v2.dat,12/13/24|DK1010001|Dhaka|PM2.5-24hr|UG/M3|182.5|24|U.S. Department of State Bangladesh - Dhaka|257|4|23.796374|90.424614|050DK1010001,2026-07-18T03:21:55+00:00,240381eecbf86aaafa86385fdd774370f50f0518d2bcc97a8f991dbf5e88d7b9
2024-12-14,DK1010001,Dhaka,PM2.5-24hr,UG/M3,261.7,24,U.S. Department of State Bangladesh - Dhaka,373,5,23.796374,90.424614,050DK1010001,https://files.airnowtech.org/airnow/2024/20241214/daily_data_v2.dat,12/14/24|DK1010001|Dhaka|PM2.5-24hr|UG/M3|261.7|24|U.S. Department of State Bangladesh - Dhaka|373|5|23.796374|90.424614|050DK1010001,2026-07-18T03:21:55+00:00,70972d8da5bc49f5430aa100567ae7c5773d6b0c618c88fbac3b0d92e0cf1223
2024-12-15,DK1010001,Dhaka,PM2.5-24hr,UG/M3,193.0,24,U.S. Department of State Bangladesh - Dhaka,268,4,23.796374,90.424614,050DK1010001,https://files.airnowtech.org/airnow/2024/20241215/daily_data_v2.dat,12/15/24|DK1010001|Dhaka|PM2.5-24hr|UG/M3|193|24|U.S. Department of State Bangladesh - Dhaka|268|4|23.796374|90.424614|050DK1010001,2026-07-18T03:21:55+00:00,13b3d4e4b41530dcf6a39d2eade676cc8a2b0e1e871ae09483b383ac1ff0916a
2024-12-16,DK1010001,Dhaka,PM2.5-24hr,UG/M3,239.4,24,U.S. Department of State Bangladesh - Dhaka,329,5,23.796374,90.424614,050DK1010001,https://files.airnowtech.org/airnow/2024/20241216/daily_data_v2.dat,12/16/24|DK1010001|Dhaka|PM2.5-24hr|UG/M3|239.4|24|U.S. Department of State Bangladesh - Dhaka|329|5|23.796374|90.424614|050DK1010001,2026-07-18T03:21:55+00:00,cb72aa18f823a5b75258c4ba6495984af0f45747eb051d1b182625212e0f12de
2024-12-17,DK1010001,Dhaka,PM2.5-24hr,UG/M3,217.2,24,U.S. Department of State Bangladesh - Dhaka,292,4,23.796374,90.424614,050DK1010001,https://files.airnowtech.org/airnow/2024/20241217/daily_data_v2.dat,12/17/24|DK1010001|Dhaka|PM2.5-24hr|UG/M3|217.2|24|U.S. Department of State Bangladesh - Dhaka|292|4|23.796374|90.424614|050DK1010001,2026-07-18T03:21:55+00:00,2baa26366cef9694145fb4d1ea7d6f8ae374b8b5d37893491f7a1072895989b6
2024-12-18,DK1010001,Dhaka,PM2.5-24hr,UG/M3,175.0,24,U.S. Department of State Bangladesh - Dhaka,250,4,23.796374,90.424614,050DK1010001,https://files.airnowtech.org/airnow/2024/20241218/daily_data_v2.dat,12/18/24|DK1010001|Dhaka|PM2.5-24hr|UG/M3|175|24|U.S. Department of State Bangladesh - Dhaka|250|4|23.796374|90.424614|050DK1010001,2026-07-18T03:21:55+00:00,003d341d42cad9a90faa4362e40d6d746b59c9f6f58a2d8e08b70741e8db8257
2024-12-19,DK1010001,Dhaka,PM2.5-24hr,UG/M3,293.0,24,U.S. Department of State Bangladesh - Dhaka,435,5,23.796374,90.424614,050DK1010001,https://files.airnowtech.org/airnow/2024/20241219/daily_data_v2.dat,12/19/24|DK1010001|Dhaka|PM2.5-24hr|UG/M3|293|24|U.S. Department of State Bangladesh - Dhaka|435|5|23.796374|90.424614|050DK1010001,2026-07-18T03:21:55+00:00,6b09f67baf3a885ac2cfe5b57281a4bb04ee6b760cf86abef0edac3ee6561464
2024-12-20,DK1010001,Dhaka,PM2.5-24hr,UG/M3,240.0,24,U.S. Department of State Bangladesh - Dhaka,330,5,23.796374,90.424614,050DK1010001,https://files.airnowtech.org/airnow/2024/20241220/daily_data_v2.dat,12/20/24|DK1010001|Dhaka|PM2.5-24hr|UG/M3|240|24|U.S. Department of State Bangladesh - Dhaka|330|5|23.796374|90.424614|050DK1010001,2026-07-18T03:21:55+00:00,ed3cef989a15f31c5f65ee6bdaaf6cacb7d7792f3bf3bf3ab08eb491132858a5
2024-12-21,DK1010001,Dhaka,PM2.5-24hr,UG/M3,254.1,24,U.S. Department of State Bangladesh - Dhaka,358,5,23.796374,90.424614,050DK1010001,https://files.airnowtech.org/airnow/2024/20241221/daily_data_v2.dat,12/21/24|DK1010001|Dhaka|PM2.5-24hr|UG/M3|254.1|24|U.S. Department of State Bangladesh - Dhaka|358|5|23.796374|90.424614|050DK1010001,2026-07-18T03:21:55+00:00,ce11771cc7357a1a7a7f2322914a033864b97afa18dcb3925a9ba59cccbb7504
2024-12-22,DK1010001,Dhaka,PM2.5-24hr,UG/M3,243.7,24,U.S. Department of State Bangladesh - Dhaka,337,5,23.796374,90.424614,050DK1010001,https://files.airnowtech.org/airnow/2024/20241222/daily_data_v2.dat,12/22/24|DK1010001|Dhaka|PM2.5-24hr|UG/M3|243.7|24|U.S. Department of State Bangladesh - Dhaka|337|5|23.796374|90.424614|050DK1010001,2026-07-18T03:21:55+00:00,a1645444cc4988b1e9ca1ac0cfce12b54fe342aee081a2951ae3154092361f2b
2024-12-23,DK1010001,Dhaka,PM2.5-24hr,UG/M3,201.2,24,U.S. Department of State Bangladesh - Dhaka,276,4,23.796374,90.424614,050DK1010001,https://files.airnowtech.org/airnow/2024/20241223/daily_data_v2.dat,12/23/24|DK1010001|Dhaka|PM2.5-24hr|UG/M3|201.2|24|U.S. Department of State Bangladesh - Dhaka|276|4|23.796374|90.424614|050DK1010001,2026-07-18T03:21:55+00:00,3a39532840f53e2f2f2ceb897d69d6908d3206dc57fe228124fbc15211d758f2
2024-12-24,DK1010001,Dhaka,PM2.5-24hr,UG/M3,182.7,24,U.S. Department of State Bangladesh - Dhaka,258,4,23.796374,90.424614,050DK1010001,https://files.airnowtech.org/airnow/2024/20241224/daily_data_v2.dat,12/24/24|DK1010001|Dhaka|PM2.5-24hr|UG/M3|182.7|24|U.S. Department of State Bangladesh - Dhaka|258|4|23.796374|90.424614|050DK1010001,2026-07-18T03:21:55+00:00,4858b8ceae30e40e977ad8025282e16e27be9984b168527e549a280407f1a18a
2024-12-25,DK1010001,Dhaka,PM2.5-24hr,UG/M3,186.9,24,U.S. Department of State Bangladesh - Dhaka,262,4,23.796374,90.424614,050DK1010001,https://files.airnowtech.org/airnow/2024/20241225/daily_data_v2.dat,12/25/24|DK1010001|Dhaka|PM2.5-24hr|UG/M3|186.9|24|U.S. Department of State Bangladesh - Dhaka|262|4|23.796374|90.424614|050DK1010001,2026-07-18T03:21:55+00:00,1a595c95e2241aca057ed907e7405dd85b7aadb8393dce958469f545f442a5c4
2024-12-26,DK1010001,Dhaka,PM2.5-24hr,UG/M3,151.2,24,U.S. Department of State Bangladesh - Dhaka,226,4,23.796374,90.424614,050DK1010001,https://files.airnowtech.org/airnow/2024/20241226/daily_data_v2.dat,12/26/24|DK1010001|Dhaka|PM2.5-24hr|UG/M3|151.2|24|U.S. Department of State Bangladesh - Dhaka|226|4|23.796374|90.424614|050DK1010001,2026-07-18T03:21:55+00:00,156b62692e144555d62199cd687cf2d8d26a697b0b4a7182a23f3c7141b0c2c9
2024-12-27,DK1010001,Dhaka,PM2.5-24hr,UG/M3,125.5,24,U.S. Department of State Bangladesh - Dhaka,201,4,23.796374,90.424614,050DK1010001,https://files.airnowtech.org/airnow/2024/20241227/daily_data_v2.dat,12/27/24|DK1010001|Dhaka|PM2.5-24hr|UG/M3|125.5|24|U.S. Department of State Bangladesh - Dhaka|201|4|23.796374|90.424614|050DK1010001,2026-07-18T03:21:55+00:00,5ba9dcbd5806e311b201c39a4f9d1975a6425697ae2688cc4fd12ecd43903a49
2024-12-28,DK1010001,Dhaka,PM2.5-24hr,UG/M3,171.5,24,U.S. Department of State Bangladesh - Dhaka,247,4,23.796374,90.424614,050DK1010001,https://files.airnowtech.org/airnow/2024/20241228/daily_data_v2.dat,12/28/24|DK1010001|Dhaka|PM2.5-24hr|UG/M3|171.5|24|U.S. Department of State Bangladesh - Dhaka|247|4|23.796374|90.424614|050DK1010001,2026-07-18T03:21:55+00:00,01718ebebc0e6272266ba6ad6ddc6606d200b48fd70d1950f041409c4c53ad0d
2024-12-29,DK1010001,Dhaka,PM2.5-24hr,UG/M3,183.3,24,U.S. Department of State Bangladesh - Dhaka,258,4,23.796374,90.424614,050DK1010001,https://files.airnowtech.org/airnow/2024/20241229/daily_data_v2.dat,12/29/24|DK1010001|Dhaka|PM2.5-24hr|UG/M3|183.3|24|U.S. Department of State Bangladesh - Dhaka|258|4|23.796374|90.424614|050DK1010001,2026-07-18T03:21:55+00:00,285180e5bcea3713487268e90824b946952537d833fe44c0041bc5ed2ee7dabe
2024-12-30,DK1010001,Dhaka,PM2.5-24hr,UG/M3,190.7,24,U.S. Department of State Bangladesh - Dhaka,266,4,23.796374,90.424614,050DK1010001,https://files.airnowtech.org/airnow/2024/20241230/daily_data_v2.dat,12/30/24|DK1010001|Dhaka|PM2.5-24hr|UG/M3|190.7|24|U.S. Department of State Bangladesh - Dhaka|266|4|23.796374|90.424614|050DK1010001,2026-07-18T03:21:55+00:00,22f90f02c7ce381141565c683d70775c71878934b3bf699c369f7e9756a7fceb
2024-12-31,DK1010001,Dhaka,PM2.5-24hr,UG/M3,179.2,24,U.S. Department of State Bangladesh - Dhaka,254,4,23.796374,90.424614,050DK1010001,https://files.airnowtech.org/airnow/2024/20241231/daily_data_v2.dat,12/31/24|DK1010001|Dhaka|PM2.5-24hr|UG/M3|179.2|24|U.S. Department of State Bangladesh - Dhaka|254|4|23.796374|90.424614|050DK1010001,2026-07-18T03:21:55+00:00,a3a97ec9326fa5e233a5eda11db6bd5d0fdd262a608e695c2b05a3d7677105fc
2025-01-01,DK1010001,Dhaka,PM2.5-24hr,UG/M3,228.5,24,U.S. Department of State Bangladesh - Dhaka,307,5,23.796374,90.424614,050DK1010001,https://files.airnowtech.org/airnow/2025/20250101/daily_data_v2.dat,01/01/25|DK1010001|Dhaka|PM2.5-24hr|UG/M3|228.5|24|U.S. Department of State Bangladesh - Dhaka|307|5|23.796374|90.424614|050DK1010001,2026-07-18T03:21:55+00:00,1e56fbf6a5d79376da9ba23b1c67491e214c3b19f982a9156a35cdd2f1e889fb
2025-01-02,DK1010001,Dhaka,PM2.5-24hr,UG/M3,198.5,24,U.S. Department of State Bangladesh - Dhaka,273,4,23.796374,90.424614,050DK1010001,https://files.airnowtech.org/airnow/2025/20250102/daily_data_v2.dat,01/02/25|DK1010001|Dhaka|PM2.5-24hr|UG/M3|198.5|24|U.S. Department of State Bangladesh - Dhaka|273|4|23.796374|90.424614|050DK1010001,2026-07-18T03:21:55+00:00,fe2a3bb893b55fca21c20793ca7115bfed501872b9c2fa874561f67fbcff813a
2025-01-03,DK1010001,Dhaka,PM2.5-24hr,UG/M3,135.3,24,U.S. Department of State Bangladesh - Dhaka,211,4,23.796374,90.424614,050DK1010001,https://files.airnowtech.org/airnow/2025/20250103/daily_data_v2.dat,01/03/25|DK1010001|Dhaka|PM2.5-24hr|UG/M3|135.3|24|U.S. Department of State Bangladesh - Dhaka|211|4|23.796374|90.424614|050DK1010001,2026-07-18T03:21:55+00:00,99c205fbf710d194a76ff8b12cff533bd3fdaf32b7b0822ce8dad5fc7722bfc4
2025-01-04,DK1010001,Dhaka,PM2.5-24hr,UG/M3,183.0,24,U.S. Department of State Bangladesh - Dhaka,258,4,23.796374,90.424614,050DK1010001,https://files.airnowtech.org/airnow/2025/20250104/daily_data_v2.dat,01/04/25|DK1010001|Dhaka|PM2.5-24hr|UG/M3|183|24|U.S. Department of State Bangladesh - Dhaka|258|4|23.796374|90.424614|050DK1010001,2026-07-18T03:21:55+00:00,15fec0ad102b4aa69573dd0317e9ea926e324d7ff0d12f95d39597210772abcc
2025-01-05,DK1010001,Dhaka,PM2.5-24hr,UG/M3,266.3,24,U.S. Department of State Bangladesh - Dhaka,382,5,23.796374,90.424614,050DK1010001,https://files.airnowtech.org/airnow/2025/20250105/daily_data_v2.dat,01/05/25|DK1010001|Dhaka|PM2.5-24hr|UG/M3|266.3|24|U.S. Department of State Bangladesh - Dhaka|382|5|23.796374|90.424614|050DK1010001,2026-07-18T03:21:55+00:00,bf78a6bc1afb8105353d55f6fda8bad01f60b06aadb705e598a19e5373402177
2025-01-06,DK1010001,Dhaka,PM2.5-24hr,UG/M3,235.3,24,U.S. Department of State Bangladesh - Dhaka,321,5,23.796374,90.424614,050DK1010001,https://files.airnowtech.org/airnow/2025/20250106/daily_data_v2.dat,01/06/25|DK1010001|Dhaka|PM2.5-24hr|UG/M3|235.3|24|U.S. Department of State Bangladesh - Dhaka|321|5|23.796374|90.424614|050DK1010001,2026-07-18T03:21:55+00:00,b706a81e04060be5a9443f162bd5508733b21ff109261a7c63efcbf6507bd8ab
2025-01-07,DK1010001,Dhaka,PM2.5-24hr,UG/M3,186.8,24,U.S. Department of State Bangladesh - Dhaka,262,4,23.796374,90.424614,050DK1010001,https://files.airnowtech.org/airnow/2025/20250107/daily_data_v2.dat,01/07/25|DK1010001|Dhaka|PM2.5-24hr|UG/M3|186.8|24|U.S. Department of State Bangladesh - Dhaka|262|4|23.796374|90.424614|050DK1010001,2026-07-18T03:21:55+00:00,17d0bc42db2eda7911565c3f3fc165872312bc6862aed8ec31989ba221424804
2025-01-08,DK1010001,Dhaka,PM2.5-24hr,UG/M3,182.8,24,U.S. Department of State Bangladesh - Dhaka,258,4,23.796374,90.424614,050DK1010001,https://files.airnowtech.org/airnow/2025/20250108/daily_data_v2.dat,01/08/25|DK1010001|Dhaka|PM2.5-24hr|UG/M3|182.8|24|U.S. Department of State Bangladesh - Dhaka|258|4|23.796374|90.424614|050DK1010001,2026-07-18T03:21:55+00:00,f497abd406b1f84ab942175402263aa934fcf77abde89d00c1e15b5a4305f3d6
2025-01-09,DK1010001,Dhaka,PM2.5-24hr,UG/M3,139.5,24,U.S. Department of State Bangladesh - Dhaka,215,4,23.796374,90.424614,050DK1010001,https://files.airnowtech.org/airnow/2025/20250109/daily_data_v2.dat,01/09/25|DK1010001|Dhaka|PM2.5-24hr|UG/M3|139.5|24|U.S. Department of State Bangladesh - Dhaka|215|4|23.796374|90.424614|050DK1010001,2026-07-18T03:21:55+00:00,848bdc70ea5ab7e00cb7a5a5c79220b823cf9ea88291523c0a290f297ce91cf5
2025-01-10,DK1010001,Dhaka,PM2.5-24hr,UG/M3,182.1,24,U.S. Department of State Bangladesh - Dhaka,257,4,23.796374,90.424614,050DK1010001,https://files.airnowtech.org/airnow/2025/20250110/daily_data_v2.dat,01/10/25|DK1010001|Dhaka|PM2.5-24hr|UG/M3|182.1|24|U.S. Department of State Bangladesh - Dhaka|257|4|23.796374|90.424614|050DK1010001,2026-07-18T03:21:55+00:00,7ab07cb8e35a6af14c540192fdde6f6247bd09635143924c72445083c96d2c48
2025-01-11,DK1010001,Dhaka,PM2.5-24hr,UG/M3,211.0,24,U.S. Department of State Bangladesh - Dhaka,286,4,23.796374,90.424614,050DK1010001,https://files.airnowtech.org/airnow/2025/20250111/daily_data_v2.dat,01/11/25|DK1010001|Dhaka|PM2.5-24hr|UG/M3|211|24|U.S. Department of State Bangladesh - Dhaka|286|4|23.796374|90.424614|050DK1010001,2026-07-18T03:21:55+00:00,a292c1250578961e7cec569a4e2f0506703f452bfbb90486cd665a413d1ed585
2025-01-12,DK1010001,Dhaka,PM2.5-24hr,UG/M3,203.6,24,U.S. Department of State Bangladesh - Dhaka,278,4,23.796374,90.424614,050DK1010001,https://files.airnowtech.org/airnow/2025/20250112/daily_data_v2.dat,01/12/25|DK1010001|Dhaka|PM2.5-24hr|UG/M3|203.6|24|U.S. Department of State Bangladesh - Dhaka|278|4|23.796374|90.424614|050DK1010001,2026-07-18T03:21:55+00:00,f9c5d725debfff3541e45b6a3f0d912c20921a6d84fc5b2091b5526bd0a75b9f
2025-01-13,DK1010001,Dhaka,PM2.5-24hr,UG/M3,247.5,24,U.S. Department of State Bangladesh - Dhaka,345,5,23.796374,90.424614,050DK1010001,https://files.airnowtech.org/airnow/2025/20250113/daily_data_v2.dat,01/13/25|DK1010001|Dhaka|PM2.5-24hr|UG/M3|247.5|24|U.S. Department of State Bangladesh - Dhaka|345|5|23.796374|90.424614|050DK1010001,2026-07-18T03:21:55+00:00,857bc8ae55e1f415775a92e74744b346d5bf32e40e9cffc6804f9007baffbfc3
2025-01-14,DK1010001,Dhaka,PM2.5-24hr,UG/M3,184.8,24,U.S. Department of State Bangladesh - Dhaka,260,4,23.796374,90.424614,050DK1010001,https://files.airnowtech.org/airnow/2025/20250114/daily_data_v2.dat,01/14/25|DK1010001|Dhaka|PM2.5-24hr|UG/M3|184.8|24|U.S. Department of State Bangladesh - Dhaka|260|4|23.796374|90.424614|050DK1010001,2026-07-18T03:21:55+00:00,9da6771352ba0aa2b2c36990305442ba905c8ff6737dc1521a3df9bca61b902f
2025-01-15,DK1010001,Dhaka,PM2.5-24hr,UG/M3,187.2,24,U.S. Department of State Bangladesh - Dhaka,262,4,23.796374,90.424614,050DK1010001,https://files.airnowtech.org/airnow/2025/20250115/daily_data_v2.dat,01/15/25|DK1010001|Dhaka|PM2.5-24hr|UG/M3|187.2|24|U.S. Department of State Bangladesh - Dhaka|262|4|23.796374|90.424614|050DK1010001,2026-07-18T03:21:55+00:00,73ca4c113f67eeeb55bc063c911cc13b7ee0d5aed2e0f121a8e8b3ddc88c5acd
2025-01-16,DK1010001,Dhaka,PM2.5-24hr,UG/M3,192.0,24,U.S. Department of State Bangladesh - Dhaka,267,4,23.796374,90.424614,050DK1010001,https://files.airnowtech.org/airnow/2025/20250116/daily_data_v2.dat,01/16/25|DK1010001|Dhaka|PM2.5-24hr|UG/M3|192|24|U.S. Department of State Bangladesh - Dhaka|267|4|23.796374|90.424614|050DK1010001,2026-07-18T03:21:55+00:00,ec40f46a2de59e6105f67c5054d5fe10e033b06f653fc56900fdcaa182d2f8b3
2025-01-17,DK1010001,Dhaka,PM2.5-24hr,UG/M3,186.2,24,U.S. Department of State Bangladesh - Dhaka,261,4,23.796374,90.424614,050DK1010001,https://files.airnowtech.org/airnow/2025/20250117/daily_data_v2.dat,01/17/25|DK1010001|Dhaka|PM2.5-24hr|UG/M3|186.2|24|U.S. Department of State Bangladesh - Dhaka|261|4|23.796374|90.424614|050DK1010001,2026-07-18T03:21:55+00:00,c8944dda67f7d8a63f60fc2e16452e5f7f1e284485fcd268a5339279570cc79a
2025-01-18,DK1010001,Dhaka,PM2.5-24hr,UG/M3,176.9,24,U.S. Department of State Bangladesh - Dhaka,252,4,23.796374,90.424614,050DK1010001,https://files.airnowtech.org/airnow/2025/20250118/daily_data_v2.dat,01/18/25|DK1010001|Dhaka|PM2.5-24hr|UG/M3|176.9|24|U.S. Department of State Bangladesh - Dhaka|252|4|23.796374|90.424614|050DK1010001,2026-07-18T03:21:55+00:00,716bb84eba821096c1fe5bd08f453383de2a95eb221138bcbf7837d42589de57
2025-01-19,DK1010001,Dhaka,PM2.5-24hr,UG/M3,134.5,24,U.S. Department of State Bangladesh - Dhaka,210,4,23.796374,90.424614,050DK1010001,https://files.airnowtech.org/airnow/2025/20250119/daily_data_v2.dat,01/19/25|DK1010001|Dhaka|PM2.5-24hr|UG/M3|134.5|24|U.S. Department of State Bangladesh - Dhaka|210|4|23.796374|90.424614|050DK1010001,2026-07-18T03:21:55+00:00,7a53b58b0d838d2d72174d97011fc1d8772548431a9968d8cc2505fa45feccec
2025-01-20,DK1010001,Dhaka,PM2.5-24hr,UG/M3,177.5,24,U.S. Department of State Bangladesh - Dhaka,253,4,23.796374,90.424614,050DK1010001,https://files.airnowtech.org/airnow/2025/20250120/daily_data_v2.dat,01/20/25|DK1010001|Dhaka|PM2.5-24hr|UG/M3|177.5|24|U.S. Department of State Bangladesh - Dhaka|253|4|23.796374|90.424614|050DK1010001,2026-07-18T03:21:55+00:00,b45245fb6ba0f062aab591fb7c9dc910d99b5eaa0e7ae9b0b418055c45fa2756
2025-01-21,DK1010001,Dhaka,PM2.5-24hr,UG/M3,249.1,24,U.S. Department of State Bangladesh - Dhaka,348,5,23.796374,90.424614,050DK1010001,https://files.airnowtech.org/airnow/2025/20250121/daily_data_v2.dat,01/21/25|DK1010001|Dhaka|PM2.5-24hr|UG/M3|249.1|24|U.S. Department of State Bangladesh - Dhaka|348|5|23.796374|90.424614|050DK1010001,2026-07-18T03:21:55+00:00,79a8ba27aa69ab2037b0a473b084ae799d7b20720893c026c8675ddf865735d2
2025-01-22,DK1010001,Dhaka,PM2.5-24hr,UG/M3,384.6,24,U.S. Department of State Bangladesh - Dhaka,618,5,23.796374,90.424614,050DK1010001,https://files.airnowtech.org/airnow/2025/20250122/daily_data_v2.dat,01/22/25|DK1010001|Dhaka|PM2.5-24hr|UG/M3|384.6|24|U.S. Department of State Bangladesh - Dhaka|618|5|23.796374|90.424614|050DK1010001,2026-07-18T03:21:55+00:00,c0a9069cc58d3cec2ea394e8fed71966ee8e32becd0f889fb9de342b3d327b21
2025-01-23,DK1010001,Dhaka,PM2.5-24hr,UG/M3,245.7,24,U.S. Department of State Bangladesh - Dhaka,341,5,23.796374,90.424614,050DK1010001,https://files.airnowtech.org/airnow/2025/20250123/daily_data_v2.dat,01/23/25|DK1010001|Dhaka|PM2.5-24hr|UG/M3|245.7|24|U.S. Department of State Bangladesh - Dhaka|341|5|23.796374|90.424614|050DK1010001,2026-07-18T03:21:55+00:00,7f7f25f5ba3ef45c1af867cdd1a7e54dbbbaa131a6e6a1ceba2f31fbaa7f09f4
2025-01-24,DK1010001,Dhaka,PM2.5-24hr,UG/M3,231.0,24,U.S. Department of State Bangladesh - Dhaka,312,5,23.796374,90.424614,050DK1010001,https://files.airnowtech.org/airnow/2025/20250124/daily_data_v2.dat,01/24/25|DK1010001|Dhaka|PM2.5-24hr|UG/M3|231|24|U.S. Department of State Bangladesh - Dhaka|312|5|23.796374|90.424614|050DK1010001,2026-07-18T03:21:55+00:00,7b157d8d28859076e35f787cd99f1c46257645e2eb507250ac44bc400af90e80
2025-01-25,DK1010001,Dhaka,PM2.5-24hr,UG/M3,222.5,24,U.S. Department of State Bangladesh - Dhaka,297,4,23.796374,90.424614,050DK1010001,https://files.airnowtech.org/airnow/2025/20250125/daily_data_v2.dat,01/25/25|DK1010001|Dhaka|PM2.5-24hr|UG/M3|222.5|24|U.S. Department of State Bangladesh - Dhaka|297|4|23.796374|90.424614|050DK1010001,2026-07-18T03:21:55+00:00,6391deb413d12e1b26331473b390b466410503c7660a5fff8099096ece0c78c8
2025-01-26,DK1010001,Dhaka,PM2.5-24hr,UG/M3,181.4,24,U.S. Department of State Bangladesh - Dhaka,256,4,23.796374,90.424614,050DK1010001,https://files.airnowtech.org/airnow/2025/20250126/daily_data_v2.dat,01/26/25|DK1010001|Dhaka|PM2.5-24hr|UG/M3|181.4|24|U.S. Department of State Bangladesh - Dhaka|256|4|23.796374|90.424614|050DK1010001,2026-07-18T03:21:55+00:00,243178bfdd346d0be46683ddcdda97f09384536da0e5f4b4ea18cc8f09175014
2025-01-27,DK1010001,Dhaka,PM2.5-24hr,UG/M3,227.2,24,U.S. Department of State Bangladesh - Dhaka,304,5,23.796374,90.424614,050DK1010001,https://files.airnowtech.org/airnow/2025/20250127/daily_data_v2.dat,01/27/25|DK1010001|Dhaka|PM2.5-24hr|UG/M3|227.2|24|U.S. Department of State Bangladesh - Dhaka|304|5|23.796374|90.424614|050DK1010001,2026-07-18T03:21:55+00:00,625964154d4370fac6625707a9fa233a1b1b7b027003fedd2a2fdcd674cec8d9
2025-01-28,DK1010001,Dhaka,PM2.5-24hr,UG/M3,260.9,24,U.S. Department of State Bangladesh - Dhaka,372,5,23.796374,90.424614,050DK1010001,https://files.airnowtech.org/airnow/2025/20250128/daily_data_v2.dat,01/28/25|DK1010001|Dhaka|PM2.5-24hr|UG/M3|260.9|24|U.S. Department of State Bangladesh - Dhaka|372|5|23.796374|90.424614|050DK1010001,2026-07-18T03:21:55+00:00,67f211c4fb25796f7b0f0498a7c5212e97a109f133ffa1d75929487e0c35feba
2025-01-29,DK1010001,Dhaka,PM2.5-24hr,UG/M3,340.2,24,U.S. Department of State Bangladesh - Dhaka,529,5,23.796374,90.424614,050DK1010001,https://files.airnowtech.org/airnow/2025/20250129/daily_data_v2.dat,01/29/25|DK1010001|Dhaka|PM2.5-24hr|UG/M3|340.2|24|U.S. Department of State Bangladesh - Dhaka|529|5|23.796374|90.424614|050DK1010001,2026-07-18T03:21:55+00:00,7759b501dd1844fe0790855f1e85573febe7d4b575ebeb847c537d71f394014c
2025-01-30,DK1010001,Dhaka,PM2.5-24hr,UG/M3,300.7,24,U.S. Department of State Bangladesh - Dhaka,451,5,23.796374,90.424614,050DK1010001,https://files.airnowtech.org/airnow/2025/20250130/daily_data_v2.dat,01/30/25|DK1010001|Dhaka|PM2.5-24hr|UG/M3|300.7|24|U.S. Department of State Bangladesh - Dhaka|451|5|23.796374|90.424614|050DK1010001,2026-07-18T03:21:55+00:00,582b81968cde496723a1eb653e9873608fdc277b546c169b9ccdef6d17e10db1
2025-01-31,DK1010001,Dhaka,PM2.5-24hr,UG/M3,131.1,24,U.S. Department of State Bangladesh - Dhaka,207,4,23.796374,90.424614,050DK1010001,https://files.airnowtech.org/airnow/2025/20250131/daily_data_v2.dat,01/31/25|DK1010001|Dhaka|PM2.5-24hr|UG/M3|131.1|24|U.S. Department of State Bangladesh - Dhaka|207|4|23.796374|90.424614|050DK1010001,2026-07-18T03:21:55+00:00,4d54d21eb1ff2af640b5a0e19368eeb2dae74c08ca520a869dc76b82fb2959e5
2025-02-01,DK1010001,Dhaka,PM2.5-24hr,UG/M3,173.8,24,U.S. Department of State Bangladesh - Dhaka,249,4,23.796374,90.424614,050DK1010001,https://files.airnowtech.org/airnow/2025/20250201/daily_data_v2.dat,02/01/25|DK1010001|Dhaka|PM2.5-24hr|UG/M3|173.8|24|U.S. Department of State Bangladesh - Dhaka|249|4|23.796374|90.424614|050DK1010001,2026-07-18T03:21:55+00:00,cf08ce85c749d33f2259e08c725826e76da3cff6e73fbf60b4530eed99b9a239
2025-02-02,DK1010001,Dhaka,PM2.5-24hr,UG/M3,256.1,24,U.S. Department of State Bangladesh - Dhaka,362,5,23.796374,90.424614,050DK1010001,https://files.airnowtech.org/airnow/2025/20250202/daily_data_v2.dat,02/02/25|DK1010001|Dhaka|PM2.5-24hr|UG/M3|256.1|24|U.S. Department of State Bangladesh - Dhaka|362|5|23.796374|90.424614|050DK1010001,2026-07-18T03:21:55+00:00,ad23eedca12c0bb447725a12b938e3fc5aefa9f7e54ec93caeba88bc497dfd48
2025-02-03,DK1010001,Dhaka,PM2.5-24hr,UG/M3,177.5,24,U.S. Department of State Bangladesh - Dhaka,253,4,23.796374,90.424614,050DK1010001,https://files.airnowtech.org/airnow/2025/20250203/daily_data_v2.dat,02/03/25|DK1010001|Dhaka|PM2.5-24hr|UG/M3|177.5|24|U.S. Department of State Bangladesh - Dhaka|253|4|23.796374|90.424614|050DK1010001,2026-07-18T03:21:55+00:00,4c3f8f2834460eae56a12f5e0426aac75045d79e4b7ec7db939287bca6c6e27b
2025-02-04,DK1010001,Dhaka,PM2.5-24hr,UG/M3,187.8,24,U.S. Department of State Bangladesh - Dhaka,263,4,23.796374,90.424614,050DK1010001,https://files.airnowtech.org/airnow/2025/20250204/daily_data_v2.dat,02/04/25|DK1010001|Dhaka|PM2.5-24hr|UG/M3|187.8|24|U.S. Department of State Bangladesh - Dhaka|263|4|23.796374|90.424614|050DK1010001,2026-07-18T03:21:55+00:00,68ba93ec159ba9d2ae22b577a0c16e1709e85c3ca9d3aaa40bc8a0dc851c774f
2025-02-05,DK1010001,Dhaka,PM2.5-24hr,UG/M3,252.2,24,U.S. Department of State Bangladesh - Dhaka,354,5,23.796374,90.424614,050DK1010001,https://files.airnowtech.org/airnow/2025/20250205/daily_data_v2.dat,02/05/25|DK1010001|Dhaka|PM2.5-24hr|UG/M3|252.2|24|U.S. Department of State Bangladesh - Dhaka|354|5|23.796374|90.424614|050DK1010001,2026-07-18T03:21:55+00:00,463518d9afd495bd08d4be150363bd3190f7726de5bf03374c5fe0e43e71a214
2025-02-06,DK1010001,Dhaka,PM2.5-24hr,UG/M3,257.0,24,U.S. Department of State Bangladesh - Dhaka,364,5,23.796374,90.424614,050DK1010001,https://files.airnowtech.org/airnow/2025/20250206/daily_data_v2.dat,02/06/25|DK1010001|Dhaka|PM2.5-24hr|UG/M3|257|24|U.S. Department of State Bangladesh - Dhaka|364|5|23.796374|90.424614|050DK1010001,2026-07-18T03:21:55+00:00,336097dc421a3c4c6038ce594c83530ded07089ae5b02696ccea249521913c86
2025-02-07,DK1010001,Dhaka,PM2.5-24hr,UG/M3,126.5,24,U.S. Department of State Bangladesh - Dhaka,202,4,23.796374,90.424614,050DK1010001,https://files.airnowtech.org/airnow/2025/20250207/daily_data_v2.dat,02/07/25|DK1010001|Dhaka|PM2.5-24hr|UG/M3|126.5|24|U.S. Department of State Bangladesh - Dhaka|202|4|23.796374|90.424614|050DK1010001,2026-07-18T03:21:55+00:00,ab2a9e397c110f3a3b2cd37e287ba82e2d1b176bf87628ca16eee864b3a3d681
2025-02-08,DK1010001,Dhaka,PM2.5-24hr,UG/M3,133.8,24,U.S. Department of State Bangladesh - Dhaka,209,4,23.796374,90.424614,050DK1010001,https://files.airnowtech.org/airnow/2025/20250208/daily_data_v2.dat,02/08/25|DK1010001|Dhaka|PM2.5-24hr|UG/M3|133.8|24|U.S. Department of State Bangladesh - Dhaka|209|4|23.796374|90.424614|050DK1010001,2026-07-18T03:21:55+00:00,bf50e8ba785f7e333eb0c410cac61dff8d01dc14a37b796fda13c93f7a80e642
2025-02-09,DK1010001,Dhaka,PM2.5-24hr,UG/M3,156.5,24,U.S. Department of State Bangladesh - Dhaka,232,4,23.796374,90.424614,050DK1010001,https://files.airnowtech.org/airnow/2025/20250209/daily_data_v2.dat,02/09/25|DK1010001|Dhaka|PM2.5-24hr|UG/M3|156.5|24|U.S. Department of State Bangladesh - Dhaka|232|4|23.796374|90.424614|050DK1010001,2026-07-18T03:21:55+00:00,e1f1a77bc192d7499a6dc8c6b8c95740490c1788c74f78cd1c8fcc5fdb74c049
2025-02-10,DK1010001,Dhaka,PM2.5-24hr,UG/M3,284.0,24,U.S. Department of State Bangladesh - Dhaka,418,5,23.796374,90.424614,050DK1010001,https://files.airnowtech.org/airnow/2025/20250210/daily_data_v2.dat,02/10/25|DK1010001|Dhaka|PM2.5-24hr|UG/M3|284|24|U.S. Department of State Bangladesh - Dhaka|418|5|23.796374|90.424614|050DK1010001,2026-07-18T03:21:56+00:00,3aa1b9074e342effbe2f7a39e9fc6c49d32caa4a23d5ef6a3458943b4612f06c
2025-02-11,DK1010001,Dhaka,PM2.5-24hr,UG/M3,187.7,24,U.S. Department of State Bangladesh - Dhaka,263,4,23.796374,90.424614,050DK1010001,https://files.airnowtech.org/airnow/2025/20250211/daily_data_v2.dat,02/11/25|DK1010001|Dhaka|PM2.5-24hr|UG/M3|187.7|24|U.S. Department of State Bangladesh - Dhaka|263|4|23.796374|90.424614|050DK1010001,2026-07-18T03:21:56+00:00,45ee34fa1ebe18d4f19620875681462946cfbf7fed199e22349a112c8376e7ba
2025-02-12,DK1010001,Dhaka,PM2.5-24hr,UG/M3,113.2,24,U.S. Department of State Bangladesh - Dhaka,191,3,23.796374,90.424614,050DK1010001,https://files.airnowtech.org/airnow/2025/20250212/daily_data_v2.dat,02/12/25|DK1010001|Dhaka|PM2.5-24hr|UG/M3|113.2|24|U.S. Department of State Bangladesh - Dhaka|191|3|23.796374|90.424614|050DK1010001,2026-07-18T03:21:56+00:00,ab5480b778bcb839add1d82a5ea6023d816603c25d2fe262e34383edced1d33a
2025-02-13,DK1010001,Dhaka,PM2.5-24hr,UG/M3,88.7,24,U.S. Department of State Bangladesh - Dhaka,174,3,23.796374,90.424614,050DK1010001,https://files.airnowtech.org/airnow/2025/20250213/daily_data_v2.dat,02/13/25|DK1010001|Dhaka|PM2.5-24hr|UG/M3|88.7|24|U.S. Department of State Bangladesh - Dhaka|174|3|23.796374|90.424614|050DK1010001,2026-07-18T03:21:56+00:00,06c250fba813ad7c6a14b476c5a59313f381270fa48418886ec20c223bce6086
2025-02-14,DK1010001,Dhaka,PM2.5-24hr,UG/M3,108.5,24,U.S. Department of State Bangladesh - Dhaka,188,3,23.796374,90.424614,050DK1010001,https://files.airnowtech.org/airnow/2025/20250214/daily_data_v2.dat,02/14/25|DK1010001|Dhaka|PM2.5-24hr|UG/M3|108.5|24|U.S. Department of State Bangladesh - Dhaka|188|3|23.796374|90.424614|050DK1010001,2026-07-18T03:21:56+00:00,4eab5e5a0ec77546ad27261605ff422526ec4890bca38f3dcdf0aa441078d4a4
2025-02-15,DK1010001,Dhaka,PM2.5-24hr,UG/M3,133.0,24,U.S. Department of State Bangladesh - Dhaka,208,4,23.796374,90.424614,050DK1010001,https://files.airnowtech.org/airnow/2025/20250215/daily_data_v2.dat,02/15/25|DK1010001|Dhaka|PM2.5-24hr|UG/M3|133|24|U.S. Department of State Bangladesh - Dhaka|208|4|23.796374|90.424614|050DK1010001,2026-07-18T03:21:56+00:00,616e4f7b3dece825c9bb8311ebad937e2a4982bffb5e78798d82515d83e568a8
2025-02-16,DK1010001,Dhaka,PM2.5-24hr,UG/M3,191.1,24,U.S. Department of State Bangladesh - Dhaka,266,4,23.796374,90.424614,050DK1010001,https://files.airnowtech.org/airnow/2025/20250216/daily_data_v2.dat,02/16/25|DK1010001|Dhaka|PM2.5-24hr|UG/M3|191.1|24|U.S. Department of State Bangladesh - Dhaka|266|4|23.796374|90.424614|050DK1010001,2026-07-18T03:21:56+00:00,4fbc05d49aa968194de5c9732da000f2709d34caa7c720831fa6222ac2e2f520
2025-02-17,DK1010001,Dhaka,PM2.5-24hr,UG/M3,191.7,24,U.S. Department of State Bangladesh - Dhaka,267,4,23.796374,90.424614,050DK1010001,https://files.airnowtech.org/airnow/2025/20250217/daily_data_v2.dat,02/17/25|DK1010001|Dhaka|PM2.5-24hr|UG/M3|191.7|24|U.S. Department of State Bangladesh - Dhaka|267|4|23.796374|90.424614|050DK1010001,2026-07-18T03:21:56+00:00,fd967342be9d4da5a2b5b85aad6339ed546d95e57291f036a58c617b9ab58c06
2025-02-18,DK1010001,Dhaka,PM2.5-24hr,UG/M3,151.9,24,U.S. Department of State Bangladesh - Dhaka,227,4,23.796374,90.424614,050DK1010001,https://files.airnowtech.org/airnow/2025/20250218/daily_data_v2.dat,02/18/25|DK1010001|Dhaka|PM2.5-24hr|UG/M3|151.9|24|U.S. Department of State Bangladesh - Dhaka|227|4|23.796374|90.424614|050DK1010001,2026-07-18T03:21:56+00:00,e60a1db82366e1dbcf649c54ada4aadfe222d25eba71347b3c5c92a6962ecbcb
2025-02-19,DK1010001,Dhaka,PM2.5-24hr,UG/M3,192.5,24,U.S. Department of State Bangladesh - Dhaka,267,4,23.796374,90.424614,050DK1010001,https://files.airnowtech.org/airnow/2025/20250219/daily_data_v2.dat,02/19/25|DK1010001|Dhaka|PM2.5-24hr|UG/M3|192.5|24|U.S. Department of State Bangladesh - Dhaka|267|4|23.796374|90.424614|050DK1010001,2026-07-18T03:21:56+00:00,1f276b8f76f96c9e3967d7d62719b32600e38c964a62d85728ba1d2748faf7c3
2025-02-20,DK1010001,Dhaka,PM2.5-24hr,UG/M3,192.7,24,U.S. Department of State Bangladesh - Dhaka,268,4,23.796374,90.424614,050DK1010001,https://files.airnowtech.org/airnow/2025/20250220/daily_data_v2.dat,02/20/25|DK1010001|Dhaka|PM2.5-24hr|UG/M3|192.7|24|U.S. Department of State Bangladesh - Dhaka|268|4|23.796374|90.424614|050DK1010001,2026-07-18T03:21:56+00:00,bcc484f27c90b4d72b8bbaa433f26e4e0f63527bbd27562394bc51ada1c23c21
2025-02-21,DK1010001,Dhaka,PM2.5-24hr,UG/M3,162.2,24,U.S. Department of State Bangladesh - Dhaka,237,4,23.796374,90.424614,050DK1010001,https://files.airnowtech.org/airnow/2025/20250221/daily_data_v2.dat,02/21/25|DK1010001|Dhaka|PM2.5-24hr|UG/M3|162.2|24|U.S. Department of State Bangladesh - Dhaka|237|4|23.796374|90.424614|050DK1010001,2026-07-18T03:21:56+00:00,7a6edf808057c663b642e3a0c133f253e561bc658750d0ecfab06560e7d587bf
2025-02-22,DK1010001,Dhaka,PM2.5-24hr,UG/M3,130.6,24,U.S. Department of State Bangladesh - Dhaka,206,4,23.796374,90.424614,050DK1010001,https://files.airnowtech.org/airnow/2025/20250222/daily_data_v2.dat,02/22/25|DK1010001|Dhaka|PM2.5-24hr|UG/M3|130.6|24|U.S. Department of State Bangladesh - Dhaka|206|4|23.796374|90.424614|050DK1010001,2026-07-18T03:21:56+00:00,40fdd0da6e82e72c7e0e2688e3c8a171fb815209756a6ed0520106d89ead1cc0
2025-02-23,DK1010001,Dhaka,PM2.5-24hr,UG/M3,134.0,24,U.S. Department of State Bangladesh - Dhaka,209,4,23.796374,90.424614,050DK1010001,https://files.airnowtech.org/airnow/2025/20250223/daily_data_v2.dat,02/23/25|DK1010001|Dhaka|PM2.5-24hr|UG/M3|134|24|U.S. Department of State Bangladesh - Dhaka|209|4|23.796374|90.424614|050DK1010001,2026-07-18T03:21:56+00:00,52928cfbf2378f3fd623ab5293593c6e7701aa7372007b993d8406704667b4f4
2025-02-24,DK1010001,Dhaka,PM2.5-24hr,UG/M3,95.3,24,U.S. Department of State Bangladesh - Dhaka,179,3,23.796374,90.424614,050DK1010001,https://files.airnowtech.org/airnow/2025/20250224/daily_data_v2.dat,02/24/25|DK1010001|Dhaka|PM2.5-24hr|UG/M3|95.3|24|U.S. Department of State Bangladesh - Dhaka|179|3|23.796374|90.424614|050DK1010001,2026-07-18T03:21:56+00:00,137eec43ac0c9040521b252adcf3a6a9335dc959ae7f0abda711ab6ffda17a86
2025-02-25,DK1010001,Dhaka,PM2.5-24hr,UG/M3,134.4,24,U.S. Department of State Bangladesh - Dhaka,210,4,23.796374,90.424614,050DK1010001,https://files.airnowtech.org/airnow/2025/20250225/daily_data_v2.dat,02/25/25|DK1010001|Dhaka|PM2.5-24hr|UG/M3|134.4|24|U.S. Department of State Bangladesh - Dhaka|210|4|23.796374|90.424614|050DK1010001,2026-07-18T03:21:56+00:00,5e610d32202ae51c196fee5f8d5eef716a2fc17f87daffb6b26f5a77b09b1c97
2025-02-26,DK1010001,Dhaka,PM2.5-24hr,UG/M3,165.8,24,U.S. Department of State Bangladesh - Dhaka,241,4,23.796374,90.424614,050DK1010001,https://files.airnowtech.org/airnow/2025/20250226/daily_data_v2.dat,02/26/25|DK1010001|Dhaka|PM2.5-24hr|UG/M3|165.8|24|U.S. Department of State Bangladesh - Dhaka|241|4|23.796374|90.424614|050DK1010001,2026-07-18T03:21:56+00:00,eaaf4e43d7cf4fd175dd428055d6474a4323f94e730a87b47a20d8f41799710f
2025-02-27,DK1010001,Dhaka,PM2.5-24hr,UG/M3,150.0,24,U.S. Department of State Bangladesh - Dhaka,225,4,23.796374,90.424614,050DK1010001,https://files.airnowtech.org/airnow/2025/20250227/daily_data_v2.dat,02/27/25|DK1010001|Dhaka|PM2.5-24hr|UG/M3|150|24|U.S. Department of State Bangladesh - Dhaka|225|4|23.796374|90.424614|050DK1010001,2026-07-18T03:21:56+00:00,7ee44988b1123fb5af03ce946043de9b0bc3f75e667f35cf9219ba19fd3bed57
2025-02-28,DK1010001,Dhaka,PM2.5-24hr,UG/M3,193.2,24,U.S. Department of State Bangladesh - Dhaka,268,4,23.796374,90.424614,050DK1010001,https://files.airnowtech.org/airnow/2025/20250228/daily_data_v2.dat,02/28/25|DK1010001|Dhaka|PM2.5-24hr|UG/M3|193.2|24|U.S. Department of State Bangladesh - Dhaka|268|4|23.796374|90.424614|050DK1010001,2026-07-18T03:21:56+00:00,d4950ff2970208ed8872e4879419bb3db37654fe9829117aea0a907ad9b75a9e
2025-03-01,DK1010001,Dhaka,PM2.5-24hr,UG/M3,190.3,24,U.S. Department of State Bangladesh - Dhaka,265,4,23.796374,90.424614,050DK1010001,https://files.airnowtech.org/airnow/2025/20250301/daily_data_v2.dat,03/01/25|DK1010001|Dhaka|PM2.5-24hr|UG/M3|190.3|24|U.S. Department of State Bangladesh - Dhaka|265|4|23.796374|90.424614|050DK1010001,2026-07-18T03:21:56+00:00,88c8313c9434545ffc4249f49d56d0bf4855a7f08309afbe277b41b1eee725a2
2025-03-02,DK1010001,Dhaka,PM2.5-24hr,UG/M3,122.8,24,U.S. Department of State Bangladesh - Dhaka,198,3,23.796374,90.424614,050DK1010001,https://files.airnowtech.org/airnow/2025/20250302/daily_data_v2.dat,03/02/25|DK1010001|Dhaka|PM2.5-24hr|UG/M3|122.8|24|U.S. Department of State Bangladesh - Dhaka|198|3|23.796374|90.424614|050DK1010001,2026-07-18T03:21:56+00:00,cd7b2adb134620c5616a4eb2ff62b0683ff666544233d968ddb6f522fdb77ba1
2025-03-03,DK1010001,Dhaka,PM2.5-24hr,UG/M3,180.4,24,U.S. Department of State Bangladesh - Dhaka,255,4,23.796374,90.424614,050DK1010001,https://files.airnowtech.org/airnow/2025/20250303/daily_data_v2.dat,03/03/25|DK1010001|Dhaka|PM2.5-24hr|UG/M3|180.4|24|U.S. Department of State Bangladesh - Dhaka|255|4|23.796374|90.424614|050DK1010001,2026-07-18T03:21:56+00:00,36d9397817cc829ab41bdf333148b8da492ff17ffcda86352b62c89c3cdd9e6c
2025-03-04,DK1010001,Dhaka,PM2.5-24hr,UG/M3,104.2,24,U.S. Department of State Bangladesh - Dhaka,185,3,23.796374,90.424614,050DK1010001,https://files.airnowtech.org/airnow/2025/20250304/daily_data_v2.dat,03/04/25|DK1010001|Dhaka|PM2.5-24hr|UG/M3|104.2|24|U.S. Department of State Bangladesh - Dhaka|185|3|23.796374|90.424614|050DK1010001,2026-07-18T03:21:56+00:00,4e42e1187528dcb9a9057d6723bbb414fdc3c3bf171f672f78b02381ba09a7d5
2025-03-05,DK1010001,Dhaka,PM2.5-24hr,UG/M3,107.0,24,U.S. Department of State Bangladesh - Dhaka,187,3,23.796374,90.424614,050DK1010001,https://files.airnowtech.org/airnow/2025/20250305/daily_data_v2.dat,03/05/25|DK1010001|Dhaka|PM2.5-24hr|UG/M3|107|24|U.S. Department of State Bangladesh - Dhaka|187|3|23.796374|90.424614|050DK1010001,2026-07-18T03:21:56+00:00,d34b104d33dae28c516b4f0066e26be3e927bdc19bcdac528db055e6ebebf2f7
2025-03-06,DK1010001,Dhaka,PM2.5-24hr,UG/M3,103.0,24,U.S. Department of State Bangladesh - Dhaka,184,3,23.796374,90.424614,050DK1010001,https://files.airnowtech.org/airnow/2025/20250306/daily_data_v2.dat,03/06/25|DK1010001|Dhaka|PM2.5-24hr|UG/M3|103|24|U.S. Department of State Bangladesh - Dhaka|184|3|23.796374|90.424614|050DK1010001,2026-07-18T03:21:56+00:00,52424e2d4caca65b23c3ef3ed527d51966d554a0031a0389444ef15c0230f5e4
2025-03-07,DK1010001,Dhaka,PM2.5-24hr,UG/M3,107.5,24,U.S. Department of State Bangladesh - Dhaka,187,3,23.796374,90.424614,050DK1010001,https://files.airnowtech.org/airnow/2025/20250307/daily_data_v2.dat,03/07/25|DK1010001|Dhaka|PM2.5-24hr|UG/M3|107.5|24|U.S. Department of State Bangladesh - Dhaka|187|3|23.796374|90.424614|050DK1010001,2026-07-18T03:21:56+00:00,c586e6d3c119623c56621b41191d8b7c8beeeee02ab534071bf507b4749c18e0
2025-03-08,DK1010001,Dhaka,PM2.5-24hr,UG/M3,155.7,24,U.S. Department of State Bangladesh - Dhaka,231,4,23.796374,90.424614,050DK1010001,https://files.airnowtech.org/airnow/2025/20250308/daily_data_v2.dat,03/08/25|DK1010001|Dhaka|PM2.5-24hr|UG/M3|155.7|24|U.S. Department of State Bangladesh - Dhaka|231|4|23.796374|90.424614|050DK1010001,2026-07-18T03:21:56+00:00,5ea0fb892a67c61b7f0ef7bbfa93f6762b7b3b72a7d26a1805e90b1d7f6e72ea
2025-03-09,DK1010001,Dhaka,PM2.5-24hr,UG/M3,136.0,24,U.S. Department of State Bangladesh - Dhaka,211,4,23.796374,90.424614,050DK1010001,https://files.airnowtech.org/airnow/2025/20250309/daily_data_v2.dat,03/09/25|DK1010001|Dhaka|PM2.5-24hr|UG/M3|136|24|U.S. Department of State Bangladesh - Dhaka|211|4|23.796374|90.424614|050DK1010001,2026-07-18T03:21:56+00:00,d854f6bbb3e6f431ea4f2b06f29bae55cca9742bb30cb3e119d7c34b1f8e1569
2025-03-10,DK1010001,Dhaka,PM2.5-24hr,UG/M3,216.7,24,U.S. Department of State Bangladesh - Dhaka,291,4,23.796374,90.424614,050DK1010001,https://files.airnowtech.org/airnow/2025/20250310/daily_data_v2.dat,03/10/25|DK1010001|Dhaka|PM2.5-24hr|UG/M3|216.7|24|U.S. Department of State Bangladesh - Dhaka|291|4|23.796374|90.424614|050DK1010001,2026-07-18T03:21:56+00:00,1ee1e2671a28456d7bcea9a204417a7f45eda1d2c9fba7dbc82ebcb34a81fb87
2025-03-11,DK1010001,Dhaka,PM2.5-24hr,UG/M3,151.5,24,U.S. Department of State Bangladesh - Dhaka,227,4,23.796374,90.424614,050DK1010001,https://files.airnowtech.org/airnow/2025/20250311/daily_data_v2.dat,03/11/25|DK1010001|Dhaka|PM2.5-24hr|UG/M3|151.5|24|U.S. Department of State Bangladesh - Dhaka|227|4|23.796374|90.424614|050DK1010001,2026-07-18T03:21:56+00:00,a2ff88e5ff084ba5b267596dd8d324ddf7cfa646acda6123a205b6ecdb5d5a08
2025-03-12,DK1010001,Dhaka,PM2.5-24hr,UG/M3,121.0,24,U.S. Department of State Bangladesh - Dhaka,197,3,23.796374,90.424614,050DK1010001,https://files.airnowtech.org/airnow/2025/20250312/daily_data_v2.dat,03/12/25|DK1010001|Dhaka|PM2.5-24hr|UG/M3|121|24|U.S. Department of State Bangladesh - Dhaka|197|3|23.796374|90.424614|050DK1010001,2026-07-18T03:21:56+00:00,d652006ad92bdd71a214062c5890d86f00ae49d188650441758647fbf7de6988
2025-03-13,DK1010001,Dhaka,PM2.5-24hr,UG/M3,67.9,24,U.S. Department of State Bangladesh - Dhaka,160,3,23.796374,90.424614,050DK1010001,https://files.airnowtech.org/airnow/2025/20250313/daily_data_v2.dat,03/13/25|DK1010001|Dhaka|PM2.5-24hr|UG/M3|67.9|24|U.S. Department of State Bangladesh - Dhaka|160|3|23.796374|90.424614|050DK1010001,2026-07-18T03:21:56+00:00,8b1d3604bbb656abecea855bbda2461b864f59b014666d3847f1f6bc69357717
2025-03-14,DK1010001,Dhaka,PM2.5-24hr,UG/M3,72.3,24,U.S. Department of State Bangladesh - Dhaka,163,3,23.796374,90.424614,050DK1010001,https://files.airnowtech.org/airnow/2025/20250314/daily_data_v2.dat,03/14/25|DK1010001|Dhaka|PM2.5-24hr|UG/M3|72.3|24|U.S. Department of State Bangladesh - Dhaka|163|3|23.796374|90.424614|050DK1010001,2026-07-18T03:21:56+00:00,a4099165dc7f5bfd2ffe0cd593402481ffa81059a14a18ea931d4ff90938afa2
2025-03-15,DK1010001,Dhaka,PM2.5-24hr,UG/M3,63.2,24,U.S. Department of State Bangladesh - Dhaka,156,3,23.796374,90.424614,050DK1010001,https://files.airnowtech.org/airnow/2025/20250315/daily_data_v2.dat,03/15/25|DK1010001|Dhaka|PM2.5-24hr|UG/M3|63.2|24|U.S. Department of State Bangladesh - Dhaka|156|3|23.796374|90.424614|050DK1010001,2026-07-18T03:21:56+00:00,047f3a063f869f9d1b3b7d11aae04097f12b89d93d783b0900131481f2fd4ec1
2025-03-16,DK1010001,Dhaka,PM2.5-24hr,UG/M3,72.2,24,U.S. Department of State Bangladesh - Dhaka,163,3,23.796374,90.424614,050DK1010001,https://files.airnowtech.org/airnow/2025/20250316/daily_data_v2.dat,03/16/25|DK1010001|Dhaka|PM2.5-24hr|UG/M3|72.2|24|U.S. Department of State Bangladesh - Dhaka|163|3|23.796374|90.424614|050DK1010001,2026-07-18T03:21:56+00:00,1fb0f00a06879ecb5388357fb8471e3f20ba089be94a3fc61313fe1c022da401
2025-03-17,DK1010001,Dhaka,PM2.5-24hr,UG/M3,68.3,24,U.S. Department of State Bangladesh - Dhaka,160,3,23.796374,90.424614,050DK1010001,https://files.airnowtech.org/airnow/2025/20250317/daily_data_v2.dat,03/17/25|DK1010001|Dhaka|PM2.5-24hr|UG/M3|68.3|24|U.S. Department of State Bangladesh - Dhaka|160|3|23.796374|90.424614|050DK1010001,2026-07-18T03:21:56+00:00,4f152ed3989b0eb887ca82fce32bcbf5780ebf452d6b7efba80a2e79c3353d68
2025-03-18,DK1010001,Dhaka,PM2.5-24hr,UG/M3,92.5,24,U.S. Department of State Bangladesh - Dhaka,177,3,23.796374,90.424614,050DK1010001,https://files.airnowtech.org/airnow/2025/20250318/daily_data_v2.dat,03/18/25|DK1010001|Dhaka|PM2.5-24hr|UG/M3|92.5|24|U.S. Department of State Bangladesh - Dhaka|177|3|23.796374|90.424614|050DK1010001,2026-07-18T03:21:56+00:00,67923e6c95784c12d99aeaaa91e9dfb8b3cd1ff7aec211ee095cee8147f8981a
2025-03-19,DK1010001,Dhaka,PM2.5-24hr,UG/M3,173.0,24,U.S. Department of State Bangladesh - Dhaka,248,4,23.796374,90.424614,050DK1010001,https://files.airnowtech.org/airnow/2025/20250319/daily_data_v2.dat,03/19/25|DK1010001|Dhaka|PM2.5-24hr|UG/M3|173|24|U.S. Department of State Bangladesh - Dhaka|248|4|23.796374|90.424614|050DK1010001,2026-07-18T03:21:56+00:00,fcb855d05ef39726015f8c78a9d89a574e6780ef74679ac856d238b599e7e526
2025-03-20,DK1010001,Dhaka,PM2.5-24hr,UG/M3,94.5,24,U.S. Department of State Bangladesh - Dhaka,178,3,23.796374,90.424614,050DK1010001,https://files.airnowtech.org/airnow/2025/20250320/daily_data_v2.dat,03/20/25|DK1010001|Dhaka|PM2.5-24hr|UG/M3|94.5|24|U.S. Department of State Bangladesh - Dhaka|178|3|23.796374|90.424614|050DK1010001,2026-07-18T03:21:56+00:00,93a25f53ab72bfb85430ca489889e642bbabfea43dac43103de4509a120b2eee
2025-03-21,DK1010001,Dhaka,PM2.5-24hr,UG/M3,93.2,24,U.S. Department of State Bangladesh - Dhaka,177,3,23.796374,90.424614,050DK1010001,https://files.airnowtech.org/airnow/2025/20250321/daily_data_v2.dat,03/21/25|DK1010001|Dhaka|PM2.5-24hr|UG/M3|93.2|24|U.S. Department of State Bangladesh - Dhaka|177|3|23.796374|90.424614|050DK1010001,2026-07-18T03:21:56+00:00,1abc15ff68f9cac93591366c12d52c2062fed805b905ec8ba3e54854d7747f68
2025-03-22,DK1010001,Dhaka,PM2.5-24hr,UG/M3,172.7,24,U.S. Department of State Bangladesh - Dhaka,248,4,23.796374,90.424614,050DK1010001,https://files.airnowtech.org/airnow/2025/20250322/daily_data_v2.dat,03/22/25|DK1010001|Dhaka|PM2.5-24hr|UG/M3|172.7|24|U.S. Department of State Bangladesh - Dhaka|248|4|23.796374|90.424614|050DK1010001,2026-07-18T03:21:56+00:00,0bd94998c91fee79d903473ca3034b78dc366fb7c576fa88b378f92488561c3f
2025-03-23,DK1010001,Dhaka,PM2.5-24hr,UG/M3,84.2,24,U.S. Department of State Bangladesh - Dhaka,171,3,23.796374,90.424614,050DK1010001,https://files.airnowtech.org/airnow/2025/20250323/daily_data_v2.dat,03/23/25|DK1010001|Dhaka|PM2.5-24hr|UG/M3|84.2|24|U.S. Department of State Bangladesh - Dhaka|171|3|23.796374|90.424614|050DK1010001,2026-07-18T03:21:56+00:00,65e0a6eeedc722f47bcec93ce8ee58e5d69702190986f2e0c2eb65f20ab50067
2025-03-24,DK1010001,Dhaka,PM2.5-24hr,UG/M3,100.7,24,U.S. Department of State Bangladesh - Dhaka,183,3,23.796374,90.424614,050DK1010001,https://files.airnowtech.org/airnow/2025/20250324/daily_data_v2.dat,03/24/25|DK1010001|Dhaka|PM2.5-24hr|UG/M3|100.7|24|U.S. Department of State Bangladesh - Dhaka|183|3|23.796374|90.424614|050DK1010001,2026-07-18T03:21:56+00:00,71c7adc51ef6dc914c7b64d8b687225180efbe8af2e2841c79780254cb3ad8bf
