report_month,aqi_date,city,aqi_as_reported,aqi,is_missing,extraction_method,source_url,source_sha256
2022-01,2022-01-01,Dhaka,238,238.0,False,poppler_pdftotext_layout_table_6,https://objectstorage.ap-dcc-gazipur-1.oraclecloud15.com/n/axvjbnqprylg/b/V2Ministry/o/office-doe/2024/12/7820509f126f4ad3ac5dbfd928be3bdc.pdf,2cbe0cc1c9e47ad4c528b7e0ca42acf6c0fbcdc0d2c74056d9fe124eb5963c2c
2022-01,2022-01-02,Dhaka,323,323.0,False,poppler_pdftotext_layout_table_6,https://objectstorage.ap-dcc-gazipur-1.oraclecloud15.com/n/axvjbnqprylg/b/V2Ministry/o/office-doe/2024/12/7820509f126f4ad3ac5dbfd928be3bdc.pdf,2cbe0cc1c9e47ad4c528b7e0ca42acf6c0fbcdc0d2c74056d9fe124eb5963c2c
2022-01,2022-01-03,Dhaka,333,333.0,False,poppler_pdftotext_layout_table_6,https://objectstorage.ap-dcc-gazipur-1.oraclecloud15.com/n/axvjbnqprylg/b/V2Ministry/o/office-doe/2024/12/7820509f126f4ad3ac5dbfd928be3bdc.pdf,2cbe0cc1c9e47ad4c528b7e0ca42acf6c0fbcdc0d2c74056d9fe124eb5963c2c
2022-01,2022-01-04,Dhaka,356,356.0,False,poppler_pdftotext_layout_table_6,https://objectstorage.ap-dcc-gazipur-1.oraclecloud15.com/n/axvjbnqprylg/b/V2Ministry/o/office-doe/2024/12/7820509f126f4ad3ac5dbfd928be3bdc.pdf,2cbe0cc1c9e47ad4c528b7e0ca42acf6c0fbcdc0d2c74056d9fe124eb5963c2c
2022-01,2022-01-05,Dhaka,341,341.0,False,poppler_pdftotext_layout_table_6,https://objectstorage.ap-dcc-gazipur-1.oraclecloud15.com/n/axvjbnqprylg/b/V2Ministry/o/office-doe/2024/12/7820509f126f4ad3ac5dbfd928be3bdc.pdf,2cbe0cc1c9e47ad4c528b7e0ca42acf6c0fbcdc0d2c74056d9fe124eb5963c2c
2022-01,2022-01-06,Dhaka,356,356.0,False,poppler_pdftotext_layout_table_6,https://objectstorage.ap-dcc-gazipur-1.oraclecloud15.com/n/axvjbnqprylg/b/V2Ministry/o/office-doe/2024/12/7820509f126f4ad3ac5dbfd928be3bdc.pdf,2cbe0cc1c9e47ad4c528b7e0ca42acf6c0fbcdc0d2c74056d9fe124eb5963c2c
2022-01,2022-01-07,Dhaka,342,342.0,False,poppler_pdftotext_layout_table_6,https://objectstorage.ap-dcc-gazipur-1.oraclecloud15.com/n/axvjbnqprylg/b/V2Ministry/o/office-doe/2024/12/7820509f126f4ad3ac5dbfd928be3bdc.pdf,2cbe0cc1c9e47ad4c528b7e0ca42acf6c0fbcdc0d2c74056d9fe124eb5963c2c
2022-01,2022-01-08,Dhaka,333,333.0,False,poppler_pdftotext_layout_table_6,https://objectstorage.ap-dcc-gazipur-1.oraclecloud15.com/n/axvjbnqprylg/b/V2Ministry/o/office-doe/2024/12/7820509f126f4ad3ac5dbfd928be3bdc.pdf,2cbe0cc1c9e47ad4c528b7e0ca42acf6c0fbcdc0d2c74056d9fe124eb5963c2c
2022-01,2022-01-09,Dhaka,303,303.0,False,poppler_pdftotext_layout_table_6,https://objectstorage.ap-dcc-gazipur-1.oraclecloud15.com/n/axvjbnqprylg/b/V2Ministry/o/office-doe/2024/12/7820509f126f4ad3ac5dbfd928be3bdc.pdf,2cbe0cc1c9e47ad4c528b7e0ca42acf6c0fbcdc0d2c74056d9fe124eb5963c2c
2022-01,2022-01-10,Dhaka,290,290.0,False,poppler_pdftotext_layout_table_6,https://objectstorage.ap-dcc-gazipur-1.oraclecloud15.com/n/axvjbnqprylg/b/V2Ministry/o/office-doe/2024/12/7820509f126f4ad3ac5dbfd928be3bdc.pdf,2cbe0cc1c9e47ad4c528b7e0ca42acf6c0fbcdc0d2c74056d9fe124eb5963c2c
2022-01,2022-01-11,Dhaka,316,316.0,False,poppler_pdftotext_layout_table_6,https://objectstorage.ap-dcc-gazipur-1.oraclecloud15.com/n/axvjbnqprylg/b/V2Ministry/o/office-doe/2024/12/7820509f126f4ad3ac5dbfd928be3bdc.pdf,2cbe0cc1c9e47ad4c528b7e0ca42acf6c0fbcdc0d2c74056d9fe124eb5963c2c
2022-01,2022-01-12,Dhaka,254,254.0,False,poppler_pdftotext_layout_table_6,https://objectstorage.ap-dcc-gazipur-1.oraclecloud15.com/n/axvjbnqprylg/b/V2Ministry/o/office-doe/2024/12/7820509f126f4ad3ac5dbfd928be3bdc.pdf,2cbe0cc1c9e47ad4c528b7e0ca42acf6c0fbcdc0d2c74056d9fe124eb5963c2c
2022-01,2022-01-13,Dhaka,333,333.0,False,poppler_pdftotext_layout_table_6,https://objectstorage.ap-dcc-gazipur-1.oraclecloud15.com/n/axvjbnqprylg/b/V2Ministry/o/office-doe/2024/12/7820509f126f4ad3ac5dbfd928be3bdc.pdf,2cbe0cc1c9e47ad4c528b7e0ca42acf6c0fbcdc0d2c74056d9fe124eb5963c2c
2022-01,2022-01-14,Dhaka,375,375.0,False,poppler_pdftotext_layout_table_6,https://objectstorage.ap-dcc-gazipur-1.oraclecloud15.com/n/axvjbnqprylg/b/V2Ministry/o/office-doe/2024/12/7820509f126f4ad3ac5dbfd928be3bdc.pdf,2cbe0cc1c9e47ad4c528b7e0ca42acf6c0fbcdc0d2c74056d9fe124eb5963c2c
2022-01,2022-01-15,Dhaka,325,325.0,False,poppler_pdftotext_layout_table_6,https://objectstorage.ap-dcc-gazipur-1.oraclecloud15.com/n/axvjbnqprylg/b/V2Ministry/o/office-doe/2024/12/7820509f126f4ad3ac5dbfd928be3bdc.pdf,2cbe0cc1c9e47ad4c528b7e0ca42acf6c0fbcdc0d2c74056d9fe124eb5963c2c
2022-01,2022-01-16,Dhaka,286,286.0,False,poppler_pdftotext_layout_table_6,https://objectstorage.ap-dcc-gazipur-1.oraclecloud15.com/n/axvjbnqprylg/b/V2Ministry/o/office-doe/2024/12/7820509f126f4ad3ac5dbfd928be3bdc.pdf,2cbe0cc1c9e47ad4c528b7e0ca42acf6c0fbcdc0d2c74056d9fe124eb5963c2c
2022-01,2022-01-17,Dhaka,348,348.0,False,poppler_pdftotext_layout_table_6,https://objectstorage.ap-dcc-gazipur-1.oraclecloud15.com/n/axvjbnqprylg/b/V2Ministry/o/office-doe/2024/12/7820509f126f4ad3ac5dbfd928be3bdc.pdf,2cbe0cc1c9e47ad4c528b7e0ca42acf6c0fbcdc0d2c74056d9fe124eb5963c2c
2022-01,2022-01-18,Dhaka,399,399.0,False,poppler_pdftotext_layout_table_6,https://objectstorage.ap-dcc-gazipur-1.oraclecloud15.com/n/axvjbnqprylg/b/V2Ministry/o/office-doe/2024/12/7820509f126f4ad3ac5dbfd928be3bdc.pdf,2cbe0cc1c9e47ad4c528b7e0ca42acf6c0fbcdc0d2c74056d9fe124eb5963c2c
2022-01,2022-01-19,Dhaka,401,401.0,False,poppler_pdftotext_layout_table_6,https://objectstorage.ap-dcc-gazipur-1.oraclecloud15.com/n/axvjbnqprylg/b/V2Ministry/o/office-doe/2024/12/7820509f126f4ad3ac5dbfd928be3bdc.pdf,2cbe0cc1c9e47ad4c528b7e0ca42acf6c0fbcdc0d2c74056d9fe124eb5963c2c
2022-01,2022-01-20,Dhaka,390,390.0,False,poppler_pdftotext_layout_table_6,https://objectstorage.ap-dcc-gazipur-1.oraclecloud15.com/n/axvjbnqprylg/b/V2Ministry/o/office-doe/2024/12/7820509f126f4ad3ac5dbfd928be3bdc.pdf,2cbe0cc1c9e47ad4c528b7e0ca42acf6c0fbcdc0d2c74056d9fe124eb5963c2c
2022-01,2022-01-21,Dhaka,484,484.0,False,poppler_pdftotext_layout_table_6,https://objectstorage.ap-dcc-gazipur-1.oraclecloud15.com/n/axvjbnqprylg/b/V2Ministry/o/office-doe/2024/12/7820509f126f4ad3ac5dbfd928be3bdc.pdf,2cbe0cc1c9e47ad4c528b7e0ca42acf6c0fbcdc0d2c74056d9fe124eb5963c2c
2022-01,2022-01-22,Dhaka,392,392.0,False,poppler_pdftotext_layout_table_6,https://objectstorage.ap-dcc-gazipur-1.oraclecloud15.com/n/axvjbnqprylg/b/V2Ministry/o/office-doe/2024/12/7820509f126f4ad3ac5dbfd928be3bdc.pdf,2cbe0cc1c9e47ad4c528b7e0ca42acf6c0fbcdc0d2c74056d9fe124eb5963c2c
2022-01,2022-01-23,Dhaka,405,405.0,False,poppler_pdftotext_layout_table_6,https://objectstorage.ap-dcc-gazipur-1.oraclecloud15.com/n/axvjbnqprylg/b/V2Ministry/o/office-doe/2024/12/7820509f126f4ad3ac5dbfd928be3bdc.pdf,2cbe0cc1c9e47ad4c528b7e0ca42acf6c0fbcdc0d2c74056d9fe124eb5963c2c
2022-01,2022-01-24,Dhaka,246,246.0,False,poppler_pdftotext_layout_table_6,https://objectstorage.ap-dcc-gazipur-1.oraclecloud15.com/n/axvjbnqprylg/b/V2Ministry/o/office-doe/2024/12/7820509f126f4ad3ac5dbfd928be3bdc.pdf,2cbe0cc1c9e47ad4c528b7e0ca42acf6c0fbcdc0d2c74056d9fe124eb5963c2c
2022-01,2022-01-25,Dhaka,377,377.0,False,poppler_pdftotext_layout_table_6,https://objectstorage.ap-dcc-gazipur-1.oraclecloud15.com/n/axvjbnqprylg/b/V2Ministry/o/office-doe/2024/12/7820509f126f4ad3ac5dbfd928be3bdc.pdf,2cbe0cc1c9e47ad4c528b7e0ca42acf6c0fbcdc0d2c74056d9fe124eb5963c2c
2022-01,2022-01-26,Dhaka,320,320.0,False,poppler_pdftotext_layout_table_6,https://objectstorage.ap-dcc-gazipur-1.oraclecloud15.com/n/axvjbnqprylg/b/V2Ministry/o/office-doe/2024/12/7820509f126f4ad3ac5dbfd928be3bdc.pdf,2cbe0cc1c9e47ad4c528b7e0ca42acf6c0fbcdc0d2c74056d9fe124eb5963c2c
2022-01,2022-01-27,Dhaka,287,287.0,False,poppler_pdftotext_layout_table_6,https://objectstorage.ap-dcc-gazipur-1.oraclecloud15.com/n/axvjbnqprylg/b/V2Ministry/o/office-doe/2024/12/7820509f126f4ad3ac5dbfd928be3bdc.pdf,2cbe0cc1c9e47ad4c528b7e0ca42acf6c0fbcdc0d2c74056d9fe124eb5963c2c
2022-01,2022-01-28,Dhaka,242,242.0,False,poppler_pdftotext_layout_table_6,https://objectstorage.ap-dcc-gazipur-1.oraclecloud15.com/n/axvjbnqprylg/b/V2Ministry/o/office-doe/2024/12/7820509f126f4ad3ac5dbfd928be3bdc.pdf,2cbe0cc1c9e47ad4c528b7e0ca42acf6c0fbcdc0d2c74056d9fe124eb5963c2c
2022-01,2022-01-29,Dhaka,332,332.0,False,poppler_pdftotext_layout_table_6,https://objectstorage.ap-dcc-gazipur-1.oraclecloud15.com/n/axvjbnqprylg/b/V2Ministry/o/office-doe/2024/12/7820509f126f4ad3ac5dbfd928be3bdc.pdf,2cbe0cc1c9e47ad4c528b7e0ca42acf6c0fbcdc0d2c74056d9fe124eb5963c2c
2022-01,2022-01-30,Dhaka,358,358.0,False,poppler_pdftotext_layout_table_6,https://objectstorage.ap-dcc-gazipur-1.oraclecloud15.com/n/axvjbnqprylg/b/V2Ministry/o/office-doe/2024/12/7820509f126f4ad3ac5dbfd928be3bdc.pdf,2cbe0cc1c9e47ad4c528b7e0ca42acf6c0fbcdc0d2c74056d9fe124eb5963c2c
2022-01,2022-01-31,Dhaka,394,394.0,False,poppler_pdftotext_layout_table_6,https://objectstorage.ap-dcc-gazipur-1.oraclecloud15.com/n/axvjbnqprylg/b/V2Ministry/o/office-doe/2024/12/7820509f126f4ad3ac5dbfd928be3bdc.pdf,2cbe0cc1c9e47ad4c528b7e0ca42acf6c0fbcdc0d2c74056d9fe124eb5963c2c
2022-02,2022-02-01,Dhaka,316,316.0,False,poppler_pdftotext_layout_table_6,https://objectstorage.ap-dcc-gazipur-1.oraclecloud15.com/n/axvjbnqprylg/b/V2Ministry/o/office-doe/2024/12/7f217e68bf3e4e30a67202b292e668b9.pdf,0399d3637957cf79d6f552a7c6e71104db35f3f6e44b229b0ae4498c80ecfbc0
2022-02,2022-02-02,Dhaka,328,328.0,False,poppler_pdftotext_layout_table_6,https://objectstorage.ap-dcc-gazipur-1.oraclecloud15.com/n/axvjbnqprylg/b/V2Ministry/o/office-doe/2024/12/7f217e68bf3e4e30a67202b292e668b9.pdf,0399d3637957cf79d6f552a7c6e71104db35f3f6e44b229b0ae4498c80ecfbc0
2022-02,2022-02-03,Dhaka,310,310.0,False,poppler_pdftotext_layout_table_6,https://objectstorage.ap-dcc-gazipur-1.oraclecloud15.com/n/axvjbnqprylg/b/V2Ministry/o/office-doe/2024/12/7f217e68bf3e4e30a67202b292e668b9.pdf,0399d3637957cf79d6f552a7c6e71104db35f3f6e44b229b0ae4498c80ecfbc0
2022-02,2022-02-04,Dhaka,280,280.0,False,poppler_pdftotext_layout_table_6,https://objectstorage.ap-dcc-gazipur-1.oraclecloud15.com/n/axvjbnqprylg/b/V2Ministry/o/office-doe/2024/12/7f217e68bf3e4e30a67202b292e668b9.pdf,0399d3637957cf79d6f552a7c6e71104db35f3f6e44b229b0ae4498c80ecfbc0
2022-02,2022-02-05,Dhaka,163,163.0,False,poppler_pdftotext_layout_table_6,https://objectstorage.ap-dcc-gazipur-1.oraclecloud15.com/n/axvjbnqprylg/b/V2Ministry/o/office-doe/2024/12/7f217e68bf3e4e30a67202b292e668b9.pdf,0399d3637957cf79d6f552a7c6e71104db35f3f6e44b229b0ae4498c80ecfbc0
2022-02,2022-02-06,Dhaka,237,237.0,False,poppler_pdftotext_layout_table_6,https://objectstorage.ap-dcc-gazipur-1.oraclecloud15.com/n/axvjbnqprylg/b/V2Ministry/o/office-doe/2024/12/7f217e68bf3e4e30a67202b292e668b9.pdf,0399d3637957cf79d6f552a7c6e71104db35f3f6e44b229b0ae4498c80ecfbc0
2022-02,2022-02-07,Dhaka,195,195.0,False,poppler_pdftotext_layout_table_6,https://objectstorage.ap-dcc-gazipur-1.oraclecloud15.com/n/axvjbnqprylg/b/V2Ministry/o/office-doe/2024/12/7f217e68bf3e4e30a67202b292e668b9.pdf,0399d3637957cf79d6f552a7c6e71104db35f3f6e44b229b0ae4498c80ecfbc0
2022-02,2022-02-08,Dhaka,322,322.0,False,poppler_pdftotext_layout_table_6,https://objectstorage.ap-dcc-gazipur-1.oraclecloud15.com/n/axvjbnqprylg/b/V2Ministry/o/office-doe/2024/12/7f217e68bf3e4e30a67202b292e668b9.pdf,0399d3637957cf79d6f552a7c6e71104db35f3f6e44b229b0ae4498c80ecfbc0
2022-02,2022-02-09,Dhaka,336,336.0,False,poppler_pdftotext_layout_table_6,https://objectstorage.ap-dcc-gazipur-1.oraclecloud15.com/n/axvjbnqprylg/b/V2Ministry/o/office-doe/2024/12/7f217e68bf3e4e30a67202b292e668b9.pdf,0399d3637957cf79d6f552a7c6e71104db35f3f6e44b229b0ae4498c80ecfbc0
2022-02,2022-02-10,Dhaka,410,410.0,False,poppler_pdftotext_layout_table_6,https://objectstorage.ap-dcc-gazipur-1.oraclecloud15.com/n/axvjbnqprylg/b/V2Ministry/o/office-doe/2024/12/7f217e68bf3e4e30a67202b292e668b9.pdf,0399d3637957cf79d6f552a7c6e71104db35f3f6e44b229b0ae4498c80ecfbc0
2022-02,2022-02-11,Dhaka,324,324.0,False,poppler_pdftotext_layout_table_6,https://objectstorage.ap-dcc-gazipur-1.oraclecloud15.com/n/axvjbnqprylg/b/V2Ministry/o/office-doe/2024/12/7f217e68bf3e4e30a67202b292e668b9.pdf,0399d3637957cf79d6f552a7c6e71104db35f3f6e44b229b0ae4498c80ecfbc0
2022-02,2022-02-12,Dhaka,216,216.0,False,poppler_pdftotext_layout_table_6,https://objectstorage.ap-dcc-gazipur-1.oraclecloud15.com/n/axvjbnqprylg/b/V2Ministry/o/office-doe/2024/12/7f217e68bf3e4e30a67202b292e668b9.pdf,0399d3637957cf79d6f552a7c6e71104db35f3f6e44b229b0ae4498c80ecfbc0
2022-02,2022-02-13,Dhaka,282,282.0,False,poppler_pdftotext_layout_table_6,https://objectstorage.ap-dcc-gazipur-1.oraclecloud15.com/n/axvjbnqprylg/b/V2Ministry/o/office-doe/2024/12/7f217e68bf3e4e30a67202b292e668b9.pdf,0399d3637957cf79d6f552a7c6e71104db35f3f6e44b229b0ae4498c80ecfbc0
2022-02,2022-02-14,Dhaka,309,309.0,False,poppler_pdftotext_layout_table_6,https://objectstorage.ap-dcc-gazipur-1.oraclecloud15.com/n/axvjbnqprylg/b/V2Ministry/o/office-doe/2024/12/7f217e68bf3e4e30a67202b292e668b9.pdf,0399d3637957cf79d6f552a7c6e71104db35f3f6e44b229b0ae4498c80ecfbc0
2022-02,2022-02-15,Dhaka,335,335.0,False,poppler_pdftotext_layout_table_6,https://objectstorage.ap-dcc-gazipur-1.oraclecloud15.com/n/axvjbnqprylg/b/V2Ministry/o/office-doe/2024/12/7f217e68bf3e4e30a67202b292e668b9.pdf,0399d3637957cf79d6f552a7c6e71104db35f3f6e44b229b0ae4498c80ecfbc0
2022-02,2022-02-16,Dhaka,328,328.0,False,poppler_pdftotext_layout_table_6,https://objectstorage.ap-dcc-gazipur-1.oraclecloud15.com/n/axvjbnqprylg/b/V2Ministry/o/office-doe/2024/12/7f217e68bf3e4e30a67202b292e668b9.pdf,0399d3637957cf79d6f552a7c6e71104db35f3f6e44b229b0ae4498c80ecfbc0
2022-02,2022-02-17,Dhaka,335,335.0,False,poppler_pdftotext_layout_table_6,https://objectstorage.ap-dcc-gazipur-1.oraclecloud15.com/n/axvjbnqprylg/b/V2Ministry/o/office-doe/2024/12/7f217e68bf3e4e30a67202b292e668b9.pdf,0399d3637957cf79d6f552a7c6e71104db35f3f6e44b229b0ae4498c80ecfbc0
2022-02,2022-02-18,Dhaka,304,304.0,False,poppler_pdftotext_layout_table_6,https://objectstorage.ap-dcc-gazipur-1.oraclecloud15.com/n/axvjbnqprylg/b/V2Ministry/o/office-doe/2024/12/7f217e68bf3e4e30a67202b292e668b9.pdf,0399d3637957cf79d6f552a7c6e71104db35f3f6e44b229b0ae4498c80ecfbc0
2022-02,2022-02-19,Dhaka,316,316.0,False,poppler_pdftotext_layout_table_6,https://objectstorage.ap-dcc-gazipur-1.oraclecloud15.com/n/axvjbnqprylg/b/V2Ministry/o/office-doe/2024/12/7f217e68bf3e4e30a67202b292e668b9.pdf,0399d3637957cf79d6f552a7c6e71104db35f3f6e44b229b0ae4498c80ecfbc0
2022-02,2022-02-20,Dhaka,222,222.0,False,poppler_pdftotext_layout_table_6,https://objectstorage.ap-dcc-gazipur-1.oraclecloud15.com/n/axvjbnqprylg/b/V2Ministry/o/office-doe/2024/12/7f217e68bf3e4e30a67202b292e668b9.pdf,0399d3637957cf79d6f552a7c6e71104db35f3f6e44b229b0ae4498c80ecfbc0
2022-02,2022-02-21,Dhaka,213,213.0,False,poppler_pdftotext_layout_table_6,https://objectstorage.ap-dcc-gazipur-1.oraclecloud15.com/n/axvjbnqprylg/b/V2Ministry/o/office-doe/2024/12/7f217e68bf3e4e30a67202b292e668b9.pdf,0399d3637957cf79d6f552a7c6e71104db35f3f6e44b229b0ae4498c80ecfbc0
2022-02,2022-02-22,Dhaka,224,224.0,False,poppler_pdftotext_layout_table_6,https://objectstorage.ap-dcc-gazipur-1.oraclecloud15.com/n/axvjbnqprylg/b/V2Ministry/o/office-doe/2024/12/7f217e68bf3e4e30a67202b292e668b9.pdf,0399d3637957cf79d6f552a7c6e71104db35f3f6e44b229b0ae4498c80ecfbc0
2022-02,2022-02-23,Dhaka,260,260.0,False,poppler_pdftotext_layout_table_6,https://objectstorage.ap-dcc-gazipur-1.oraclecloud15.com/n/axvjbnqprylg/b/V2Ministry/o/office-doe/2024/12/7f217e68bf3e4e30a67202b292e668b9.pdf,0399d3637957cf79d6f552a7c6e71104db35f3f6e44b229b0ae4498c80ecfbc0
2022-02,2022-02-24,Dhaka,333,333.0,False,poppler_pdftotext_layout_table_6,https://objectstorage.ap-dcc-gazipur-1.oraclecloud15.com/n/axvjbnqprylg/b/V2Ministry/o/office-doe/2024/12/7f217e68bf3e4e30a67202b292e668b9.pdf,0399d3637957cf79d6f552a7c6e71104db35f3f6e44b229b0ae4498c80ecfbc0
2022-02,2022-02-25,Dhaka,179,179.0,False,poppler_pdftotext_layout_table_6,https://objectstorage.ap-dcc-gazipur-1.oraclecloud15.com/n/axvjbnqprylg/b/V2Ministry/o/office-doe/2024/12/7f217e68bf3e4e30a67202b292e668b9.pdf,0399d3637957cf79d6f552a7c6e71104db35f3f6e44b229b0ae4498c80ecfbc0
2022-02,2022-02-26,Dhaka,191,191.0,False,poppler_pdftotext_layout_table_6,https://objectstorage.ap-dcc-gazipur-1.oraclecloud15.com/n/axvjbnqprylg/b/V2Ministry/o/office-doe/2024/12/7f217e68bf3e4e30a67202b292e668b9.pdf,0399d3637957cf79d6f552a7c6e71104db35f3f6e44b229b0ae4498c80ecfbc0
2022-02,2022-02-27,Dhaka,309,309.0,False,poppler_pdftotext_layout_table_6,https://objectstorage.ap-dcc-gazipur-1.oraclecloud15.com/n/axvjbnqprylg/b/V2Ministry/o/office-doe/2024/12/7f217e68bf3e4e30a67202b292e668b9.pdf,0399d3637957cf79d6f552a7c6e71104db35f3f6e44b229b0ae4498c80ecfbc0
2022-02,2022-02-28,Dhaka,302,302.0,False,poppler_pdftotext_layout_table_6,https://objectstorage.ap-dcc-gazipur-1.oraclecloud15.com/n/axvjbnqprylg/b/V2Ministry/o/office-doe/2024/12/7f217e68bf3e4e30a67202b292e668b9.pdf,0399d3637957cf79d6f552a7c6e71104db35f3f6e44b229b0ae4498c80ecfbc0
2022-03,2022-03-01,Dhaka,325,325.0,False,poppler_pdftotext_layout_table_6,https://objectstorage.ap-dcc-gazipur-1.oraclecloud15.com/n/axvjbnqprylg/b/V2Ministry/o/office-doe/2024/12/818b8905cd684781a3d9c97a1f619ee4.pdf,f873df78d82127e163efddb5d1784bdb7f596da24ca2c1d3b9704ceeca86e61f
2022-03,2022-03-02,Dhaka,263,263.0,False,poppler_pdftotext_layout_table_6,https://objectstorage.ap-dcc-gazipur-1.oraclecloud15.com/n/axvjbnqprylg/b/V2Ministry/o/office-doe/2024/12/818b8905cd684781a3d9c97a1f619ee4.pdf,f873df78d82127e163efddb5d1784bdb7f596da24ca2c1d3b9704ceeca86e61f
2022-03,2022-03-03,Dhaka,280,280.0,False,poppler_pdftotext_layout_table_6,https://objectstorage.ap-dcc-gazipur-1.oraclecloud15.com/n/axvjbnqprylg/b/V2Ministry/o/office-doe/2024/12/818b8905cd684781a3d9c97a1f619ee4.pdf,f873df78d82127e163efddb5d1784bdb7f596da24ca2c1d3b9704ceeca86e61f
2022-03,2022-03-04,Dhaka,328,328.0,False,poppler_pdftotext_layout_table_6,https://objectstorage.ap-dcc-gazipur-1.oraclecloud15.com/n/axvjbnqprylg/b/V2Ministry/o/office-doe/2024/12/818b8905cd684781a3d9c97a1f619ee4.pdf,f873df78d82127e163efddb5d1784bdb7f596da24ca2c1d3b9704ceeca86e61f
2022-03,2022-03-05,Dhaka,366,366.0,False,poppler_pdftotext_layout_table_6,https://objectstorage.ap-dcc-gazipur-1.oraclecloud15.com/n/axvjbnqprylg/b/V2Ministry/o/office-doe/2024/12/818b8905cd684781a3d9c97a1f619ee4.pdf,f873df78d82127e163efddb5d1784bdb7f596da24ca2c1d3b9704ceeca86e61f
2022-03,2022-03-06,Dhaka,296,296.0,False,poppler_pdftotext_layout_table_6,https://objectstorage.ap-dcc-gazipur-1.oraclecloud15.com/n/axvjbnqprylg/b/V2Ministry/o/office-doe/2024/12/818b8905cd684781a3d9c97a1f619ee4.pdf,f873df78d82127e163efddb5d1784bdb7f596da24ca2c1d3b9704ceeca86e61f
2022-03,2022-03-07,Dhaka,353,353.0,False,poppler_pdftotext_layout_table_6,https://objectstorage.ap-dcc-gazipur-1.oraclecloud15.com/n/axvjbnqprylg/b/V2Ministry/o/office-doe/2024/12/818b8905cd684781a3d9c97a1f619ee4.pdf,f873df78d82127e163efddb5d1784bdb7f596da24ca2c1d3b9704ceeca86e61f
2022-03,2022-03-08,Dhaka,336,336.0,False,poppler_pdftotext_layout_table_6,https://objectstorage.ap-dcc-gazipur-1.oraclecloud15.com/n/axvjbnqprylg/b/V2Ministry/o/office-doe/2024/12/818b8905cd684781a3d9c97a1f619ee4.pdf,f873df78d82127e163efddb5d1784bdb7f596da24ca2c1d3b9704ceeca86e61f
2022-03,2022-03-09,Dhaka,319,319.0,False,poppler_pdftotext_layout_table_6,https://objectstorage.ap-dcc-gazipur-1.oraclecloud15.com/n/axvjbnqprylg/b/V2Ministry/o/office-doe/2024/12/818b8905cd684781a3d9c97a1f619ee4.pdf,f873df78d82127e163efddb5d1784bdb7f596da24ca2c1d3b9704ceeca86e61f
2022-03,2022-03-10,Dhaka,341,341.0,False,poppler_pdftotext_layout_table_6,https://objectstorage.ap-dcc-gazipur-1.oraclecloud15.com/n/axvjbnqprylg/b/V2Ministry/o/office-doe/2024/12/818b8905cd684781a3d9c97a1f619ee4.pdf,f873df78d82127e163efddb5d1784bdb7f596da24ca2c1d3b9704ceeca86e61f
2022-03,2022-03-11,Dhaka,334,334.0,False,poppler_pdftotext_layout_table_6,https://objectstorage.ap-dcc-gazipur-1.oraclecloud15.com/n/axvjbnqprylg/b/V2Ministry/o/office-doe/2024/12/818b8905cd684781a3d9c97a1f619ee4.pdf,f873df78d82127e163efddb5d1784bdb7f596da24ca2c1d3b9704ceeca86e61f
2022-03,2022-03-12,Dhaka,326,326.0,False,poppler_pdftotext_layout_table_6,https://objectstorage.ap-dcc-gazipur-1.oraclecloud15.com/n/axvjbnqprylg/b/V2Ministry/o/office-doe/2024/12/818b8905cd684781a3d9c97a1f619ee4.pdf,f873df78d82127e163efddb5d1784bdb7f596da24ca2c1d3b9704ceeca86e61f
2022-03,2022-03-13,Dhaka,311,311.0,False,poppler_pdftotext_layout_table_6,https://objectstorage.ap-dcc-gazipur-1.oraclecloud15.com/n/axvjbnqprylg/b/V2Ministry/o/office-doe/2024/12/818b8905cd684781a3d9c97a1f619ee4.pdf,f873df78d82127e163efddb5d1784bdb7f596da24ca2c1d3b9704ceeca86e61f
2022-03,2022-03-14,Dhaka,337,337.0,False,poppler_pdftotext_layout_table_6,https://objectstorage.ap-dcc-gazipur-1.oraclecloud15.com/n/axvjbnqprylg/b/V2Ministry/o/office-doe/2024/12/818b8905cd684781a3d9c97a1f619ee4.pdf,f873df78d82127e163efddb5d1784bdb7f596da24ca2c1d3b9704ceeca86e61f
2022-03,2022-03-15,Dhaka,368,368.0,False,poppler_pdftotext_layout_table_6,https://objectstorage.ap-dcc-gazipur-1.oraclecloud15.com/n/axvjbnqprylg/b/V2Ministry/o/office-doe/2024/12/818b8905cd684781a3d9c97a1f619ee4.pdf,f873df78d82127e163efddb5d1784bdb7f596da24ca2c1d3b9704ceeca86e61f
2022-03,2022-03-16,Dhaka,357,357.0,False,poppler_pdftotext_layout_table_6,https://objectstorage.ap-dcc-gazipur-1.oraclecloud15.com/n/axvjbnqprylg/b/V2Ministry/o/office-doe/2024/12/818b8905cd684781a3d9c97a1f619ee4.pdf,f873df78d82127e163efddb5d1784bdb7f596da24ca2c1d3b9704ceeca86e61f
2022-03,2022-03-17,Dhaka,344,344.0,False,poppler_pdftotext_layout_table_6,https://objectstorage.ap-dcc-gazipur-1.oraclecloud15.com/n/axvjbnqprylg/b/V2Ministry/o/office-doe/2024/12/818b8905cd684781a3d9c97a1f619ee4.pdf,f873df78d82127e163efddb5d1784bdb7f596da24ca2c1d3b9704ceeca86e61f
2022-03,2022-03-18,Dhaka,347,347.0,False,poppler_pdftotext_layout_table_6,https://objectstorage.ap-dcc-gazipur-1.oraclecloud15.com/n/axvjbnqprylg/b/V2Ministry/o/office-doe/2024/12/818b8905cd684781a3d9c97a1f619ee4.pdf,f873df78d82127e163efddb5d1784bdb7f596da24ca2c1d3b9704ceeca86e61f
2022-03,2022-03-19,Dhaka,319,319.0,False,poppler_pdftotext_layout_table_6,https://objectstorage.ap-dcc-gazipur-1.oraclecloud15.com/n/axvjbnqprylg/b/V2Ministry/o/office-doe/2024/12/818b8905cd684781a3d9c97a1f619ee4.pdf,f873df78d82127e163efddb5d1784bdb7f596da24ca2c1d3b9704ceeca86e61f
2022-03,2022-03-20,Dhaka,194,194.0,False,poppler_pdftotext_layout_table_6,https://objectstorage.ap-dcc-gazipur-1.oraclecloud15.com/n/axvjbnqprylg/b/V2Ministry/o/office-doe/2024/12/818b8905cd684781a3d9c97a1f619ee4.pdf,f873df78d82127e163efddb5d1784bdb7f596da24ca2c1d3b9704ceeca86e61f
2022-03,2022-03-21,Dhaka,223,223.0,False,poppler_pdftotext_layout_table_6,https://objectstorage.ap-dcc-gazipur-1.oraclecloud15.com/n/axvjbnqprylg/b/V2Ministry/o/office-doe/2024/12/818b8905cd684781a3d9c97a1f619ee4.pdf,f873df78d82127e163efddb5d1784bdb7f596da24ca2c1d3b9704ceeca86e61f
2022-03,2022-03-22,Dhaka,242,242.0,False,poppler_pdftotext_layout_table_6,https://objectstorage.ap-dcc-gazipur-1.oraclecloud15.com/n/axvjbnqprylg/b/V2Ministry/o/office-doe/2024/12/818b8905cd684781a3d9c97a1f619ee4.pdf,f873df78d82127e163efddb5d1784bdb7f596da24ca2c1d3b9704ceeca86e61f
2022-03,2022-03-23,Dhaka,328,328.0,False,poppler_pdftotext_layout_table_6,https://objectstorage.ap-dcc-gazipur-1.oraclecloud15.com/n/axvjbnqprylg/b/V2Ministry/o/office-doe/2024/12/818b8905cd684781a3d9c97a1f619ee4.pdf,f873df78d82127e163efddb5d1784bdb7f596da24ca2c1d3b9704ceeca86e61f
2022-03,2022-03-24,Dhaka,187,187.0,False,poppler_pdftotext_layout_table_6,https://objectstorage.ap-dcc-gazipur-1.oraclecloud15.com/n/axvjbnqprylg/b/V2Ministry/o/office-doe/2024/12/818b8905cd684781a3d9c97a1f619ee4.pdf,f873df78d82127e163efddb5d1784bdb7f596da24ca2c1d3b9704ceeca86e61f
2022-03,2022-03-25,Dhaka,151,151.0,False,poppler_pdftotext_layout_table_6,https://objectstorage.ap-dcc-gazipur-1.oraclecloud15.com/n/axvjbnqprylg/b/V2Ministry/o/office-doe/2024/12/818b8905cd684781a3d9c97a1f619ee4.pdf,f873df78d82127e163efddb5d1784bdb7f596da24ca2c1d3b9704ceeca86e61f
2022-03,2022-03-26,Dhaka,127,127.0,False,poppler_pdftotext_layout_table_6,https://objectstorage.ap-dcc-gazipur-1.oraclecloud15.com/n/axvjbnqprylg/b/V2Ministry/o/office-doe/2024/12/818b8905cd684781a3d9c97a1f619ee4.pdf,f873df78d82127e163efddb5d1784bdb7f596da24ca2c1d3b9704ceeca86e61f
2022-03,2022-03-27,Dhaka,182,182.0,False,poppler_pdftotext_layout_table_6,https://objectstorage.ap-dcc-gazipur-1.oraclecloud15.com/n/axvjbnqprylg/b/V2Ministry/o/office-doe/2024/12/818b8905cd684781a3d9c97a1f619ee4.pdf,f873df78d82127e163efddb5d1784bdb7f596da24ca2c1d3b9704ceeca86e61f
2022-03,2022-03-28,Dhaka,188,188.0,False,poppler_pdftotext_layout_table_6,https://objectstorage.ap-dcc-gazipur-1.oraclecloud15.com/n/axvjbnqprylg/b/V2Ministry/o/office-doe/2024/12/818b8905cd684781a3d9c97a1f619ee4.pdf,f873df78d82127e163efddb5d1784bdb7f596da24ca2c1d3b9704ceeca86e61f
2022-03,2022-03-29,Dhaka,175,175.0,False,poppler_pdftotext_layout_table_6,https://objectstorage.ap-dcc-gazipur-1.oraclecloud15.com/n/axvjbnqprylg/b/V2Ministry/o/office-doe/2024/12/818b8905cd684781a3d9c97a1f619ee4.pdf,f873df78d82127e163efddb5d1784bdb7f596da24ca2c1d3b9704ceeca86e61f
2022-03,2022-03-30,Dhaka,182,182.0,False,poppler_pdftotext_layout_table_6,https://objectstorage.ap-dcc-gazipur-1.oraclecloud15.com/n/axvjbnqprylg/b/V2Ministry/o/office-doe/2024/12/818b8905cd684781a3d9c97a1f619ee4.pdf,f873df78d82127e163efddb5d1784bdb7f596da24ca2c1d3b9704ceeca86e61f
2022-03,2022-03-31,Dhaka,163,163.0,False,poppler_pdftotext_layout_table_6,https://objectstorage.ap-dcc-gazipur-1.oraclecloud15.com/n/axvjbnqprylg/b/V2Ministry/o/office-doe/2024/12/818b8905cd684781a3d9c97a1f619ee4.pdf,f873df78d82127e163efddb5d1784bdb7f596da24ca2c1d3b9704ceeca86e61f
2022-04,2022-04-01,Dhaka,145,145.0,False,poppler_pdftotext_layout_table_6,https://objectstorage.ap-dcc-gazipur-1.oraclecloud15.com/n/axvjbnqprylg/b/V2Ministry/o/office-doe/2024/12/899e023ecfa341e7993a2b58cce21b1a.pdf,0fce7c3c1a2e66bf2cfd918568728da2e75fddee257696422b7dc3fab50f0d00
2022-04,2022-04-02,Dhaka,150,150.0,False,poppler_pdftotext_layout_table_6,https://objectstorage.ap-dcc-gazipur-1.oraclecloud15.com/n/axvjbnqprylg/b/V2Ministry/o/office-doe/2024/12/899e023ecfa341e7993a2b58cce21b1a.pdf,0fce7c3c1a2e66bf2cfd918568728da2e75fddee257696422b7dc3fab50f0d00
2022-04,2022-04-03,Dhaka,149,149.0,False,poppler_pdftotext_layout_table_6,https://objectstorage.ap-dcc-gazipur-1.oraclecloud15.com/n/axvjbnqprylg/b/V2Ministry/o/office-doe/2024/12/899e023ecfa341e7993a2b58cce21b1a.pdf,0fce7c3c1a2e66bf2cfd918568728da2e75fddee257696422b7dc3fab50f0d00
2022-04,2022-04-04,Dhaka,139,139.0,False,poppler_pdftotext_layout_table_6,https://objectstorage.ap-dcc-gazipur-1.oraclecloud15.com/n/axvjbnqprylg/b/V2Ministry/o/office-doe/2024/12/899e023ecfa341e7993a2b58cce21b1a.pdf,0fce7c3c1a2e66bf2cfd918568728da2e75fddee257696422b7dc3fab50f0d00
2022-04,2022-04-05,Dhaka,139,139.0,False,poppler_pdftotext_layout_table_6,https://objectstorage.ap-dcc-gazipur-1.oraclecloud15.com/n/axvjbnqprylg/b/V2Ministry/o/office-doe/2024/12/899e023ecfa341e7993a2b58cce21b1a.pdf,0fce7c3c1a2e66bf2cfd918568728da2e75fddee257696422b7dc3fab50f0d00
2022-04,2022-04-06,Dhaka,148,148.0,False,poppler_pdftotext_layout_table_6,https://objectstorage.ap-dcc-gazipur-1.oraclecloud15.com/n/axvjbnqprylg/b/V2Ministry/o/office-doe/2024/12/899e023ecfa341e7993a2b58cce21b1a.pdf,0fce7c3c1a2e66bf2cfd918568728da2e75fddee257696422b7dc3fab50f0d00
2022-04,2022-04-07,Dhaka,150,150.0,False,poppler_pdftotext_layout_table_6,https://objectstorage.ap-dcc-gazipur-1.oraclecloud15.com/n/axvjbnqprylg/b/V2Ministry/o/office-doe/2024/12/899e023ecfa341e7993a2b58cce21b1a.pdf,0fce7c3c1a2e66bf2cfd918568728da2e75fddee257696422b7dc3fab50f0d00
2022-04,2022-04-08,Dhaka,146,146.0,False,poppler_pdftotext_layout_table_6,https://objectstorage.ap-dcc-gazipur-1.oraclecloud15.com/n/axvjbnqprylg/b/V2Ministry/o/office-doe/2024/12/899e023ecfa341e7993a2b58cce21b1a.pdf,0fce7c3c1a2e66bf2cfd918568728da2e75fddee257696422b7dc3fab50f0d00
2022-04,2022-04-09,Dhaka,115,115.0,False,poppler_pdftotext_layout_table_6,https://objectstorage.ap-dcc-gazipur-1.oraclecloud15.com/n/axvjbnqprylg/b/V2Ministry/o/office-doe/2024/12/899e023ecfa341e7993a2b58cce21b1a.pdf,0fce7c3c1a2e66bf2cfd918568728da2e75fddee257696422b7dc3fab50f0d00
2022-04,2022-04-10,Dhaka,130,130.0,False,poppler_pdftotext_layout_table_6,https://objectstorage.ap-dcc-gazipur-1.oraclecloud15.com/n/axvjbnqprylg/b/V2Ministry/o/office-doe/2024/12/899e023ecfa341e7993a2b58cce21b1a.pdf,0fce7c3c1a2e66bf2cfd918568728da2e75fddee257696422b7dc3fab50f0d00
2022-04,2022-04-11,Dhaka,133,133.0,False,poppler_pdftotext_layout_table_6,https://objectstorage.ap-dcc-gazipur-1.oraclecloud15.com/n/axvjbnqprylg/b/V2Ministry/o/office-doe/2024/12/899e023ecfa341e7993a2b58cce21b1a.pdf,0fce7c3c1a2e66bf2cfd918568728da2e75fddee257696422b7dc3fab50f0d00
2022-04,2022-04-12,Dhaka,134,134.0,False,poppler_pdftotext_layout_table_6,https://objectstorage.ap-dcc-gazipur-1.oraclecloud15.com/n/axvjbnqprylg/b/V2Ministry/o/office-doe/2024/12/899e023ecfa341e7993a2b58cce21b1a.pdf,0fce7c3c1a2e66bf2cfd918568728da2e75fddee257696422b7dc3fab50f0d00
2022-04,2022-04-13,Dhaka,134,134.0,False,poppler_pdftotext_layout_table_6,https://objectstorage.ap-dcc-gazipur-1.oraclecloud15.com/n/axvjbnqprylg/b/V2Ministry/o/office-doe/2024/12/899e023ecfa341e7993a2b58cce21b1a.pdf,0fce7c3c1a2e66bf2cfd918568728da2e75fddee257696422b7dc3fab50f0d00
2022-04,2022-04-14,Dhaka,101,101.0,False,poppler_pdftotext_layout_table_6,https://objectstorage.ap-dcc-gazipur-1.oraclecloud15.com/n/axvjbnqprylg/b/V2Ministry/o/office-doe/2024/12/899e023ecfa341e7993a2b58cce21b1a.pdf,0fce7c3c1a2e66bf2cfd918568728da2e75fddee257696422b7dc3fab50f0d00
2022-04,2022-04-15,Dhaka,109,109.0,False,poppler_pdftotext_layout_table_6,https://objectstorage.ap-dcc-gazipur-1.oraclecloud15.com/n/axvjbnqprylg/b/V2Ministry/o/office-doe/2024/12/899e023ecfa341e7993a2b58cce21b1a.pdf,0fce7c3c1a2e66bf2cfd918568728da2e75fddee257696422b7dc3fab50f0d00
2022-04,2022-04-16,Dhaka,123,123.0,False,poppler_pdftotext_layout_table_6,https://objectstorage.ap-dcc-gazipur-1.oraclecloud15.com/n/axvjbnqprylg/b/V2Ministry/o/office-doe/2024/12/899e023ecfa341e7993a2b58cce21b1a.pdf,0fce7c3c1a2e66bf2cfd918568728da2e75fddee257696422b7dc3fab50f0d00
2022-04,2022-04-17,Dhaka,112,112.0,False,poppler_pdftotext_layout_table_6,https://objectstorage.ap-dcc-gazipur-1.oraclecloud15.com/n/axvjbnqprylg/b/V2Ministry/o/office-doe/2024/12/899e023ecfa341e7993a2b58cce21b1a.pdf,0fce7c3c1a2e66bf2cfd918568728da2e75fddee257696422b7dc3fab50f0d00
2022-04,2022-04-18,Dhaka,117,117.0,False,poppler_pdftotext_layout_table_6,https://objectstorage.ap-dcc-gazipur-1.oraclecloud15.com/n/axvjbnqprylg/b/V2Ministry/o/office-doe/2024/12/899e023ecfa341e7993a2b58cce21b1a.pdf,0fce7c3c1a2e66bf2cfd918568728da2e75fddee257696422b7dc3fab50f0d00
2022-04,2022-04-19,Dhaka,144,144.0,False,poppler_pdftotext_layout_table_6,https://objectstorage.ap-dcc-gazipur-1.oraclecloud15.com/n/axvjbnqprylg/b/V2Ministry/o/office-doe/2024/12/899e023ecfa341e7993a2b58cce21b1a.pdf,0fce7c3c1a2e66bf2cfd918568728da2e75fddee257696422b7dc3fab50f0d00
2022-04,2022-04-20,Dhaka,145,145.0,False,poppler_pdftotext_layout_table_6,https://objectstorage.ap-dcc-gazipur-1.oraclecloud15.com/n/axvjbnqprylg/b/V2Ministry/o/office-doe/2024/12/899e023ecfa341e7993a2b58cce21b1a.pdf,0fce7c3c1a2e66bf2cfd918568728da2e75fddee257696422b7dc3fab50f0d00
2022-04,2022-04-21,Dhaka,169,169.0,False,poppler_pdftotext_layout_table_6,https://objectstorage.ap-dcc-gazipur-1.oraclecloud15.com/n/axvjbnqprylg/b/V2Ministry/o/office-doe/2024/12/899e023ecfa341e7993a2b58cce21b1a.pdf,0fce7c3c1a2e66bf2cfd918568728da2e75fddee257696422b7dc3fab50f0d00
2022-04,2022-04-22,Dhaka,142,142.0,False,poppler_pdftotext_layout_table_6,https://objectstorage.ap-dcc-gazipur-1.oraclecloud15.com/n/axvjbnqprylg/b/V2Ministry/o/office-doe/2024/12/899e023ecfa341e7993a2b58cce21b1a.pdf,0fce7c3c1a2e66bf2cfd918568728da2e75fddee257696422b7dc3fab50f0d00
2022-04,2022-04-23,Dhaka,171,171.0,False,poppler_pdftotext_layout_table_6,https://objectstorage.ap-dcc-gazipur-1.oraclecloud15.com/n/axvjbnqprylg/b/V2Ministry/o/office-doe/2024/12/899e023ecfa341e7993a2b58cce21b1a.pdf,0fce7c3c1a2e66bf2cfd918568728da2e75fddee257696422b7dc3fab50f0d00
2022-04,2022-04-24,Dhaka,143,143.0,False,poppler_pdftotext_layout_table_6,https://objectstorage.ap-dcc-gazipur-1.oraclecloud15.com/n/axvjbnqprylg/b/V2Ministry/o/office-doe/2024/12/899e023ecfa341e7993a2b58cce21b1a.pdf,0fce7c3c1a2e66bf2cfd918568728da2e75fddee257696422b7dc3fab50f0d00
2022-04,2022-04-25,Dhaka,151,151.0,False,poppler_pdftotext_layout_table_6,https://objectstorage.ap-dcc-gazipur-1.oraclecloud15.com/n/axvjbnqprylg/b/V2Ministry/o/office-doe/2024/12/899e023ecfa341e7993a2b58cce21b1a.pdf,0fce7c3c1a2e66bf2cfd918568728da2e75fddee257696422b7dc3fab50f0d00
2022-04,2022-04-26,Dhaka,160,160.0,False,poppler_pdftotext_layout_table_6,https://objectstorage.ap-dcc-gazipur-1.oraclecloud15.com/n/axvjbnqprylg/b/V2Ministry/o/office-doe/2024/12/899e023ecfa341e7993a2b58cce21b1a.pdf,0fce7c3c1a2e66bf2cfd918568728da2e75fddee257696422b7dc3fab50f0d00
2022-04,2022-04-27,Dhaka,162,162.0,False,poppler_pdftotext_layout_table_6,https://objectstorage.ap-dcc-gazipur-1.oraclecloud15.com/n/axvjbnqprylg/b/V2Ministry/o/office-doe/2024/12/899e023ecfa341e7993a2b58cce21b1a.pdf,0fce7c3c1a2e66bf2cfd918568728da2e75fddee257696422b7dc3fab50f0d00
2022-04,2022-04-28,Dhaka,172,172.0,False,poppler_pdftotext_layout_table_6,https://objectstorage.ap-dcc-gazipur-1.oraclecloud15.com/n/axvjbnqprylg/b/V2Ministry/o/office-doe/2024/12/899e023ecfa341e7993a2b58cce21b1a.pdf,0fce7c3c1a2e66bf2cfd918568728da2e75fddee257696422b7dc3fab50f0d00
2022-04,2022-04-29,Dhaka,156,156.0,False,poppler_pdftotext_layout_table_6,https://objectstorage.ap-dcc-gazipur-1.oraclecloud15.com/n/axvjbnqprylg/b/V2Ministry/o/office-doe/2024/12/899e023ecfa341e7993a2b58cce21b1a.pdf,0fce7c3c1a2e66bf2cfd918568728da2e75fddee257696422b7dc3fab50f0d00
2022-04,2022-04-30,Dhaka,148,148.0,False,poppler_pdftotext_layout_table_6,https://objectstorage.ap-dcc-gazipur-1.oraclecloud15.com/n/axvjbnqprylg/b/V2Ministry/o/office-doe/2024/12/899e023ecfa341e7993a2b58cce21b1a.pdf,0fce7c3c1a2e66bf2cfd918568728da2e75fddee257696422b7dc3fab50f0d00
2022-05,2022-05-01,Dhaka,156,156.0,False,poppler_pdftotext_layout_table_6,https://objectstorage.ap-dcc-gazipur-1.oraclecloud15.com/n/axvjbnqprylg/b/V2Ministry/o/office-doe/2024/12/06d9bff69ce04ff18e6b15c7b96ca0da.pdf,5a0a082c9e4fa1b511c61e11cbf2a357e8a523b7faf6ccdf1aa0a46ea8afaeea
2022-05,2022-05-02,Dhaka,117,117.0,False,poppler_pdftotext_layout_table_6,https://objectstorage.ap-dcc-gazipur-1.oraclecloud15.com/n/axvjbnqprylg/b/V2Ministry/o/office-doe/2024/12/06d9bff69ce04ff18e6b15c7b96ca0da.pdf,5a0a082c9e4fa1b511c61e11cbf2a357e8a523b7faf6ccdf1aa0a46ea8afaeea
2022-05,2022-05-03,Dhaka,102,102.0,False,poppler_pdftotext_layout_table_6,https://objectstorage.ap-dcc-gazipur-1.oraclecloud15.com/n/axvjbnqprylg/b/V2Ministry/o/office-doe/2024/12/06d9bff69ce04ff18e6b15c7b96ca0da.pdf,5a0a082c9e4fa1b511c61e11cbf2a357e8a523b7faf6ccdf1aa0a46ea8afaeea
2022-05,2022-05-04,Dhaka,88,88.0,False,poppler_pdftotext_layout_table_6,https://objectstorage.ap-dcc-gazipur-1.oraclecloud15.com/n/axvjbnqprylg/b/V2Ministry/o/office-doe/2024/12/06d9bff69ce04ff18e6b15c7b96ca0da.pdf,5a0a082c9e4fa1b511c61e11cbf2a357e8a523b7faf6ccdf1aa0a46ea8afaeea
2022-05,2022-05-05,Dhaka,103,103.0,False,poppler_pdftotext_layout_table_6,https://objectstorage.ap-dcc-gazipur-1.oraclecloud15.com/n/axvjbnqprylg/b/V2Ministry/o/office-doe/2024/12/06d9bff69ce04ff18e6b15c7b96ca0da.pdf,5a0a082c9e4fa1b511c61e11cbf2a357e8a523b7faf6ccdf1aa0a46ea8afaeea
2022-05,2022-05-06,Dhaka,106,106.0,False,poppler_pdftotext_layout_table_6,https://objectstorage.ap-dcc-gazipur-1.oraclecloud15.com/n/axvjbnqprylg/b/V2Ministry/o/office-doe/2024/12/06d9bff69ce04ff18e6b15c7b96ca0da.pdf,5a0a082c9e4fa1b511c61e11cbf2a357e8a523b7faf6ccdf1aa0a46ea8afaeea
2022-05,2022-05-07,Dhaka,171,171.0,False,poppler_pdftotext_layout_table_6,https://objectstorage.ap-dcc-gazipur-1.oraclecloud15.com/n/axvjbnqprylg/b/V2Ministry/o/office-doe/2024/12/06d9bff69ce04ff18e6b15c7b96ca0da.pdf,5a0a082c9e4fa1b511c61e11cbf2a357e8a523b7faf6ccdf1aa0a46ea8afaeea
2022-05,2022-05-08,Dhaka,223,223.0,False,poppler_pdftotext_layout_table_6,https://objectstorage.ap-dcc-gazipur-1.oraclecloud15.com/n/axvjbnqprylg/b/V2Ministry/o/office-doe/2024/12/06d9bff69ce04ff18e6b15c7b96ca0da.pdf,5a0a082c9e4fa1b511c61e11cbf2a357e8a523b7faf6ccdf1aa0a46ea8afaeea
2022-05,2022-05-09,Dhaka,132,132.0,False,poppler_pdftotext_layout_table_6,https://objectstorage.ap-dcc-gazipur-1.oraclecloud15.com/n/axvjbnqprylg/b/V2Ministry/o/office-doe/2024/12/06d9bff69ce04ff18e6b15c7b96ca0da.pdf,5a0a082c9e4fa1b511c61e11cbf2a357e8a523b7faf6ccdf1aa0a46ea8afaeea
2022-05,2022-05-10,Dhaka,120,120.0,False,poppler_pdftotext_layout_table_6,https://objectstorage.ap-dcc-gazipur-1.oraclecloud15.com/n/axvjbnqprylg/b/V2Ministry/o/office-doe/2024/12/06d9bff69ce04ff18e6b15c7b96ca0da.pdf,5a0a082c9e4fa1b511c61e11cbf2a357e8a523b7faf6ccdf1aa0a46ea8afaeea
2022-05,2022-05-11,Dhaka,116,116.0,False,poppler_pdftotext_layout_table_6,https://objectstorage.ap-dcc-gazipur-1.oraclecloud15.com/n/axvjbnqprylg/b/V2Ministry/o/office-doe/2024/12/06d9bff69ce04ff18e6b15c7b96ca0da.pdf,5a0a082c9e4fa1b511c61e11cbf2a357e8a523b7faf6ccdf1aa0a46ea8afaeea
2022-05,2022-05-12,Dhaka,123,123.0,False,poppler_pdftotext_layout_table_6,https://objectstorage.ap-dcc-gazipur-1.oraclecloud15.com/n/axvjbnqprylg/b/V2Ministry/o/office-doe/2024/12/06d9bff69ce04ff18e6b15c7b96ca0da.pdf,5a0a082c9e4fa1b511c61e11cbf2a357e8a523b7faf6ccdf1aa0a46ea8afaeea
2022-05,2022-05-13,Dhaka,117,117.0,False,poppler_pdftotext_layout_table_6,https://objectstorage.ap-dcc-gazipur-1.oraclecloud15.com/n/axvjbnqprylg/b/V2Ministry/o/office-doe/2024/12/06d9bff69ce04ff18e6b15c7b96ca0da.pdf,5a0a082c9e4fa1b511c61e11cbf2a357e8a523b7faf6ccdf1aa0a46ea8afaeea
2022-05,2022-05-14,Dhaka,120,120.0,False,poppler_pdftotext_layout_table_6,https://objectstorage.ap-dcc-gazipur-1.oraclecloud15.com/n/axvjbnqprylg/b/V2Ministry/o/office-doe/2024/12/06d9bff69ce04ff18e6b15c7b96ca0da.pdf,5a0a082c9e4fa1b511c61e11cbf2a357e8a523b7faf6ccdf1aa0a46ea8afaeea
2022-05,2022-05-15,Dhaka,92,92.0,False,poppler_pdftotext_layout_table_6,https://objectstorage.ap-dcc-gazipur-1.oraclecloud15.com/n/axvjbnqprylg/b/V2Ministry/o/office-doe/2024/12/06d9bff69ce04ff18e6b15c7b96ca0da.pdf,5a0a082c9e4fa1b511c61e11cbf2a357e8a523b7faf6ccdf1aa0a46ea8afaeea
2022-05,2022-05-16,Dhaka,107,107.0,False,poppler_pdftotext_layout_table_6,https://objectstorage.ap-dcc-gazipur-1.oraclecloud15.com/n/axvjbnqprylg/b/V2Ministry/o/office-doe/2024/12/06d9bff69ce04ff18e6b15c7b96ca0da.pdf,5a0a082c9e4fa1b511c61e11cbf2a357e8a523b7faf6ccdf1aa0a46ea8afaeea
2022-05,2022-05-17,Dhaka,104,104.0,False,poppler_pdftotext_layout_table_6,https://objectstorage.ap-dcc-gazipur-1.oraclecloud15.com/n/axvjbnqprylg/b/V2Ministry/o/office-doe/2024/12/06d9bff69ce04ff18e6b15c7b96ca0da.pdf,5a0a082c9e4fa1b511c61e11cbf2a357e8a523b7faf6ccdf1aa0a46ea8afaeea
2022-05,2022-05-18,Dhaka,86,86.0,False,poppler_pdftotext_layout_table_6,https://objectstorage.ap-dcc-gazipur-1.oraclecloud15.com/n/axvjbnqprylg/b/V2Ministry/o/office-doe/2024/12/06d9bff69ce04ff18e6b15c7b96ca0da.pdf,5a0a082c9e4fa1b511c61e11cbf2a357e8a523b7faf6ccdf1aa0a46ea8afaeea
2022-05,2022-05-19,Dhaka,106,106.0,False,poppler_pdftotext_layout_table_6,https://objectstorage.ap-dcc-gazipur-1.oraclecloud15.com/n/axvjbnqprylg/b/V2Ministry/o/office-doe/2024/12/06d9bff69ce04ff18e6b15c7b96ca0da.pdf,5a0a082c9e4fa1b511c61e11cbf2a357e8a523b7faf6ccdf1aa0a46ea8afaeea
2022-05,2022-05-20,Dhaka,159,159.0,False,poppler_pdftotext_layout_table_6,https://objectstorage.ap-dcc-gazipur-1.oraclecloud15.com/n/axvjbnqprylg/b/V2Ministry/o/office-doe/2024/12/06d9bff69ce04ff18e6b15c7b96ca0da.pdf,5a0a082c9e4fa1b511c61e11cbf2a357e8a523b7faf6ccdf1aa0a46ea8afaeea
2022-05,2022-05-21,Dhaka,146,146.0,False,poppler_pdftotext_layout_table_6,https://objectstorage.ap-dcc-gazipur-1.oraclecloud15.com/n/axvjbnqprylg/b/V2Ministry/o/office-doe/2024/12/06d9bff69ce04ff18e6b15c7b96ca0da.pdf,5a0a082c9e4fa1b511c61e11cbf2a357e8a523b7faf6ccdf1aa0a46ea8afaeea
2022-05,2022-05-22,Dhaka,160,160.0,False,poppler_pdftotext_layout_table_6,https://objectstorage.ap-dcc-gazipur-1.oraclecloud15.com/n/axvjbnqprylg/b/V2Ministry/o/office-doe/2024/12/06d9bff69ce04ff18e6b15c7b96ca0da.pdf,5a0a082c9e4fa1b511c61e11cbf2a357e8a523b7faf6ccdf1aa0a46ea8afaeea
2022-05,2022-05-23,Dhaka,160,160.0,False,poppler_pdftotext_layout_table_6,https://objectstorage.ap-dcc-gazipur-1.oraclecloud15.com/n/axvjbnqprylg/b/V2Ministry/o/office-doe/2024/12/06d9bff69ce04ff18e6b15c7b96ca0da.pdf,5a0a082c9e4fa1b511c61e11cbf2a357e8a523b7faf6ccdf1aa0a46ea8afaeea
2022-05,2022-05-24,Dhaka,178,178.0,False,poppler_pdftotext_layout_table_6,https://objectstorage.ap-dcc-gazipur-1.oraclecloud15.com/n/axvjbnqprylg/b/V2Ministry/o/office-doe/2024/12/06d9bff69ce04ff18e6b15c7b96ca0da.pdf,5a0a082c9e4fa1b511c61e11cbf2a357e8a523b7faf6ccdf1aa0a46ea8afaeea
2022-05,2022-05-25,Dhaka,182,182.0,False,poppler_pdftotext_layout_table_6,https://objectstorage.ap-dcc-gazipur-1.oraclecloud15.com/n/axvjbnqprylg/b/V2Ministry/o/office-doe/2024/12/06d9bff69ce04ff18e6b15c7b96ca0da.pdf,5a0a082c9e4fa1b511c61e11cbf2a357e8a523b7faf6ccdf1aa0a46ea8afaeea
2022-05,2022-05-26,Dhaka,148,148.0,False,poppler_pdftotext_layout_table_6,https://objectstorage.ap-dcc-gazipur-1.oraclecloud15.com/n/axvjbnqprylg/b/V2Ministry/o/office-doe/2024/12/06d9bff69ce04ff18e6b15c7b96ca0da.pdf,5a0a082c9e4fa1b511c61e11cbf2a357e8a523b7faf6ccdf1aa0a46ea8afaeea
2022-05,2022-05-27,Dhaka,187,187.0,False,poppler_pdftotext_layout_table_6,https://objectstorage.ap-dcc-gazipur-1.oraclecloud15.com/n/axvjbnqprylg/b/V2Ministry/o/office-doe/2024/12/06d9bff69ce04ff18e6b15c7b96ca0da.pdf,5a0a082c9e4fa1b511c61e11cbf2a357e8a523b7faf6ccdf1aa0a46ea8afaeea
2022-05,2022-05-28,Dhaka,192,192.0,False,poppler_pdftotext_layout_table_6,https://objectstorage.ap-dcc-gazipur-1.oraclecloud15.com/n/axvjbnqprylg/b/V2Ministry/o/office-doe/2024/12/06d9bff69ce04ff18e6b15c7b96ca0da.pdf,5a0a082c9e4fa1b511c61e11cbf2a357e8a523b7faf6ccdf1aa0a46ea8afaeea
2022-05,2022-05-29,Dhaka,173,173.0,False,poppler_pdftotext_layout_table_6,https://objectstorage.ap-dcc-gazipur-1.oraclecloud15.com/n/axvjbnqprylg/b/V2Ministry/o/office-doe/2024/12/06d9bff69ce04ff18e6b15c7b96ca0da.pdf,5a0a082c9e4fa1b511c61e11cbf2a357e8a523b7faf6ccdf1aa0a46ea8afaeea
2022-05,2022-05-30,Dhaka,208,208.0,False,poppler_pdftotext_layout_table_6,https://objectstorage.ap-dcc-gazipur-1.oraclecloud15.com/n/axvjbnqprylg/b/V2Ministry/o/office-doe/2024/12/06d9bff69ce04ff18e6b15c7b96ca0da.pdf,5a0a082c9e4fa1b511c61e11cbf2a357e8a523b7faf6ccdf1aa0a46ea8afaeea
2022-05,2022-05-31,Dhaka,167,167.0,False,poppler_pdftotext_layout_table_6,https://objectstorage.ap-dcc-gazipur-1.oraclecloud15.com/n/axvjbnqprylg/b/V2Ministry/o/office-doe/2024/12/06d9bff69ce04ff18e6b15c7b96ca0da.pdf,5a0a082c9e4fa1b511c61e11cbf2a357e8a523b7faf6ccdf1aa0a46ea8afaeea
2022-06,2022-06-01,Dhaka,158,158.0,False,poppler_pdftotext_layout_table_6,https://objectstorage.ap-dcc-gazipur-1.oraclecloud15.com/n/axvjbnqprylg/b/V2Ministry/o/office-doe/2024/12/3cf142955cbb4ad39932e876a6eee35f.pdf,de4e64a3835e540777d970c365a04e23f11fcd8c7e5cbd888e0d93abb160823b
2022-06,2022-06-02,Dhaka,138,138.0,False,poppler_pdftotext_layout_table_6,https://objectstorage.ap-dcc-gazipur-1.oraclecloud15.com/n/axvjbnqprylg/b/V2Ministry/o/office-doe/2024/12/3cf142955cbb4ad39932e876a6eee35f.pdf,de4e64a3835e540777d970c365a04e23f11fcd8c7e5cbd888e0d93abb160823b
2022-06,2022-06-03,Dhaka,126,126.0,False,poppler_pdftotext_layout_table_6,https://objectstorage.ap-dcc-gazipur-1.oraclecloud15.com/n/axvjbnqprylg/b/V2Ministry/o/office-doe/2024/12/3cf142955cbb4ad39932e876a6eee35f.pdf,de4e64a3835e540777d970c365a04e23f11fcd8c7e5cbd888e0d93abb160823b
2022-06,2022-06-04,Dhaka,109,109.0,False,poppler_pdftotext_layout_table_6,https://objectstorage.ap-dcc-gazipur-1.oraclecloud15.com/n/axvjbnqprylg/b/V2Ministry/o/office-doe/2024/12/3cf142955cbb4ad39932e876a6eee35f.pdf,de4e64a3835e540777d970c365a04e23f11fcd8c7e5cbd888e0d93abb160823b
2022-06,2022-06-05,Dhaka,133,133.0,False,poppler_pdftotext_layout_table_6,https://objectstorage.ap-dcc-gazipur-1.oraclecloud15.com/n/axvjbnqprylg/b/V2Ministry/o/office-doe/2024/12/3cf142955cbb4ad39932e876a6eee35f.pdf,de4e64a3835e540777d970c365a04e23f11fcd8c7e5cbd888e0d93abb160823b
2022-06,2022-06-06,Dhaka,155,155.0,False,poppler_pdftotext_layout_table_6,https://objectstorage.ap-dcc-gazipur-1.oraclecloud15.com/n/axvjbnqprylg/b/V2Ministry/o/office-doe/2024/12/3cf142955cbb4ad39932e876a6eee35f.pdf,de4e64a3835e540777d970c365a04e23f11fcd8c7e5cbd888e0d93abb160823b
2022-06,2022-06-07,Dhaka,147,147.0,False,poppler_pdftotext_layout_table_6,https://objectstorage.ap-dcc-gazipur-1.oraclecloud15.com/n/axvjbnqprylg/b/V2Ministry/o/office-doe/2024/12/3cf142955cbb4ad39932e876a6eee35f.pdf,de4e64a3835e540777d970c365a04e23f11fcd8c7e5cbd888e0d93abb160823b
2022-06,2022-06-08,Dhaka,161,161.0,False,poppler_pdftotext_layout_table_6,https://objectstorage.ap-dcc-gazipur-1.oraclecloud15.com/n/axvjbnqprylg/b/V2Ministry/o/office-doe/2024/12/3cf142955cbb4ad39932e876a6eee35f.pdf,de4e64a3835e540777d970c365a04e23f11fcd8c7e5cbd888e0d93abb160823b
2022-06,2022-06-09,Dhaka,125,125.0,False,poppler_pdftotext_layout_table_6,https://objectstorage.ap-dcc-gazipur-1.oraclecloud15.com/n/axvjbnqprylg/b/V2Ministry/o/office-doe/2024/12/3cf142955cbb4ad39932e876a6eee35f.pdf,de4e64a3835e540777d970c365a04e23f11fcd8c7e5cbd888e0d93abb160823b
2022-06,2022-06-10,Dhaka,138,138.0,False,poppler_pdftotext_layout_table_6,https://objectstorage.ap-dcc-gazipur-1.oraclecloud15.com/n/axvjbnqprylg/b/V2Ministry/o/office-doe/2024/12/3cf142955cbb4ad39932e876a6eee35f.pdf,de4e64a3835e540777d970c365a04e23f11fcd8c7e5cbd888e0d93abb160823b
2022-06,2022-06-11,Dhaka,123,123.0,False,poppler_pdftotext_layout_table_6,https://objectstorage.ap-dcc-gazipur-1.oraclecloud15.com/n/axvjbnqprylg/b/V2Ministry/o/office-doe/2024/12/3cf142955cbb4ad39932e876a6eee35f.pdf,de4e64a3835e540777d970c365a04e23f11fcd8c7e5cbd888e0d93abb160823b
2022-06,2022-06-12,Dhaka,115,115.0,False,poppler_pdftotext_layout_table_6,https://objectstorage.ap-dcc-gazipur-1.oraclecloud15.com/n/axvjbnqprylg/b/V2Ministry/o/office-doe/2024/12/3cf142955cbb4ad39932e876a6eee35f.pdf,de4e64a3835e540777d970c365a04e23f11fcd8c7e5cbd888e0d93abb160823b
2022-06,2022-06-13,Dhaka,119,119.0,False,poppler_pdftotext_layout_table_6,https://objectstorage.ap-dcc-gazipur-1.oraclecloud15.com/n/axvjbnqprylg/b/V2Ministry/o/office-doe/2024/12/3cf142955cbb4ad39932e876a6eee35f.pdf,de4e64a3835e540777d970c365a04e23f11fcd8c7e5cbd888e0d93abb160823b
2022-06,2022-06-14,Dhaka,105,105.0,False,poppler_pdftotext_layout_table_6,https://objectstorage.ap-dcc-gazipur-1.oraclecloud15.com/n/axvjbnqprylg/b/V2Ministry/o/office-doe/2024/12/3cf142955cbb4ad39932e876a6eee35f.pdf,de4e64a3835e540777d970c365a04e23f11fcd8c7e5cbd888e0d93abb160823b
2022-06,2022-06-15,Dhaka,101,101.0,False,poppler_pdftotext_layout_table_6,https://objectstorage.ap-dcc-gazipur-1.oraclecloud15.com/n/axvjbnqprylg/b/V2Ministry/o/office-doe/2024/12/3cf142955cbb4ad39932e876a6eee35f.pdf,de4e64a3835e540777d970c365a04e23f11fcd8c7e5cbd888e0d93abb160823b
2022-06,2022-06-16,Dhaka,90,90.0,False,poppler_pdftotext_layout_table_6,https://objectstorage.ap-dcc-gazipur-1.oraclecloud15.com/n/axvjbnqprylg/b/V2Ministry/o/office-doe/2024/12/3cf142955cbb4ad39932e876a6eee35f.pdf,de4e64a3835e540777d970c365a04e23f11fcd8c7e5cbd888e0d93abb160823b
2022-06,2022-06-17,Dhaka,74,74.0,False,poppler_pdftotext_layout_table_6,https://objectstorage.ap-dcc-gazipur-1.oraclecloud15.com/n/axvjbnqprylg/b/V2Ministry/o/office-doe/2024/12/3cf142955cbb4ad39932e876a6eee35f.pdf,de4e64a3835e540777d970c365a04e23f11fcd8c7e5cbd888e0d93abb160823b
2022-06,2022-06-18,Dhaka,45,45.0,False,poppler_pdftotext_layout_table_6,https://objectstorage.ap-dcc-gazipur-1.oraclecloud15.com/n/axvjbnqprylg/b/V2Ministry/o/office-doe/2024/12/3cf142955cbb4ad39932e876a6eee35f.pdf,de4e64a3835e540777d970c365a04e23f11fcd8c7e5cbd888e0d93abb160823b
2022-06,2022-06-19,Dhaka,83,83.0,False,poppler_pdftotext_layout_table_6,https://objectstorage.ap-dcc-gazipur-1.oraclecloud15.com/n/axvjbnqprylg/b/V2Ministry/o/office-doe/2024/12/3cf142955cbb4ad39932e876a6eee35f.pdf,de4e64a3835e540777d970c365a04e23f11fcd8c7e5cbd888e0d93abb160823b
2022-06,2022-06-20,Dhaka,72,72.0,False,poppler_pdftotext_layout_table_6,https://objectstorage.ap-dcc-gazipur-1.oraclecloud15.com/n/axvjbnqprylg/b/V2Ministry/o/office-doe/2024/12/3cf142955cbb4ad39932e876a6eee35f.pdf,de4e64a3835e540777d970c365a04e23f11fcd8c7e5cbd888e0d93abb160823b
2022-06,2022-06-21,Dhaka,102,102.0,False,poppler_pdftotext_layout_table_6,https://objectstorage.ap-dcc-gazipur-1.oraclecloud15.com/n/axvjbnqprylg/b/V2Ministry/o/office-doe/2024/12/3cf142955cbb4ad39932e876a6eee35f.pdf,de4e64a3835e540777d970c365a04e23f11fcd8c7e5cbd888e0d93abb160823b
2022-06,2022-06-22,Dhaka,97,97.0,False,poppler_pdftotext_layout_table_6,https://objectstorage.ap-dcc-gazipur-1.oraclecloud15.com/n/axvjbnqprylg/b/V2Ministry/o/office-doe/2024/12/3cf142955cbb4ad39932e876a6eee35f.pdf,de4e64a3835e540777d970c365a04e23f11fcd8c7e5cbd888e0d93abb160823b
2022-06,2022-06-23,Dhaka,80,80.0,False,poppler_pdftotext_layout_table_6,https://objectstorage.ap-dcc-gazipur-1.oraclecloud15.com/n/axvjbnqprylg/b/V2Ministry/o/office-doe/2024/12/3cf142955cbb4ad39932e876a6eee35f.pdf,de4e64a3835e540777d970c365a04e23f11fcd8c7e5cbd888e0d93abb160823b
2022-06,2022-06-24,Dhaka,83,83.0,False,poppler_pdftotext_layout_table_6,https://objectstorage.ap-dcc-gazipur-1.oraclecloud15.com/n/axvjbnqprylg/b/V2Ministry/o/office-doe/2024/12/3cf142955cbb4ad39932e876a6eee35f.pdf,de4e64a3835e540777d970c365a04e23f11fcd8c7e5cbd888e0d93abb160823b
2022-06,2022-06-25,Dhaka,87,87.0,False,poppler_pdftotext_layout_table_6,https://objectstorage.ap-dcc-gazipur-1.oraclecloud15.com/n/axvjbnqprylg/b/V2Ministry/o/office-doe/2024/12/3cf142955cbb4ad39932e876a6eee35f.pdf,de4e64a3835e540777d970c365a04e23f11fcd8c7e5cbd888e0d93abb160823b
2022-06,2022-06-26,Dhaka,84,84.0,False,poppler_pdftotext_layout_table_6,https://objectstorage.ap-dcc-gazipur-1.oraclecloud15.com/n/axvjbnqprylg/b/V2Ministry/o/office-doe/2024/12/3cf142955cbb4ad39932e876a6eee35f.pdf,de4e64a3835e540777d970c365a04e23f11fcd8c7e5cbd888e0d93abb160823b
2022-06,2022-06-27,Dhaka,71,71.0,False,poppler_pdftotext_layout_table_6,https://objectstorage.ap-dcc-gazipur-1.oraclecloud15.com/n/axvjbnqprylg/b/V2Ministry/o/office-doe/2024/12/3cf142955cbb4ad39932e876a6eee35f.pdf,de4e64a3835e540777d970c365a04e23f11fcd8c7e5cbd888e0d93abb160823b
2022-06,2022-06-28,Dhaka,67,67.0,False,poppler_pdftotext_layout_table_6,https://objectstorage.ap-dcc-gazipur-1.oraclecloud15.com/n/axvjbnqprylg/b/V2Ministry/o/office-doe/2024/12/3cf142955cbb4ad39932e876a6eee35f.pdf,de4e64a3835e540777d970c365a04e23f11fcd8c7e5cbd888e0d93abb160823b
2022-06,2022-06-29,Dhaka,94,94.0,False,poppler_pdftotext_layout_table_6,https://objectstorage.ap-dcc-gazipur-1.oraclecloud15.com/n/axvjbnqprylg/b/V2Ministry/o/office-doe/2024/12/3cf142955cbb4ad39932e876a6eee35f.pdf,de4e64a3835e540777d970c365a04e23f11fcd8c7e5cbd888e0d93abb160823b
2022-06,2022-06-30,Dhaka,134,134.0,False,poppler_pdftotext_layout_table_6,https://objectstorage.ap-dcc-gazipur-1.oraclecloud15.com/n/axvjbnqprylg/b/V2Ministry/o/office-doe/2024/12/3cf142955cbb4ad39932e876a6eee35f.pdf,de4e64a3835e540777d970c365a04e23f11fcd8c7e5cbd888e0d93abb160823b
2022-07,2022-07-01,Dhaka,141,141.0,False,poppler_pdftotext_layout_table_6,https://objectstorage.ap-dcc-gazipur-1.oraclecloud15.com/n/axvjbnqprylg/b/V2Ministry/o/office-doe/2024/12/649e15536ccc4379a7be35ef4919f6b6.pdf,f40be16f1ee09fc51e66a1d9ca4e48de3a447dafbcba699ed2b94c7844b0b727
2022-07,2022-07-02,Dhaka,121,121.0,False,poppler_pdftotext_layout_table_6,https://objectstorage.ap-dcc-gazipur-1.oraclecloud15.com/n/axvjbnqprylg/b/V2Ministry/o/office-doe/2024/12/649e15536ccc4379a7be35ef4919f6b6.pdf,f40be16f1ee09fc51e66a1d9ca4e48de3a447dafbcba699ed2b94c7844b0b727
2022-07,2022-07-03,Dhaka,101,101.0,False,poppler_pdftotext_layout_table_6,https://objectstorage.ap-dcc-gazipur-1.oraclecloud15.com/n/axvjbnqprylg/b/V2Ministry/o/office-doe/2024/12/649e15536ccc4379a7be35ef4919f6b6.pdf,f40be16f1ee09fc51e66a1d9ca4e48de3a447dafbcba699ed2b94c7844b0b727
2022-07,2022-07-04,Dhaka,106,106.0,False,poppler_pdftotext_layout_table_6,https://objectstorage.ap-dcc-gazipur-1.oraclecloud15.com/n/axvjbnqprylg/b/V2Ministry/o/office-doe/2024/12/649e15536ccc4379a7be35ef4919f6b6.pdf,f40be16f1ee09fc51e66a1d9ca4e48de3a447dafbcba699ed2b94c7844b0b727
2022-07,2022-07-05,Dhaka,137,137.0,False,poppler_pdftotext_layout_table_6,https://objectstorage.ap-dcc-gazipur-1.oraclecloud15.com/n/axvjbnqprylg/b/V2Ministry/o/office-doe/2024/12/649e15536ccc4379a7be35ef4919f6b6.pdf,f40be16f1ee09fc51e66a1d9ca4e48de3a447dafbcba699ed2b94c7844b0b727
2022-07,2022-07-06,Dhaka,109,109.0,False,poppler_pdftotext_layout_table_6,https://objectstorage.ap-dcc-gazipur-1.oraclecloud15.com/n/axvjbnqprylg/b/V2Ministry/o/office-doe/2024/12/649e15536ccc4379a7be35ef4919f6b6.pdf,f40be16f1ee09fc51e66a1d9ca4e48de3a447dafbcba699ed2b94c7844b0b727
2022-07,2022-07-07,Dhaka,120,120.0,False,poppler_pdftotext_layout_table_6,https://objectstorage.ap-dcc-gazipur-1.oraclecloud15.com/n/axvjbnqprylg/b/V2Ministry/o/office-doe/2024/12/649e15536ccc4379a7be35ef4919f6b6.pdf,f40be16f1ee09fc51e66a1d9ca4e48de3a447dafbcba699ed2b94c7844b0b727
2022-07,2022-07-08,Dhaka,95,95.0,False,poppler_pdftotext_layout_table_6,https://objectstorage.ap-dcc-gazipur-1.oraclecloud15.com/n/axvjbnqprylg/b/V2Ministry/o/office-doe/2024/12/649e15536ccc4379a7be35ef4919f6b6.pdf,f40be16f1ee09fc51e66a1d9ca4e48de3a447dafbcba699ed2b94c7844b0b727
2022-07,2022-07-09,Dhaka,82,82.0,False,poppler_pdftotext_layout_table_6,https://objectstorage.ap-dcc-gazipur-1.oraclecloud15.com/n/axvjbnqprylg/b/V2Ministry/o/office-doe/2024/12/649e15536ccc4379a7be35ef4919f6b6.pdf,f40be16f1ee09fc51e66a1d9ca4e48de3a447dafbcba699ed2b94c7844b0b727
2022-07,2022-07-10,Dhaka,58,58.0,False,poppler_pdftotext_layout_table_6,https://objectstorage.ap-dcc-gazipur-1.oraclecloud15.com/n/axvjbnqprylg/b/V2Ministry/o/office-doe/2024/12/649e15536ccc4379a7be35ef4919f6b6.pdf,f40be16f1ee09fc51e66a1d9ca4e48de3a447dafbcba699ed2b94c7844b0b727
2022-07,2022-07-11,Dhaka,47,47.0,False,poppler_pdftotext_layout_table_6,https://objectstorage.ap-dcc-gazipur-1.oraclecloud15.com/n/axvjbnqprylg/b/V2Ministry/o/office-doe/2024/12/649e15536ccc4379a7be35ef4919f6b6.pdf,f40be16f1ee09fc51e66a1d9ca4e48de3a447dafbcba699ed2b94c7844b0b727
2022-07,2022-07-12,Dhaka,54,54.0,False,poppler_pdftotext_layout_table_6,https://objectstorage.ap-dcc-gazipur-1.oraclecloud15.com/n/axvjbnqprylg/b/V2Ministry/o/office-doe/2024/12/649e15536ccc4379a7be35ef4919f6b6.pdf,f40be16f1ee09fc51e66a1d9ca4e48de3a447dafbcba699ed2b94c7844b0b727
2022-07,2022-07-13,Dhaka,55,55.0,False,poppler_pdftotext_layout_table_6,https://objectstorage.ap-dcc-gazipur-1.oraclecloud15.com/n/axvjbnqprylg/b/V2Ministry/o/office-doe/2024/12/649e15536ccc4379a7be35ef4919f6b6.pdf,f40be16f1ee09fc51e66a1d9ca4e48de3a447dafbcba699ed2b94c7844b0b727
2022-07,2022-07-14,Dhaka,81,81.0,False,poppler_pdftotext_layout_table_6,https://objectstorage.ap-dcc-gazipur-1.oraclecloud15.com/n/axvjbnqprylg/b/V2Ministry/o/office-doe/2024/12/649e15536ccc4379a7be35ef4919f6b6.pdf,f40be16f1ee09fc51e66a1d9ca4e48de3a447dafbcba699ed2b94c7844b0b727
2022-07,2022-07-15,Dhaka,69,69.0,False,poppler_pdftotext_layout_table_6,https://objectstorage.ap-dcc-gazipur-1.oraclecloud15.com/n/axvjbnqprylg/b/V2Ministry/o/office-doe/2024/12/649e15536ccc4379a7be35ef4919f6b6.pdf,f40be16f1ee09fc51e66a1d9ca4e48de3a447dafbcba699ed2b94c7844b0b727
2022-07,2022-07-16,Dhaka,79,79.0,False,poppler_pdftotext_layout_table_6,https://objectstorage.ap-dcc-gazipur-1.oraclecloud15.com/n/axvjbnqprylg/b/V2Ministry/o/office-doe/2024/12/649e15536ccc4379a7be35ef4919f6b6.pdf,f40be16f1ee09fc51e66a1d9ca4e48de3a447dafbcba699ed2b94c7844b0b727
2022-07,2022-07-17,Dhaka,81,81.0,False,poppler_pdftotext_layout_table_6,https://objectstorage.ap-dcc-gazipur-1.oraclecloud15.com/n/axvjbnqprylg/b/V2Ministry/o/office-doe/2024/12/649e15536ccc4379a7be35ef4919f6b6.pdf,f40be16f1ee09fc51e66a1d9ca4e48de3a447dafbcba699ed2b94c7844b0b727
2022-07,2022-07-18,Dhaka,75,75.0,False,poppler_pdftotext_layout_table_6,https://objectstorage.ap-dcc-gazipur-1.oraclecloud15.com/n/axvjbnqprylg/b/V2Ministry/o/office-doe/2024/12/649e15536ccc4379a7be35ef4919f6b6.pdf,f40be16f1ee09fc51e66a1d9ca4e48de3a447dafbcba699ed2b94c7844b0b727
2022-07,2022-07-19,Dhaka,84,84.0,False,poppler_pdftotext_layout_table_6,https://objectstorage.ap-dcc-gazipur-1.oraclecloud15.com/n/axvjbnqprylg/b/V2Ministry/o/office-doe/2024/12/649e15536ccc4379a7be35ef4919f6b6.pdf,f40be16f1ee09fc51e66a1d9ca4e48de3a447dafbcba699ed2b94c7844b0b727
2022-07,2022-07-20,Dhaka,111,111.0,False,poppler_pdftotext_layout_table_6,https://objectstorage.ap-dcc-gazipur-1.oraclecloud15.com/n/axvjbnqprylg/b/V2Ministry/o/office-doe/2024/12/649e15536ccc4379a7be35ef4919f6b6.pdf,f40be16f1ee09fc51e66a1d9ca4e48de3a447dafbcba699ed2b94c7844b0b727
2022-07,2022-07-21,Dhaka,125,125.0,False,poppler_pdftotext_layout_table_6,https://objectstorage.ap-dcc-gazipur-1.oraclecloud15.com/n/axvjbnqprylg/b/V2Ministry/o/office-doe/2024/12/649e15536ccc4379a7be35ef4919f6b6.pdf,f40be16f1ee09fc51e66a1d9ca4e48de3a447dafbcba699ed2b94c7844b0b727
2022-07,2022-07-22,Dhaka,116,116.0,False,poppler_pdftotext_layout_table_6,https://objectstorage.ap-dcc-gazipur-1.oraclecloud15.com/n/axvjbnqprylg/b/V2Ministry/o/office-doe/2024/12/649e15536ccc4379a7be35ef4919f6b6.pdf,f40be16f1ee09fc51e66a1d9ca4e48de3a447dafbcba699ed2b94c7844b0b727
2022-07,2022-07-23,Dhaka,96,96.0,False,poppler_pdftotext_layout_table_6,https://objectstorage.ap-dcc-gazipur-1.oraclecloud15.com/n/axvjbnqprylg/b/V2Ministry/o/office-doe/2024/12/649e15536ccc4379a7be35ef4919f6b6.pdf,f40be16f1ee09fc51e66a1d9ca4e48de3a447dafbcba699ed2b94c7844b0b727
2022-07,2022-07-24,Dhaka,115,115.0,False,poppler_pdftotext_layout_table_6,https://objectstorage.ap-dcc-gazipur-1.oraclecloud15.com/n/axvjbnqprylg/b/V2Ministry/o/office-doe/2024/12/649e15536ccc4379a7be35ef4919f6b6.pdf,f40be16f1ee09fc51e66a1d9ca4e48de3a447dafbcba699ed2b94c7844b0b727
2022-07,2022-07-25,Dhaka,107,107.0,False,poppler_pdftotext_layout_table_6,https://objectstorage.ap-dcc-gazipur-1.oraclecloud15.com/n/axvjbnqprylg/b/V2Ministry/o/office-doe/2024/12/649e15536ccc4379a7be35ef4919f6b6.pdf,f40be16f1ee09fc51e66a1d9ca4e48de3a447dafbcba699ed2b94c7844b0b727
2022-07,2022-07-26,Dhaka,110,110.0,False,poppler_pdftotext_layout_table_6,https://objectstorage.ap-dcc-gazipur-1.oraclecloud15.com/n/axvjbnqprylg/b/V2Ministry/o/office-doe/2024/12/649e15536ccc4379a7be35ef4919f6b6.pdf,f40be16f1ee09fc51e66a1d9ca4e48de3a447dafbcba699ed2b94c7844b0b727
2022-07,2022-07-27,Dhaka,128,128.0,False,poppler_pdftotext_layout_table_6,https://objectstorage.ap-dcc-gazipur-1.oraclecloud15.com/n/axvjbnqprylg/b/V2Ministry/o/office-doe/2024/12/649e15536ccc4379a7be35ef4919f6b6.pdf,f40be16f1ee09fc51e66a1d9ca4e48de3a447dafbcba699ed2b94c7844b0b727
2022-07,2022-07-28,Dhaka,129,129.0,False,poppler_pdftotext_layout_table_6,https://objectstorage.ap-dcc-gazipur-1.oraclecloud15.com/n/axvjbnqprylg/b/V2Ministry/o/office-doe/2024/12/649e15536ccc4379a7be35ef4919f6b6.pdf,f40be16f1ee09fc51e66a1d9ca4e48de3a447dafbcba699ed2b94c7844b0b727
2022-07,2022-07-29,Dhaka,129,129.0,False,poppler_pdftotext_layout_table_6,https://objectstorage.ap-dcc-gazipur-1.oraclecloud15.com/n/axvjbnqprylg/b/V2Ministry/o/office-doe/2024/12/649e15536ccc4379a7be35ef4919f6b6.pdf,f40be16f1ee09fc51e66a1d9ca4e48de3a447dafbcba699ed2b94c7844b0b727
2022-07,2022-07-30,Dhaka,144,144.0,False,poppler_pdftotext_layout_table_6,https://objectstorage.ap-dcc-gazipur-1.oraclecloud15.com/n/axvjbnqprylg/b/V2Ministry/o/office-doe/2024/12/649e15536ccc4379a7be35ef4919f6b6.pdf,f40be16f1ee09fc51e66a1d9ca4e48de3a447dafbcba699ed2b94c7844b0b727
2022-07,2022-07-31,Dhaka,102,102.0,False,poppler_pdftotext_layout_table_6,https://objectstorage.ap-dcc-gazipur-1.oraclecloud15.com/n/axvjbnqprylg/b/V2Ministry/o/office-doe/2024/12/649e15536ccc4379a7be35ef4919f6b6.pdf,f40be16f1ee09fc51e66a1d9ca4e48de3a447dafbcba699ed2b94c7844b0b727
2022-08,2022-08-01,Dhaka,154,154.0,False,poppler_pdftotext_layout_table_6,https://objectstorage.ap-dcc-gazipur-1.oraclecloud15.com/n/axvjbnqprylg/b/V2Ministry/o/office-doe/2024/12/0a741a9e57a94e42b5bc558b9ad66a4e.pdf,c7810efcf558b152ffcee2dba5c76e4314bb50734e6f1e7796fa88238ee0767a
2022-08,2022-08-02,Dhaka,188,188.0,False,poppler_pdftotext_layout_table_6,https://objectstorage.ap-dcc-gazipur-1.oraclecloud15.com/n/axvjbnqprylg/b/V2Ministry/o/office-doe/2024/12/0a741a9e57a94e42b5bc558b9ad66a4e.pdf,c7810efcf558b152ffcee2dba5c76e4314bb50734e6f1e7796fa88238ee0767a
2022-08,2022-08-03,Dhaka,164,164.0,False,poppler_pdftotext_layout_table_6,https://objectstorage.ap-dcc-gazipur-1.oraclecloud15.com/n/axvjbnqprylg/b/V2Ministry/o/office-doe/2024/12/0a741a9e57a94e42b5bc558b9ad66a4e.pdf,c7810efcf558b152ffcee2dba5c76e4314bb50734e6f1e7796fa88238ee0767a
2022-08,2022-08-04,Dhaka,138,138.0,False,poppler_pdftotext_layout_table_6,https://objectstorage.ap-dcc-gazipur-1.oraclecloud15.com/n/axvjbnqprylg/b/V2Ministry/o/office-doe/2024/12/0a741a9e57a94e42b5bc558b9ad66a4e.pdf,c7810efcf558b152ffcee2dba5c76e4314bb50734e6f1e7796fa88238ee0767a
2022-08,2022-08-05,Dhaka,127,127.0,False,poppler_pdftotext_layout_table_6,https://objectstorage.ap-dcc-gazipur-1.oraclecloud15.com/n/axvjbnqprylg/b/V2Ministry/o/office-doe/2024/12/0a741a9e57a94e42b5bc558b9ad66a4e.pdf,c7810efcf558b152ffcee2dba5c76e4314bb50734e6f1e7796fa88238ee0767a
2022-08,2022-08-06,Dhaka,100,100.0,False,poppler_pdftotext_layout_table_6,https://objectstorage.ap-dcc-gazipur-1.oraclecloud15.com/n/axvjbnqprylg/b/V2Ministry/o/office-doe/2024/12/0a741a9e57a94e42b5bc558b9ad66a4e.pdf,c7810efcf558b152ffcee2dba5c76e4314bb50734e6f1e7796fa88238ee0767a
2022-08,2022-08-07,Dhaka,120,120.0,False,poppler_pdftotext_layout_table_6,https://objectstorage.ap-dcc-gazipur-1.oraclecloud15.com/n/axvjbnqprylg/b/V2Ministry/o/office-doe/2024/12/0a741a9e57a94e42b5bc558b9ad66a4e.pdf,c7810efcf558b152ffcee2dba5c76e4314bb50734e6f1e7796fa88238ee0767a
2022-08,2022-08-08,Dhaka,95,95.0,False,poppler_pdftotext_layout_table_6,https://objectstorage.ap-dcc-gazipur-1.oraclecloud15.com/n/axvjbnqprylg/b/V2Ministry/o/office-doe/2024/12/0a741a9e57a94e42b5bc558b9ad66a4e.pdf,c7810efcf558b152ffcee2dba5c76e4314bb50734e6f1e7796fa88238ee0767a
2022-08,2022-08-09,Dhaka,63,63.0,False,poppler_pdftotext_layout_table_6,https://objectstorage.ap-dcc-gazipur-1.oraclecloud15.com/n/axvjbnqprylg/b/V2Ministry/o/office-doe/2024/12/0a741a9e57a94e42b5bc558b9ad66a4e.pdf,c7810efcf558b152ffcee2dba5c76e4314bb50734e6f1e7796fa88238ee0767a
2022-08,2022-08-10,Dhaka,100,100.0,False,poppler_pdftotext_layout_table_6,https://objectstorage.ap-dcc-gazipur-1.oraclecloud15.com/n/axvjbnqprylg/b/V2Ministry/o/office-doe/2024/12/0a741a9e57a94e42b5bc558b9ad66a4e.pdf,c7810efcf558b152ffcee2dba5c76e4314bb50734e6f1e7796fa88238ee0767a
2022-08,2022-08-11,Dhaka,110,110.0,False,poppler_pdftotext_layout_table_6,https://objectstorage.ap-dcc-gazipur-1.oraclecloud15.com/n/axvjbnqprylg/b/V2Ministry/o/office-doe/2024/12/0a741a9e57a94e42b5bc558b9ad66a4e.pdf,c7810efcf558b152ffcee2dba5c76e4314bb50734e6f1e7796fa88238ee0767a
2022-08,2022-08-12,Dhaka,106,106.0,False,poppler_pdftotext_layout_table_6,https://objectstorage.ap-dcc-gazipur-1.oraclecloud15.com/n/axvjbnqprylg/b/V2Ministry/o/office-doe/2024/12/0a741a9e57a94e42b5bc558b9ad66a4e.pdf,c7810efcf558b152ffcee2dba5c76e4314bb50734e6f1e7796fa88238ee0767a
2022-08,2022-08-13,Dhaka,105,105.0,False,poppler_pdftotext_layout_table_6,https://objectstorage.ap-dcc-gazipur-1.oraclecloud15.com/n/axvjbnqprylg/b/V2Ministry/o/office-doe/2024/12/0a741a9e57a94e42b5bc558b9ad66a4e.pdf,c7810efcf558b152ffcee2dba5c76e4314bb50734e6f1e7796fa88238ee0767a
2022-08,2022-08-14,Dhaka,102,102.0,False,poppler_pdftotext_layout_table_6,https://objectstorage.ap-dcc-gazipur-1.oraclecloud15.com/n/axvjbnqprylg/b/V2Ministry/o/office-doe/2024/12/0a741a9e57a94e42b5bc558b9ad66a4e.pdf,c7810efcf558b152ffcee2dba5c76e4314bb50734e6f1e7796fa88238ee0767a
2022-08,2022-08-15,Dhaka,101,101.0,False,poppler_pdftotext_layout_table_6,https://objectstorage.ap-dcc-gazipur-1.oraclecloud15.com/n/axvjbnqprylg/b/V2Ministry/o/office-doe/2024/12/0a741a9e57a94e42b5bc558b9ad66a4e.pdf,c7810efcf558b152ffcee2dba5c76e4314bb50734e6f1e7796fa88238ee0767a
2022-08,2022-08-16,Dhaka,101,101.0,False,poppler_pdftotext_layout_table_6,https://objectstorage.ap-dcc-gazipur-1.oraclecloud15.com/n/axvjbnqprylg/b/V2Ministry/o/office-doe/2024/12/0a741a9e57a94e42b5bc558b9ad66a4e.pdf,c7810efcf558b152ffcee2dba5c76e4314bb50734e6f1e7796fa88238ee0767a
2022-08,2022-08-17,Dhaka,158,158.0,False,poppler_pdftotext_layout_table_6,https://objectstorage.ap-dcc-gazipur-1.oraclecloud15.com/n/axvjbnqprylg/b/V2Ministry/o/office-doe/2024/12/0a741a9e57a94e42b5bc558b9ad66a4e.pdf,c7810efcf558b152ffcee2dba5c76e4314bb50734e6f1e7796fa88238ee0767a
2022-08,2022-08-18,Dhaka,160,160.0,False,poppler_pdftotext_layout_table_6,https://objectstorage.ap-dcc-gazipur-1.oraclecloud15.com/n/axvjbnqprylg/b/V2Ministry/o/office-doe/2024/12/0a741a9e57a94e42b5bc558b9ad66a4e.pdf,c7810efcf558b152ffcee2dba5c76e4314bb50734e6f1e7796fa88238ee0767a
2022-08,2022-08-19,Dhaka,103,103.0,False,poppler_pdftotext_layout_table_6,https://objectstorage.ap-dcc-gazipur-1.oraclecloud15.com/n/axvjbnqprylg/b/V2Ministry/o/office-doe/2024/12/0a741a9e57a94e42b5bc558b9ad66a4e.pdf,c7810efcf558b152ffcee2dba5c76e4314bb50734e6f1e7796fa88238ee0767a
2022-08,2022-08-20,Dhaka,92,92.0,False,poppler_pdftotext_layout_table_6,https://objectstorage.ap-dcc-gazipur-1.oraclecloud15.com/n/axvjbnqprylg/b/V2Ministry/o/office-doe/2024/12/0a741a9e57a94e42b5bc558b9ad66a4e.pdf,c7810efcf558b152ffcee2dba5c76e4314bb50734e6f1e7796fa88238ee0767a
2022-08,2022-08-21,Dhaka,130,130.0,False,poppler_pdftotext_layout_table_6,https://objectstorage.ap-dcc-gazipur-1.oraclecloud15.com/n/axvjbnqprylg/b/V2Ministry/o/office-doe/2024/12/0a741a9e57a94e42b5bc558b9ad66a4e.pdf,c7810efcf558b152ffcee2dba5c76e4314bb50734e6f1e7796fa88238ee0767a
2022-08,2022-08-22,Dhaka,153,153.0,False,poppler_pdftotext_layout_table_6,https://objectstorage.ap-dcc-gazipur-1.oraclecloud15.com/n/axvjbnqprylg/b/V2Ministry/o/office-doe/2024/12/0a741a9e57a94e42b5bc558b9ad66a4e.pdf,c7810efcf558b152ffcee2dba5c76e4314bb50734e6f1e7796fa88238ee0767a
2022-08,2022-08-23,Dhaka,129,129.0,False,poppler_pdftotext_layout_table_6,https://objectstorage.ap-dcc-gazipur-1.oraclecloud15.com/n/axvjbnqprylg/b/V2Ministry/o/office-doe/2024/12/0a741a9e57a94e42b5bc558b9ad66a4e.pdf,c7810efcf558b152ffcee2dba5c76e4314bb50734e6f1e7796fa88238ee0767a
2022-08,2022-08-24,Dhaka,92,92.0,False,poppler_pdftotext_layout_table_6,https://objectstorage.ap-dcc-gazipur-1.oraclecloud15.com/n/axvjbnqprylg/b/V2Ministry/o/office-doe/2024/12/0a741a9e57a94e42b5bc558b9ad66a4e.pdf,c7810efcf558b152ffcee2dba5c76e4314bb50734e6f1e7796fa88238ee0767a
2022-08,2022-08-25,Dhaka,141,141.0,False,poppler_pdftotext_layout_table_6,https://objectstorage.ap-dcc-gazipur-1.oraclecloud15.com/n/axvjbnqprylg/b/V2Ministry/o/office-doe/2024/12/0a741a9e57a94e42b5bc558b9ad66a4e.pdf,c7810efcf558b152ffcee2dba5c76e4314bb50734e6f1e7796fa88238ee0767a
2022-08,2022-08-26,Dhaka,105,105.0,False,poppler_pdftotext_layout_table_6,https://objectstorage.ap-dcc-gazipur-1.oraclecloud15.com/n/axvjbnqprylg/b/V2Ministry/o/office-doe/2024/12/0a741a9e57a94e42b5bc558b9ad66a4e.pdf,c7810efcf558b152ffcee2dba5c76e4314bb50734e6f1e7796fa88238ee0767a
2022-08,2022-08-27,Dhaka,114,114.0,False,poppler_pdftotext_layout_table_6,https://objectstorage.ap-dcc-gazipur-1.oraclecloud15.com/n/axvjbnqprylg/b/V2Ministry/o/office-doe/2024/12/0a741a9e57a94e42b5bc558b9ad66a4e.pdf,c7810efcf558b152ffcee2dba5c76e4314bb50734e6f1e7796fa88238ee0767a
2022-08,2022-08-28,Dhaka,90,90.0,False,poppler_pdftotext_layout_table_6,https://objectstorage.ap-dcc-gazipur-1.oraclecloud15.com/n/axvjbnqprylg/b/V2Ministry/o/office-doe/2024/12/0a741a9e57a94e42b5bc558b9ad66a4e.pdf,c7810efcf558b152ffcee2dba5c76e4314bb50734e6f1e7796fa88238ee0767a
2022-08,2022-08-29,Dhaka,114,114.0,False,poppler_pdftotext_layout_table_6,https://objectstorage.ap-dcc-gazipur-1.oraclecloud15.com/n/axvjbnqprylg/b/V2Ministry/o/office-doe/2024/12/0a741a9e57a94e42b5bc558b9ad66a4e.pdf,c7810efcf558b152ffcee2dba5c76e4314bb50734e6f1e7796fa88238ee0767a
2022-08,2022-08-30,Dhaka,100,100.0,False,poppler_pdftotext_layout_table_6,https://objectstorage.ap-dcc-gazipur-1.oraclecloud15.com/n/axvjbnqprylg/b/V2Ministry/o/office-doe/2024/12/0a741a9e57a94e42b5bc558b9ad66a4e.pdf,c7810efcf558b152ffcee2dba5c76e4314bb50734e6f1e7796fa88238ee0767a
2022-08,2022-08-31,Dhaka,123,123.0,False,poppler_pdftotext_layout_table_6,https://objectstorage.ap-dcc-gazipur-1.oraclecloud15.com/n/axvjbnqprylg/b/V2Ministry/o/office-doe/2024/12/0a741a9e57a94e42b5bc558b9ad66a4e.pdf,c7810efcf558b152ffcee2dba5c76e4314bb50734e6f1e7796fa88238ee0767a
2022-09,2022-09-01,Dhaka,75,75.0,False,poppler_pdftotext_layout_table_6,https://objectstorage.ap-dcc-gazipur-1.oraclecloud15.com/n/axvjbnqprylg/b/V2Ministry/o/office-doe/2024/12/10555296f48e4d83b63352ef126c5c00.pdf,e51601245b1d0612cf06200fcafbb7604215c1ddf83f462009b5e4dc1d2095c4
2022-09,2022-09-02,Dhaka,80,80.0,False,poppler_pdftotext_layout_table_6,https://objectstorage.ap-dcc-gazipur-1.oraclecloud15.com/n/axvjbnqprylg/b/V2Ministry/o/office-doe/2024/12/10555296f48e4d83b63352ef126c5c00.pdf,e51601245b1d0612cf06200fcafbb7604215c1ddf83f462009b5e4dc1d2095c4
2022-09,2022-09-03,Dhaka,91,91.0,False,poppler_pdftotext_layout_table_6,https://objectstorage.ap-dcc-gazipur-1.oraclecloud15.com/n/axvjbnqprylg/b/V2Ministry/o/office-doe/2024/12/10555296f48e4d83b63352ef126c5c00.pdf,e51601245b1d0612cf06200fcafbb7604215c1ddf83f462009b5e4dc1d2095c4
2022-09,2022-09-04,Dhaka,133,133.0,False,poppler_pdftotext_layout_table_6,https://objectstorage.ap-dcc-gazipur-1.oraclecloud15.com/n/axvjbnqprylg/b/V2Ministry/o/office-doe/2024/12/10555296f48e4d83b63352ef126c5c00.pdf,e51601245b1d0612cf06200fcafbb7604215c1ddf83f462009b5e4dc1d2095c4
2022-09,2022-09-05,Dhaka,116,116.0,False,poppler_pdftotext_layout_table_6,https://objectstorage.ap-dcc-gazipur-1.oraclecloud15.com/n/axvjbnqprylg/b/V2Ministry/o/office-doe/2024/12/10555296f48e4d83b63352ef126c5c00.pdf,e51601245b1d0612cf06200fcafbb7604215c1ddf83f462009b5e4dc1d2095c4
2022-09,2022-09-06,Dhaka,116,116.0,False,poppler_pdftotext_layout_table_6,https://objectstorage.ap-dcc-gazipur-1.oraclecloud15.com/n/axvjbnqprylg/b/V2Ministry/o/office-doe/2024/12/10555296f48e4d83b63352ef126c5c00.pdf,e51601245b1d0612cf06200fcafbb7604215c1ddf83f462009b5e4dc1d2095c4
2022-09,2022-09-07,Dhaka,152,152.0,False,poppler_pdftotext_layout_table_6,https://objectstorage.ap-dcc-gazipur-1.oraclecloud15.com/n/axvjbnqprylg/b/V2Ministry/o/office-doe/2024/12/10555296f48e4d83b63352ef126c5c00.pdf,e51601245b1d0612cf06200fcafbb7604215c1ddf83f462009b5e4dc1d2095c4
2022-09,2022-09-08,Dhaka,162,162.0,False,poppler_pdftotext_layout_table_6,https://objectstorage.ap-dcc-gazipur-1.oraclecloud15.com/n/axvjbnqprylg/b/V2Ministry/o/office-doe/2024/12/10555296f48e4d83b63352ef126c5c00.pdf,e51601245b1d0612cf06200fcafbb7604215c1ddf83f462009b5e4dc1d2095c4
2022-09,2022-09-09,Dhaka,144,144.0,False,poppler_pdftotext_layout_table_6,https://objectstorage.ap-dcc-gazipur-1.oraclecloud15.com/n/axvjbnqprylg/b/V2Ministry/o/office-doe/2024/12/10555296f48e4d83b63352ef126c5c00.pdf,e51601245b1d0612cf06200fcafbb7604215c1ddf83f462009b5e4dc1d2095c4
2022-09,2022-09-10,Dhaka,151,151.0,False,poppler_pdftotext_layout_table_6,https://objectstorage.ap-dcc-gazipur-1.oraclecloud15.com/n/axvjbnqprylg/b/V2Ministry/o/office-doe/2024/12/10555296f48e4d83b63352ef126c5c00.pdf,e51601245b1d0612cf06200fcafbb7604215c1ddf83f462009b5e4dc1d2095c4
2022-09,2022-09-11,Dhaka,91,91.0,False,poppler_pdftotext_layout_table_6,https://objectstorage.ap-dcc-gazipur-1.oraclecloud15.com/n/axvjbnqprylg/b/V2Ministry/o/office-doe/2024/12/10555296f48e4d83b63352ef126c5c00.pdf,e51601245b1d0612cf06200fcafbb7604215c1ddf83f462009b5e4dc1d2095c4
2022-09,2022-09-12,Dhaka,65,65.0,False,poppler_pdftotext_layout_table_6,https://objectstorage.ap-dcc-gazipur-1.oraclecloud15.com/n/axvjbnqprylg/b/V2Ministry/o/office-doe/2024/12/10555296f48e4d83b63352ef126c5c00.pdf,e51601245b1d0612cf06200fcafbb7604215c1ddf83f462009b5e4dc1d2095c4
2022-09,2022-09-13,Dhaka,79,79.0,False,poppler_pdftotext_layout_table_6,https://objectstorage.ap-dcc-gazipur-1.oraclecloud15.com/n/axvjbnqprylg/b/V2Ministry/o/office-doe/2024/12/10555296f48e4d83b63352ef126c5c00.pdf,e51601245b1d0612cf06200fcafbb7604215c1ddf83f462009b5e4dc1d2095c4
2022-09,2022-09-14,Dhaka,93,93.0,False,poppler_pdftotext_layout_table_6,https://objectstorage.ap-dcc-gazipur-1.oraclecloud15.com/n/axvjbnqprylg/b/V2Ministry/o/office-doe/2024/12/10555296f48e4d83b63352ef126c5c00.pdf,e51601245b1d0612cf06200fcafbb7604215c1ddf83f462009b5e4dc1d2095c4
2022-09,2022-09-15,Dhaka,98,98.0,False,poppler_pdftotext_layout_table_6,https://objectstorage.ap-dcc-gazipur-1.oraclecloud15.com/n/axvjbnqprylg/b/V2Ministry/o/office-doe/2024/12/10555296f48e4d83b63352ef126c5c00.pdf,e51601245b1d0612cf06200fcafbb7604215c1ddf83f462009b5e4dc1d2095c4
2022-09,2022-09-16,Dhaka,130,130.0,False,poppler_pdftotext_layout_table_6,https://objectstorage.ap-dcc-gazipur-1.oraclecloud15.com/n/axvjbnqprylg/b/V2Ministry/o/office-doe/2024/12/10555296f48e4d83b63352ef126c5c00.pdf,e51601245b1d0612cf06200fcafbb7604215c1ddf83f462009b5e4dc1d2095c4
2022-09,2022-09-17,Dhaka,154,154.0,False,poppler_pdftotext_layout_table_6,https://objectstorage.ap-dcc-gazipur-1.oraclecloud15.com/n/axvjbnqprylg/b/V2Ministry/o/office-doe/2024/12/10555296f48e4d83b63352ef126c5c00.pdf,e51601245b1d0612cf06200fcafbb7604215c1ddf83f462009b5e4dc1d2095c4
2022-09,2022-09-18,Dhaka,187,187.0,False,poppler_pdftotext_layout_table_6,https://objectstorage.ap-dcc-gazipur-1.oraclecloud15.com/n/axvjbnqprylg/b/V2Ministry/o/office-doe/2024/12/10555296f48e4d83b63352ef126c5c00.pdf,e51601245b1d0612cf06200fcafbb7604215c1ddf83f462009b5e4dc1d2095c4
2022-09,2022-09-19,Dhaka,169,169.0,False,poppler_pdftotext_layout_table_6,https://objectstorage.ap-dcc-gazipur-1.oraclecloud15.com/n/axvjbnqprylg/b/V2Ministry/o/office-doe/2024/12/10555296f48e4d83b63352ef126c5c00.pdf,e51601245b1d0612cf06200fcafbb7604215c1ddf83f462009b5e4dc1d2095c4
2022-09,2022-09-20,Dhaka,100,100.0,False,poppler_pdftotext_layout_table_6,https://objectstorage.ap-dcc-gazipur-1.oraclecloud15.com/n/axvjbnqprylg/b/V2Ministry/o/office-doe/2024/12/10555296f48e4d83b63352ef126c5c00.pdf,e51601245b1d0612cf06200fcafbb7604215c1ddf83f462009b5e4dc1d2095c4
2022-09,2022-09-21,Dhaka,114,114.0,False,poppler_pdftotext_layout_table_6,https://objectstorage.ap-dcc-gazipur-1.oraclecloud15.com/n/axvjbnqprylg/b/V2Ministry/o/office-doe/2024/12/10555296f48e4d83b63352ef126c5c00.pdf,e51601245b1d0612cf06200fcafbb7604215c1ddf83f462009b5e4dc1d2095c4
2022-09,2022-09-22,Dhaka,99,99.0,False,poppler_pdftotext_layout_table_6,https://objectstorage.ap-dcc-gazipur-1.oraclecloud15.com/n/axvjbnqprylg/b/V2Ministry/o/office-doe/2024/12/10555296f48e4d83b63352ef126c5c00.pdf,e51601245b1d0612cf06200fcafbb7604215c1ddf83f462009b5e4dc1d2095c4
2022-09,2022-09-23,Dhaka,142,142.0,False,poppler_pdftotext_layout_table_6,https://objectstorage.ap-dcc-gazipur-1.oraclecloud15.com/n/axvjbnqprylg/b/V2Ministry/o/office-doe/2024/12/10555296f48e4d83b63352ef126c5c00.pdf,e51601245b1d0612cf06200fcafbb7604215c1ddf83f462009b5e4dc1d2095c4
2022-09,2022-09-24,Dhaka,156,156.0,False,poppler_pdftotext_layout_table_6,https://objectstorage.ap-dcc-gazipur-1.oraclecloud15.com/n/axvjbnqprylg/b/V2Ministry/o/office-doe/2024/12/10555296f48e4d83b63352ef126c5c00.pdf,e51601245b1d0612cf06200fcafbb7604215c1ddf83f462009b5e4dc1d2095c4
2022-09,2022-09-25,Dhaka,167,167.0,False,poppler_pdftotext_layout_table_6,https://objectstorage.ap-dcc-gazipur-1.oraclecloud15.com/n/axvjbnqprylg/b/V2Ministry/o/office-doe/2024/12/10555296f48e4d83b63352ef126c5c00.pdf,e51601245b1d0612cf06200fcafbb7604215c1ddf83f462009b5e4dc1d2095c4
2022-09,2022-09-26,Dhaka,208,208.0,False,poppler_pdftotext_layout_table_6,https://objectstorage.ap-dcc-gazipur-1.oraclecloud15.com/n/axvjbnqprylg/b/V2Ministry/o/office-doe/2024/12/10555296f48e4d83b63352ef126c5c00.pdf,e51601245b1d0612cf06200fcafbb7604215c1ddf83f462009b5e4dc1d2095c4
2022-09,2022-09-27,Dhaka,185,185.0,False,poppler_pdftotext_layout_table_6,https://objectstorage.ap-dcc-gazipur-1.oraclecloud15.com/n/axvjbnqprylg/b/V2Ministry/o/office-doe/2024/12/10555296f48e4d83b63352ef126c5c00.pdf,e51601245b1d0612cf06200fcafbb7604215c1ddf83f462009b5e4dc1d2095c4
2022-09,2022-09-28,Dhaka,291,291.0,False,poppler_pdftotext_layout_table_6,https://objectstorage.ap-dcc-gazipur-1.oraclecloud15.com/n/axvjbnqprylg/b/V2Ministry/o/office-doe/2024/12/10555296f48e4d83b63352ef126c5c00.pdf,e51601245b1d0612cf06200fcafbb7604215c1ddf83f462009b5e4dc1d2095c4
2022-09,2022-09-29,Dhaka,249,249.0,False,poppler_pdftotext_layout_table_6,https://objectstorage.ap-dcc-gazipur-1.oraclecloud15.com/n/axvjbnqprylg/b/V2Ministry/o/office-doe/2024/12/10555296f48e4d83b63352ef126c5c00.pdf,e51601245b1d0612cf06200fcafbb7604215c1ddf83f462009b5e4dc1d2095c4
2022-09,2022-09-30,Dhaka,169,169.0,False,poppler_pdftotext_layout_table_6,https://objectstorage.ap-dcc-gazipur-1.oraclecloud15.com/n/axvjbnqprylg/b/V2Ministry/o/office-doe/2024/12/10555296f48e4d83b63352ef126c5c00.pdf,e51601245b1d0612cf06200fcafbb7604215c1ddf83f462009b5e4dc1d2095c4
2022-10,2022-10-01,Dhaka,203,203.0,False,poppler_pdftotext_layout_table_6,https://objectstorage.ap-dcc-gazipur-1.oraclecloud15.com/n/axvjbnqprylg/b/V2Ministry/o/office-doe/2024/12/487151a4146241c1a04cbed705a237e6.pdf,0a9e19f7a9204aa9174bff1fa38d0cbc0d512080ca1428e845b54889b90bf60a
2022-10,2022-10-02,Dhaka,146,146.0,False,poppler_pdftotext_layout_table_6,https://objectstorage.ap-dcc-gazipur-1.oraclecloud15.com/n/axvjbnqprylg/b/V2Ministry/o/office-doe/2024/12/487151a4146241c1a04cbed705a237e6.pdf,0a9e19f7a9204aa9174bff1fa38d0cbc0d512080ca1428e845b54889b90bf60a
2022-10,2022-10-03,Dhaka,101,101.0,False,poppler_pdftotext_layout_table_6,https://objectstorage.ap-dcc-gazipur-1.oraclecloud15.com/n/axvjbnqprylg/b/V2Ministry/o/office-doe/2024/12/487151a4146241c1a04cbed705a237e6.pdf,0a9e19f7a9204aa9174bff1fa38d0cbc0d512080ca1428e845b54889b90bf60a
2022-10,2022-10-04,Dhaka,116,116.0,False,poppler_pdftotext_layout_table_6,https://objectstorage.ap-dcc-gazipur-1.oraclecloud15.com/n/axvjbnqprylg/b/V2Ministry/o/office-doe/2024/12/487151a4146241c1a04cbed705a237e6.pdf,0a9e19f7a9204aa9174bff1fa38d0cbc0d512080ca1428e845b54889b90bf60a
2022-10,2022-10-05,Dhaka,321,321.0,False,poppler_pdftotext_layout_table_6,https://objectstorage.ap-dcc-gazipur-1.oraclecloud15.com/n/axvjbnqprylg/b/V2Ministry/o/office-doe/2024/12/487151a4146241c1a04cbed705a237e6.pdf,0a9e19f7a9204aa9174bff1fa38d0cbc0d512080ca1428e845b54889b90bf60a
2022-10,2022-10-06,Dhaka,121,121.0,False,poppler_pdftotext_layout_table_6,https://objectstorage.ap-dcc-gazipur-1.oraclecloud15.com/n/axvjbnqprylg/b/V2Ministry/o/office-doe/2024/12/487151a4146241c1a04cbed705a237e6.pdf,0a9e19f7a9204aa9174bff1fa38d0cbc0d512080ca1428e845b54889b90bf60a
2022-10,2022-10-07,Dhaka,136,136.0,False,poppler_pdftotext_layout_table_6,https://objectstorage.ap-dcc-gazipur-1.oraclecloud15.com/n/axvjbnqprylg/b/V2Ministry/o/office-doe/2024/12/487151a4146241c1a04cbed705a237e6.pdf,0a9e19f7a9204aa9174bff1fa38d0cbc0d512080ca1428e845b54889b90bf60a
2022-10,2022-10-08,Dhaka,159,159.0,False,poppler_pdftotext_layout_table_6,https://objectstorage.ap-dcc-gazipur-1.oraclecloud15.com/n/axvjbnqprylg/b/V2Ministry/o/office-doe/2024/12/487151a4146241c1a04cbed705a237e6.pdf,0a9e19f7a9204aa9174bff1fa38d0cbc0d512080ca1428e845b54889b90bf60a
2022-10,2022-10-09,Dhaka,139,139.0,False,poppler_pdftotext_layout_table_6,https://objectstorage.ap-dcc-gazipur-1.oraclecloud15.com/n/axvjbnqprylg/b/V2Ministry/o/office-doe/2024/12/487151a4146241c1a04cbed705a237e6.pdf,0a9e19f7a9204aa9174bff1fa38d0cbc0d512080ca1428e845b54889b90bf60a
2022-10,2022-10-10,Dhaka,89,89.0,False,poppler_pdftotext_layout_table_6,https://objectstorage.ap-dcc-gazipur-1.oraclecloud15.com/n/axvjbnqprylg/b/V2Ministry/o/office-doe/2024/12/487151a4146241c1a04cbed705a237e6.pdf,0a9e19f7a9204aa9174bff1fa38d0cbc0d512080ca1428e845b54889b90bf60a
2022-10,2022-10-11,Dhaka,96,96.0,False,poppler_pdftotext_layout_table_6,https://objectstorage.ap-dcc-gazipur-1.oraclecloud15.com/n/axvjbnqprylg/b/V2Ministry/o/office-doe/2024/12/487151a4146241c1a04cbed705a237e6.pdf,0a9e19f7a9204aa9174bff1fa38d0cbc0d512080ca1428e845b54889b90bf60a
2022-10,2022-10-12,Dhaka,75,75.0,False,poppler_pdftotext_layout_table_6,https://objectstorage.ap-dcc-gazipur-1.oraclecloud15.com/n/axvjbnqprylg/b/V2Ministry/o/office-doe/2024/12/487151a4146241c1a04cbed705a237e6.pdf,0a9e19f7a9204aa9174bff1fa38d0cbc0d512080ca1428e845b54889b90bf60a
2022-10,2022-10-13,Dhaka,93,93.0,False,poppler_pdftotext_layout_table_6,https://objectstorage.ap-dcc-gazipur-1.oraclecloud15.com/n/axvjbnqprylg/b/V2Ministry/o/office-doe/2024/12/487151a4146241c1a04cbed705a237e6.pdf,0a9e19f7a9204aa9174bff1fa38d0cbc0d512080ca1428e845b54889b90bf60a
2022-10,2022-10-14,Dhaka,153,153.0,False,poppler_pdftotext_layout_table_6,https://objectstorage.ap-dcc-gazipur-1.oraclecloud15.com/n/axvjbnqprylg/b/V2Ministry/o/office-doe/2024/12/487151a4146241c1a04cbed705a237e6.pdf,0a9e19f7a9204aa9174bff1fa38d0cbc0d512080ca1428e845b54889b90bf60a
2022-10,2022-10-15,Dhaka,144,144.0,False,poppler_pdftotext_layout_table_6,https://objectstorage.ap-dcc-gazipur-1.oraclecloud15.com/n/axvjbnqprylg/b/V2Ministry/o/office-doe/2024/12/487151a4146241c1a04cbed705a237e6.pdf,0a9e19f7a9204aa9174bff1fa38d0cbc0d512080ca1428e845b54889b90bf60a
2022-10,2022-10-16,Dhaka,75,75.0,False,poppler_pdftotext_layout_table_6,https://objectstorage.ap-dcc-gazipur-1.oraclecloud15.com/n/axvjbnqprylg/b/V2Ministry/o/office-doe/2024/12/487151a4146241c1a04cbed705a237e6.pdf,0a9e19f7a9204aa9174bff1fa38d0cbc0d512080ca1428e845b54889b90bf60a
2022-10,2022-10-17,Dhaka,190,190.0,False,poppler_pdftotext_layout_table_6,https://objectstorage.ap-dcc-gazipur-1.oraclecloud15.com/n/axvjbnqprylg/b/V2Ministry/o/office-doe/2024/12/487151a4146241c1a04cbed705a237e6.pdf,0a9e19f7a9204aa9174bff1fa38d0cbc0d512080ca1428e845b54889b90bf60a
2022-10,2022-10-18,Dhaka,183,183.0,False,poppler_pdftotext_layout_table_6,https://objectstorage.ap-dcc-gazipur-1.oraclecloud15.com/n/axvjbnqprylg/b/V2Ministry/o/office-doe/2024/12/487151a4146241c1a04cbed705a237e6.pdf,0a9e19f7a9204aa9174bff1fa38d0cbc0d512080ca1428e845b54889b90bf60a
2022-10,2022-10-19,Dhaka,170,170.0,False,poppler_pdftotext_layout_table_6,https://objectstorage.ap-dcc-gazipur-1.oraclecloud15.com/n/axvjbnqprylg/b/V2Ministry/o/office-doe/2024/12/487151a4146241c1a04cbed705a237e6.pdf,0a9e19f7a9204aa9174bff1fa38d0cbc0d512080ca1428e845b54889b90bf60a
2022-10,2022-10-20,Dhaka,154,154.0,False,poppler_pdftotext_layout_table_6,https://objectstorage.ap-dcc-gazipur-1.oraclecloud15.com/n/axvjbnqprylg/b/V2Ministry/o/office-doe/2024/12/487151a4146241c1a04cbed705a237e6.pdf,0a9e19f7a9204aa9174bff1fa38d0cbc0d512080ca1428e845b54889b90bf60a
2022-10,2022-10-21,Dhaka,142,142.0,False,poppler_pdftotext_layout_table_6,https://objectstorage.ap-dcc-gazipur-1.oraclecloud15.com/n/axvjbnqprylg/b/V2Ministry/o/office-doe/2024/12/487151a4146241c1a04cbed705a237e6.pdf,0a9e19f7a9204aa9174bff1fa38d0cbc0d512080ca1428e845b54889b90bf60a
2022-10,2022-10-22,Dhaka,137,137.0,False,poppler_pdftotext_layout_table_6,https://objectstorage.ap-dcc-gazipur-1.oraclecloud15.com/n/axvjbnqprylg/b/V2Ministry/o/office-doe/2024/12/487151a4146241c1a04cbed705a237e6.pdf,0a9e19f7a9204aa9174bff1fa38d0cbc0d512080ca1428e845b54889b90bf60a
2022-10,2022-10-23,Dhaka,197,197.0,False,poppler_pdftotext_layout_table_6,https://objectstorage.ap-dcc-gazipur-1.oraclecloud15.com/n/axvjbnqprylg/b/V2Ministry/o/office-doe/2024/12/487151a4146241c1a04cbed705a237e6.pdf,0a9e19f7a9204aa9174bff1fa38d0cbc0d512080ca1428e845b54889b90bf60a
2022-10,2022-10-24,Dhaka,53,53.0,False,poppler_pdftotext_layout_table_6,https://objectstorage.ap-dcc-gazipur-1.oraclecloud15.com/n/axvjbnqprylg/b/V2Ministry/o/office-doe/2024/12/487151a4146241c1a04cbed705a237e6.pdf,0a9e19f7a9204aa9174bff1fa38d0cbc0d512080ca1428e845b54889b90bf60a
2022-10,2022-10-25,Dhaka,75,75.0,False,poppler_pdftotext_layout_table_6,https://objectstorage.ap-dcc-gazipur-1.oraclecloud15.com/n/axvjbnqprylg/b/V2Ministry/o/office-doe/2024/12/487151a4146241c1a04cbed705a237e6.pdf,0a9e19f7a9204aa9174bff1fa38d0cbc0d512080ca1428e845b54889b90bf60a
2022-10,2022-10-26,Dhaka,161,161.0,False,poppler_pdftotext_layout_table_6,https://objectstorage.ap-dcc-gazipur-1.oraclecloud15.com/n/axvjbnqprylg/b/V2Ministry/o/office-doe/2024/12/487151a4146241c1a04cbed705a237e6.pdf,0a9e19f7a9204aa9174bff1fa38d0cbc0d512080ca1428e845b54889b90bf60a
2022-10,2022-10-27,Dhaka,217,217.0,False,poppler_pdftotext_layout_table_6,https://objectstorage.ap-dcc-gazipur-1.oraclecloud15.com/n/axvjbnqprylg/b/V2Ministry/o/office-doe/2024/12/487151a4146241c1a04cbed705a237e6.pdf,0a9e19f7a9204aa9174bff1fa38d0cbc0d512080ca1428e845b54889b90bf60a
2022-10,2022-10-28,Dhaka,179,179.0,False,poppler_pdftotext_layout_table_6,https://objectstorage.ap-dcc-gazipur-1.oraclecloud15.com/n/axvjbnqprylg/b/V2Ministry/o/office-doe/2024/12/487151a4146241c1a04cbed705a237e6.pdf,0a9e19f7a9204aa9174bff1fa38d0cbc0d512080ca1428e845b54889b90bf60a
2022-10,2022-10-29,Dhaka,230,230.0,False,poppler_pdftotext_layout_table_6,https://objectstorage.ap-dcc-gazipur-1.oraclecloud15.com/n/axvjbnqprylg/b/V2Ministry/o/office-doe/2024/12/487151a4146241c1a04cbed705a237e6.pdf,0a9e19f7a9204aa9174bff1fa38d0cbc0d512080ca1428e845b54889b90bf60a
2022-10,2022-10-30,Dhaka,262,262.0,False,poppler_pdftotext_layout_table_6,https://objectstorage.ap-dcc-gazipur-1.oraclecloud15.com/n/axvjbnqprylg/b/V2Ministry/o/office-doe/2024/12/487151a4146241c1a04cbed705a237e6.pdf,0a9e19f7a9204aa9174bff1fa38d0cbc0d512080ca1428e845b54889b90bf60a
2022-10,2022-10-31,Dhaka,198,198.0,False,poppler_pdftotext_layout_table_6,https://objectstorage.ap-dcc-gazipur-1.oraclecloud15.com/n/axvjbnqprylg/b/V2Ministry/o/office-doe/2024/12/487151a4146241c1a04cbed705a237e6.pdf,0a9e19f7a9204aa9174bff1fa38d0cbc0d512080ca1428e845b54889b90bf60a
2022-11,2022-11-01,Dhaka,191,191.0,False,poppler_pdftotext_layout_table_6,https://objectstorage.ap-dcc-gazipur-1.oraclecloud15.com/n/axvjbnqprylg/b/V2Ministry/o/office-doe/2024/12/d4492eba183942219dcac55be3faddbf.pdf,4630c43f48c85719873750a7d614901e0ae040f05ca04ef65a60f0b839d6ff1b
2022-11,2022-11-02,Dhaka,175,175.0,False,poppler_pdftotext_layout_table_6,https://objectstorage.ap-dcc-gazipur-1.oraclecloud15.com/n/axvjbnqprylg/b/V2Ministry/o/office-doe/2024/12/d4492eba183942219dcac55be3faddbf.pdf,4630c43f48c85719873750a7d614901e0ae040f05ca04ef65a60f0b839d6ff1b
2022-11,2022-11-03,Dhaka,181,181.0,False,poppler_pdftotext_layout_table_6,https://objectstorage.ap-dcc-gazipur-1.oraclecloud15.com/n/axvjbnqprylg/b/V2Ministry/o/office-doe/2024/12/d4492eba183942219dcac55be3faddbf.pdf,4630c43f48c85719873750a7d614901e0ae040f05ca04ef65a60f0b839d6ff1b
2022-11,2022-11-04,Dhaka,241,241.0,False,poppler_pdftotext_layout_table_6,https://objectstorage.ap-dcc-gazipur-1.oraclecloud15.com/n/axvjbnqprylg/b/V2Ministry/o/office-doe/2024/12/d4492eba183942219dcac55be3faddbf.pdf,4630c43f48c85719873750a7d614901e0ae040f05ca04ef65a60f0b839d6ff1b
2022-11,2022-11-05,Dhaka,321,321.0,False,poppler_pdftotext_layout_table_6,https://objectstorage.ap-dcc-gazipur-1.oraclecloud15.com/n/axvjbnqprylg/b/V2Ministry/o/office-doe/2024/12/d4492eba183942219dcac55be3faddbf.pdf,4630c43f48c85719873750a7d614901e0ae040f05ca04ef65a60f0b839d6ff1b
2022-11,2022-11-06,Dhaka,341,341.0,False,poppler_pdftotext_layout_table_6,https://objectstorage.ap-dcc-gazipur-1.oraclecloud15.com/n/axvjbnqprylg/b/V2Ministry/o/office-doe/2024/12/d4492eba183942219dcac55be3faddbf.pdf,4630c43f48c85719873750a7d614901e0ae040f05ca04ef65a60f0b839d6ff1b
2022-11,2022-11-07,Dhaka,209,209.0,False,poppler_pdftotext_layout_table_6,https://objectstorage.ap-dcc-gazipur-1.oraclecloud15.com/n/axvjbnqprylg/b/V2Ministry/o/office-doe/2024/12/d4492eba183942219dcac55be3faddbf.pdf,4630c43f48c85719873750a7d614901e0ae040f05ca04ef65a60f0b839d6ff1b
2022-11,2022-11-08,Dhaka,209,209.0,False,poppler_pdftotext_layout_table_6,https://objectstorage.ap-dcc-gazipur-1.oraclecloud15.com/n/axvjbnqprylg/b/V2Ministry/o/office-doe/2024/12/d4492eba183942219dcac55be3faddbf.pdf,4630c43f48c85719873750a7d614901e0ae040f05ca04ef65a60f0b839d6ff1b
2022-11,2022-11-09,Dhaka,184,184.0,False,poppler_pdftotext_layout_table_6,https://objectstorage.ap-dcc-gazipur-1.oraclecloud15.com/n/axvjbnqprylg/b/V2Ministry/o/office-doe/2024/12/d4492eba183942219dcac55be3faddbf.pdf,4630c43f48c85719873750a7d614901e0ae040f05ca04ef65a60f0b839d6ff1b
2022-11,2022-11-10,Dhaka,154,154.0,False,poppler_pdftotext_layout_table_6,https://objectstorage.ap-dcc-gazipur-1.oraclecloud15.com/n/axvjbnqprylg/b/V2Ministry/o/office-doe/2024/12/d4492eba183942219dcac55be3faddbf.pdf,4630c43f48c85719873750a7d614901e0ae040f05ca04ef65a60f0b839d6ff1b
2022-11,2022-11-11,Dhaka,164,164.0,False,poppler_pdftotext_layout_table_6,https://objectstorage.ap-dcc-gazipur-1.oraclecloud15.com/n/axvjbnqprylg/b/V2Ministry/o/office-doe/2024/12/d4492eba183942219dcac55be3faddbf.pdf,4630c43f48c85719873750a7d614901e0ae040f05ca04ef65a60f0b839d6ff1b
2022-11,2022-11-12,Dhaka,188,188.0,False,poppler_pdftotext_layout_table_6,https://objectstorage.ap-dcc-gazipur-1.oraclecloud15.com/n/axvjbnqprylg/b/V2Ministry/o/office-doe/2024/12/d4492eba183942219dcac55be3faddbf.pdf,4630c43f48c85719873750a7d614901e0ae040f05ca04ef65a60f0b839d6ff1b
2022-11,2022-11-13,Dhaka,348,348.0,False,poppler_pdftotext_layout_table_6,https://objectstorage.ap-dcc-gazipur-1.oraclecloud15.com/n/axvjbnqprylg/b/V2Ministry/o/office-doe/2024/12/d4492eba183942219dcac55be3faddbf.pdf,4630c43f48c85719873750a7d614901e0ae040f05ca04ef65a60f0b839d6ff1b
2022-11,2022-11-14,Dhaka,334,334.0,False,poppler_pdftotext_layout_table_6,https://objectstorage.ap-dcc-gazipur-1.oraclecloud15.com/n/axvjbnqprylg/b/V2Ministry/o/office-doe/2024/12/d4492eba183942219dcac55be3faddbf.pdf,4630c43f48c85719873750a7d614901e0ae040f05ca04ef65a60f0b839d6ff1b
2022-11,2022-11-15,Dhaka,251,251.0,False,poppler_pdftotext_layout_table_6,https://objectstorage.ap-dcc-gazipur-1.oraclecloud15.com/n/axvjbnqprylg/b/V2Ministry/o/office-doe/2024/12/d4492eba183942219dcac55be3faddbf.pdf,4630c43f48c85719873750a7d614901e0ae040f05ca04ef65a60f0b839d6ff1b
2022-11,2022-11-16,Dhaka,195,195.0,False,poppler_pdftotext_layout_table_6,https://objectstorage.ap-dcc-gazipur-1.oraclecloud15.com/n/axvjbnqprylg/b/V2Ministry/o/office-doe/2024/12/d4492eba183942219dcac55be3faddbf.pdf,4630c43f48c85719873750a7d614901e0ae040f05ca04ef65a60f0b839d6ff1b
2022-11,2022-11-17,Dhaka,202,202.0,False,poppler_pdftotext_layout_table_6,https://objectstorage.ap-dcc-gazipur-1.oraclecloud15.com/n/axvjbnqprylg/b/V2Ministry/o/office-doe/2024/12/d4492eba183942219dcac55be3faddbf.pdf,4630c43f48c85719873750a7d614901e0ae040f05ca04ef65a60f0b839d6ff1b
2022-11,2022-11-18,Dhaka,267,267.0,False,poppler_pdftotext_layout_table_6,https://objectstorage.ap-dcc-gazipur-1.oraclecloud15.com/n/axvjbnqprylg/b/V2Ministry/o/office-doe/2024/12/d4492eba183942219dcac55be3faddbf.pdf,4630c43f48c85719873750a7d614901e0ae040f05ca04ef65a60f0b839d6ff1b
2022-11,2022-11-19,Dhaka,211,211.0,False,poppler_pdftotext_layout_table_6,https://objectstorage.ap-dcc-gazipur-1.oraclecloud15.com/n/axvjbnqprylg/b/V2Ministry/o/office-doe/2024/12/d4492eba183942219dcac55be3faddbf.pdf,4630c43f48c85719873750a7d614901e0ae040f05ca04ef65a60f0b839d6ff1b
2022-11,2022-11-20,Dhaka,254,254.0,False,poppler_pdftotext_layout_table_6,https://objectstorage.ap-dcc-gazipur-1.oraclecloud15.com/n/axvjbnqprylg/b/V2Ministry/o/office-doe/2024/12/d4492eba183942219dcac55be3faddbf.pdf,4630c43f48c85719873750a7d614901e0ae040f05ca04ef65a60f0b839d6ff1b
2022-11,2022-11-21,Dhaka,198,198.0,False,poppler_pdftotext_layout_table_6,https://objectstorage.ap-dcc-gazipur-1.oraclecloud15.com/n/axvjbnqprylg/b/V2Ministry/o/office-doe/2024/12/d4492eba183942219dcac55be3faddbf.pdf,4630c43f48c85719873750a7d614901e0ae040f05ca04ef65a60f0b839d6ff1b
2022-11,2022-11-22,Dhaka,318,318.0,False,poppler_pdftotext_layout_table_6,https://objectstorage.ap-dcc-gazipur-1.oraclecloud15.com/n/axvjbnqprylg/b/V2Ministry/o/office-doe/2024/12/d4492eba183942219dcac55be3faddbf.pdf,4630c43f48c85719873750a7d614901e0ae040f05ca04ef65a60f0b839d6ff1b
2022-11,2022-11-23,Dhaka,310,310.0,False,poppler_pdftotext_layout_table_6,https://objectstorage.ap-dcc-gazipur-1.oraclecloud15.com/n/axvjbnqprylg/b/V2Ministry/o/office-doe/2024/12/d4492eba183942219dcac55be3faddbf.pdf,4630c43f48c85719873750a7d614901e0ae040f05ca04ef65a60f0b839d6ff1b
2022-11,2022-11-24,Dhaka,310,310.0,False,poppler_pdftotext_layout_table_6,https://objectstorage.ap-dcc-gazipur-1.oraclecloud15.com/n/axvjbnqprylg/b/V2Ministry/o/office-doe/2024/12/d4492eba183942219dcac55be3faddbf.pdf,4630c43f48c85719873750a7d614901e0ae040f05ca04ef65a60f0b839d6ff1b
2022-11,2022-11-25,Dhaka,208,208.0,False,poppler_pdftotext_layout_table_6,https://objectstorage.ap-dcc-gazipur-1.oraclecloud15.com/n/axvjbnqprylg/b/V2Ministry/o/office-doe/2024/12/d4492eba183942219dcac55be3faddbf.pdf,4630c43f48c85719873750a7d614901e0ae040f05ca04ef65a60f0b839d6ff1b
2022-11,2022-11-26,Dhaka,292,292.0,False,poppler_pdftotext_layout_table_6,https://objectstorage.ap-dcc-gazipur-1.oraclecloud15.com/n/axvjbnqprylg/b/V2Ministry/o/office-doe/2024/12/d4492eba183942219dcac55be3faddbf.pdf,4630c43f48c85719873750a7d614901e0ae040f05ca04ef65a60f0b839d6ff1b
2022-11,2022-11-27,Dhaka,177,177.0,False,poppler_pdftotext_layout_table_6,https://objectstorage.ap-dcc-gazipur-1.oraclecloud15.com/n/axvjbnqprylg/b/V2Ministry/o/office-doe/2024/12/d4492eba183942219dcac55be3faddbf.pdf,4630c43f48c85719873750a7d614901e0ae040f05ca04ef65a60f0b839d6ff1b
2022-11,2022-11-28,Dhaka,189,189.0,False,poppler_pdftotext_layout_table_6,https://objectstorage.ap-dcc-gazipur-1.oraclecloud15.com/n/axvjbnqprylg/b/V2Ministry/o/office-doe/2024/12/d4492eba183942219dcac55be3faddbf.pdf,4630c43f48c85719873750a7d614901e0ae040f05ca04ef65a60f0b839d6ff1b
2022-11,2022-11-29,Dhaka,259,259.0,False,poppler_pdftotext_layout_table_6,https://objectstorage.ap-dcc-gazipur-1.oraclecloud15.com/n/axvjbnqprylg/b/V2Ministry/o/office-doe/2024/12/d4492eba183942219dcac55be3faddbf.pdf,4630c43f48c85719873750a7d614901e0ae040f05ca04ef65a60f0b839d6ff1b
2022-11,2022-11-30,Dhaka,282,282.0,False,poppler_pdftotext_layout_table_6,https://objectstorage.ap-dcc-gazipur-1.oraclecloud15.com/n/axvjbnqprylg/b/V2Ministry/o/office-doe/2024/12/d4492eba183942219dcac55be3faddbf.pdf,4630c43f48c85719873750a7d614901e0ae040f05ca04ef65a60f0b839d6ff1b
2022-12,2022-12-01,Dhaka,216,216.0,False,poppler_pdftotext_layout_table_6,https://objectstorage.ap-dcc-gazipur-1.oraclecloud15.com/n/axvjbnqprylg/b/V2Ministry/o/office-doe/2024/12/bcdc315ca91a4e0db678fd179bcd1a17.pdf,4f7640f0819d1f22d45894eefbffc3aaedb195f9d7d9205b5a6486a8ffc026b6
2022-12,2022-12-02,Dhaka,236,236.0,False,poppler_pdftotext_layout_table_6,https://objectstorage.ap-dcc-gazipur-1.oraclecloud15.com/n/axvjbnqprylg/b/V2Ministry/o/office-doe/2024/12/bcdc315ca91a4e0db678fd179bcd1a17.pdf,4f7640f0819d1f22d45894eefbffc3aaedb195f9d7d9205b5a6486a8ffc026b6
2022-12,2022-12-03,Dhaka,234,234.0,False,poppler_pdftotext_layout_table_6,https://objectstorage.ap-dcc-gazipur-1.oraclecloud15.com/n/axvjbnqprylg/b/V2Ministry/o/office-doe/2024/12/bcdc315ca91a4e0db678fd179bcd1a17.pdf,4f7640f0819d1f22d45894eefbffc3aaedb195f9d7d9205b5a6486a8ffc026b6
2022-12,2022-12-04,Dhaka,306,306.0,False,poppler_pdftotext_layout_table_6,https://objectstorage.ap-dcc-gazipur-1.oraclecloud15.com/n/axvjbnqprylg/b/V2Ministry/o/office-doe/2024/12/bcdc315ca91a4e0db678fd179bcd1a17.pdf,4f7640f0819d1f22d45894eefbffc3aaedb195f9d7d9205b5a6486a8ffc026b6
2022-12,2022-12-05,Dhaka,275,275.0,False,poppler_pdftotext_layout_table_6,https://objectstorage.ap-dcc-gazipur-1.oraclecloud15.com/n/axvjbnqprylg/b/V2Ministry/o/office-doe/2024/12/bcdc315ca91a4e0db678fd179bcd1a17.pdf,4f7640f0819d1f22d45894eefbffc3aaedb195f9d7d9205b5a6486a8ffc026b6
2022-12,2022-12-06,Dhaka,282,282.0,False,poppler_pdftotext_layout_table_6,https://objectstorage.ap-dcc-gazipur-1.oraclecloud15.com/n/axvjbnqprylg/b/V2Ministry/o/office-doe/2024/12/bcdc315ca91a4e0db678fd179bcd1a17.pdf,4f7640f0819d1f22d45894eefbffc3aaedb195f9d7d9205b5a6486a8ffc026b6
2022-12,2022-12-07,Dhaka,253,253.0,False,poppler_pdftotext_layout_table_6,https://objectstorage.ap-dcc-gazipur-1.oraclecloud15.com/n/axvjbnqprylg/b/V2Ministry/o/office-doe/2024/12/bcdc315ca91a4e0db678fd179bcd1a17.pdf,4f7640f0819d1f22d45894eefbffc3aaedb195f9d7d9205b5a6486a8ffc026b6
2022-12,2022-12-08,Dhaka,289,289.0,False,poppler_pdftotext_layout_table_6,https://objectstorage.ap-dcc-gazipur-1.oraclecloud15.com/n/axvjbnqprylg/b/V2Ministry/o/office-doe/2024/12/bcdc315ca91a4e0db678fd179bcd1a17.pdf,4f7640f0819d1f22d45894eefbffc3aaedb195f9d7d9205b5a6486a8ffc026b6
2022-12,2022-12-09,Dhaka,268,268.0,False,poppler_pdftotext_layout_table_6,https://objectstorage.ap-dcc-gazipur-1.oraclecloud15.com/n/axvjbnqprylg/b/V2Ministry/o/office-doe/2024/12/bcdc315ca91a4e0db678fd179bcd1a17.pdf,4f7640f0819d1f22d45894eefbffc3aaedb195f9d7d9205b5a6486a8ffc026b6
2022-12,2022-12-10,Dhaka,258,258.0,False,poppler_pdftotext_layout_table_6,https://objectstorage.ap-dcc-gazipur-1.oraclecloud15.com/n/axvjbnqprylg/b/V2Ministry/o/office-doe/2024/12/bcdc315ca91a4e0db678fd179bcd1a17.pdf,4f7640f0819d1f22d45894eefbffc3aaedb195f9d7d9205b5a6486a8ffc026b6
2022-12,2022-12-11,Dhaka,268,268.0,False,poppler_pdftotext_layout_table_6,https://objectstorage.ap-dcc-gazipur-1.oraclecloud15.com/n/axvjbnqprylg/b/V2Ministry/o/office-doe/2024/12/bcdc315ca91a4e0db678fd179bcd1a17.pdf,4f7640f0819d1f22d45894eefbffc3aaedb195f9d7d9205b5a6486a8ffc026b6
2022-12,2022-12-12,Dhaka,312,312.0,False,poppler_pdftotext_layout_table_6,https://objectstorage.ap-dcc-gazipur-1.oraclecloud15.com/n/axvjbnqprylg/b/V2Ministry/o/office-doe/2024/12/bcdc315ca91a4e0db678fd179bcd1a17.pdf,4f7640f0819d1f22d45894eefbffc3aaedb195f9d7d9205b5a6486a8ffc026b6
2022-12,2022-12-13,Dhaka,386,386.0,False,poppler_pdftotext_layout_table_6,https://objectstorage.ap-dcc-gazipur-1.oraclecloud15.com/n/axvjbnqprylg/b/V2Ministry/o/office-doe/2024/12/bcdc315ca91a4e0db678fd179bcd1a17.pdf,4f7640f0819d1f22d45894eefbffc3aaedb195f9d7d9205b5a6486a8ffc026b6
2022-12,2022-12-14,Dhaka,469,469.0,False,poppler_pdftotext_layout_table_6,https://objectstorage.ap-dcc-gazipur-1.oraclecloud15.com/n/axvjbnqprylg/b/V2Ministry/o/office-doe/2024/12/bcdc315ca91a4e0db678fd179bcd1a17.pdf,4f7640f0819d1f22d45894eefbffc3aaedb195f9d7d9205b5a6486a8ffc026b6
2022-12,2022-12-15,Dhaka,424,424.0,False,poppler_pdftotext_layout_table_6,https://objectstorage.ap-dcc-gazipur-1.oraclecloud15.com/n/axvjbnqprylg/b/V2Ministry/o/office-doe/2024/12/bcdc315ca91a4e0db678fd179bcd1a17.pdf,4f7640f0819d1f22d45894eefbffc3aaedb195f9d7d9205b5a6486a8ffc026b6
2022-12,2022-12-16,Dhaka,460,460.0,False,poppler_pdftotext_layout_table_6,https://objectstorage.ap-dcc-gazipur-1.oraclecloud15.com/n/axvjbnqprylg/b/V2Ministry/o/office-doe/2024/12/bcdc315ca91a4e0db678fd179bcd1a17.pdf,4f7640f0819d1f22d45894eefbffc3aaedb195f9d7d9205b5a6486a8ffc026b6
2022-12,2022-12-17,Dhaka,353,353.0,False,poppler_pdftotext_layout_table_6,https://objectstorage.ap-dcc-gazipur-1.oraclecloud15.com/n/axvjbnqprylg/b/V2Ministry/o/office-doe/2024/12/bcdc315ca91a4e0db678fd179bcd1a17.pdf,4f7640f0819d1f22d45894eefbffc3aaedb195f9d7d9205b5a6486a8ffc026b6
2022-12,2022-12-18,Dhaka,424,424.0,False,poppler_pdftotext_layout_table_6,https://objectstorage.ap-dcc-gazipur-1.oraclecloud15.com/n/axvjbnqprylg/b/V2Ministry/o/office-doe/2024/12/bcdc315ca91a4e0db678fd179bcd1a17.pdf,4f7640f0819d1f22d45894eefbffc3aaedb195f9d7d9205b5a6486a8ffc026b6
2022-12,2022-12-19,Dhaka,363,363.0,False,poppler_pdftotext_layout_table_6,https://objectstorage.ap-dcc-gazipur-1.oraclecloud15.com/n/axvjbnqprylg/b/V2Ministry/o/office-doe/2024/12/bcdc315ca91a4e0db678fd179bcd1a17.pdf,4f7640f0819d1f22d45894eefbffc3aaedb195f9d7d9205b5a6486a8ffc026b6
2022-12,2022-12-20,Dhaka,351,351.0,False,poppler_pdftotext_layout_table_6,https://objectstorage.ap-dcc-gazipur-1.oraclecloud15.com/n/axvjbnqprylg/b/V2Ministry/o/office-doe/2024/12/bcdc315ca91a4e0db678fd179bcd1a17.pdf,4f7640f0819d1f22d45894eefbffc3aaedb195f9d7d9205b5a6486a8ffc026b6
2022-12,2022-12-21,Dhaka,354,354.0,False,poppler_pdftotext_layout_table_6,https://objectstorage.ap-dcc-gazipur-1.oraclecloud15.com/n/axvjbnqprylg/b/V2Ministry/o/office-doe/2024/12/bcdc315ca91a4e0db678fd179bcd1a17.pdf,4f7640f0819d1f22d45894eefbffc3aaedb195f9d7d9205b5a6486a8ffc026b6
2022-12,2022-12-22,Dhaka,378,378.0,False,poppler_pdftotext_layout_table_6,https://objectstorage.ap-dcc-gazipur-1.oraclecloud15.com/n/axvjbnqprylg/b/V2Ministry/o/office-doe/2024/12/bcdc315ca91a4e0db678fd179bcd1a17.pdf,4f7640f0819d1f22d45894eefbffc3aaedb195f9d7d9205b5a6486a8ffc026b6
2022-12,2022-12-23,Dhaka,307,307.0,False,poppler_pdftotext_layout_table_6,https://objectstorage.ap-dcc-gazipur-1.oraclecloud15.com/n/axvjbnqprylg/b/V2Ministry/o/office-doe/2024/12/bcdc315ca91a4e0db678fd179bcd1a17.pdf,4f7640f0819d1f22d45894eefbffc3aaedb195f9d7d9205b5a6486a8ffc026b6
2022-12,2022-12-24,Dhaka,293,293.0,False,poppler_pdftotext_layout_table_6,https://objectstorage.ap-dcc-gazipur-1.oraclecloud15.com/n/axvjbnqprylg/b/V2Ministry/o/office-doe/2024/12/bcdc315ca91a4e0db678fd179bcd1a17.pdf,4f7640f0819d1f22d45894eefbffc3aaedb195f9d7d9205b5a6486a8ffc026b6
2022-12,2022-12-25,Dhaka,418,418.0,False,poppler_pdftotext_layout_table_6,https://objectstorage.ap-dcc-gazipur-1.oraclecloud15.com/n/axvjbnqprylg/b/V2Ministry/o/office-doe/2024/12/bcdc315ca91a4e0db678fd179bcd1a17.pdf,4f7640f0819d1f22d45894eefbffc3aaedb195f9d7d9205b5a6486a8ffc026b6
2022-12,2022-12-26,Dhaka,380,380.0,False,poppler_pdftotext_layout_table_6,https://objectstorage.ap-dcc-gazipur-1.oraclecloud15.com/n/axvjbnqprylg/b/V2Ministry/o/office-doe/2024/12/bcdc315ca91a4e0db678fd179bcd1a17.pdf,4f7640f0819d1f22d45894eefbffc3aaedb195f9d7d9205b5a6486a8ffc026b6
2022-12,2022-12-27,Dhaka,364,364.0,False,poppler_pdftotext_layout_table_6,https://objectstorage.ap-dcc-gazipur-1.oraclecloud15.com/n/axvjbnqprylg/b/V2Ministry/o/office-doe/2024/12/bcdc315ca91a4e0db678fd179bcd1a17.pdf,4f7640f0819d1f22d45894eefbffc3aaedb195f9d7d9205b5a6486a8ffc026b6
2022-12,2022-12-28,Dhaka,347,347.0,False,poppler_pdftotext_layout_table_6,https://objectstorage.ap-dcc-gazipur-1.oraclecloud15.com/n/axvjbnqprylg/b/V2Ministry/o/office-doe/2024/12/bcdc315ca91a4e0db678fd179bcd1a17.pdf,4f7640f0819d1f22d45894eefbffc3aaedb195f9d7d9205b5a6486a8ffc026b6
2022-12,2022-12-29,Dhaka,373,373.0,False,poppler_pdftotext_layout_table_6,https://objectstorage.ap-dcc-gazipur-1.oraclecloud15.com/n/axvjbnqprylg/b/V2Ministry/o/office-doe/2024/12/bcdc315ca91a4e0db678fd179bcd1a17.pdf,4f7640f0819d1f22d45894eefbffc3aaedb195f9d7d9205b5a6486a8ffc026b6
2022-12,2022-12-30,Dhaka,367,367.0,False,poppler_pdftotext_layout_table_6,https://objectstorage.ap-dcc-gazipur-1.oraclecloud15.com/n/axvjbnqprylg/b/V2Ministry/o/office-doe/2024/12/bcdc315ca91a4e0db678fd179bcd1a17.pdf,4f7640f0819d1f22d45894eefbffc3aaedb195f9d7d9205b5a6486a8ffc026b6
2022-12,2022-12-31,Dhaka,408,408.0,False,poppler_pdftotext_layout_table_6,https://objectstorage.ap-dcc-gazipur-1.oraclecloud15.com/n/axvjbnqprylg/b/V2Ministry/o/office-doe/2024/12/bcdc315ca91a4e0db678fd179bcd1a17.pdf,4f7640f0819d1f22d45894eefbffc3aaedb195f9d7d9205b5a6486a8ffc026b6
2023-01,2023-01-01,Dhaka,245,245.0,False,poppler_pdftotext_layout_table_6,https://objectstorage.ap-dcc-gazipur-1.oraclecloud15.com/n/axvjbnqprylg/b/V2Ministry/o/office-doe/2024/12/c05a1a257bf348eaa049caa40f44d888.pdf,1ace6eaeaeb0963575ea2485fa7657e4b25467d6c57b49ad0360ee7a9614eb4d
2023-01,2023-01-02,Dhaka,231,231.0,False,poppler_pdftotext_layout_table_6,https://objectstorage.ap-dcc-gazipur-1.oraclecloud15.com/n/axvjbnqprylg/b/V2Ministry/o/office-doe/2024/12/c05a1a257bf348eaa049caa40f44d888.pdf,1ace6eaeaeb0963575ea2485fa7657e4b25467d6c57b49ad0360ee7a9614eb4d
2023-01,2023-01-03,Dhaka,256,256.0,False,poppler_pdftotext_layout_table_6,https://objectstorage.ap-dcc-gazipur-1.oraclecloud15.com/n/axvjbnqprylg/b/V2Ministry/o/office-doe/2024/12/c05a1a257bf348eaa049caa40f44d888.pdf,1ace6eaeaeb0963575ea2485fa7657e4b25467d6c57b49ad0360ee7a9614eb4d
2023-01,2023-01-04,Dhaka,202,202.0,False,poppler_pdftotext_layout_table_6,https://objectstorage.ap-dcc-gazipur-1.oraclecloud15.com/n/axvjbnqprylg/b/V2Ministry/o/office-doe/2024/12/c05a1a257bf348eaa049caa40f44d888.pdf,1ace6eaeaeb0963575ea2485fa7657e4b25467d6c57b49ad0360ee7a9614eb4d
2023-01,2023-01-05,Dhaka,249,249.0,False,poppler_pdftotext_layout_table_6,https://objectstorage.ap-dcc-gazipur-1.oraclecloud15.com/n/axvjbnqprylg/b/V2Ministry/o/office-doe/2024/12/c05a1a257bf348eaa049caa40f44d888.pdf,1ace6eaeaeb0963575ea2485fa7657e4b25467d6c57b49ad0360ee7a9614eb4d
2023-01,2023-01-06,Dhaka,259,259.0,False,poppler_pdftotext_layout_table_6,https://objectstorage.ap-dcc-gazipur-1.oraclecloud15.com/n/axvjbnqprylg/b/V2Ministry/o/office-doe/2024/12/c05a1a257bf348eaa049caa40f44d888.pdf,1ace6eaeaeb0963575ea2485fa7657e4b25467d6c57b49ad0360ee7a9614eb4d
2023-01,2023-01-07,Dhaka,272,272.0,False,poppler_pdftotext_layout_table_6,https://objectstorage.ap-dcc-gazipur-1.oraclecloud15.com/n/axvjbnqprylg/b/V2Ministry/o/office-doe/2024/12/c05a1a257bf348eaa049caa40f44d888.pdf,1ace6eaeaeb0963575ea2485fa7657e4b25467d6c57b49ad0360ee7a9614eb4d
2023-01,2023-01-08,Dhaka,302,302.0,False,poppler_pdftotext_layout_table_6,https://objectstorage.ap-dcc-gazipur-1.oraclecloud15.com/n/axvjbnqprylg/b/V2Ministry/o/office-doe/2024/12/c05a1a257bf348eaa049caa40f44d888.pdf,1ace6eaeaeb0963575ea2485fa7657e4b25467d6c57b49ad0360ee7a9614eb4d
2023-01,2023-01-09,Dhaka,272,272.0,False,poppler_pdftotext_layout_table_6,https://objectstorage.ap-dcc-gazipur-1.oraclecloud15.com/n/axvjbnqprylg/b/V2Ministry/o/office-doe/2024/12/c05a1a257bf348eaa049caa40f44d888.pdf,1ace6eaeaeb0963575ea2485fa7657e4b25467d6c57b49ad0360ee7a9614eb4d
2023-01,2023-01-10,Dhaka,263,263.0,False,poppler_pdftotext_layout_table_6,https://objectstorage.ap-dcc-gazipur-1.oraclecloud15.com/n/axvjbnqprylg/b/V2Ministry/o/office-doe/2024/12/c05a1a257bf348eaa049caa40f44d888.pdf,1ace6eaeaeb0963575ea2485fa7657e4b25467d6c57b49ad0360ee7a9614eb4d
2023-01,2023-01-11,Dhaka,283,283.0,False,poppler_pdftotext_layout_table_6,https://objectstorage.ap-dcc-gazipur-1.oraclecloud15.com/n/axvjbnqprylg/b/V2Ministry/o/office-doe/2024/12/c05a1a257bf348eaa049caa40f44d888.pdf,1ace6eaeaeb0963575ea2485fa7657e4b25467d6c57b49ad0360ee7a9614eb4d
2023-01,2023-01-12,Dhaka,329,329.0,False,poppler_pdftotext_layout_table_6,https://objectstorage.ap-dcc-gazipur-1.oraclecloud15.com/n/axvjbnqprylg/b/V2Ministry/o/office-doe/2024/12/c05a1a257bf348eaa049caa40f44d888.pdf,1ace6eaeaeb0963575ea2485fa7657e4b25467d6c57b49ad0360ee7a9614eb4d
2023-01,2023-01-13,Dhaka,334,334.0,False,poppler_pdftotext_layout_table_6,https://objectstorage.ap-dcc-gazipur-1.oraclecloud15.com/n/axvjbnqprylg/b/V2Ministry/o/office-doe/2024/12/c05a1a257bf348eaa049caa40f44d888.pdf,1ace6eaeaeb0963575ea2485fa7657e4b25467d6c57b49ad0360ee7a9614eb4d
2023-01,2023-01-14,Dhaka,248,248.0,False,poppler_pdftotext_layout_table_6,https://objectstorage.ap-dcc-gazipur-1.oraclecloud15.com/n/axvjbnqprylg/b/V2Ministry/o/office-doe/2024/12/c05a1a257bf348eaa049caa40f44d888.pdf,1ace6eaeaeb0963575ea2485fa7657e4b25467d6c57b49ad0360ee7a9614eb4d
2023-01,2023-01-15,Dhaka,256,256.0,False,poppler_pdftotext_layout_table_6,https://objectstorage.ap-dcc-gazipur-1.oraclecloud15.com/n/axvjbnqprylg/b/V2Ministry/o/office-doe/2024/12/c05a1a257bf348eaa049caa40f44d888.pdf,1ace6eaeaeb0963575ea2485fa7657e4b25467d6c57b49ad0360ee7a9614eb4d
2023-01,2023-01-16,Dhaka,212,212.0,False,poppler_pdftotext_layout_table_6,https://objectstorage.ap-dcc-gazipur-1.oraclecloud15.com/n/axvjbnqprylg/b/V2Ministry/o/office-doe/2024/12/c05a1a257bf348eaa049caa40f44d888.pdf,1ace6eaeaeb0963575ea2485fa7657e4b25467d6c57b49ad0360ee7a9614eb4d
2023-01,2023-01-17,Dhaka,243,243.0,False,poppler_pdftotext_layout_table_6,https://objectstorage.ap-dcc-gazipur-1.oraclecloud15.com/n/axvjbnqprylg/b/V2Ministry/o/office-doe/2024/12/c05a1a257bf348eaa049caa40f44d888.pdf,1ace6eaeaeb0963575ea2485fa7657e4b25467d6c57b49ad0360ee7a9614eb4d
2023-01,2023-01-18,Dhaka,255,255.0,False,poppler_pdftotext_layout_table_6,https://objectstorage.ap-dcc-gazipur-1.oraclecloud15.com/n/axvjbnqprylg/b/V2Ministry/o/office-doe/2024/12/c05a1a257bf348eaa049caa40f44d888.pdf,1ace6eaeaeb0963575ea2485fa7657e4b25467d6c57b49ad0360ee7a9614eb4d
2023-01,2023-01-19,Dhaka,265,265.0,False,poppler_pdftotext_layout_table_6,https://objectstorage.ap-dcc-gazipur-1.oraclecloud15.com/n/axvjbnqprylg/b/V2Ministry/o/office-doe/2024/12/c05a1a257bf348eaa049caa40f44d888.pdf,1ace6eaeaeb0963575ea2485fa7657e4b25467d6c57b49ad0360ee7a9614eb4d
2023-01,2023-01-20,Dhaka,273,273.0,False,poppler_pdftotext_layout_table_6,https://objectstorage.ap-dcc-gazipur-1.oraclecloud15.com/n/axvjbnqprylg/b/V2Ministry/o/office-doe/2024/12/c05a1a257bf348eaa049caa40f44d888.pdf,1ace6eaeaeb0963575ea2485fa7657e4b25467d6c57b49ad0360ee7a9614eb4d
2023-01,2023-01-21,Dhaka,313,313.0,False,poppler_pdftotext_layout_table_6,https://objectstorage.ap-dcc-gazipur-1.oraclecloud15.com/n/axvjbnqprylg/b/V2Ministry/o/office-doe/2024/12/c05a1a257bf348eaa049caa40f44d888.pdf,1ace6eaeaeb0963575ea2485fa7657e4b25467d6c57b49ad0360ee7a9614eb4d
2023-01,2023-01-22,Dhaka,392,392.0,False,poppler_pdftotext_layout_table_6,https://objectstorage.ap-dcc-gazipur-1.oraclecloud15.com/n/axvjbnqprylg/b/V2Ministry/o/office-doe/2024/12/c05a1a257bf348eaa049caa40f44d888.pdf,1ace6eaeaeb0963575ea2485fa7657e4b25467d6c57b49ad0360ee7a9614eb4d
2023-01,2023-01-23,Dhaka,338,338.0,False,poppler_pdftotext_layout_table_6,https://objectstorage.ap-dcc-gazipur-1.oraclecloud15.com/n/axvjbnqprylg/b/V2Ministry/o/office-doe/2024/12/c05a1a257bf348eaa049caa40f44d888.pdf,1ace6eaeaeb0963575ea2485fa7657e4b25467d6c57b49ad0360ee7a9614eb4d
2023-01,2023-01-24,Dhaka,268,268.0,False,poppler_pdftotext_layout_table_6,https://objectstorage.ap-dcc-gazipur-1.oraclecloud15.com/n/axvjbnqprylg/b/V2Ministry/o/office-doe/2024/12/c05a1a257bf348eaa049caa40f44d888.pdf,1ace6eaeaeb0963575ea2485fa7657e4b25467d6c57b49ad0360ee7a9614eb4d
2023-01,2023-01-25,Dhaka,337,337.0,False,poppler_pdftotext_layout_table_6,https://objectstorage.ap-dcc-gazipur-1.oraclecloud15.com/n/axvjbnqprylg/b/V2Ministry/o/office-doe/2024/12/c05a1a257bf348eaa049caa40f44d888.pdf,1ace6eaeaeb0963575ea2485fa7657e4b25467d6c57b49ad0360ee7a9614eb4d
2023-01,2023-01-26,Dhaka,338,338.0,False,poppler_pdftotext_layout_table_6,https://objectstorage.ap-dcc-gazipur-1.oraclecloud15.com/n/axvjbnqprylg/b/V2Ministry/o/office-doe/2024/12/c05a1a257bf348eaa049caa40f44d888.pdf,1ace6eaeaeb0963575ea2485fa7657e4b25467d6c57b49ad0360ee7a9614eb4d
2023-01,2023-01-27,Dhaka,272,272.0,False,poppler_pdftotext_layout_table_6,https://objectstorage.ap-dcc-gazipur-1.oraclecloud15.com/n/axvjbnqprylg/b/V2Ministry/o/office-doe/2024/12/c05a1a257bf348eaa049caa40f44d888.pdf,1ace6eaeaeb0963575ea2485fa7657e4b25467d6c57b49ad0360ee7a9614eb4d
2023-01,2023-01-28,Dhaka,276,276.0,False,poppler_pdftotext_layout_table_6,https://objectstorage.ap-dcc-gazipur-1.oraclecloud15.com/n/axvjbnqprylg/b/V2Ministry/o/office-doe/2024/12/c05a1a257bf348eaa049caa40f44d888.pdf,1ace6eaeaeb0963575ea2485fa7657e4b25467d6c57b49ad0360ee7a9614eb4d
2023-01,2023-01-29,Dhaka,240,240.0,False,poppler_pdftotext_layout_table_6,https://objectstorage.ap-dcc-gazipur-1.oraclecloud15.com/n/axvjbnqprylg/b/V2Ministry/o/office-doe/2024/12/c05a1a257bf348eaa049caa40f44d888.pdf,1ace6eaeaeb0963575ea2485fa7657e4b25467d6c57b49ad0360ee7a9614eb4d
2023-01,2023-01-30,Dhaka,307,307.0,False,poppler_pdftotext_layout_table_6,https://objectstorage.ap-dcc-gazipur-1.oraclecloud15.com/n/axvjbnqprylg/b/V2Ministry/o/office-doe/2024/12/c05a1a257bf348eaa049caa40f44d888.pdf,1ace6eaeaeb0963575ea2485fa7657e4b25467d6c57b49ad0360ee7a9614eb4d
2023-01,2023-01-31,Dhaka,303,303.0,False,poppler_pdftotext_layout_table_6,https://objectstorage.ap-dcc-gazipur-1.oraclecloud15.com/n/axvjbnqprylg/b/V2Ministry/o/office-doe/2024/12/c05a1a257bf348eaa049caa40f44d888.pdf,1ace6eaeaeb0963575ea2485fa7657e4b25467d6c57b49ad0360ee7a9614eb4d
2023-02,2023-02-01,Dhaka,192,192.0,False,poppler_pdftotext_layout_table_6,https://objectstorage.ap-dcc-gazipur-1.oraclecloud15.com/n/axvjbnqprylg/b/V2Ministry/o/office-doe/2024/12/448593c56ecf4414afde213e692df184.pdf,66d74ff9d337f1c123fd8dd8f21d275545a2850fdae07b1cf7b273bd9d469be4
2023-02,2023-02-02,Dhaka,176,176.0,False,poppler_pdftotext_layout_table_6,https://objectstorage.ap-dcc-gazipur-1.oraclecloud15.com/n/axvjbnqprylg/b/V2Ministry/o/office-doe/2024/12/448593c56ecf4414afde213e692df184.pdf,66d74ff9d337f1c123fd8dd8f21d275545a2850fdae07b1cf7b273bd9d469be4
2023-02,2023-02-03,Dhaka,189,189.0,False,poppler_pdftotext_layout_table_6,https://objectstorage.ap-dcc-gazipur-1.oraclecloud15.com/n/axvjbnqprylg/b/V2Ministry/o/office-doe/2024/12/448593c56ecf4414afde213e692df184.pdf,66d74ff9d337f1c123fd8dd8f21d275545a2850fdae07b1cf7b273bd9d469be4
2023-02,2023-02-04,Dhaka,240,240.0,False,poppler_pdftotext_layout_table_6,https://objectstorage.ap-dcc-gazipur-1.oraclecloud15.com/n/axvjbnqprylg/b/V2Ministry/o/office-doe/2024/12/448593c56ecf4414afde213e692df184.pdf,66d74ff9d337f1c123fd8dd8f21d275545a2850fdae07b1cf7b273bd9d469be4
2023-02,2023-02-05,Dhaka,265,265.0,False,poppler_pdftotext_layout_table_6,https://objectstorage.ap-dcc-gazipur-1.oraclecloud15.com/n/axvjbnqprylg/b/V2Ministry/o/office-doe/2024/12/448593c56ecf4414afde213e692df184.pdf,66d74ff9d337f1c123fd8dd8f21d275545a2850fdae07b1cf7b273bd9d469be4
2023-02,2023-02-06,Dhaka,252,252.0,False,poppler_pdftotext_layout_table_6,https://objectstorage.ap-dcc-gazipur-1.oraclecloud15.com/n/axvjbnqprylg/b/V2Ministry/o/office-doe/2024/12/448593c56ecf4414afde213e692df184.pdf,66d74ff9d337f1c123fd8dd8f21d275545a2850fdae07b1cf7b273bd9d469be4
2023-02,2023-02-07,Dhaka,217,217.0,False,poppler_pdftotext_layout_table_6,https://objectstorage.ap-dcc-gazipur-1.oraclecloud15.com/n/axvjbnqprylg/b/V2Ministry/o/office-doe/2024/12/448593c56ecf4414afde213e692df184.pdf,66d74ff9d337f1c123fd8dd8f21d275545a2850fdae07b1cf7b273bd9d469be4
2023-02,2023-02-08,Dhaka,170,170.0,False,poppler_pdftotext_layout_table_6,https://objectstorage.ap-dcc-gazipur-1.oraclecloud15.com/n/axvjbnqprylg/b/V2Ministry/o/office-doe/2024/12/448593c56ecf4414afde213e692df184.pdf,66d74ff9d337f1c123fd8dd8f21d275545a2850fdae07b1cf7b273bd9d469be4
2023-02,2023-02-09,Dhaka,269,269.0,False,poppler_pdftotext_layout_table_6,https://objectstorage.ap-dcc-gazipur-1.oraclecloud15.com/n/axvjbnqprylg/b/V2Ministry/o/office-doe/2024/12/448593c56ecf4414afde213e692df184.pdf,66d74ff9d337f1c123fd8dd8f21d275545a2850fdae07b1cf7b273bd9d469be4
2023-02,2023-02-10,Dhaka,182,182.0,False,poppler_pdftotext_layout_table_6,https://objectstorage.ap-dcc-gazipur-1.oraclecloud15.com/n/axvjbnqprylg/b/V2Ministry/o/office-doe/2024/12/448593c56ecf4414afde213e692df184.pdf,66d74ff9d337f1c123fd8dd8f21d275545a2850fdae07b1cf7b273bd9d469be4
2023-02,2023-02-11,Dhaka,234,234.0,False,poppler_pdftotext_layout_table_6,https://objectstorage.ap-dcc-gazipur-1.oraclecloud15.com/n/axvjbnqprylg/b/V2Ministry/o/office-doe/2024/12/448593c56ecf4414afde213e692df184.pdf,66d74ff9d337f1c123fd8dd8f21d275545a2850fdae07b1cf7b273bd9d469be4
2023-02,2023-02-12,Dhaka,195,195.0,False,poppler_pdftotext_layout_table_6,https://objectstorage.ap-dcc-gazipur-1.oraclecloud15.com/n/axvjbnqprylg/b/V2Ministry/o/office-doe/2024/12/448593c56ecf4414afde213e692df184.pdf,66d74ff9d337f1c123fd8dd8f21d275545a2850fdae07b1cf7b273bd9d469be4
2023-02,2023-02-13,Dhaka,178,178.0,False,poppler_pdftotext_layout_table_6,https://objectstorage.ap-dcc-gazipur-1.oraclecloud15.com/n/axvjbnqprylg/b/V2Ministry/o/office-doe/2024/12/448593c56ecf4414afde213e692df184.pdf,66d74ff9d337f1c123fd8dd8f21d275545a2850fdae07b1cf7b273bd9d469be4
2023-02,2023-02-14,Dhaka,189,189.0,False,poppler_pdftotext_layout_table_6,https://objectstorage.ap-dcc-gazipur-1.oraclecloud15.com/n/axvjbnqprylg/b/V2Ministry/o/office-doe/2024/12/448593c56ecf4414afde213e692df184.pdf,66d74ff9d337f1c123fd8dd8f21d275545a2850fdae07b1cf7b273bd9d469be4
2023-02,2023-02-15,Dhaka,268,268.0,False,poppler_pdftotext_layout_table_6,https://objectstorage.ap-dcc-gazipur-1.oraclecloud15.com/n/axvjbnqprylg/b/V2Ministry/o/office-doe/2024/12/448593c56ecf4414afde213e692df184.pdf,66d74ff9d337f1c123fd8dd8f21d275545a2850fdae07b1cf7b273bd9d469be4
2023-02,2023-02-16,Dhaka,273,273.0,False,poppler_pdftotext_layout_table_6,https://objectstorage.ap-dcc-gazipur-1.oraclecloud15.com/n/axvjbnqprylg/b/V2Ministry/o/office-doe/2024/12/448593c56ecf4414afde213e692df184.pdf,66d74ff9d337f1c123fd8dd8f21d275545a2850fdae07b1cf7b273bd9d469be4
2023-02,2023-02-17,Dhaka,298,298.0,False,poppler_pdftotext_layout_table_6,https://objectstorage.ap-dcc-gazipur-1.oraclecloud15.com/n/axvjbnqprylg/b/V2Ministry/o/office-doe/2024/12/448593c56ecf4414afde213e692df184.pdf,66d74ff9d337f1c123fd8dd8f21d275545a2850fdae07b1cf7b273bd9d469be4
2023-02,2023-02-18,Dhaka,277,277.0,False,poppler_pdftotext_layout_table_6,https://objectstorage.ap-dcc-gazipur-1.oraclecloud15.com/n/axvjbnqprylg/b/V2Ministry/o/office-doe/2024/12/448593c56ecf4414afde213e692df184.pdf,66d74ff9d337f1c123fd8dd8f21d275545a2850fdae07b1cf7b273bd9d469be4
2023-02,2023-02-19,Dhaka,246,246.0,False,poppler_pdftotext_layout_table_6,https://objectstorage.ap-dcc-gazipur-1.oraclecloud15.com/n/axvjbnqprylg/b/V2Ministry/o/office-doe/2024/12/448593c56ecf4414afde213e692df184.pdf,66d74ff9d337f1c123fd8dd8f21d275545a2850fdae07b1cf7b273bd9d469be4
2023-02,2023-02-20,Dhaka,221,221.0,False,poppler_pdftotext_layout_table_6,https://objectstorage.ap-dcc-gazipur-1.oraclecloud15.com/n/axvjbnqprylg/b/V2Ministry/o/office-doe/2024/12/448593c56ecf4414afde213e692df184.pdf,66d74ff9d337f1c123fd8dd8f21d275545a2850fdae07b1cf7b273bd9d469be4
2023-02,2023-02-21,Dhaka,175,175.0,False,poppler_pdftotext_layout_table_6,https://objectstorage.ap-dcc-gazipur-1.oraclecloud15.com/n/axvjbnqprylg/b/V2Ministry/o/office-doe/2024/12/448593c56ecf4414afde213e692df184.pdf,66d74ff9d337f1c123fd8dd8f21d275545a2850fdae07b1cf7b273bd9d469be4
2023-02,2023-02-22,Dhaka,167,167.0,False,poppler_pdftotext_layout_table_6,https://objectstorage.ap-dcc-gazipur-1.oraclecloud15.com/n/axvjbnqprylg/b/V2Ministry/o/office-doe/2024/12/448593c56ecf4414afde213e692df184.pdf,66d74ff9d337f1c123fd8dd8f21d275545a2850fdae07b1cf7b273bd9d469be4
2023-02,2023-02-23,Dhaka,167,167.0,False,poppler_pdftotext_layout_table_6,https://objectstorage.ap-dcc-gazipur-1.oraclecloud15.com/n/axvjbnqprylg/b/V2Ministry/o/office-doe/2024/12/448593c56ecf4414afde213e692df184.pdf,66d74ff9d337f1c123fd8dd8f21d275545a2850fdae07b1cf7b273bd9d469be4
2023-02,2023-02-24,Dhaka,173,173.0,False,poppler_pdftotext_layout_table_6,https://objectstorage.ap-dcc-gazipur-1.oraclecloud15.com/n/axvjbnqprylg/b/V2Ministry/o/office-doe/2024/12/448593c56ecf4414afde213e692df184.pdf,66d74ff9d337f1c123fd8dd8f21d275545a2850fdae07b1cf7b273bd9d469be4
2023-02,2023-02-25,Dhaka,167,167.0,False,poppler_pdftotext_layout_table_6,https://objectstorage.ap-dcc-gazipur-1.oraclecloud15.com/n/axvjbnqprylg/b/V2Ministry/o/office-doe/2024/12/448593c56ecf4414afde213e692df184.pdf,66d74ff9d337f1c123fd8dd8f21d275545a2850fdae07b1cf7b273bd9d469be4
2023-02,2023-02-26,Dhaka,185,185.0,False,poppler_pdftotext_layout_table_6,https://objectstorage.ap-dcc-gazipur-1.oraclecloud15.com/n/axvjbnqprylg/b/V2Ministry/o/office-doe/2024/12/448593c56ecf4414afde213e692df184.pdf,66d74ff9d337f1c123fd8dd8f21d275545a2850fdae07b1cf7b273bd9d469be4
2023-02,2023-02-27,Dhaka,216,216.0,False,poppler_pdftotext_layout_table_6,https://objectstorage.ap-dcc-gazipur-1.oraclecloud15.com/n/axvjbnqprylg/b/V2Ministry/o/office-doe/2024/12/448593c56ecf4414afde213e692df184.pdf,66d74ff9d337f1c123fd8dd8f21d275545a2850fdae07b1cf7b273bd9d469be4
2023-02,2023-02-28,Dhaka,199,199.0,False,poppler_pdftotext_layout_table_6,https://objectstorage.ap-dcc-gazipur-1.oraclecloud15.com/n/axvjbnqprylg/b/V2Ministry/o/office-doe/2024/12/448593c56ecf4414afde213e692df184.pdf,66d74ff9d337f1c123fd8dd8f21d275545a2850fdae07b1cf7b273bd9d469be4
2023-03,2023-03-01,Dhaka,230,230.0,False,poppler_pdftotext_layout_table_6,https://objectstorage.ap-dcc-gazipur-1.oraclecloud15.com/n/axvjbnqprylg/b/V2Ministry/o/office-doe/2024/12/dabffa7ede144d7d808d4e8d6285794e.pdf,85ce7a3acc127a3c62ea5787d45ef7a768108403a8d66366df899bb942e07181
2023-03,2023-03-02,Dhaka,296,296.0,False,poppler_pdftotext_layout_table_6,https://objectstorage.ap-dcc-gazipur-1.oraclecloud15.com/n/axvjbnqprylg/b/V2Ministry/o/office-doe/2024/12/dabffa7ede144d7d808d4e8d6285794e.pdf,85ce7a3acc127a3c62ea5787d45ef7a768108403a8d66366df899bb942e07181
2023-03,2023-03-03,Dhaka,234,234.0,False,poppler_pdftotext_layout_table_6,https://objectstorage.ap-dcc-gazipur-1.oraclecloud15.com/n/axvjbnqprylg/b/V2Ministry/o/office-doe/2024/12/dabffa7ede144d7d808d4e8d6285794e.pdf,85ce7a3acc127a3c62ea5787d45ef7a768108403a8d66366df899bb942e07181
2023-03,2023-03-04,Dhaka,294,294.0,False,poppler_pdftotext_layout_table_6,https://objectstorage.ap-dcc-gazipur-1.oraclecloud15.com/n/axvjbnqprylg/b/V2Ministry/o/office-doe/2024/12/dabffa7ede144d7d808d4e8d6285794e.pdf,85ce7a3acc127a3c62ea5787d45ef7a768108403a8d66366df899bb942e07181
2023-03,2023-03-05,Dhaka,301,301.0,False,poppler_pdftotext_layout_table_6,https://objectstorage.ap-dcc-gazipur-1.oraclecloud15.com/n/axvjbnqprylg/b/V2Ministry/o/office-doe/2024/12/dabffa7ede144d7d808d4e8d6285794e.pdf,85ce7a3acc127a3c62ea5787d45ef7a768108403a8d66366df899bb942e07181
2023-03,2023-03-06,Dhaka,216,216.0,False,poppler_pdftotext_layout_table_6,https://objectstorage.ap-dcc-gazipur-1.oraclecloud15.com/n/axvjbnqprylg/b/V2Ministry/o/office-doe/2024/12/dabffa7ede144d7d808d4e8d6285794e.pdf,85ce7a3acc127a3c62ea5787d45ef7a768108403a8d66366df899bb942e07181
2023-03,2023-03-07,Dhaka,199,199.0,False,poppler_pdftotext_layout_table_6,https://objectstorage.ap-dcc-gazipur-1.oraclecloud15.com/n/axvjbnqprylg/b/V2Ministry/o/office-doe/2024/12/dabffa7ede144d7d808d4e8d6285794e.pdf,85ce7a3acc127a3c62ea5787d45ef7a768108403a8d66366df899bb942e07181
2023-03,2023-03-08,Dhaka,189,189.0,False,poppler_pdftotext_layout_table_6,https://objectstorage.ap-dcc-gazipur-1.oraclecloud15.com/n/axvjbnqprylg/b/V2Ministry/o/office-doe/2024/12/dabffa7ede144d7d808d4e8d6285794e.pdf,85ce7a3acc127a3c62ea5787d45ef7a768108403a8d66366df899bb942e07181
2023-03,2023-03-09,Dhaka,193,193.0,False,poppler_pdftotext_layout_table_6,https://objectstorage.ap-dcc-gazipur-1.oraclecloud15.com/n/axvjbnqprylg/b/V2Ministry/o/office-doe/2024/12/dabffa7ede144d7d808d4e8d6285794e.pdf,85ce7a3acc127a3c62ea5787d45ef7a768108403a8d66366df899bb942e07181
2023-03,2023-03-10,Dhaka,191,191.0,False,poppler_pdftotext_layout_table_6,https://objectstorage.ap-dcc-gazipur-1.oraclecloud15.com/n/axvjbnqprylg/b/V2Ministry/o/office-doe/2024/12/dabffa7ede144d7d808d4e8d6285794e.pdf,85ce7a3acc127a3c62ea5787d45ef7a768108403a8d66366df899bb942e07181
2023-03,2023-03-11,Dhaka,218,218.0,False,poppler_pdftotext_layout_table_6,https://objectstorage.ap-dcc-gazipur-1.oraclecloud15.com/n/axvjbnqprylg/b/V2Ministry/o/office-doe/2024/12/dabffa7ede144d7d808d4e8d6285794e.pdf,85ce7a3acc127a3c62ea5787d45ef7a768108403a8d66366df899bb942e07181
2023-03,2023-03-12,Dhaka,180,180.0,False,poppler_pdftotext_layout_table_6,https://objectstorage.ap-dcc-gazipur-1.oraclecloud15.com/n/axvjbnqprylg/b/V2Ministry/o/office-doe/2024/12/dabffa7ede144d7d808d4e8d6285794e.pdf,85ce7a3acc127a3c62ea5787d45ef7a768108403a8d66366df899bb942e07181
2023-03,2023-03-13,Dhaka,178,178.0,False,poppler_pdftotext_layout_table_6,https://objectstorage.ap-dcc-gazipur-1.oraclecloud15.com/n/axvjbnqprylg/b/V2Ministry/o/office-doe/2024/12/dabffa7ede144d7d808d4e8d6285794e.pdf,85ce7a3acc127a3c62ea5787d45ef7a768108403a8d66366df899bb942e07181
2023-03,2023-03-14,Dhaka,196,196.0,False,poppler_pdftotext_layout_table_6,https://objectstorage.ap-dcc-gazipur-1.oraclecloud15.com/n/axvjbnqprylg/b/V2Ministry/o/office-doe/2024/12/dabffa7ede144d7d808d4e8d6285794e.pdf,85ce7a3acc127a3c62ea5787d45ef7a768108403a8d66366df899bb942e07181
2023-03,2023-03-15,Dhaka,168,168.0,False,poppler_pdftotext_layout_table_6,https://objectstorage.ap-dcc-gazipur-1.oraclecloud15.com/n/axvjbnqprylg/b/V2Ministry/o/office-doe/2024/12/dabffa7ede144d7d808d4e8d6285794e.pdf,85ce7a3acc127a3c62ea5787d45ef7a768108403a8d66366df899bb942e07181
2023-03,2023-03-16,Dhaka,181,181.0,False,poppler_pdftotext_layout_table_6,https://objectstorage.ap-dcc-gazipur-1.oraclecloud15.com/n/axvjbnqprylg/b/V2Ministry/o/office-doe/2024/12/dabffa7ede144d7d808d4e8d6285794e.pdf,85ce7a3acc127a3c62ea5787d45ef7a768108403a8d66366df899bb942e07181
2023-03,2023-03-17,Dhaka,181,181.0,False,poppler_pdftotext_layout_table_6,https://objectstorage.ap-dcc-gazipur-1.oraclecloud15.com/n/axvjbnqprylg/b/V2Ministry/o/office-doe/2024/12/dabffa7ede144d7d808d4e8d6285794e.pdf,85ce7a3acc127a3c62ea5787d45ef7a768108403a8d66366df899bb942e07181
2023-03,2023-03-18,Dhaka,175,175.0,False,poppler_pdftotext_layout_table_6,https://objectstorage.ap-dcc-gazipur-1.oraclecloud15.com/n/axvjbnqprylg/b/V2Ministry/o/office-doe/2024/12/dabffa7ede144d7d808d4e8d6285794e.pdf,85ce7a3acc127a3c62ea5787d45ef7a768108403a8d66366df899bb942e07181
2023-03,2023-03-19,Dhaka,163,163.0,False,poppler_pdftotext_layout_table_6,https://objectstorage.ap-dcc-gazipur-1.oraclecloud15.com/n/axvjbnqprylg/b/V2Ministry/o/office-doe/2024/12/dabffa7ede144d7d808d4e8d6285794e.pdf,85ce7a3acc127a3c62ea5787d45ef7a768108403a8d66366df899bb942e07181
2023-03,2023-03-20,Dhaka,121,121.0,False,poppler_pdftotext_layout_table_6,https://objectstorage.ap-dcc-gazipur-1.oraclecloud15.com/n/axvjbnqprylg/b/V2Ministry/o/office-doe/2024/12/dabffa7ede144d7d808d4e8d6285794e.pdf,85ce7a3acc127a3c62ea5787d45ef7a768108403a8d66366df899bb942e07181
2023-03,2023-03-21,Dhaka,143,143.0,False,poppler_pdftotext_layout_table_6,https://objectstorage.ap-dcc-gazipur-1.oraclecloud15.com/n/axvjbnqprylg/b/V2Ministry/o/office-doe/2024/12/dabffa7ede144d7d808d4e8d6285794e.pdf,85ce7a3acc127a3c62ea5787d45ef7a768108403a8d66366df899bb942e07181
2023-03,2023-03-22,Dhaka,132,132.0,False,poppler_pdftotext_layout_table_6,https://objectstorage.ap-dcc-gazipur-1.oraclecloud15.com/n/axvjbnqprylg/b/V2Ministry/o/office-doe/2024/12/dabffa7ede144d7d808d4e8d6285794e.pdf,85ce7a3acc127a3c62ea5787d45ef7a768108403a8d66366df899bb942e07181
2023-03,2023-03-23,Dhaka,129,129.0,False,poppler_pdftotext_layout_table_6,https://objectstorage.ap-dcc-gazipur-1.oraclecloud15.com/n/axvjbnqprylg/b/V2Ministry/o/office-doe/2024/12/dabffa7ede144d7d808d4e8d6285794e.pdf,85ce7a3acc127a3c62ea5787d45ef7a768108403a8d66366df899bb942e07181
2023-03,2023-03-24,Dhaka,147,147.0,False,poppler_pdftotext_layout_table_6,https://objectstorage.ap-dcc-gazipur-1.oraclecloud15.com/n/axvjbnqprylg/b/V2Ministry/o/office-doe/2024/12/dabffa7ede144d7d808d4e8d6285794e.pdf,85ce7a3acc127a3c62ea5787d45ef7a768108403a8d66366df899bb942e07181
2023-03,2023-03-25,Dhaka,142,142.0,False,poppler_pdftotext_layout_table_6,https://objectstorage.ap-dcc-gazipur-1.oraclecloud15.com/n/axvjbnqprylg/b/V2Ministry/o/office-doe/2024/12/dabffa7ede144d7d808d4e8d6285794e.pdf,85ce7a3acc127a3c62ea5787d45ef7a768108403a8d66366df899bb942e07181
2023-03,2023-03-26,Dhaka,142,142.0,False,poppler_pdftotext_layout_table_6,https://objectstorage.ap-dcc-gazipur-1.oraclecloud15.com/n/axvjbnqprylg/b/V2Ministry/o/office-doe/2024/12/dabffa7ede144d7d808d4e8d6285794e.pdf,85ce7a3acc127a3c62ea5787d45ef7a768108403a8d66366df899bb942e07181
2023-03,2023-03-27,Dhaka,157,157.0,False,poppler_pdftotext_layout_table_6,https://objectstorage.ap-dcc-gazipur-1.oraclecloud15.com/n/axvjbnqprylg/b/V2Ministry/o/office-doe/2024/12/dabffa7ede144d7d808d4e8d6285794e.pdf,85ce7a3acc127a3c62ea5787d45ef7a768108403a8d66366df899bb942e07181
2023-03,2023-03-28,Dhaka,159,159.0,False,poppler_pdftotext_layout_table_6,https://objectstorage.ap-dcc-gazipur-1.oraclecloud15.com/n/axvjbnqprylg/b/V2Ministry/o/office-doe/2024/12/dabffa7ede144d7d808d4e8d6285794e.pdf,85ce7a3acc127a3c62ea5787d45ef7a768108403a8d66366df899bb942e07181
2023-03,2023-03-29,Dhaka,162,162.0,False,poppler_pdftotext_layout_table_6,https://objectstorage.ap-dcc-gazipur-1.oraclecloud15.com/n/axvjbnqprylg/b/V2Ministry/o/office-doe/2024/12/dabffa7ede144d7d808d4e8d6285794e.pdf,85ce7a3acc127a3c62ea5787d45ef7a768108403a8d66366df899bb942e07181
2023-03,2023-03-30,Dhaka,163,163.0,False,poppler_pdftotext_layout_table_6,https://objectstorage.ap-dcc-gazipur-1.oraclecloud15.com/n/axvjbnqprylg/b/V2Ministry/o/office-doe/2024/12/dabffa7ede144d7d808d4e8d6285794e.pdf,85ce7a3acc127a3c62ea5787d45ef7a768108403a8d66366df899bb942e07181
2023-03,2023-03-31,Dhaka,144,144.0,False,poppler_pdftotext_layout_table_6,https://objectstorage.ap-dcc-gazipur-1.oraclecloud15.com/n/axvjbnqprylg/b/V2Ministry/o/office-doe/2024/12/dabffa7ede144d7d808d4e8d6285794e.pdf,85ce7a3acc127a3c62ea5787d45ef7a768108403a8d66366df899bb942e07181
2023-04,2023-04-01,Dhaka,143,143.0,False,poppler_pdftotext_layout_table_6,https://objectstorage.ap-dcc-gazipur-1.oraclecloud15.com/n/axvjbnqprylg/b/V2Ministry/o/office-doe/2024/12/23257e435f8d453081f5b8e19478e6ea.pdf,a7c1ab669aed46f91cb6a049b52155bd38f66151d7d16550f6d7f4c1e27c0cd6
2023-04,2023-04-02,Dhaka,161,161.0,False,poppler_pdftotext_layout_table_6,https://objectstorage.ap-dcc-gazipur-1.oraclecloud15.com/n/axvjbnqprylg/b/V2Ministry/o/office-doe/2024/12/23257e435f8d453081f5b8e19478e6ea.pdf,a7c1ab669aed46f91cb6a049b52155bd38f66151d7d16550f6d7f4c1e27c0cd6
2023-04,2023-04-03,Dhaka,158,158.0,False,poppler_pdftotext_layout_table_6,https://objectstorage.ap-dcc-gazipur-1.oraclecloud15.com/n/axvjbnqprylg/b/V2Ministry/o/office-doe/2024/12/23257e435f8d453081f5b8e19478e6ea.pdf,a7c1ab669aed46f91cb6a049b52155bd38f66151d7d16550f6d7f4c1e27c0cd6
2023-04,2023-04-04,Dhaka,155,155.0,False,poppler_pdftotext_layout_table_6,https://objectstorage.ap-dcc-gazipur-1.oraclecloud15.com/n/axvjbnqprylg/b/V2Ministry/o/office-doe/2024/12/23257e435f8d453081f5b8e19478e6ea.pdf,a7c1ab669aed46f91cb6a049b52155bd38f66151d7d16550f6d7f4c1e27c0cd6
2023-04,2023-04-05,Dhaka,141,141.0,False,poppler_pdftotext_layout_table_6,https://objectstorage.ap-dcc-gazipur-1.oraclecloud15.com/n/axvjbnqprylg/b/V2Ministry/o/office-doe/2024/12/23257e435f8d453081f5b8e19478e6ea.pdf,a7c1ab669aed46f91cb6a049b52155bd38f66151d7d16550f6d7f4c1e27c0cd6
2023-04,2023-04-06,Dhaka,138,138.0,False,poppler_pdftotext_layout_table_6,https://objectstorage.ap-dcc-gazipur-1.oraclecloud15.com/n/axvjbnqprylg/b/V2Ministry/o/office-doe/2024/12/23257e435f8d453081f5b8e19478e6ea.pdf,a7c1ab669aed46f91cb6a049b52155bd38f66151d7d16550f6d7f4c1e27c0cd6
2023-04,2023-04-07,Dhaka,166,166.0,False,poppler_pdftotext_layout_table_6,https://objectstorage.ap-dcc-gazipur-1.oraclecloud15.com/n/axvjbnqprylg/b/V2Ministry/o/office-doe/2024/12/23257e435f8d453081f5b8e19478e6ea.pdf,a7c1ab669aed46f91cb6a049b52155bd38f66151d7d16550f6d7f4c1e27c0cd6
2023-04,2023-04-08,Dhaka,198,198.0,False,poppler_pdftotext_layout_table_6,https://objectstorage.ap-dcc-gazipur-1.oraclecloud15.com/n/axvjbnqprylg/b/V2Ministry/o/office-doe/2024/12/23257e435f8d453081f5b8e19478e6ea.pdf,a7c1ab669aed46f91cb6a049b52155bd38f66151d7d16550f6d7f4c1e27c0cd6
2023-04,2023-04-09,Dhaka,184,184.0,False,poppler_pdftotext_layout_table_6,https://objectstorage.ap-dcc-gazipur-1.oraclecloud15.com/n/axvjbnqprylg/b/V2Ministry/o/office-doe/2024/12/23257e435f8d453081f5b8e19478e6ea.pdf,a7c1ab669aed46f91cb6a049b52155bd38f66151d7d16550f6d7f4c1e27c0cd6
2023-04,2023-04-10,Dhaka,223,223.0,False,poppler_pdftotext_layout_table_6,https://objectstorage.ap-dcc-gazipur-1.oraclecloud15.com/n/axvjbnqprylg/b/V2Ministry/o/office-doe/2024/12/23257e435f8d453081f5b8e19478e6ea.pdf,a7c1ab669aed46f91cb6a049b52155bd38f66151d7d16550f6d7f4c1e27c0cd6
2023-04,2023-04-11,Dhaka,201,201.0,False,poppler_pdftotext_layout_table_6,https://objectstorage.ap-dcc-gazipur-1.oraclecloud15.com/n/axvjbnqprylg/b/V2Ministry/o/office-doe/2024/12/23257e435f8d453081f5b8e19478e6ea.pdf,a7c1ab669aed46f91cb6a049b52155bd38f66151d7d16550f6d7f4c1e27c0cd6
2023-04,2023-04-12,Dhaka,201,201.0,False,poppler_pdftotext_layout_table_6,https://objectstorage.ap-dcc-gazipur-1.oraclecloud15.com/n/axvjbnqprylg/b/V2Ministry/o/office-doe/2024/12/23257e435f8d453081f5b8e19478e6ea.pdf,a7c1ab669aed46f91cb6a049b52155bd38f66151d7d16550f6d7f4c1e27c0cd6
2023-04,2023-04-13,Dhaka,189,189.0,False,poppler_pdftotext_layout_table_6,https://objectstorage.ap-dcc-gazipur-1.oraclecloud15.com/n/axvjbnqprylg/b/V2Ministry/o/office-doe/2024/12/23257e435f8d453081f5b8e19478e6ea.pdf,a7c1ab669aed46f91cb6a049b52155bd38f66151d7d16550f6d7f4c1e27c0cd6
2023-04,2023-04-14,Dhaka,174,174.0,False,poppler_pdftotext_layout_table_6,https://objectstorage.ap-dcc-gazipur-1.oraclecloud15.com/n/axvjbnqprylg/b/V2Ministry/o/office-doe/2024/12/23257e435f8d453081f5b8e19478e6ea.pdf,a7c1ab669aed46f91cb6a049b52155bd38f66151d7d16550f6d7f4c1e27c0cd6
2023-04,2023-04-15,Dhaka,177,177.0,False,poppler_pdftotext_layout_table_6,https://objectstorage.ap-dcc-gazipur-1.oraclecloud15.com/n/axvjbnqprylg/b/V2Ministry/o/office-doe/2024/12/23257e435f8d453081f5b8e19478e6ea.pdf,a7c1ab669aed46f91cb6a049b52155bd38f66151d7d16550f6d7f4c1e27c0cd6
2023-04,2023-04-16,Dhaka,189,189.0,False,poppler_pdftotext_layout_table_6,https://objectstorage.ap-dcc-gazipur-1.oraclecloud15.com/n/axvjbnqprylg/b/V2Ministry/o/office-doe/2024/12/23257e435f8d453081f5b8e19478e6ea.pdf,a7c1ab669aed46f91cb6a049b52155bd38f66151d7d16550f6d7f4c1e27c0cd6
2023-04,2023-04-17,Dhaka,166,166.0,False,poppler_pdftotext_layout_table_6,https://objectstorage.ap-dcc-gazipur-1.oraclecloud15.com/n/axvjbnqprylg/b/V2Ministry/o/office-doe/2024/12/23257e435f8d453081f5b8e19478e6ea.pdf,a7c1ab669aed46f91cb6a049b52155bd38f66151d7d16550f6d7f4c1e27c0cd6
2023-04,2023-04-18,Dhaka,171,171.0,False,poppler_pdftotext_layout_table_6,https://objectstorage.ap-dcc-gazipur-1.oraclecloud15.com/n/axvjbnqprylg/b/V2Ministry/o/office-doe/2024/12/23257e435f8d453081f5b8e19478e6ea.pdf,a7c1ab669aed46f91cb6a049b52155bd38f66151d7d16550f6d7f4c1e27c0cd6
2023-04,2023-04-19,Dhaka,158,158.0,False,poppler_pdftotext_layout_table_6,https://objectstorage.ap-dcc-gazipur-1.oraclecloud15.com/n/axvjbnqprylg/b/V2Ministry/o/office-doe/2024/12/23257e435f8d453081f5b8e19478e6ea.pdf,a7c1ab669aed46f91cb6a049b52155bd38f66151d7d16550f6d7f4c1e27c0cd6
2023-04,2023-04-20,Dhaka,162,162.0,False,poppler_pdftotext_layout_table_6,https://objectstorage.ap-dcc-gazipur-1.oraclecloud15.com/n/axvjbnqprylg/b/V2Ministry/o/office-doe/2024/12/23257e435f8d453081f5b8e19478e6ea.pdf,a7c1ab669aed46f91cb6a049b52155bd38f66151d7d16550f6d7f4c1e27c0cd6
2023-04,2023-04-21,Dhaka,147,147.0,False,poppler_pdftotext_layout_table_6,https://objectstorage.ap-dcc-gazipur-1.oraclecloud15.com/n/axvjbnqprylg/b/V2Ministry/o/office-doe/2024/12/23257e435f8d453081f5b8e19478e6ea.pdf,a7c1ab669aed46f91cb6a049b52155bd38f66151d7d16550f6d7f4c1e27c0cd6
2023-04,2023-04-22,Dhaka,152,152.0,False,poppler_pdftotext_layout_table_6,https://objectstorage.ap-dcc-gazipur-1.oraclecloud15.com/n/axvjbnqprylg/b/V2Ministry/o/office-doe/2024/12/23257e435f8d453081f5b8e19478e6ea.pdf,a7c1ab669aed46f91cb6a049b52155bd38f66151d7d16550f6d7f4c1e27c0cd6
2023-04,2023-04-23,Dhaka,154,154.0,False,poppler_pdftotext_layout_table_6,https://objectstorage.ap-dcc-gazipur-1.oraclecloud15.com/n/axvjbnqprylg/b/V2Ministry/o/office-doe/2024/12/23257e435f8d453081f5b8e19478e6ea.pdf,a7c1ab669aed46f91cb6a049b52155bd38f66151d7d16550f6d7f4c1e27c0cd6
2023-04,2023-04-24,Dhaka,135,135.0,False,poppler_pdftotext_layout_table_6,https://objectstorage.ap-dcc-gazipur-1.oraclecloud15.com/n/axvjbnqprylg/b/V2Ministry/o/office-doe/2024/12/23257e435f8d453081f5b8e19478e6ea.pdf,a7c1ab669aed46f91cb6a049b52155bd38f66151d7d16550f6d7f4c1e27c0cd6
2023-04,2023-04-25,Dhaka,156,156.0,False,poppler_pdftotext_layout_table_6,https://objectstorage.ap-dcc-gazipur-1.oraclecloud15.com/n/axvjbnqprylg/b/V2Ministry/o/office-doe/2024/12/23257e435f8d453081f5b8e19478e6ea.pdf,a7c1ab669aed46f91cb6a049b52155bd38f66151d7d16550f6d7f4c1e27c0cd6
2023-04,2023-04-26,Dhaka,162,162.0,False,poppler_pdftotext_layout_table_6,https://objectstorage.ap-dcc-gazipur-1.oraclecloud15.com/n/axvjbnqprylg/b/V2Ministry/o/office-doe/2024/12/23257e435f8d453081f5b8e19478e6ea.pdf,a7c1ab669aed46f91cb6a049b52155bd38f66151d7d16550f6d7f4c1e27c0cd6
2023-04,2023-04-27,Dhaka,174,174.0,False,poppler_pdftotext_layout_table_6,https://objectstorage.ap-dcc-gazipur-1.oraclecloud15.com/n/axvjbnqprylg/b/V2Ministry/o/office-doe/2024/12/23257e435f8d453081f5b8e19478e6ea.pdf,a7c1ab669aed46f91cb6a049b52155bd38f66151d7d16550f6d7f4c1e27c0cd6
2023-04,2023-04-28,Dhaka,138,138.0,False,poppler_pdftotext_layout_table_6,https://objectstorage.ap-dcc-gazipur-1.oraclecloud15.com/n/axvjbnqprylg/b/V2Ministry/o/office-doe/2024/12/23257e435f8d453081f5b8e19478e6ea.pdf,a7c1ab669aed46f91cb6a049b52155bd38f66151d7d16550f6d7f4c1e27c0cd6
2023-04,2023-04-29,Dhaka,158,158.0,False,poppler_pdftotext_layout_table_6,https://objectstorage.ap-dcc-gazipur-1.oraclecloud15.com/n/axvjbnqprylg/b/V2Ministry/o/office-doe/2024/12/23257e435f8d453081f5b8e19478e6ea.pdf,a7c1ab669aed46f91cb6a049b52155bd38f66151d7d16550f6d7f4c1e27c0cd6
2023-04,2023-04-30,Dhaka,156,156.0,False,poppler_pdftotext_layout_table_6,https://objectstorage.ap-dcc-gazipur-1.oraclecloud15.com/n/axvjbnqprylg/b/V2Ministry/o/office-doe/2024/12/23257e435f8d453081f5b8e19478e6ea.pdf,a7c1ab669aed46f91cb6a049b52155bd38f66151d7d16550f6d7f4c1e27c0cd6
2023-05,2023-05-01,Dhaka,154,154.0,False,poppler_pdftotext_layout_table_6,https://objectstorage.ap-dcc-gazipur-1.oraclecloud15.com/n/axvjbnqprylg/b/V2Ministry/o/office-doe/2024/12/347657f3f4384d3f93844cc1fd00f227.pdf,47f9d498d2af593a3074bf5cacb12486a1a3fa3213d617389be95bdc41eccb24
2023-05,2023-05-02,Dhaka,160,160.0,False,poppler_pdftotext_layout_table_6,https://objectstorage.ap-dcc-gazipur-1.oraclecloud15.com/n/axvjbnqprylg/b/V2Ministry/o/office-doe/2024/12/347657f3f4384d3f93844cc1fd00f227.pdf,47f9d498d2af593a3074bf5cacb12486a1a3fa3213d617389be95bdc41eccb24
2023-05,2023-05-03,Dhaka,144,144.0,False,poppler_pdftotext_layout_table_6,https://objectstorage.ap-dcc-gazipur-1.oraclecloud15.com/n/axvjbnqprylg/b/V2Ministry/o/office-doe/2024/12/347657f3f4384d3f93844cc1fd00f227.pdf,47f9d498d2af593a3074bf5cacb12486a1a3fa3213d617389be95bdc41eccb24
2023-05,2023-05-04,Dhaka,116,116.0,False,poppler_pdftotext_layout_table_6,https://objectstorage.ap-dcc-gazipur-1.oraclecloud15.com/n/axvjbnqprylg/b/V2Ministry/o/office-doe/2024/12/347657f3f4384d3f93844cc1fd00f227.pdf,47f9d498d2af593a3074bf5cacb12486a1a3fa3213d617389be95bdc41eccb24
2023-05,2023-05-05,Dhaka,135,135.0,False,poppler_pdftotext_layout_table_6,https://objectstorage.ap-dcc-gazipur-1.oraclecloud15.com/n/axvjbnqprylg/b/V2Ministry/o/office-doe/2024/12/347657f3f4384d3f93844cc1fd00f227.pdf,47f9d498d2af593a3074bf5cacb12486a1a3fa3213d617389be95bdc41eccb24
2023-05,2023-05-06,Dhaka,138,138.0,False,poppler_pdftotext_layout_table_6,https://objectstorage.ap-dcc-gazipur-1.oraclecloud15.com/n/axvjbnqprylg/b/V2Ministry/o/office-doe/2024/12/347657f3f4384d3f93844cc1fd00f227.pdf,47f9d498d2af593a3074bf5cacb12486a1a3fa3213d617389be95bdc41eccb24
2023-05,2023-05-07,Dhaka,157,157.0,False,poppler_pdftotext_layout_table_6,https://objectstorage.ap-dcc-gazipur-1.oraclecloud15.com/n/axvjbnqprylg/b/V2Ministry/o/office-doe/2024/12/347657f3f4384d3f93844cc1fd00f227.pdf,47f9d498d2af593a3074bf5cacb12486a1a3fa3213d617389be95bdc41eccb24
2023-05,2023-05-08,Dhaka,161,161.0,False,poppler_pdftotext_layout_table_6,https://objectstorage.ap-dcc-gazipur-1.oraclecloud15.com/n/axvjbnqprylg/b/V2Ministry/o/office-doe/2024/12/347657f3f4384d3f93844cc1fd00f227.pdf,47f9d498d2af593a3074bf5cacb12486a1a3fa3213d617389be95bdc41eccb24
2023-05,2023-05-09,Dhaka,174,174.0,False,poppler_pdftotext_layout_table_6,https://objectstorage.ap-dcc-gazipur-1.oraclecloud15.com/n/axvjbnqprylg/b/V2Ministry/o/office-doe/2024/12/347657f3f4384d3f93844cc1fd00f227.pdf,47f9d498d2af593a3074bf5cacb12486a1a3fa3213d617389be95bdc41eccb24
2023-05,2023-05-10,Dhaka,167,167.0,False,poppler_pdftotext_layout_table_6,https://objectstorage.ap-dcc-gazipur-1.oraclecloud15.com/n/axvjbnqprylg/b/V2Ministry/o/office-doe/2024/12/347657f3f4384d3f93844cc1fd00f227.pdf,47f9d498d2af593a3074bf5cacb12486a1a3fa3213d617389be95bdc41eccb24
2023-05,2023-05-11,Dhaka,169,169.0,False,poppler_pdftotext_layout_table_6,https://objectstorage.ap-dcc-gazipur-1.oraclecloud15.com/n/axvjbnqprylg/b/V2Ministry/o/office-doe/2024/12/347657f3f4384d3f93844cc1fd00f227.pdf,47f9d498d2af593a3074bf5cacb12486a1a3fa3213d617389be95bdc41eccb24
2023-05,2023-05-12,Dhaka,176,176.0,False,poppler_pdftotext_layout_table_6,https://objectstorage.ap-dcc-gazipur-1.oraclecloud15.com/n/axvjbnqprylg/b/V2Ministry/o/office-doe/2024/12/347657f3f4384d3f93844cc1fd00f227.pdf,47f9d498d2af593a3074bf5cacb12486a1a3fa3213d617389be95bdc41eccb24
2023-05,2023-05-13,Dhaka,DNA,,True,poppler_pdftotext_layout_table_6,https://objectstorage.ap-dcc-gazipur-1.oraclecloud15.com/n/axvjbnqprylg/b/V2Ministry/o/office-doe/2024/12/347657f3f4384d3f93844cc1fd00f227.pdf,47f9d498d2af593a3074bf5cacb12486a1a3fa3213d617389be95bdc41eccb24
2023-05,2023-05-14,Dhaka,93,93.0,False,poppler_pdftotext_layout_table_6,https://objectstorage.ap-dcc-gazipur-1.oraclecloud15.com/n/axvjbnqprylg/b/V2Ministry/o/office-doe/2024/12/347657f3f4384d3f93844cc1fd00f227.pdf,47f9d498d2af593a3074bf5cacb12486a1a3fa3213d617389be95bdc41eccb24
2023-05,2023-05-15,Dhaka,DNA,,True,poppler_pdftotext_layout_table_6,https://objectstorage.ap-dcc-gazipur-1.oraclecloud15.com/n/axvjbnqprylg/b/V2Ministry/o/office-doe/2024/12/347657f3f4384d3f93844cc1fd00f227.pdf,47f9d498d2af593a3074bf5cacb12486a1a3fa3213d617389be95bdc41eccb24
2023-05,2023-05-16,Dhaka,149,149.0,False,poppler_pdftotext_layout_table_6,https://objectstorage.ap-dcc-gazipur-1.oraclecloud15.com/n/axvjbnqprylg/b/V2Ministry/o/office-doe/2024/12/347657f3f4384d3f93844cc1fd00f227.pdf,47f9d498d2af593a3074bf5cacb12486a1a3fa3213d617389be95bdc41eccb24
2023-05,2023-05-17,Dhaka,125,125.0,False,poppler_pdftotext_layout_table_6,https://objectstorage.ap-dcc-gazipur-1.oraclecloud15.com/n/axvjbnqprylg/b/V2Ministry/o/office-doe/2024/12/347657f3f4384d3f93844cc1fd00f227.pdf,47f9d498d2af593a3074bf5cacb12486a1a3fa3213d617389be95bdc41eccb24
2023-05,2023-05-18,Dhaka,142,142.0,False,poppler_pdftotext_layout_table_6,https://objectstorage.ap-dcc-gazipur-1.oraclecloud15.com/n/axvjbnqprylg/b/V2Ministry/o/office-doe/2024/12/347657f3f4384d3f93844cc1fd00f227.pdf,47f9d498d2af593a3074bf5cacb12486a1a3fa3213d617389be95bdc41eccb24
2023-05,2023-05-19,Dhaka,140,140.0,False,poppler_pdftotext_layout_table_6,https://objectstorage.ap-dcc-gazipur-1.oraclecloud15.com/n/axvjbnqprylg/b/V2Ministry/o/office-doe/2024/12/347657f3f4384d3f93844cc1fd00f227.pdf,47f9d498d2af593a3074bf5cacb12486a1a3fa3213d617389be95bdc41eccb24
2023-05,2023-05-20,Dhaka,136,136.0,False,poppler_pdftotext_layout_table_6,https://objectstorage.ap-dcc-gazipur-1.oraclecloud15.com/n/axvjbnqprylg/b/V2Ministry/o/office-doe/2024/12/347657f3f4384d3f93844cc1fd00f227.pdf,47f9d498d2af593a3074bf5cacb12486a1a3fa3213d617389be95bdc41eccb24
2023-05,2023-05-21,Dhaka,132,132.0,False,poppler_pdftotext_layout_table_6,https://objectstorage.ap-dcc-gazipur-1.oraclecloud15.com/n/axvjbnqprylg/b/V2Ministry/o/office-doe/2024/12/347657f3f4384d3f93844cc1fd00f227.pdf,47f9d498d2af593a3074bf5cacb12486a1a3fa3213d617389be95bdc41eccb24
2023-05,2023-05-22,Dhaka,134,134.0,False,poppler_pdftotext_layout_table_6,https://objectstorage.ap-dcc-gazipur-1.oraclecloud15.com/n/axvjbnqprylg/b/V2Ministry/o/office-doe/2024/12/347657f3f4384d3f93844cc1fd00f227.pdf,47f9d498d2af593a3074bf5cacb12486a1a3fa3213d617389be95bdc41eccb24
2023-05,2023-05-23,Dhaka,128,128.0,False,poppler_pdftotext_layout_table_6,https://objectstorage.ap-dcc-gazipur-1.oraclecloud15.com/n/axvjbnqprylg/b/V2Ministry/o/office-doe/2024/12/347657f3f4384d3f93844cc1fd00f227.pdf,47f9d498d2af593a3074bf5cacb12486a1a3fa3213d617389be95bdc41eccb24
2023-05,2023-05-24,Dhaka,150,150.0,False,poppler_pdftotext_layout_table_6,https://objectstorage.ap-dcc-gazipur-1.oraclecloud15.com/n/axvjbnqprylg/b/V2Ministry/o/office-doe/2024/12/347657f3f4384d3f93844cc1fd00f227.pdf,47f9d498d2af593a3074bf5cacb12486a1a3fa3213d617389be95bdc41eccb24
2023-05,2023-05-25,Dhaka,160,160.0,False,poppler_pdftotext_layout_table_6,https://objectstorage.ap-dcc-gazipur-1.oraclecloud15.com/n/axvjbnqprylg/b/V2Ministry/o/office-doe/2024/12/347657f3f4384d3f93844cc1fd00f227.pdf,47f9d498d2af593a3074bf5cacb12486a1a3fa3213d617389be95bdc41eccb24
2023-05,2023-05-26,Dhaka,136,136.0,False,poppler_pdftotext_layout_table_6,https://objectstorage.ap-dcc-gazipur-1.oraclecloud15.com/n/axvjbnqprylg/b/V2Ministry/o/office-doe/2024/12/347657f3f4384d3f93844cc1fd00f227.pdf,47f9d498d2af593a3074bf5cacb12486a1a3fa3213d617389be95bdc41eccb24
2023-05,2023-05-27,Dhaka,140,140.0,False,poppler_pdftotext_layout_table_6,https://objectstorage.ap-dcc-gazipur-1.oraclecloud15.com/n/axvjbnqprylg/b/V2Ministry/o/office-doe/2024/12/347657f3f4384d3f93844cc1fd00f227.pdf,47f9d498d2af593a3074bf5cacb12486a1a3fa3213d617389be95bdc41eccb24
2023-05,2023-05-28,Dhaka,165,165.0,False,poppler_pdftotext_layout_table_6,https://objectstorage.ap-dcc-gazipur-1.oraclecloud15.com/n/axvjbnqprylg/b/V2Ministry/o/office-doe/2024/12/347657f3f4384d3f93844cc1fd00f227.pdf,47f9d498d2af593a3074bf5cacb12486a1a3fa3213d617389be95bdc41eccb24
2023-05,2023-05-29,Dhaka,172,172.0,False,poppler_pdftotext_layout_table_6,https://objectstorage.ap-dcc-gazipur-1.oraclecloud15.com/n/axvjbnqprylg/b/V2Ministry/o/office-doe/2024/12/347657f3f4384d3f93844cc1fd00f227.pdf,47f9d498d2af593a3074bf5cacb12486a1a3fa3213d617389be95bdc41eccb24
2023-05,2023-05-30,Dhaka,201,201.0,False,poppler_pdftotext_layout_table_6,https://objectstorage.ap-dcc-gazipur-1.oraclecloud15.com/n/axvjbnqprylg/b/V2Ministry/o/office-doe/2024/12/347657f3f4384d3f93844cc1fd00f227.pdf,47f9d498d2af593a3074bf5cacb12486a1a3fa3213d617389be95bdc41eccb24
2023-05,2023-05-31,Dhaka,165,165.0,False,poppler_pdftotext_layout_table_6,https://objectstorage.ap-dcc-gazipur-1.oraclecloud15.com/n/axvjbnqprylg/b/V2Ministry/o/office-doe/2024/12/347657f3f4384d3f93844cc1fd00f227.pdf,47f9d498d2af593a3074bf5cacb12486a1a3fa3213d617389be95bdc41eccb24
2023-06,2023-06-01,Dhaka,160,160.0,False,poppler_pdftotext_layout_table_6,https://objectstorage.ap-dcc-gazipur-1.oraclecloud15.com/n/axvjbnqprylg/b/V2Ministry/o/office-doe/2024/12/6848243640824fd5a77e7db9ace57804.pdf,02d4c1f40a22459deceeff6f9fb73cbceb03c65046d074eb66baf8a7af3bbebb
2023-06,2023-06-02,Dhaka,159,159.0,False,poppler_pdftotext_layout_table_6,https://objectstorage.ap-dcc-gazipur-1.oraclecloud15.com/n/axvjbnqprylg/b/V2Ministry/o/office-doe/2024/12/6848243640824fd5a77e7db9ace57804.pdf,02d4c1f40a22459deceeff6f9fb73cbceb03c65046d074eb66baf8a7af3bbebb
2023-06,2023-06-03,Dhaka,156,156.0,False,poppler_pdftotext_layout_table_6,https://objectstorage.ap-dcc-gazipur-1.oraclecloud15.com/n/axvjbnqprylg/b/V2Ministry/o/office-doe/2024/12/6848243640824fd5a77e7db9ace57804.pdf,02d4c1f40a22459deceeff6f9fb73cbceb03c65046d074eb66baf8a7af3bbebb
2023-06,2023-06-04,Dhaka,148,148.0,False,poppler_pdftotext_layout_table_6,https://objectstorage.ap-dcc-gazipur-1.oraclecloud15.com/n/axvjbnqprylg/b/V2Ministry/o/office-doe/2024/12/6848243640824fd5a77e7db9ace57804.pdf,02d4c1f40a22459deceeff6f9fb73cbceb03c65046d074eb66baf8a7af3bbebb
2023-06,2023-06-05,Dhaka,155,155.0,False,poppler_pdftotext_layout_table_6,https://objectstorage.ap-dcc-gazipur-1.oraclecloud15.com/n/axvjbnqprylg/b/V2Ministry/o/office-doe/2024/12/6848243640824fd5a77e7db9ace57804.pdf,02d4c1f40a22459deceeff6f9fb73cbceb03c65046d074eb66baf8a7af3bbebb
2023-06,2023-06-06,Dhaka,159,159.0,False,poppler_pdftotext_layout_table_6,https://objectstorage.ap-dcc-gazipur-1.oraclecloud15.com/n/axvjbnqprylg/b/V2Ministry/o/office-doe/2024/12/6848243640824fd5a77e7db9ace57804.pdf,02d4c1f40a22459deceeff6f9fb73cbceb03c65046d074eb66baf8a7af3bbebb
2023-06,2023-06-07,Dhaka,165,165.0,False,poppler_pdftotext_layout_table_6,https://objectstorage.ap-dcc-gazipur-1.oraclecloud15.com/n/axvjbnqprylg/b/V2Ministry/o/office-doe/2024/12/6848243640824fd5a77e7db9ace57804.pdf,02d4c1f40a22459deceeff6f9fb73cbceb03c65046d074eb66baf8a7af3bbebb
2023-06,2023-06-08,Dhaka,157,157.0,False,poppler_pdftotext_layout_table_6,https://objectstorage.ap-dcc-gazipur-1.oraclecloud15.com/n/axvjbnqprylg/b/V2Ministry/o/office-doe/2024/12/6848243640824fd5a77e7db9ace57804.pdf,02d4c1f40a22459deceeff6f9fb73cbceb03c65046d074eb66baf8a7af3bbebb
2023-06,2023-06-09,Dhaka,142,142.0,False,poppler_pdftotext_layout_table_6,https://objectstorage.ap-dcc-gazipur-1.oraclecloud15.com/n/axvjbnqprylg/b/V2Ministry/o/office-doe/2024/12/6848243640824fd5a77e7db9ace57804.pdf,02d4c1f40a22459deceeff6f9fb73cbceb03c65046d074eb66baf8a7af3bbebb
2023-06,2023-06-10,Dhaka,120,120.0,False,poppler_pdftotext_layout_table_6,https://objectstorage.ap-dcc-gazipur-1.oraclecloud15.com/n/axvjbnqprylg/b/V2Ministry/o/office-doe/2024/12/6848243640824fd5a77e7db9ace57804.pdf,02d4c1f40a22459deceeff6f9fb73cbceb03c65046d074eb66baf8a7af3bbebb
2023-06,2023-06-11,Dhaka,128,128.0,False,poppler_pdftotext_layout_table_6,https://objectstorage.ap-dcc-gazipur-1.oraclecloud15.com/n/axvjbnqprylg/b/V2Ministry/o/office-doe/2024/12/6848243640824fd5a77e7db9ace57804.pdf,02d4c1f40a22459deceeff6f9fb73cbceb03c65046d074eb66baf8a7af3bbebb
2023-06,2023-06-12,Dhaka,115,115.0,False,poppler_pdftotext_layout_table_6,https://objectstorage.ap-dcc-gazipur-1.oraclecloud15.com/n/axvjbnqprylg/b/V2Ministry/o/office-doe/2024/12/6848243640824fd5a77e7db9ace57804.pdf,02d4c1f40a22459deceeff6f9fb73cbceb03c65046d074eb66baf8a7af3bbebb
2023-06,2023-06-13,Dhaka,163,163.0,False,poppler_pdftotext_layout_table_6,https://objectstorage.ap-dcc-gazipur-1.oraclecloud15.com/n/axvjbnqprylg/b/V2Ministry/o/office-doe/2024/12/6848243640824fd5a77e7db9ace57804.pdf,02d4c1f40a22459deceeff6f9fb73cbceb03c65046d074eb66baf8a7af3bbebb
2023-06,2023-06-14,Dhaka,127,127.0,False,poppler_pdftotext_layout_table_6,https://objectstorage.ap-dcc-gazipur-1.oraclecloud15.com/n/axvjbnqprylg/b/V2Ministry/o/office-doe/2024/12/6848243640824fd5a77e7db9ace57804.pdf,02d4c1f40a22459deceeff6f9fb73cbceb03c65046d074eb66baf8a7af3bbebb
2023-06,2023-06-15,Dhaka,114,114.0,False,poppler_pdftotext_layout_table_6,https://objectstorage.ap-dcc-gazipur-1.oraclecloud15.com/n/axvjbnqprylg/b/V2Ministry/o/office-doe/2024/12/6848243640824fd5a77e7db9ace57804.pdf,02d4c1f40a22459deceeff6f9fb73cbceb03c65046d074eb66baf8a7af3bbebb
2023-06,2023-06-16,Dhaka,102,102.0,False,poppler_pdftotext_layout_table_6,https://objectstorage.ap-dcc-gazipur-1.oraclecloud15.com/n/axvjbnqprylg/b/V2Ministry/o/office-doe/2024/12/6848243640824fd5a77e7db9ace57804.pdf,02d4c1f40a22459deceeff6f9fb73cbceb03c65046d074eb66baf8a7af3bbebb
2023-06,2023-06-17,Dhaka,123,123.0,False,poppler_pdftotext_layout_table_6,https://objectstorage.ap-dcc-gazipur-1.oraclecloud15.com/n/axvjbnqprylg/b/V2Ministry/o/office-doe/2024/12/6848243640824fd5a77e7db9ace57804.pdf,02d4c1f40a22459deceeff6f9fb73cbceb03c65046d074eb66baf8a7af3bbebb
2023-06,2023-06-18,Dhaka,135,135.0,False,poppler_pdftotext_layout_table_6,https://objectstorage.ap-dcc-gazipur-1.oraclecloud15.com/n/axvjbnqprylg/b/V2Ministry/o/office-doe/2024/12/6848243640824fd5a77e7db9ace57804.pdf,02d4c1f40a22459deceeff6f9fb73cbceb03c65046d074eb66baf8a7af3bbebb
2023-06,2023-06-19,Dhaka,118,118.0,False,poppler_pdftotext_layout_table_6,https://objectstorage.ap-dcc-gazipur-1.oraclecloud15.com/n/axvjbnqprylg/b/V2Ministry/o/office-doe/2024/12/6848243640824fd5a77e7db9ace57804.pdf,02d4c1f40a22459deceeff6f9fb73cbceb03c65046d074eb66baf8a7af3bbebb
2023-06,2023-06-20,Dhaka,108,108.0,False,poppler_pdftotext_layout_table_6,https://objectstorage.ap-dcc-gazipur-1.oraclecloud15.com/n/axvjbnqprylg/b/V2Ministry/o/office-doe/2024/12/6848243640824fd5a77e7db9ace57804.pdf,02d4c1f40a22459deceeff6f9fb73cbceb03c65046d074eb66baf8a7af3bbebb
2023-06,2023-06-21,Dhaka,85,85.0,False,poppler_pdftotext_layout_table_6,https://objectstorage.ap-dcc-gazipur-1.oraclecloud15.com/n/axvjbnqprylg/b/V2Ministry/o/office-doe/2024/12/6848243640824fd5a77e7db9ace57804.pdf,02d4c1f40a22459deceeff6f9fb73cbceb03c65046d074eb66baf8a7af3bbebb
2023-06,2023-06-22,Dhaka,102,102.0,False,poppler_pdftotext_layout_table_6,https://objectstorage.ap-dcc-gazipur-1.oraclecloud15.com/n/axvjbnqprylg/b/V2Ministry/o/office-doe/2024/12/6848243640824fd5a77e7db9ace57804.pdf,02d4c1f40a22459deceeff6f9fb73cbceb03c65046d074eb66baf8a7af3bbebb
2023-06,2023-06-23,Dhaka,104,104.0,False,poppler_pdftotext_layout_table_6,https://objectstorage.ap-dcc-gazipur-1.oraclecloud15.com/n/axvjbnqprylg/b/V2Ministry/o/office-doe/2024/12/6848243640824fd5a77e7db9ace57804.pdf,02d4c1f40a22459deceeff6f9fb73cbceb03c65046d074eb66baf8a7af3bbebb
2023-06,2023-06-24,Dhaka,77,77.0,False,poppler_pdftotext_layout_table_6,https://objectstorage.ap-dcc-gazipur-1.oraclecloud15.com/n/axvjbnqprylg/b/V2Ministry/o/office-doe/2024/12/6848243640824fd5a77e7db9ace57804.pdf,02d4c1f40a22459deceeff6f9fb73cbceb03c65046d074eb66baf8a7af3bbebb
2023-06,2023-06-25,Dhaka,100,100.0,False,poppler_pdftotext_layout_table_6,https://objectstorage.ap-dcc-gazipur-1.oraclecloud15.com/n/axvjbnqprylg/b/V2Ministry/o/office-doe/2024/12/6848243640824fd5a77e7db9ace57804.pdf,02d4c1f40a22459deceeff6f9fb73cbceb03c65046d074eb66baf8a7af3bbebb
2023-06,2023-06-26,Dhaka,84,84.0,False,poppler_pdftotext_layout_table_6,https://objectstorage.ap-dcc-gazipur-1.oraclecloud15.com/n/axvjbnqprylg/b/V2Ministry/o/office-doe/2024/12/6848243640824fd5a77e7db9ace57804.pdf,02d4c1f40a22459deceeff6f9fb73cbceb03c65046d074eb66baf8a7af3bbebb
2023-06,2023-06-27,Dhaka,73,73.0,False,poppler_pdftotext_layout_table_6,https://objectstorage.ap-dcc-gazipur-1.oraclecloud15.com/n/axvjbnqprylg/b/V2Ministry/o/office-doe/2024/12/6848243640824fd5a77e7db9ace57804.pdf,02d4c1f40a22459deceeff6f9fb73cbceb03c65046d074eb66baf8a7af3bbebb
2023-06,2023-06-28,Dhaka,74,74.0,False,poppler_pdftotext_layout_table_6,https://objectstorage.ap-dcc-gazipur-1.oraclecloud15.com/n/axvjbnqprylg/b/V2Ministry/o/office-doe/2024/12/6848243640824fd5a77e7db9ace57804.pdf,02d4c1f40a22459deceeff6f9fb73cbceb03c65046d074eb66baf8a7af3bbebb
2023-06,2023-06-29,Dhaka,64,64.0,False,poppler_pdftotext_layout_table_6,https://objectstorage.ap-dcc-gazipur-1.oraclecloud15.com/n/axvjbnqprylg/b/V2Ministry/o/office-doe/2024/12/6848243640824fd5a77e7db9ace57804.pdf,02d4c1f40a22459deceeff6f9fb73cbceb03c65046d074eb66baf8a7af3bbebb
2023-06,2023-06-30,Dhaka,64,64.0,False,poppler_pdftotext_layout_table_6,https://objectstorage.ap-dcc-gazipur-1.oraclecloud15.com/n/axvjbnqprylg/b/V2Ministry/o/office-doe/2024/12/6848243640824fd5a77e7db9ace57804.pdf,02d4c1f40a22459deceeff6f9fb73cbceb03c65046d074eb66baf8a7af3bbebb
2023-07,2023-07-01,Dhaka,64,64.0,False,poppler_pdftotext_layout_table_6,https://objectstorage.ap-dcc-gazipur-1.oraclecloud15.com/n/axvjbnqprylg/b/V2Ministry/o/office-doe/2024/12/214b6540c4cb4b49b52bcecc18c3ad22.pdf,95be11d6802eecf38574bb5a3bd618ae7d0b01b22456c96b737cc474585b97be
2023-07,2023-07-02,Dhaka,72,72.0,False,poppler_pdftotext_layout_table_6,https://objectstorage.ap-dcc-gazipur-1.oraclecloud15.com/n/axvjbnqprylg/b/V2Ministry/o/office-doe/2024/12/214b6540c4cb4b49b52bcecc18c3ad22.pdf,95be11d6802eecf38574bb5a3bd618ae7d0b01b22456c96b737cc474585b97be
2023-07,2023-07-03,Dhaka,74,74.0,False,poppler_pdftotext_layout_table_6,https://objectstorage.ap-dcc-gazipur-1.oraclecloud15.com/n/axvjbnqprylg/b/V2Ministry/o/office-doe/2024/12/214b6540c4cb4b49b52bcecc18c3ad22.pdf,95be11d6802eecf38574bb5a3bd618ae7d0b01b22456c96b737cc474585b97be
2023-07,2023-07-04,Dhaka,70,70.0,False,poppler_pdftotext_layout_table_6,https://objectstorage.ap-dcc-gazipur-1.oraclecloud15.com/n/axvjbnqprylg/b/V2Ministry/o/office-doe/2024/12/214b6540c4cb4b49b52bcecc18c3ad22.pdf,95be11d6802eecf38574bb5a3bd618ae7d0b01b22456c96b737cc474585b97be
2023-07,2023-07-05,Dhaka,63,63.0,False,poppler_pdftotext_layout_table_6,https://objectstorage.ap-dcc-gazipur-1.oraclecloud15.com/n/axvjbnqprylg/b/V2Ministry/o/office-doe/2024/12/214b6540c4cb4b49b52bcecc18c3ad22.pdf,95be11d6802eecf38574bb5a3bd618ae7d0b01b22456c96b737cc474585b97be
2023-07,2023-07-06,Dhaka,67,67.0,False,poppler_pdftotext_layout_table_6,https://objectstorage.ap-dcc-gazipur-1.oraclecloud15.com/n/axvjbnqprylg/b/V2Ministry/o/office-doe/2024/12/214b6540c4cb4b49b52bcecc18c3ad22.pdf,95be11d6802eecf38574bb5a3bd618ae7d0b01b22456c96b737cc474585b97be
2023-07,2023-07-07,Dhaka,66,66.0,False,poppler_pdftotext_layout_table_6,https://objectstorage.ap-dcc-gazipur-1.oraclecloud15.com/n/axvjbnqprylg/b/V2Ministry/o/office-doe/2024/12/214b6540c4cb4b49b52bcecc18c3ad22.pdf,95be11d6802eecf38574bb5a3bd618ae7d0b01b22456c96b737cc474585b97be
2023-07,2023-07-08,Dhaka,68,68.0,False,poppler_pdftotext_layout_table_6,https://objectstorage.ap-dcc-gazipur-1.oraclecloud15.com/n/axvjbnqprylg/b/V2Ministry/o/office-doe/2024/12/214b6540c4cb4b49b52bcecc18c3ad22.pdf,95be11d6802eecf38574bb5a3bd618ae7d0b01b22456c96b737cc474585b97be
2023-07,2023-07-09,Dhaka,87,87.0,False,poppler_pdftotext_layout_table_6,https://objectstorage.ap-dcc-gazipur-1.oraclecloud15.com/n/axvjbnqprylg/b/V2Ministry/o/office-doe/2024/12/214b6540c4cb4b49b52bcecc18c3ad22.pdf,95be11d6802eecf38574bb5a3bd618ae7d0b01b22456c96b737cc474585b97be
2023-07,2023-07-10,Dhaka,75,75.0,False,poppler_pdftotext_layout_table_6,https://objectstorage.ap-dcc-gazipur-1.oraclecloud15.com/n/axvjbnqprylg/b/V2Ministry/o/office-doe/2024/12/214b6540c4cb4b49b52bcecc18c3ad22.pdf,95be11d6802eecf38574bb5a3bd618ae7d0b01b22456c96b737cc474585b97be
2023-07,2023-07-11,Dhaka,82,82.0,False,poppler_pdftotext_layout_table_6,https://objectstorage.ap-dcc-gazipur-1.oraclecloud15.com/n/axvjbnqprylg/b/V2Ministry/o/office-doe/2024/12/214b6540c4cb4b49b52bcecc18c3ad22.pdf,95be11d6802eecf38574bb5a3bd618ae7d0b01b22456c96b737cc474585b97be
2023-07,2023-07-12,Dhaka,66,66.0,False,poppler_pdftotext_layout_table_6,https://objectstorage.ap-dcc-gazipur-1.oraclecloud15.com/n/axvjbnqprylg/b/V2Ministry/o/office-doe/2024/12/214b6540c4cb4b49b52bcecc18c3ad22.pdf,95be11d6802eecf38574bb5a3bd618ae7d0b01b22456c96b737cc474585b97be
2023-07,2023-07-13,Dhaka,66,66.0,False,poppler_pdftotext_layout_table_6,https://objectstorage.ap-dcc-gazipur-1.oraclecloud15.com/n/axvjbnqprylg/b/V2Ministry/o/office-doe/2024/12/214b6540c4cb4b49b52bcecc18c3ad22.pdf,95be11d6802eecf38574bb5a3bd618ae7d0b01b22456c96b737cc474585b97be
2023-07,2023-07-14,Dhaka,78,78.0,False,poppler_pdftotext_layout_table_6,https://objectstorage.ap-dcc-gazipur-1.oraclecloud15.com/n/axvjbnqprylg/b/V2Ministry/o/office-doe/2024/12/214b6540c4cb4b49b52bcecc18c3ad22.pdf,95be11d6802eecf38574bb5a3bd618ae7d0b01b22456c96b737cc474585b97be
2023-07,2023-07-15,Dhaka,80,80.0,False,poppler_pdftotext_layout_table_6,https://objectstorage.ap-dcc-gazipur-1.oraclecloud15.com/n/axvjbnqprylg/b/V2Ministry/o/office-doe/2024/12/214b6540c4cb4b49b52bcecc18c3ad22.pdf,95be11d6802eecf38574bb5a3bd618ae7d0b01b22456c96b737cc474585b97be
2023-07,2023-07-16,Dhaka,95,95.0,False,poppler_pdftotext_layout_table_6,https://objectstorage.ap-dcc-gazipur-1.oraclecloud15.com/n/axvjbnqprylg/b/V2Ministry/o/office-doe/2024/12/214b6540c4cb4b49b52bcecc18c3ad22.pdf,95be11d6802eecf38574bb5a3bd618ae7d0b01b22456c96b737cc474585b97be
2023-07,2023-07-17,Dhaka,107,107.0,False,poppler_pdftotext_layout_table_6,https://objectstorage.ap-dcc-gazipur-1.oraclecloud15.com/n/axvjbnqprylg/b/V2Ministry/o/office-doe/2024/12/214b6540c4cb4b49b52bcecc18c3ad22.pdf,95be11d6802eecf38574bb5a3bd618ae7d0b01b22456c96b737cc474585b97be
2023-07,2023-07-18,Dhaka,108,108.0,False,poppler_pdftotext_layout_table_6,https://objectstorage.ap-dcc-gazipur-1.oraclecloud15.com/n/axvjbnqprylg/b/V2Ministry/o/office-doe/2024/12/214b6540c4cb4b49b52bcecc18c3ad22.pdf,95be11d6802eecf38574bb5a3bd618ae7d0b01b22456c96b737cc474585b97be
2023-07,2023-07-19,Dhaka,94,94.0,False,poppler_pdftotext_layout_table_6,https://objectstorage.ap-dcc-gazipur-1.oraclecloud15.com/n/axvjbnqprylg/b/V2Ministry/o/office-doe/2024/12/214b6540c4cb4b49b52bcecc18c3ad22.pdf,95be11d6802eecf38574bb5a3bd618ae7d0b01b22456c96b737cc474585b97be
2023-07,2023-07-20,Dhaka,86,86.0,False,poppler_pdftotext_layout_table_6,https://objectstorage.ap-dcc-gazipur-1.oraclecloud15.com/n/axvjbnqprylg/b/V2Ministry/o/office-doe/2024/12/214b6540c4cb4b49b52bcecc18c3ad22.pdf,95be11d6802eecf38574bb5a3bd618ae7d0b01b22456c96b737cc474585b97be
2023-07,2023-07-21,Dhaka,79,79.0,False,poppler_pdftotext_layout_table_6,https://objectstorage.ap-dcc-gazipur-1.oraclecloud15.com/n/axvjbnqprylg/b/V2Ministry/o/office-doe/2024/12/214b6540c4cb4b49b52bcecc18c3ad22.pdf,95be11d6802eecf38574bb5a3bd618ae7d0b01b22456c96b737cc474585b97be
2023-07,2023-07-22,Dhaka,87,87.0,False,poppler_pdftotext_layout_table_6,https://objectstorage.ap-dcc-gazipur-1.oraclecloud15.com/n/axvjbnqprylg/b/V2Ministry/o/office-doe/2024/12/214b6540c4cb4b49b52bcecc18c3ad22.pdf,95be11d6802eecf38574bb5a3bd618ae7d0b01b22456c96b737cc474585b97be
2023-07,2023-07-23,Dhaka,82,82.0,False,poppler_pdftotext_layout_table_6,https://objectstorage.ap-dcc-gazipur-1.oraclecloud15.com/n/axvjbnqprylg/b/V2Ministry/o/office-doe/2024/12/214b6540c4cb4b49b52bcecc18c3ad22.pdf,95be11d6802eecf38574bb5a3bd618ae7d0b01b22456c96b737cc474585b97be
2023-07,2023-07-24,Dhaka,85,85.0,False,poppler_pdftotext_layout_table_6,https://objectstorage.ap-dcc-gazipur-1.oraclecloud15.com/n/axvjbnqprylg/b/V2Ministry/o/office-doe/2024/12/214b6540c4cb4b49b52bcecc18c3ad22.pdf,95be11d6802eecf38574bb5a3bd618ae7d0b01b22456c96b737cc474585b97be
2023-07,2023-07-25,Dhaka,85,85.0,False,poppler_pdftotext_layout_table_6,https://objectstorage.ap-dcc-gazipur-1.oraclecloud15.com/n/axvjbnqprylg/b/V2Ministry/o/office-doe/2024/12/214b6540c4cb4b49b52bcecc18c3ad22.pdf,95be11d6802eecf38574bb5a3bd618ae7d0b01b22456c96b737cc474585b97be
2023-07,2023-07-26,Dhaka,84,84.0,False,poppler_pdftotext_layout_table_6,https://objectstorage.ap-dcc-gazipur-1.oraclecloud15.com/n/axvjbnqprylg/b/V2Ministry/o/office-doe/2024/12/214b6540c4cb4b49b52bcecc18c3ad22.pdf,95be11d6802eecf38574bb5a3bd618ae7d0b01b22456c96b737cc474585b97be
2023-07,2023-07-27,Dhaka,90,90.0,False,poppler_pdftotext_layout_table_6,https://objectstorage.ap-dcc-gazipur-1.oraclecloud15.com/n/axvjbnqprylg/b/V2Ministry/o/office-doe/2024/12/214b6540c4cb4b49b52bcecc18c3ad22.pdf,95be11d6802eecf38574bb5a3bd618ae7d0b01b22456c96b737cc474585b97be
2023-07,2023-07-28,Dhaka,71,71.0,False,poppler_pdftotext_layout_table_6,https://objectstorage.ap-dcc-gazipur-1.oraclecloud15.com/n/axvjbnqprylg/b/V2Ministry/o/office-doe/2024/12/214b6540c4cb4b49b52bcecc18c3ad22.pdf,95be11d6802eecf38574bb5a3bd618ae7d0b01b22456c96b737cc474585b97be
2023-07,2023-07-29,Dhaka,93,93.0,False,poppler_pdftotext_layout_table_6,https://objectstorage.ap-dcc-gazipur-1.oraclecloud15.com/n/axvjbnqprylg/b/V2Ministry/o/office-doe/2024/12/214b6540c4cb4b49b52bcecc18c3ad22.pdf,95be11d6802eecf38574bb5a3bd618ae7d0b01b22456c96b737cc474585b97be
2023-07,2023-07-30,Dhaka,115,115.0,False,poppler_pdftotext_layout_table_6,https://objectstorage.ap-dcc-gazipur-1.oraclecloud15.com/n/axvjbnqprylg/b/V2Ministry/o/office-doe/2024/12/214b6540c4cb4b49b52bcecc18c3ad22.pdf,95be11d6802eecf38574bb5a3bd618ae7d0b01b22456c96b737cc474585b97be
2023-07,2023-07-31,Dhaka,94,94.0,False,poppler_pdftotext_layout_table_6,https://objectstorage.ap-dcc-gazipur-1.oraclecloud15.com/n/axvjbnqprylg/b/V2Ministry/o/office-doe/2024/12/214b6540c4cb4b49b52bcecc18c3ad22.pdf,95be11d6802eecf38574bb5a3bd618ae7d0b01b22456c96b737cc474585b97be
2023-08,2023-08-01,Dhaka,120,120.0,False,poppler_pdftotext_layout_table_6,https://objectstorage.ap-dcc-gazipur-1.oraclecloud15.com/n/axvjbnqprylg/b/V2Ministry/o/office-doe/2024/12/266b7f68d65c4f44a148260ad38343f2.pdf,2b30d8f143d4704ec39a80ede9dd58598b195cc3df90e14fdfd8ea39aeb4e0af
2023-08,2023-08-02,Dhaka,89,89.0,False,poppler_pdftotext_layout_table_6,https://objectstorage.ap-dcc-gazipur-1.oraclecloud15.com/n/axvjbnqprylg/b/V2Ministry/o/office-doe/2024/12/266b7f68d65c4f44a148260ad38343f2.pdf,2b30d8f143d4704ec39a80ede9dd58598b195cc3df90e14fdfd8ea39aeb4e0af
2023-08,2023-08-03,Dhaka,115,115.0,False,poppler_pdftotext_layout_table_6,https://objectstorage.ap-dcc-gazipur-1.oraclecloud15.com/n/axvjbnqprylg/b/V2Ministry/o/office-doe/2024/12/266b7f68d65c4f44a148260ad38343f2.pdf,2b30d8f143d4704ec39a80ede9dd58598b195cc3df90e14fdfd8ea39aeb4e0af
2023-08,2023-08-04,Dhaka,104,104.0,False,poppler_pdftotext_layout_table_6,https://objectstorage.ap-dcc-gazipur-1.oraclecloud15.com/n/axvjbnqprylg/b/V2Ministry/o/office-doe/2024/12/266b7f68d65c4f44a148260ad38343f2.pdf,2b30d8f143d4704ec39a80ede9dd58598b195cc3df90e14fdfd8ea39aeb4e0af
2023-08,2023-08-05,Dhaka,135,135.0,False,poppler_pdftotext_layout_table_6,https://objectstorage.ap-dcc-gazipur-1.oraclecloud15.com/n/axvjbnqprylg/b/V2Ministry/o/office-doe/2024/12/266b7f68d65c4f44a148260ad38343f2.pdf,2b30d8f143d4704ec39a80ede9dd58598b195cc3df90e14fdfd8ea39aeb4e0af
2023-08,2023-08-06,Dhaka,104,104.0,False,poppler_pdftotext_layout_table_6,https://objectstorage.ap-dcc-gazipur-1.oraclecloud15.com/n/axvjbnqprylg/b/V2Ministry/o/office-doe/2024/12/266b7f68d65c4f44a148260ad38343f2.pdf,2b30d8f143d4704ec39a80ede9dd58598b195cc3df90e14fdfd8ea39aeb4e0af
2023-08,2023-08-07,Dhaka,110,110.0,False,poppler_pdftotext_layout_table_6,https://objectstorage.ap-dcc-gazipur-1.oraclecloud15.com/n/axvjbnqprylg/b/V2Ministry/o/office-doe/2024/12/266b7f68d65c4f44a148260ad38343f2.pdf,2b30d8f143d4704ec39a80ede9dd58598b195cc3df90e14fdfd8ea39aeb4e0af
2023-08,2023-08-08,Dhaka,95,95.0,False,poppler_pdftotext_layout_table_6,https://objectstorage.ap-dcc-gazipur-1.oraclecloud15.com/n/axvjbnqprylg/b/V2Ministry/o/office-doe/2024/12/266b7f68d65c4f44a148260ad38343f2.pdf,2b30d8f143d4704ec39a80ede9dd58598b195cc3df90e14fdfd8ea39aeb4e0af
2023-08,2023-08-09,Dhaka,128,128.0,False,poppler_pdftotext_layout_table_6,https://objectstorage.ap-dcc-gazipur-1.oraclecloud15.com/n/axvjbnqprylg/b/V2Ministry/o/office-doe/2024/12/266b7f68d65c4f44a148260ad38343f2.pdf,2b30d8f143d4704ec39a80ede9dd58598b195cc3df90e14fdfd8ea39aeb4e0af
2023-08,2023-08-10,Dhaka,130,130.0,False,poppler_pdftotext_layout_table_6,https://objectstorage.ap-dcc-gazipur-1.oraclecloud15.com/n/axvjbnqprylg/b/V2Ministry/o/office-doe/2024/12/266b7f68d65c4f44a148260ad38343f2.pdf,2b30d8f143d4704ec39a80ede9dd58598b195cc3df90e14fdfd8ea39aeb4e0af
2023-08,2023-08-11,Dhaka,131,131.0,False,poppler_pdftotext_layout_table_6,https://objectstorage.ap-dcc-gazipur-1.oraclecloud15.com/n/axvjbnqprylg/b/V2Ministry/o/office-doe/2024/12/266b7f68d65c4f44a148260ad38343f2.pdf,2b30d8f143d4704ec39a80ede9dd58598b195cc3df90e14fdfd8ea39aeb4e0af
2023-08,2023-08-12,Dhaka,123,123.0,False,poppler_pdftotext_layout_table_6,https://objectstorage.ap-dcc-gazipur-1.oraclecloud15.com/n/axvjbnqprylg/b/V2Ministry/o/office-doe/2024/12/266b7f68d65c4f44a148260ad38343f2.pdf,2b30d8f143d4704ec39a80ede9dd58598b195cc3df90e14fdfd8ea39aeb4e0af
2023-08,2023-08-13,Dhaka,113,113.0,False,poppler_pdftotext_layout_table_6,https://objectstorage.ap-dcc-gazipur-1.oraclecloud15.com/n/axvjbnqprylg/b/V2Ministry/o/office-doe/2024/12/266b7f68d65c4f44a148260ad38343f2.pdf,2b30d8f143d4704ec39a80ede9dd58598b195cc3df90e14fdfd8ea39aeb4e0af
2023-08,2023-08-14,Dhaka,146,146.0,False,poppler_pdftotext_layout_table_6,https://objectstorage.ap-dcc-gazipur-1.oraclecloud15.com/n/axvjbnqprylg/b/V2Ministry/o/office-doe/2024/12/266b7f68d65c4f44a148260ad38343f2.pdf,2b30d8f143d4704ec39a80ede9dd58598b195cc3df90e14fdfd8ea39aeb4e0af
2023-08,2023-08-15,Dhaka,158,158.0,False,poppler_pdftotext_layout_table_6,https://objectstorage.ap-dcc-gazipur-1.oraclecloud15.com/n/axvjbnqprylg/b/V2Ministry/o/office-doe/2024/12/266b7f68d65c4f44a148260ad38343f2.pdf,2b30d8f143d4704ec39a80ede9dd58598b195cc3df90e14fdfd8ea39aeb4e0af
2023-08,2023-08-16,Dhaka,146,146.0,False,poppler_pdftotext_layout_table_6,https://objectstorage.ap-dcc-gazipur-1.oraclecloud15.com/n/axvjbnqprylg/b/V2Ministry/o/office-doe/2024/12/266b7f68d65c4f44a148260ad38343f2.pdf,2b30d8f143d4704ec39a80ede9dd58598b195cc3df90e14fdfd8ea39aeb4e0af
2023-08,2023-08-17,Dhaka,131,131.0,False,poppler_pdftotext_layout_table_6,https://objectstorage.ap-dcc-gazipur-1.oraclecloud15.com/n/axvjbnqprylg/b/V2Ministry/o/office-doe/2024/12/266b7f68d65c4f44a148260ad38343f2.pdf,2b30d8f143d4704ec39a80ede9dd58598b195cc3df90e14fdfd8ea39aeb4e0af
2023-08,2023-08-18,Dhaka,83,83.0,False,poppler_pdftotext_layout_table_6,https://objectstorage.ap-dcc-gazipur-1.oraclecloud15.com/n/axvjbnqprylg/b/V2Ministry/o/office-doe/2024/12/266b7f68d65c4f44a148260ad38343f2.pdf,2b30d8f143d4704ec39a80ede9dd58598b195cc3df90e14fdfd8ea39aeb4e0af
2023-08,2023-08-19,Dhaka,86,86.0,False,poppler_pdftotext_layout_table_6,https://objectstorage.ap-dcc-gazipur-1.oraclecloud15.com/n/axvjbnqprylg/b/V2Ministry/o/office-doe/2024/12/266b7f68d65c4f44a148260ad38343f2.pdf,2b30d8f143d4704ec39a80ede9dd58598b195cc3df90e14fdfd8ea39aeb4e0af
2023-08,2023-08-20,Dhaka,99,99.0,False,poppler_pdftotext_layout_table_6,https://objectstorage.ap-dcc-gazipur-1.oraclecloud15.com/n/axvjbnqprylg/b/V2Ministry/o/office-doe/2024/12/266b7f68d65c4f44a148260ad38343f2.pdf,2b30d8f143d4704ec39a80ede9dd58598b195cc3df90e14fdfd8ea39aeb4e0af
2023-08,2023-08-21,Dhaka,117,117.0,False,poppler_pdftotext_layout_table_6,https://objectstorage.ap-dcc-gazipur-1.oraclecloud15.com/n/axvjbnqprylg/b/V2Ministry/o/office-doe/2024/12/266b7f68d65c4f44a148260ad38343f2.pdf,2b30d8f143d4704ec39a80ede9dd58598b195cc3df90e14fdfd8ea39aeb4e0af
2023-08,2023-08-22,Dhaka,117,117.0,False,poppler_pdftotext_layout_table_6,https://objectstorage.ap-dcc-gazipur-1.oraclecloud15.com/n/axvjbnqprylg/b/V2Ministry/o/office-doe/2024/12/266b7f68d65c4f44a148260ad38343f2.pdf,2b30d8f143d4704ec39a80ede9dd58598b195cc3df90e14fdfd8ea39aeb4e0af
2023-08,2023-08-23,Dhaka,73,73.0,False,poppler_pdftotext_layout_table_6,https://objectstorage.ap-dcc-gazipur-1.oraclecloud15.com/n/axvjbnqprylg/b/V2Ministry/o/office-doe/2024/12/266b7f68d65c4f44a148260ad38343f2.pdf,2b30d8f143d4704ec39a80ede9dd58598b195cc3df90e14fdfd8ea39aeb4e0af
2023-08,2023-08-24,Dhaka,107,107.0,False,poppler_pdftotext_layout_table_6,https://objectstorage.ap-dcc-gazipur-1.oraclecloud15.com/n/axvjbnqprylg/b/V2Ministry/o/office-doe/2024/12/266b7f68d65c4f44a148260ad38343f2.pdf,2b30d8f143d4704ec39a80ede9dd58598b195cc3df90e14fdfd8ea39aeb4e0af
2023-08,2023-08-25,Dhaka,80,80.0,False,poppler_pdftotext_layout_table_6,https://objectstorage.ap-dcc-gazipur-1.oraclecloud15.com/n/axvjbnqprylg/b/V2Ministry/o/office-doe/2024/12/266b7f68d65c4f44a148260ad38343f2.pdf,2b30d8f143d4704ec39a80ede9dd58598b195cc3df90e14fdfd8ea39aeb4e0af
2023-08,2023-08-26,Dhaka,102,102.0,False,poppler_pdftotext_layout_table_6,https://objectstorage.ap-dcc-gazipur-1.oraclecloud15.com/n/axvjbnqprylg/b/V2Ministry/o/office-doe/2024/12/266b7f68d65c4f44a148260ad38343f2.pdf,2b30d8f143d4704ec39a80ede9dd58598b195cc3df90e14fdfd8ea39aeb4e0af
2023-08,2023-08-27,Dhaka,160,160.0,False,poppler_pdftotext_layout_table_6,https://objectstorage.ap-dcc-gazipur-1.oraclecloud15.com/n/axvjbnqprylg/b/V2Ministry/o/office-doe/2024/12/266b7f68d65c4f44a148260ad38343f2.pdf,2b30d8f143d4704ec39a80ede9dd58598b195cc3df90e14fdfd8ea39aeb4e0af
2023-08,2023-08-28,Dhaka,DNA,,True,poppler_pdftotext_layout_table_6,https://objectstorage.ap-dcc-gazipur-1.oraclecloud15.com/n/axvjbnqprylg/b/V2Ministry/o/office-doe/2024/12/266b7f68d65c4f44a148260ad38343f2.pdf,2b30d8f143d4704ec39a80ede9dd58598b195cc3df90e14fdfd8ea39aeb4e0af
2023-08,2023-08-29,Dhaka,178,178.0,False,poppler_pdftotext_layout_table_6,https://objectstorage.ap-dcc-gazipur-1.oraclecloud15.com/n/axvjbnqprylg/b/V2Ministry/o/office-doe/2024/12/266b7f68d65c4f44a148260ad38343f2.pdf,2b30d8f143d4704ec39a80ede9dd58598b195cc3df90e14fdfd8ea39aeb4e0af
2023-08,2023-08-30,Dhaka,187,187.0,False,poppler_pdftotext_layout_table_6,https://objectstorage.ap-dcc-gazipur-1.oraclecloud15.com/n/axvjbnqprylg/b/V2Ministry/o/office-doe/2024/12/266b7f68d65c4f44a148260ad38343f2.pdf,2b30d8f143d4704ec39a80ede9dd58598b195cc3df90e14fdfd8ea39aeb4e0af
2023-08,2023-08-31,Dhaka,188,188.0,False,poppler_pdftotext_layout_table_6,https://objectstorage.ap-dcc-gazipur-1.oraclecloud15.com/n/axvjbnqprylg/b/V2Ministry/o/office-doe/2024/12/266b7f68d65c4f44a148260ad38343f2.pdf,2b30d8f143d4704ec39a80ede9dd58598b195cc3df90e14fdfd8ea39aeb4e0af
2023-09,2023-09-01,Dhaka,173,173.0,False,poppler_pdftotext_layout_table_6,https://objectstorage.ap-dcc-gazipur-1.oraclecloud15.com/n/axvjbnqprylg/b/V2Ministry/o/office-doe/2024/12/0760aded3b324c0cbf3eee1c240c56f5.pdf,8336d97a21623da86b7e0dfcfe86444cdaa94e35a18fae1499cbbd76ed193971
2023-09,2023-09-02,Dhaka,164,164.0,False,poppler_pdftotext_layout_table_6,https://objectstorage.ap-dcc-gazipur-1.oraclecloud15.com/n/axvjbnqprylg/b/V2Ministry/o/office-doe/2024/12/0760aded3b324c0cbf3eee1c240c56f5.pdf,8336d97a21623da86b7e0dfcfe86444cdaa94e35a18fae1499cbbd76ed193971
2023-09,2023-09-03,Dhaka,122,122.0,False,poppler_pdftotext_layout_table_6,https://objectstorage.ap-dcc-gazipur-1.oraclecloud15.com/n/axvjbnqprylg/b/V2Ministry/o/office-doe/2024/12/0760aded3b324c0cbf3eee1c240c56f5.pdf,8336d97a21623da86b7e0dfcfe86444cdaa94e35a18fae1499cbbd76ed193971
2023-09,2023-09-04,Dhaka,108,108.0,False,poppler_pdftotext_layout_table_6,https://objectstorage.ap-dcc-gazipur-1.oraclecloud15.com/n/axvjbnqprylg/b/V2Ministry/o/office-doe/2024/12/0760aded3b324c0cbf3eee1c240c56f5.pdf,8336d97a21623da86b7e0dfcfe86444cdaa94e35a18fae1499cbbd76ed193971
2023-09,2023-09-05,Dhaka,127,127.0,False,poppler_pdftotext_layout_table_6,https://objectstorage.ap-dcc-gazipur-1.oraclecloud15.com/n/axvjbnqprylg/b/V2Ministry/o/office-doe/2024/12/0760aded3b324c0cbf3eee1c240c56f5.pdf,8336d97a21623da86b7e0dfcfe86444cdaa94e35a18fae1499cbbd76ed193971
2023-09,2023-09-06,Dhaka,127,127.0,False,poppler_pdftotext_layout_table_6,https://objectstorage.ap-dcc-gazipur-1.oraclecloud15.com/n/axvjbnqprylg/b/V2Ministry/o/office-doe/2024/12/0760aded3b324c0cbf3eee1c240c56f5.pdf,8336d97a21623da86b7e0dfcfe86444cdaa94e35a18fae1499cbbd76ed193971
2023-09,2023-09-07,Dhaka,81,81.0,False,poppler_pdftotext_layout_table_6,https://objectstorage.ap-dcc-gazipur-1.oraclecloud15.com/n/axvjbnqprylg/b/V2Ministry/o/office-doe/2024/12/0760aded3b324c0cbf3eee1c240c56f5.pdf,8336d97a21623da86b7e0dfcfe86444cdaa94e35a18fae1499cbbd76ed193971
2023-09,2023-09-08,Dhaka,92,92.0,False,poppler_pdftotext_layout_table_6,https://objectstorage.ap-dcc-gazipur-1.oraclecloud15.com/n/axvjbnqprylg/b/V2Ministry/o/office-doe/2024/12/0760aded3b324c0cbf3eee1c240c56f5.pdf,8336d97a21623da86b7e0dfcfe86444cdaa94e35a18fae1499cbbd76ed193971
2023-09,2023-09-09,Dhaka,149,149.0,False,poppler_pdftotext_layout_table_6,https://objectstorage.ap-dcc-gazipur-1.oraclecloud15.com/n/axvjbnqprylg/b/V2Ministry/o/office-doe/2024/12/0760aded3b324c0cbf3eee1c240c56f5.pdf,8336d97a21623da86b7e0dfcfe86444cdaa94e35a18fae1499cbbd76ed193971
2023-09,2023-09-10,Dhaka,148,148.0,False,poppler_pdftotext_layout_table_6,https://objectstorage.ap-dcc-gazipur-1.oraclecloud15.com/n/axvjbnqprylg/b/V2Ministry/o/office-doe/2024/12/0760aded3b324c0cbf3eee1c240c56f5.pdf,8336d97a21623da86b7e0dfcfe86444cdaa94e35a18fae1499cbbd76ed193971
2023-09,2023-09-11,Dhaka,132,132.0,False,poppler_pdftotext_layout_table_6,https://objectstorage.ap-dcc-gazipur-1.oraclecloud15.com/n/axvjbnqprylg/b/V2Ministry/o/office-doe/2024/12/0760aded3b324c0cbf3eee1c240c56f5.pdf,8336d97a21623da86b7e0dfcfe86444cdaa94e35a18fae1499cbbd76ed193971
2023-09,2023-09-12,Dhaka,130,130.0,False,poppler_pdftotext_layout_table_6,https://objectstorage.ap-dcc-gazipur-1.oraclecloud15.com/n/axvjbnqprylg/b/V2Ministry/o/office-doe/2024/12/0760aded3b324c0cbf3eee1c240c56f5.pdf,8336d97a21623da86b7e0dfcfe86444cdaa94e35a18fae1499cbbd76ed193971
2023-09,2023-09-13,Dhaka,97,97.0,False,poppler_pdftotext_layout_table_6,https://objectstorage.ap-dcc-gazipur-1.oraclecloud15.com/n/axvjbnqprylg/b/V2Ministry/o/office-doe/2024/12/0760aded3b324c0cbf3eee1c240c56f5.pdf,8336d97a21623da86b7e0dfcfe86444cdaa94e35a18fae1499cbbd76ed193971
2023-09,2023-09-14,Dhaka,88,88.0,False,poppler_pdftotext_layout_table_6,https://objectstorage.ap-dcc-gazipur-1.oraclecloud15.com/n/axvjbnqprylg/b/V2Ministry/o/office-doe/2024/12/0760aded3b324c0cbf3eee1c240c56f5.pdf,8336d97a21623da86b7e0dfcfe86444cdaa94e35a18fae1499cbbd76ed193971
2023-09,2023-09-15,Dhaka,82,82.0,False,poppler_pdftotext_layout_table_6,https://objectstorage.ap-dcc-gazipur-1.oraclecloud15.com/n/axvjbnqprylg/b/V2Ministry/o/office-doe/2024/12/0760aded3b324c0cbf3eee1c240c56f5.pdf,8336d97a21623da86b7e0dfcfe86444cdaa94e35a18fae1499cbbd76ed193971
2023-09,2023-09-16,Dhaka,121,121.0,False,poppler_pdftotext_layout_table_6,https://objectstorage.ap-dcc-gazipur-1.oraclecloud15.com/n/axvjbnqprylg/b/V2Ministry/o/office-doe/2024/12/0760aded3b324c0cbf3eee1c240c56f5.pdf,8336d97a21623da86b7e0dfcfe86444cdaa94e35a18fae1499cbbd76ed193971
2023-09,2023-09-17,Dhaka,131,131.0,False,poppler_pdftotext_layout_table_6,https://objectstorage.ap-dcc-gazipur-1.oraclecloud15.com/n/axvjbnqprylg/b/V2Ministry/o/office-doe/2024/12/0760aded3b324c0cbf3eee1c240c56f5.pdf,8336d97a21623da86b7e0dfcfe86444cdaa94e35a18fae1499cbbd76ed193971
2023-09,2023-09-18,Dhaka,129,129.0,False,poppler_pdftotext_layout_table_6,https://objectstorage.ap-dcc-gazipur-1.oraclecloud15.com/n/axvjbnqprylg/b/V2Ministry/o/office-doe/2024/12/0760aded3b324c0cbf3eee1c240c56f5.pdf,8336d97a21623da86b7e0dfcfe86444cdaa94e35a18fae1499cbbd76ed193971
2023-09,2023-09-19,Dhaka,79,79.0,False,poppler_pdftotext_layout_table_6,https://objectstorage.ap-dcc-gazipur-1.oraclecloud15.com/n/axvjbnqprylg/b/V2Ministry/o/office-doe/2024/12/0760aded3b324c0cbf3eee1c240c56f5.pdf,8336d97a21623da86b7e0dfcfe86444cdaa94e35a18fae1499cbbd76ed193971
2023-09,2023-09-20,Dhaka,81,81.0,False,poppler_pdftotext_layout_table_6,https://objectstorage.ap-dcc-gazipur-1.oraclecloud15.com/n/axvjbnqprylg/b/V2Ministry/o/office-doe/2024/12/0760aded3b324c0cbf3eee1c240c56f5.pdf,8336d97a21623da86b7e0dfcfe86444cdaa94e35a18fae1499cbbd76ed193971
2023-09,2023-09-21,Dhaka,82,82.0,False,poppler_pdftotext_layout_table_6,https://objectstorage.ap-dcc-gazipur-1.oraclecloud15.com/n/axvjbnqprylg/b/V2Ministry/o/office-doe/2024/12/0760aded3b324c0cbf3eee1c240c56f5.pdf,8336d97a21623da86b7e0dfcfe86444cdaa94e35a18fae1499cbbd76ed193971
2023-09,2023-09-22,Dhaka,110,110.0,False,poppler_pdftotext_layout_table_6,https://objectstorage.ap-dcc-gazipur-1.oraclecloud15.com/n/axvjbnqprylg/b/V2Ministry/o/office-doe/2024/12/0760aded3b324c0cbf3eee1c240c56f5.pdf,8336d97a21623da86b7e0dfcfe86444cdaa94e35a18fae1499cbbd76ed193971
2023-09,2023-09-23,Dhaka,74,74.0,False,poppler_pdftotext_layout_table_6,https://objectstorage.ap-dcc-gazipur-1.oraclecloud15.com/n/axvjbnqprylg/b/V2Ministry/o/office-doe/2024/12/0760aded3b324c0cbf3eee1c240c56f5.pdf,8336d97a21623da86b7e0dfcfe86444cdaa94e35a18fae1499cbbd76ed193971
2023-09,2023-09-24,Dhaka,76,76.0,False,poppler_pdftotext_layout_table_6,https://objectstorage.ap-dcc-gazipur-1.oraclecloud15.com/n/axvjbnqprylg/b/V2Ministry/o/office-doe/2024/12/0760aded3b324c0cbf3eee1c240c56f5.pdf,8336d97a21623da86b7e0dfcfe86444cdaa94e35a18fae1499cbbd76ed193971
2023-09,2023-09-25,Dhaka,97,97.0,False,poppler_pdftotext_layout_table_6,https://objectstorage.ap-dcc-gazipur-1.oraclecloud15.com/n/axvjbnqprylg/b/V2Ministry/o/office-doe/2024/12/0760aded3b324c0cbf3eee1c240c56f5.pdf,8336d97a21623da86b7e0dfcfe86444cdaa94e35a18fae1499cbbd76ed193971
2023-09,2023-09-26,Dhaka,141,141.0,False,poppler_pdftotext_layout_table_6,https://objectstorage.ap-dcc-gazipur-1.oraclecloud15.com/n/axvjbnqprylg/b/V2Ministry/o/office-doe/2024/12/0760aded3b324c0cbf3eee1c240c56f5.pdf,8336d97a21623da86b7e0dfcfe86444cdaa94e35a18fae1499cbbd76ed193971
2023-09,2023-09-27,Dhaka,142,142.0,False,poppler_pdftotext_layout_table_6,https://objectstorage.ap-dcc-gazipur-1.oraclecloud15.com/n/axvjbnqprylg/b/V2Ministry/o/office-doe/2024/12/0760aded3b324c0cbf3eee1c240c56f5.pdf,8336d97a21623da86b7e0dfcfe86444cdaa94e35a18fae1499cbbd76ed193971
2023-09,2023-09-28,Dhaka,154,154.0,False,poppler_pdftotext_layout_table_6,https://objectstorage.ap-dcc-gazipur-1.oraclecloud15.com/n/axvjbnqprylg/b/V2Ministry/o/office-doe/2024/12/0760aded3b324c0cbf3eee1c240c56f5.pdf,8336d97a21623da86b7e0dfcfe86444cdaa94e35a18fae1499cbbd76ed193971
2023-09,2023-09-29,Dhaka,127,127.0,False,poppler_pdftotext_layout_table_6,https://objectstorage.ap-dcc-gazipur-1.oraclecloud15.com/n/axvjbnqprylg/b/V2Ministry/o/office-doe/2024/12/0760aded3b324c0cbf3eee1c240c56f5.pdf,8336d97a21623da86b7e0dfcfe86444cdaa94e35a18fae1499cbbd76ed193971
2023-09,2023-09-30,Dhaka,114,114.0,False,poppler_pdftotext_layout_table_6,https://objectstorage.ap-dcc-gazipur-1.oraclecloud15.com/n/axvjbnqprylg/b/V2Ministry/o/office-doe/2024/12/0760aded3b324c0cbf3eee1c240c56f5.pdf,8336d97a21623da86b7e0dfcfe86444cdaa94e35a18fae1499cbbd76ed193971
2023-10,2023-10-01,Dhaka,87,87.0,False,poppler_pdftotext_layout_table_6,https://objectstorage.ap-dcc-gazipur-1.oraclecloud15.com/n/axvjbnqprylg/b/V2Ministry/o/office-doe/2024/12/b39bf91aba8249a79ade3aa30087caaa.pdf,91785a7d9301ba8fd4f9c685cb7b7568fe5e318947ea83fa205ff8559dc1d81e
2023-10,2023-10-02,Dhaka,105,105.0,False,poppler_pdftotext_layout_table_6,https://objectstorage.ap-dcc-gazipur-1.oraclecloud15.com/n/axvjbnqprylg/b/V2Ministry/o/office-doe/2024/12/b39bf91aba8249a79ade3aa30087caaa.pdf,91785a7d9301ba8fd4f9c685cb7b7568fe5e318947ea83fa205ff8559dc1d81e
2023-10,2023-10-03,Dhaka,88,88.0,False,poppler_pdftotext_layout_table_6,https://objectstorage.ap-dcc-gazipur-1.oraclecloud15.com/n/axvjbnqprylg/b/V2Ministry/o/office-doe/2024/12/b39bf91aba8249a79ade3aa30087caaa.pdf,91785a7d9301ba8fd4f9c685cb7b7568fe5e318947ea83fa205ff8559dc1d81e
2023-10,2023-10-04,Dhaka,84,84.0,False,poppler_pdftotext_layout_table_6,https://objectstorage.ap-dcc-gazipur-1.oraclecloud15.com/n/axvjbnqprylg/b/V2Ministry/o/office-doe/2024/12/b39bf91aba8249a79ade3aa30087caaa.pdf,91785a7d9301ba8fd4f9c685cb7b7568fe5e318947ea83fa205ff8559dc1d81e
2023-10,2023-10-05,Dhaka,114,114.0,False,poppler_pdftotext_layout_table_6,https://objectstorage.ap-dcc-gazipur-1.oraclecloud15.com/n/axvjbnqprylg/b/V2Ministry/o/office-doe/2024/12/b39bf91aba8249a79ade3aa30087caaa.pdf,91785a7d9301ba8fd4f9c685cb7b7568fe5e318947ea83fa205ff8559dc1d81e
2023-10,2023-10-06,Dhaka,117,117.0,False,poppler_pdftotext_layout_table_6,https://objectstorage.ap-dcc-gazipur-1.oraclecloud15.com/n/axvjbnqprylg/b/V2Ministry/o/office-doe/2024/12/b39bf91aba8249a79ade3aa30087caaa.pdf,91785a7d9301ba8fd4f9c685cb7b7568fe5e318947ea83fa205ff8559dc1d81e
2023-10,2023-10-07,Dhaka,121,121.0,False,poppler_pdftotext_layout_table_6,https://objectstorage.ap-dcc-gazipur-1.oraclecloud15.com/n/axvjbnqprylg/b/V2Ministry/o/office-doe/2024/12/b39bf91aba8249a79ade3aa30087caaa.pdf,91785a7d9301ba8fd4f9c685cb7b7568fe5e318947ea83fa205ff8559dc1d81e
2023-10,2023-10-08,Dhaka,115,115.0,False,poppler_pdftotext_layout_table_6,https://objectstorage.ap-dcc-gazipur-1.oraclecloud15.com/n/axvjbnqprylg/b/V2Ministry/o/office-doe/2024/12/b39bf91aba8249a79ade3aa30087caaa.pdf,91785a7d9301ba8fd4f9c685cb7b7568fe5e318947ea83fa205ff8559dc1d81e
2023-10,2023-10-09,Dhaka,159,159.0,False,poppler_pdftotext_layout_table_6,https://objectstorage.ap-dcc-gazipur-1.oraclecloud15.com/n/axvjbnqprylg/b/V2Ministry/o/office-doe/2024/12/b39bf91aba8249a79ade3aa30087caaa.pdf,91785a7d9301ba8fd4f9c685cb7b7568fe5e318947ea83fa205ff8559dc1d81e
2023-10,2023-10-10,Dhaka,175,175.0,False,poppler_pdftotext_layout_table_6,https://objectstorage.ap-dcc-gazipur-1.oraclecloud15.com/n/axvjbnqprylg/b/V2Ministry/o/office-doe/2024/12/b39bf91aba8249a79ade3aa30087caaa.pdf,91785a7d9301ba8fd4f9c685cb7b7568fe5e318947ea83fa205ff8559dc1d81e
2023-10,2023-10-11,Dhaka,182,182.0,False,poppler_pdftotext_layout_table_6,https://objectstorage.ap-dcc-gazipur-1.oraclecloud15.com/n/axvjbnqprylg/b/V2Ministry/o/office-doe/2024/12/b39bf91aba8249a79ade3aa30087caaa.pdf,91785a7d9301ba8fd4f9c685cb7b7568fe5e318947ea83fa205ff8559dc1d81e
2023-10,2023-10-12,Dhaka,163,163.0,False,poppler_pdftotext_layout_table_6,https://objectstorage.ap-dcc-gazipur-1.oraclecloud15.com/n/axvjbnqprylg/b/V2Ministry/o/office-doe/2024/12/b39bf91aba8249a79ade3aa30087caaa.pdf,91785a7d9301ba8fd4f9c685cb7b7568fe5e318947ea83fa205ff8559dc1d81e
2023-10,2023-10-13,Dhaka,158,158.0,False,poppler_pdftotext_layout_table_6,https://objectstorage.ap-dcc-gazipur-1.oraclecloud15.com/n/axvjbnqprylg/b/V2Ministry/o/office-doe/2024/12/b39bf91aba8249a79ade3aa30087caaa.pdf,91785a7d9301ba8fd4f9c685cb7b7568fe5e318947ea83fa205ff8559dc1d81e
2023-10,2023-10-14,Dhaka,198,198.0,False,poppler_pdftotext_layout_table_6,https://objectstorage.ap-dcc-gazipur-1.oraclecloud15.com/n/axvjbnqprylg/b/V2Ministry/o/office-doe/2024/12/b39bf91aba8249a79ade3aa30087caaa.pdf,91785a7d9301ba8fd4f9c685cb7b7568fe5e318947ea83fa205ff8559dc1d81e
2023-10,2023-10-15,Dhaka,177,177.0,False,poppler_pdftotext_layout_table_6,https://objectstorage.ap-dcc-gazipur-1.oraclecloud15.com/n/axvjbnqprylg/b/V2Ministry/o/office-doe/2024/12/b39bf91aba8249a79ade3aa30087caaa.pdf,91785a7d9301ba8fd4f9c685cb7b7568fe5e318947ea83fa205ff8559dc1d81e
2023-10,2023-10-16,Dhaka,188,188.0,False,poppler_pdftotext_layout_table_6,https://objectstorage.ap-dcc-gazipur-1.oraclecloud15.com/n/axvjbnqprylg/b/V2Ministry/o/office-doe/2024/12/b39bf91aba8249a79ade3aa30087caaa.pdf,91785a7d9301ba8fd4f9c685cb7b7568fe5e318947ea83fa205ff8559dc1d81e
2023-10,2023-10-17,Dhaka,181,181.0,False,poppler_pdftotext_layout_table_6,https://objectstorage.ap-dcc-gazipur-1.oraclecloud15.com/n/axvjbnqprylg/b/V2Ministry/o/office-doe/2024/12/b39bf91aba8249a79ade3aa30087caaa.pdf,91785a7d9301ba8fd4f9c685cb7b7568fe5e318947ea83fa205ff8559dc1d81e
2023-10,2023-10-18,Dhaka,165,165.0,False,poppler_pdftotext_layout_table_6,https://objectstorage.ap-dcc-gazipur-1.oraclecloud15.com/n/axvjbnqprylg/b/V2Ministry/o/office-doe/2024/12/b39bf91aba8249a79ade3aa30087caaa.pdf,91785a7d9301ba8fd4f9c685cb7b7568fe5e318947ea83fa205ff8559dc1d81e
2023-10,2023-10-19,Dhaka,153,153.0,False,poppler_pdftotext_layout_table_6,https://objectstorage.ap-dcc-gazipur-1.oraclecloud15.com/n/axvjbnqprylg/b/V2Ministry/o/office-doe/2024/12/b39bf91aba8249a79ade3aa30087caaa.pdf,91785a7d9301ba8fd4f9c685cb7b7568fe5e318947ea83fa205ff8559dc1d81e
2023-10,2023-10-20,Dhaka,142,142.0,False,poppler_pdftotext_layout_table_6,https://objectstorage.ap-dcc-gazipur-1.oraclecloud15.com/n/axvjbnqprylg/b/V2Ministry/o/office-doe/2024/12/b39bf91aba8249a79ade3aa30087caaa.pdf,91785a7d9301ba8fd4f9c685cb7b7568fe5e318947ea83fa205ff8559dc1d81e
2023-10,2023-10-21,Dhaka,144,144.0,False,poppler_pdftotext_layout_table_6,https://objectstorage.ap-dcc-gazipur-1.oraclecloud15.com/n/axvjbnqprylg/b/V2Ministry/o/office-doe/2024/12/b39bf91aba8249a79ade3aa30087caaa.pdf,91785a7d9301ba8fd4f9c685cb7b7568fe5e318947ea83fa205ff8559dc1d81e
2023-10,2023-10-22,Dhaka,152,152.0,False,poppler_pdftotext_layout_table_6,https://objectstorage.ap-dcc-gazipur-1.oraclecloud15.com/n/axvjbnqprylg/b/V2Ministry/o/office-doe/2024/12/b39bf91aba8249a79ade3aa30087caaa.pdf,91785a7d9301ba8fd4f9c685cb7b7568fe5e318947ea83fa205ff8559dc1d81e
2023-10,2023-10-23,Dhaka,158,158.0,False,poppler_pdftotext_layout_table_6,https://objectstorage.ap-dcc-gazipur-1.oraclecloud15.com/n/axvjbnqprylg/b/V2Ministry/o/office-doe/2024/12/b39bf91aba8249a79ade3aa30087caaa.pdf,91785a7d9301ba8fd4f9c685cb7b7568fe5e318947ea83fa205ff8559dc1d81e
2023-10,2023-10-24,Dhaka,106,106.0,False,poppler_pdftotext_layout_table_6,https://objectstorage.ap-dcc-gazipur-1.oraclecloud15.com/n/axvjbnqprylg/b/V2Ministry/o/office-doe/2024/12/b39bf91aba8249a79ade3aa30087caaa.pdf,91785a7d9301ba8fd4f9c685cb7b7568fe5e318947ea83fa205ff8559dc1d81e
2023-10,2023-10-25,Dhaka,109,109.0,False,poppler_pdftotext_layout_table_6,https://objectstorage.ap-dcc-gazipur-1.oraclecloud15.com/n/axvjbnqprylg/b/V2Ministry/o/office-doe/2024/12/b39bf91aba8249a79ade3aa30087caaa.pdf,91785a7d9301ba8fd4f9c685cb7b7568fe5e318947ea83fa205ff8559dc1d81e
2023-10,2023-10-26,Dhaka,142,142.0,False,poppler_pdftotext_layout_table_6,https://objectstorage.ap-dcc-gazipur-1.oraclecloud15.com/n/axvjbnqprylg/b/V2Ministry/o/office-doe/2024/12/b39bf91aba8249a79ade3aa30087caaa.pdf,91785a7d9301ba8fd4f9c685cb7b7568fe5e318947ea83fa205ff8559dc1d81e
2023-10,2023-10-27,Dhaka,159,159.0,False,poppler_pdftotext_layout_table_6,https://objectstorage.ap-dcc-gazipur-1.oraclecloud15.com/n/axvjbnqprylg/b/V2Ministry/o/office-doe/2024/12/b39bf91aba8249a79ade3aa30087caaa.pdf,91785a7d9301ba8fd4f9c685cb7b7568fe5e318947ea83fa205ff8559dc1d81e
2023-10,2023-10-28,Dhaka,164,164.0,False,poppler_pdftotext_layout_table_6,https://objectstorage.ap-dcc-gazipur-1.oraclecloud15.com/n/axvjbnqprylg/b/V2Ministry/o/office-doe/2024/12/b39bf91aba8249a79ade3aa30087caaa.pdf,91785a7d9301ba8fd4f9c685cb7b7568fe5e318947ea83fa205ff8559dc1d81e
2023-10,2023-10-29,Dhaka,161,161.0,False,poppler_pdftotext_layout_table_6,https://objectstorage.ap-dcc-gazipur-1.oraclecloud15.com/n/axvjbnqprylg/b/V2Ministry/o/office-doe/2024/12/b39bf91aba8249a79ade3aa30087caaa.pdf,91785a7d9301ba8fd4f9c685cb7b7568fe5e318947ea83fa205ff8559dc1d81e
2023-10,2023-10-30,Dhaka,173,173.0,False,poppler_pdftotext_layout_table_6,https://objectstorage.ap-dcc-gazipur-1.oraclecloud15.com/n/axvjbnqprylg/b/V2Ministry/o/office-doe/2024/12/b39bf91aba8249a79ade3aa30087caaa.pdf,91785a7d9301ba8fd4f9c685cb7b7568fe5e318947ea83fa205ff8559dc1d81e
2023-10,2023-10-31,Dhaka,173,173.0,False,poppler_pdftotext_layout_table_6,https://objectstorage.ap-dcc-gazipur-1.oraclecloud15.com/n/axvjbnqprylg/b/V2Ministry/o/office-doe/2024/12/b39bf91aba8249a79ade3aa30087caaa.pdf,91785a7d9301ba8fd4f9c685cb7b7568fe5e318947ea83fa205ff8559dc1d81e
2023-11,2023-11-01,Dhaka,159,159.0,False,poppler_pdftotext_layout_table_6,https://objectstorage.ap-dcc-gazipur-1.oraclecloud15.com/n/axvjbnqprylg/b/V2Ministry/o/office-doe/2024/12/7247a8f0dcc84551b49fed400c589726.pdf,addd75728cf19e5037da6d6f32e808de0374bb6210b2c39c0655034224cfe234
2023-11,2023-11-02,Dhaka,157,157.0,False,poppler_pdftotext_layout_table_6,https://objectstorage.ap-dcc-gazipur-1.oraclecloud15.com/n/axvjbnqprylg/b/V2Ministry/o/office-doe/2024/12/7247a8f0dcc84551b49fed400c589726.pdf,addd75728cf19e5037da6d6f32e808de0374bb6210b2c39c0655034224cfe234
2023-11,2023-11-03,Dhaka,162,162.0,False,poppler_pdftotext_layout_table_6,https://objectstorage.ap-dcc-gazipur-1.oraclecloud15.com/n/axvjbnqprylg/b/V2Ministry/o/office-doe/2024/12/7247a8f0dcc84551b49fed400c589726.pdf,addd75728cf19e5037da6d6f32e808de0374bb6210b2c39c0655034224cfe234
2023-11,2023-11-04,Dhaka,169,169.0,False,poppler_pdftotext_layout_table_6,https://objectstorage.ap-dcc-gazipur-1.oraclecloud15.com/n/axvjbnqprylg/b/V2Ministry/o/office-doe/2024/12/7247a8f0dcc84551b49fed400c589726.pdf,addd75728cf19e5037da6d6f32e808de0374bb6210b2c39c0655034224cfe234
2023-11,2023-11-05,Dhaka,170,170.0,False,poppler_pdftotext_layout_table_6,https://objectstorage.ap-dcc-gazipur-1.oraclecloud15.com/n/axvjbnqprylg/b/V2Ministry/o/office-doe/2024/12/7247a8f0dcc84551b49fed400c589726.pdf,addd75728cf19e5037da6d6f32e808de0374bb6210b2c39c0655034224cfe234
2023-11,2023-11-06,Dhaka,164,164.0,False,poppler_pdftotext_layout_table_6,https://objectstorage.ap-dcc-gazipur-1.oraclecloud15.com/n/axvjbnqprylg/b/V2Ministry/o/office-doe/2024/12/7247a8f0dcc84551b49fed400c589726.pdf,addd75728cf19e5037da6d6f32e808de0374bb6210b2c39c0655034224cfe234
2023-11,2023-11-07,Dhaka,173,173.0,False,poppler_pdftotext_layout_table_6,https://objectstorage.ap-dcc-gazipur-1.oraclecloud15.com/n/axvjbnqprylg/b/V2Ministry/o/office-doe/2024/12/7247a8f0dcc84551b49fed400c589726.pdf,addd75728cf19e5037da6d6f32e808de0374bb6210b2c39c0655034224cfe234
2023-11,2023-11-08,Dhaka,173,173.0,False,poppler_pdftotext_layout_table_6,https://objectstorage.ap-dcc-gazipur-1.oraclecloud15.com/n/axvjbnqprylg/b/V2Ministry/o/office-doe/2024/12/7247a8f0dcc84551b49fed400c589726.pdf,addd75728cf19e5037da6d6f32e808de0374bb6210b2c39c0655034224cfe234
2023-11,2023-11-09,Dhaka,188,188.0,False,poppler_pdftotext_layout_table_6,https://objectstorage.ap-dcc-gazipur-1.oraclecloud15.com/n/axvjbnqprylg/b/V2Ministry/o/office-doe/2024/12/7247a8f0dcc84551b49fed400c589726.pdf,addd75728cf19e5037da6d6f32e808de0374bb6210b2c39c0655034224cfe234
2023-11,2023-11-10,Dhaka,173,173.0,False,poppler_pdftotext_layout_table_6,https://objectstorage.ap-dcc-gazipur-1.oraclecloud15.com/n/axvjbnqprylg/b/V2Ministry/o/office-doe/2024/12/7247a8f0dcc84551b49fed400c589726.pdf,addd75728cf19e5037da6d6f32e808de0374bb6210b2c39c0655034224cfe234
2023-11,2023-11-11,Dhaka,173,173.0,False,poppler_pdftotext_layout_table_6,https://objectstorage.ap-dcc-gazipur-1.oraclecloud15.com/n/axvjbnqprylg/b/V2Ministry/o/office-doe/2024/12/7247a8f0dcc84551b49fed400c589726.pdf,addd75728cf19e5037da6d6f32e808de0374bb6210b2c39c0655034224cfe234
2023-11,2023-11-12,Dhaka,168,168.0,False,poppler_pdftotext_layout_table_6,https://objectstorage.ap-dcc-gazipur-1.oraclecloud15.com/n/axvjbnqprylg/b/V2Ministry/o/office-doe/2024/12/7247a8f0dcc84551b49fed400c589726.pdf,addd75728cf19e5037da6d6f32e808de0374bb6210b2c39c0655034224cfe234
2023-11,2023-11-13,Dhaka,161,161.0,False,poppler_pdftotext_layout_table_6,https://objectstorage.ap-dcc-gazipur-1.oraclecloud15.com/n/axvjbnqprylg/b/V2Ministry/o/office-doe/2024/12/7247a8f0dcc84551b49fed400c589726.pdf,addd75728cf19e5037da6d6f32e808de0374bb6210b2c39c0655034224cfe234
2023-11,2023-11-14,Dhaka,172,172.0,False,poppler_pdftotext_layout_table_6,https://objectstorage.ap-dcc-gazipur-1.oraclecloud15.com/n/axvjbnqprylg/b/V2Ministry/o/office-doe/2024/12/7247a8f0dcc84551b49fed400c589726.pdf,addd75728cf19e5037da6d6f32e808de0374bb6210b2c39c0655034224cfe234
2023-11,2023-11-15,Dhaka,161,161.0,False,poppler_pdftotext_layout_table_6,https://objectstorage.ap-dcc-gazipur-1.oraclecloud15.com/n/axvjbnqprylg/b/V2Ministry/o/office-doe/2024/12/7247a8f0dcc84551b49fed400c589726.pdf,addd75728cf19e5037da6d6f32e808de0374bb6210b2c39c0655034224cfe234
2023-11,2023-11-16,Dhaka,180,180.0,False,poppler_pdftotext_layout_table_6,https://objectstorage.ap-dcc-gazipur-1.oraclecloud15.com/n/axvjbnqprylg/b/V2Ministry/o/office-doe/2024/12/7247a8f0dcc84551b49fed400c589726.pdf,addd75728cf19e5037da6d6f32e808de0374bb6210b2c39c0655034224cfe234
2023-11,2023-11-17,Dhaka,83,83.0,False,poppler_pdftotext_layout_table_6,https://objectstorage.ap-dcc-gazipur-1.oraclecloud15.com/n/axvjbnqprylg/b/V2Ministry/o/office-doe/2024/12/7247a8f0dcc84551b49fed400c589726.pdf,addd75728cf19e5037da6d6f32e808de0374bb6210b2c39c0655034224cfe234
2023-11,2023-11-18,Dhaka,86,86.0,False,poppler_pdftotext_layout_table_6,https://objectstorage.ap-dcc-gazipur-1.oraclecloud15.com/n/axvjbnqprylg/b/V2Ministry/o/office-doe/2024/12/7247a8f0dcc84551b49fed400c589726.pdf,addd75728cf19e5037da6d6f32e808de0374bb6210b2c39c0655034224cfe234
2023-11,2023-11-19,Dhaka,125,125.0,False,poppler_pdftotext_layout_table_6,https://objectstorage.ap-dcc-gazipur-1.oraclecloud15.com/n/axvjbnqprylg/b/V2Ministry/o/office-doe/2024/12/7247a8f0dcc84551b49fed400c589726.pdf,addd75728cf19e5037da6d6f32e808de0374bb6210b2c39c0655034224cfe234
2023-11,2023-11-20,Dhaka,151,151.0,False,poppler_pdftotext_layout_table_6,https://objectstorage.ap-dcc-gazipur-1.oraclecloud15.com/n/axvjbnqprylg/b/V2Ministry/o/office-doe/2024/12/7247a8f0dcc84551b49fed400c589726.pdf,addd75728cf19e5037da6d6f32e808de0374bb6210b2c39c0655034224cfe234
2023-11,2023-11-21,Dhaka,187,187.0,False,poppler_pdftotext_layout_table_6,https://objectstorage.ap-dcc-gazipur-1.oraclecloud15.com/n/axvjbnqprylg/b/V2Ministry/o/office-doe/2024/12/7247a8f0dcc84551b49fed400c589726.pdf,addd75728cf19e5037da6d6f32e808de0374bb6210b2c39c0655034224cfe234
2023-11,2023-11-22,Dhaka,211,211.0,False,poppler_pdftotext_layout_table_6,https://objectstorage.ap-dcc-gazipur-1.oraclecloud15.com/n/axvjbnqprylg/b/V2Ministry/o/office-doe/2024/12/7247a8f0dcc84551b49fed400c589726.pdf,addd75728cf19e5037da6d6f32e808de0374bb6210b2c39c0655034224cfe234
2023-11,2023-11-23,Dhaka,211,211.0,False,poppler_pdftotext_layout_table_6,https://objectstorage.ap-dcc-gazipur-1.oraclecloud15.com/n/axvjbnqprylg/b/V2Ministry/o/office-doe/2024/12/7247a8f0dcc84551b49fed400c589726.pdf,addd75728cf19e5037da6d6f32e808de0374bb6210b2c39c0655034224cfe234
2023-11,2023-11-24,Dhaka,200,200.0,False,poppler_pdftotext_layout_table_6,https://objectstorage.ap-dcc-gazipur-1.oraclecloud15.com/n/axvjbnqprylg/b/V2Ministry/o/office-doe/2024/12/7247a8f0dcc84551b49fed400c589726.pdf,addd75728cf19e5037da6d6f32e808de0374bb6210b2c39c0655034224cfe234
2023-11,2023-11-25,Dhaka,178,178.0,False,poppler_pdftotext_layout_table_6,https://objectstorage.ap-dcc-gazipur-1.oraclecloud15.com/n/axvjbnqprylg/b/V2Ministry/o/office-doe/2024/12/7247a8f0dcc84551b49fed400c589726.pdf,addd75728cf19e5037da6d6f32e808de0374bb6210b2c39c0655034224cfe234
2023-11,2023-11-26,Dhaka,153,153.0,False,poppler_pdftotext_layout_table_6,https://objectstorage.ap-dcc-gazipur-1.oraclecloud15.com/n/axvjbnqprylg/b/V2Ministry/o/office-doe/2024/12/7247a8f0dcc84551b49fed400c589726.pdf,addd75728cf19e5037da6d6f32e808de0374bb6210b2c39c0655034224cfe234
2023-11,2023-11-27,Dhaka,143,143.0,False,poppler_pdftotext_layout_table_6,https://objectstorage.ap-dcc-gazipur-1.oraclecloud15.com/n/axvjbnqprylg/b/V2Ministry/o/office-doe/2024/12/7247a8f0dcc84551b49fed400c589726.pdf,addd75728cf19e5037da6d6f32e808de0374bb6210b2c39c0655034224cfe234
2023-11,2023-11-28,Dhaka,177,177.0,False,poppler_pdftotext_layout_table_6,https://objectstorage.ap-dcc-gazipur-1.oraclecloud15.com/n/axvjbnqprylg/b/V2Ministry/o/office-doe/2024/12/7247a8f0dcc84551b49fed400c589726.pdf,addd75728cf19e5037da6d6f32e808de0374bb6210b2c39c0655034224cfe234
2023-11,2023-11-29,Dhaka,170,170.0,False,poppler_pdftotext_layout_table_6,https://objectstorage.ap-dcc-gazipur-1.oraclecloud15.com/n/axvjbnqprylg/b/V2Ministry/o/office-doe/2024/12/7247a8f0dcc84551b49fed400c589726.pdf,addd75728cf19e5037da6d6f32e808de0374bb6210b2c39c0655034224cfe234
2023-11,2023-11-30,Dhaka,125,125.0,False,poppler_pdftotext_layout_table_6,https://objectstorage.ap-dcc-gazipur-1.oraclecloud15.com/n/axvjbnqprylg/b/V2Ministry/o/office-doe/2024/12/7247a8f0dcc84551b49fed400c589726.pdf,addd75728cf19e5037da6d6f32e808de0374bb6210b2c39c0655034224cfe234
2023-12,2023-12-01,Dhaka,163,163.0,False,poppler_pdftotext_layout_table_6,https://objectstorage.ap-dcc-gazipur-1.oraclecloud15.com/n/axvjbnqprylg/b/V2Ministry/o/office-doe/2024/12/446617e338664da8a3223118281cd56d.pdf,985819d13a44bb276de9aaabc8353ae2e02c40dc443a8d7a305854de9fee45f1
2023-12,2023-12-02,Dhaka,146,146.0,False,poppler_pdftotext_layout_table_6,https://objectstorage.ap-dcc-gazipur-1.oraclecloud15.com/n/axvjbnqprylg/b/V2Ministry/o/office-doe/2024/12/446617e338664da8a3223118281cd56d.pdf,985819d13a44bb276de9aaabc8353ae2e02c40dc443a8d7a305854de9fee45f1
2023-12,2023-12-03,Dhaka,162,162.0,False,poppler_pdftotext_layout_table_6,https://objectstorage.ap-dcc-gazipur-1.oraclecloud15.com/n/axvjbnqprylg/b/V2Ministry/o/office-doe/2024/12/446617e338664da8a3223118281cd56d.pdf,985819d13a44bb276de9aaabc8353ae2e02c40dc443a8d7a305854de9fee45f1
2023-12,2023-12-04,Dhaka,174,174.0,False,poppler_pdftotext_layout_table_6,https://objectstorage.ap-dcc-gazipur-1.oraclecloud15.com/n/axvjbnqprylg/b/V2Ministry/o/office-doe/2024/12/446617e338664da8a3223118281cd56d.pdf,985819d13a44bb276de9aaabc8353ae2e02c40dc443a8d7a305854de9fee45f1
2023-12,2023-12-05,Dhaka,172,172.0,False,poppler_pdftotext_layout_table_6,https://objectstorage.ap-dcc-gazipur-1.oraclecloud15.com/n/axvjbnqprylg/b/V2Ministry/o/office-doe/2024/12/446617e338664da8a3223118281cd56d.pdf,985819d13a44bb276de9aaabc8353ae2e02c40dc443a8d7a305854de9fee45f1
2023-12,2023-12-06,Dhaka,159,159.0,False,poppler_pdftotext_layout_table_6,https://objectstorage.ap-dcc-gazipur-1.oraclecloud15.com/n/axvjbnqprylg/b/V2Ministry/o/office-doe/2024/12/446617e338664da8a3223118281cd56d.pdf,985819d13a44bb276de9aaabc8353ae2e02c40dc443a8d7a305854de9fee45f1
2023-12,2023-12-07,Dhaka,129,129.0,False,poppler_pdftotext_layout_table_6,https://objectstorage.ap-dcc-gazipur-1.oraclecloud15.com/n/axvjbnqprylg/b/V2Ministry/o/office-doe/2024/12/446617e338664da8a3223118281cd56d.pdf,985819d13a44bb276de9aaabc8353ae2e02c40dc443a8d7a305854de9fee45f1
2023-12,2023-12-08,Dhaka,66,66.0,False,poppler_pdftotext_layout_table_6,https://objectstorage.ap-dcc-gazipur-1.oraclecloud15.com/n/axvjbnqprylg/b/V2Ministry/o/office-doe/2024/12/446617e338664da8a3223118281cd56d.pdf,985819d13a44bb276de9aaabc8353ae2e02c40dc443a8d7a305854de9fee45f1
2023-12,2023-12-09,Dhaka,200,200.0,False,poppler_pdftotext_layout_table_6,https://objectstorage.ap-dcc-gazipur-1.oraclecloud15.com/n/axvjbnqprylg/b/V2Ministry/o/office-doe/2024/12/446617e338664da8a3223118281cd56d.pdf,985819d13a44bb276de9aaabc8353ae2e02c40dc443a8d7a305854de9fee45f1
2023-12,2023-12-10,Dhaka,205,205.0,False,poppler_pdftotext_layout_table_6,https://objectstorage.ap-dcc-gazipur-1.oraclecloud15.com/n/axvjbnqprylg/b/V2Ministry/o/office-doe/2024/12/446617e338664da8a3223118281cd56d.pdf,985819d13a44bb276de9aaabc8353ae2e02c40dc443a8d7a305854de9fee45f1
2023-12,2023-12-11,Dhaka,236,236.0,False,poppler_pdftotext_layout_table_6,https://objectstorage.ap-dcc-gazipur-1.oraclecloud15.com/n/axvjbnqprylg/b/V2Ministry/o/office-doe/2024/12/446617e338664da8a3223118281cd56d.pdf,985819d13a44bb276de9aaabc8353ae2e02c40dc443a8d7a305854de9fee45f1
2023-12,2023-12-12,Dhaka,195,195.0,False,poppler_pdftotext_layout_table_6,https://objectstorage.ap-dcc-gazipur-1.oraclecloud15.com/n/axvjbnqprylg/b/V2Ministry/o/office-doe/2024/12/446617e338664da8a3223118281cd56d.pdf,985819d13a44bb276de9aaabc8353ae2e02c40dc443a8d7a305854de9fee45f1
2023-12,2023-12-13,Dhaka,227,227.0,False,poppler_pdftotext_layout_table_6,https://objectstorage.ap-dcc-gazipur-1.oraclecloud15.com/n/axvjbnqprylg/b/V2Ministry/o/office-doe/2024/12/446617e338664da8a3223118281cd56d.pdf,985819d13a44bb276de9aaabc8353ae2e02c40dc443a8d7a305854de9fee45f1
2023-12,2023-12-14,Dhaka,228,228.0,False,poppler_pdftotext_layout_table_6,https://objectstorage.ap-dcc-gazipur-1.oraclecloud15.com/n/axvjbnqprylg/b/V2Ministry/o/office-doe/2024/12/446617e338664da8a3223118281cd56d.pdf,985819d13a44bb276de9aaabc8353ae2e02c40dc443a8d7a305854de9fee45f1
2023-12,2023-12-15,Dhaka,170,170.0,False,poppler_pdftotext_layout_table_6,https://objectstorage.ap-dcc-gazipur-1.oraclecloud15.com/n/axvjbnqprylg/b/V2Ministry/o/office-doe/2024/12/446617e338664da8a3223118281cd56d.pdf,985819d13a44bb276de9aaabc8353ae2e02c40dc443a8d7a305854de9fee45f1
2023-12,2023-12-16,Dhaka,188,188.0,False,poppler_pdftotext_layout_table_6,https://objectstorage.ap-dcc-gazipur-1.oraclecloud15.com/n/axvjbnqprylg/b/V2Ministry/o/office-doe/2024/12/446617e338664da8a3223118281cd56d.pdf,985819d13a44bb276de9aaabc8353ae2e02c40dc443a8d7a305854de9fee45f1
2023-12,2023-12-17,Dhaka,195,195.0,False,poppler_pdftotext_layout_table_6,https://objectstorage.ap-dcc-gazipur-1.oraclecloud15.com/n/axvjbnqprylg/b/V2Ministry/o/office-doe/2024/12/446617e338664da8a3223118281cd56d.pdf,985819d13a44bb276de9aaabc8353ae2e02c40dc443a8d7a305854de9fee45f1
2023-12,2023-12-18,Dhaka,194,194.0,False,poppler_pdftotext_layout_table_6,https://objectstorage.ap-dcc-gazipur-1.oraclecloud15.com/n/axvjbnqprylg/b/V2Ministry/o/office-doe/2024/12/446617e338664da8a3223118281cd56d.pdf,985819d13a44bb276de9aaabc8353ae2e02c40dc443a8d7a305854de9fee45f1
2023-12,2023-12-19,Dhaka,210,210.0,False,poppler_pdftotext_layout_table_6,https://objectstorage.ap-dcc-gazipur-1.oraclecloud15.com/n/axvjbnqprylg/b/V2Ministry/o/office-doe/2024/12/446617e338664da8a3223118281cd56d.pdf,985819d13a44bb276de9aaabc8353ae2e02c40dc443a8d7a305854de9fee45f1
2023-12,2023-12-20,Dhaka,206,206.0,False,poppler_pdftotext_layout_table_6,https://objectstorage.ap-dcc-gazipur-1.oraclecloud15.com/n/axvjbnqprylg/b/V2Ministry/o/office-doe/2024/12/446617e338664da8a3223118281cd56d.pdf,985819d13a44bb276de9aaabc8353ae2e02c40dc443a8d7a305854de9fee45f1
2023-12,2023-12-21,Dhaka,202,202.0,False,poppler_pdftotext_layout_table_6,https://objectstorage.ap-dcc-gazipur-1.oraclecloud15.com/n/axvjbnqprylg/b/V2Ministry/o/office-doe/2024/12/446617e338664da8a3223118281cd56d.pdf,985819d13a44bb276de9aaabc8353ae2e02c40dc443a8d7a305854de9fee45f1
2023-12,2023-12-22,Dhaka,211,211.0,False,poppler_pdftotext_layout_table_6,https://objectstorage.ap-dcc-gazipur-1.oraclecloud15.com/n/axvjbnqprylg/b/V2Ministry/o/office-doe/2024/12/446617e338664da8a3223118281cd56d.pdf,985819d13a44bb276de9aaabc8353ae2e02c40dc443a8d7a305854de9fee45f1
2023-12,2023-12-23,Dhaka,220,220.0,False,poppler_pdftotext_layout_table_6,https://objectstorage.ap-dcc-gazipur-1.oraclecloud15.com/n/axvjbnqprylg/b/V2Ministry/o/office-doe/2024/12/446617e338664da8a3223118281cd56d.pdf,985819d13a44bb276de9aaabc8353ae2e02c40dc443a8d7a305854de9fee45f1
2023-12,2023-12-24,Dhaka,218,218.0,False,poppler_pdftotext_layout_table_6,https://objectstorage.ap-dcc-gazipur-1.oraclecloud15.com/n/axvjbnqprylg/b/V2Ministry/o/office-doe/2024/12/446617e338664da8a3223118281cd56d.pdf,985819d13a44bb276de9aaabc8353ae2e02c40dc443a8d7a305854de9fee45f1
2023-12,2023-12-25,Dhaka,203,203.0,False,poppler_pdftotext_layout_table_6,https://objectstorage.ap-dcc-gazipur-1.oraclecloud15.com/n/axvjbnqprylg/b/V2Ministry/o/office-doe/2024/12/446617e338664da8a3223118281cd56d.pdf,985819d13a44bb276de9aaabc8353ae2e02c40dc443a8d7a305854de9fee45f1
2023-12,2023-12-26,Dhaka,225,225.0,False,poppler_pdftotext_layout_table_6,https://objectstorage.ap-dcc-gazipur-1.oraclecloud15.com/n/axvjbnqprylg/b/V2Ministry/o/office-doe/2024/12/446617e338664da8a3223118281cd56d.pdf,985819d13a44bb276de9aaabc8353ae2e02c40dc443a8d7a305854de9fee45f1
2023-12,2023-12-27,Dhaka,229,229.0,False,poppler_pdftotext_layout_table_6,https://objectstorage.ap-dcc-gazipur-1.oraclecloud15.com/n/axvjbnqprylg/b/V2Ministry/o/office-doe/2024/12/446617e338664da8a3223118281cd56d.pdf,985819d13a44bb276de9aaabc8353ae2e02c40dc443a8d7a305854de9fee45f1
2023-12,2023-12-28,Dhaka,192,192.0,False,poppler_pdftotext_layout_table_6,https://objectstorage.ap-dcc-gazipur-1.oraclecloud15.com/n/axvjbnqprylg/b/V2Ministry/o/office-doe/2024/12/446617e338664da8a3223118281cd56d.pdf,985819d13a44bb276de9aaabc8353ae2e02c40dc443a8d7a305854de9fee45f1
2023-12,2023-12-29,Dhaka,178,178.0,False,poppler_pdftotext_layout_table_6,https://objectstorage.ap-dcc-gazipur-1.oraclecloud15.com/n/axvjbnqprylg/b/V2Ministry/o/office-doe/2024/12/446617e338664da8a3223118281cd56d.pdf,985819d13a44bb276de9aaabc8353ae2e02c40dc443a8d7a305854de9fee45f1
2023-12,2023-12-30,Dhaka,188,188.0,False,poppler_pdftotext_layout_table_6,https://objectstorage.ap-dcc-gazipur-1.oraclecloud15.com/n/axvjbnqprylg/b/V2Ministry/o/office-doe/2024/12/446617e338664da8a3223118281cd56d.pdf,985819d13a44bb276de9aaabc8353ae2e02c40dc443a8d7a305854de9fee45f1
2023-12,2023-12-31,Dhaka,202,202.0,False,poppler_pdftotext_layout_table_6,https://objectstorage.ap-dcc-gazipur-1.oraclecloud15.com/n/axvjbnqprylg/b/V2Ministry/o/office-doe/2024/12/446617e338664da8a3223118281cd56d.pdf,985819d13a44bb276de9aaabc8353ae2e02c40dc443a8d7a305854de9fee45f1
2024-01,2024-01-01,Dhaka,213,213.0,False,poppler_pdftotext_layout_table_6,https://objectstorage.ap-dcc-gazipur-1.oraclecloud15.com/n/axvjbnqprylg/b/V2Ministry/o/office-doe/2024/12/035a0086044145d69071e46e6e0993be.pdf,16ce3196bc4abbba3aeede0b8fa766b30d82cc9322f558a68207d76052d05fd1
2024-01,2024-01-02,Dhaka,214,214.0,False,poppler_pdftotext_layout_table_6,https://objectstorage.ap-dcc-gazipur-1.oraclecloud15.com/n/axvjbnqprylg/b/V2Ministry/o/office-doe/2024/12/035a0086044145d69071e46e6e0993be.pdf,16ce3196bc4abbba3aeede0b8fa766b30d82cc9322f558a68207d76052d05fd1
2024-01,2024-01-03,Dhaka,188,188.0,False,poppler_pdftotext_layout_table_6,https://objectstorage.ap-dcc-gazipur-1.oraclecloud15.com/n/axvjbnqprylg/b/V2Ministry/o/office-doe/2024/12/035a0086044145d69071e46e6e0993be.pdf,16ce3196bc4abbba3aeede0b8fa766b30d82cc9322f558a68207d76052d05fd1
2024-01,2024-01-04,Dhaka,225,225.0,False,poppler_pdftotext_layout_table_6,https://objectstorage.ap-dcc-gazipur-1.oraclecloud15.com/n/axvjbnqprylg/b/V2Ministry/o/office-doe/2024/12/035a0086044145d69071e46e6e0993be.pdf,16ce3196bc4abbba3aeede0b8fa766b30d82cc9322f558a68207d76052d05fd1
2024-01,2024-01-05,Dhaka,276,276.0,False,poppler_pdftotext_layout_table_6,https://objectstorage.ap-dcc-gazipur-1.oraclecloud15.com/n/axvjbnqprylg/b/V2Ministry/o/office-doe/2024/12/035a0086044145d69071e46e6e0993be.pdf,16ce3196bc4abbba3aeede0b8fa766b30d82cc9322f558a68207d76052d05fd1
2024-01,2024-01-06,Dhaka,205,205.0,False,poppler_pdftotext_layout_table_6,https://objectstorage.ap-dcc-gazipur-1.oraclecloud15.com/n/axvjbnqprylg/b/V2Ministry/o/office-doe/2024/12/035a0086044145d69071e46e6e0993be.pdf,16ce3196bc4abbba3aeede0b8fa766b30d82cc9322f558a68207d76052d05fd1
2024-01,2024-01-07,Dhaka,200,200.0,False,poppler_pdftotext_layout_table_6,https://objectstorage.ap-dcc-gazipur-1.oraclecloud15.com/n/axvjbnqprylg/b/V2Ministry/o/office-doe/2024/12/035a0086044145d69071e46e6e0993be.pdf,16ce3196bc4abbba3aeede0b8fa766b30d82cc9322f558a68207d76052d05fd1
2024-01,2024-01-08,Dhaka,206,206.0,False,poppler_pdftotext_layout_table_6,https://objectstorage.ap-dcc-gazipur-1.oraclecloud15.com/n/axvjbnqprylg/b/V2Ministry/o/office-doe/2024/12/035a0086044145d69071e46e6e0993be.pdf,16ce3196bc4abbba3aeede0b8fa766b30d82cc9322f558a68207d76052d05fd1
2024-01,2024-01-09,Dhaka,206,206.0,False,poppler_pdftotext_layout_table_6,https://objectstorage.ap-dcc-gazipur-1.oraclecloud15.com/n/axvjbnqprylg/b/V2Ministry/o/office-doe/2024/12/035a0086044145d69071e46e6e0993be.pdf,16ce3196bc4abbba3aeede0b8fa766b30d82cc9322f558a68207d76052d05fd1
2024-01,2024-01-10,Dhaka,228,228.0,False,poppler_pdftotext_layout_table_6,https://objectstorage.ap-dcc-gazipur-1.oraclecloud15.com/n/axvjbnqprylg/b/V2Ministry/o/office-doe/2024/12/035a0086044145d69071e46e6e0993be.pdf,16ce3196bc4abbba3aeede0b8fa766b30d82cc9322f558a68207d76052d05fd1
2024-01,2024-01-11,Dhaka,212,212.0,False,poppler_pdftotext_layout_table_6,https://objectstorage.ap-dcc-gazipur-1.oraclecloud15.com/n/axvjbnqprylg/b/V2Ministry/o/office-doe/2024/12/035a0086044145d69071e46e6e0993be.pdf,16ce3196bc4abbba3aeede0b8fa766b30d82cc9322f558a68207d76052d05fd1
2024-01,2024-01-12,Dhaka,228,228.0,False,poppler_pdftotext_layout_table_6,https://objectstorage.ap-dcc-gazipur-1.oraclecloud15.com/n/axvjbnqprylg/b/V2Ministry/o/office-doe/2024/12/035a0086044145d69071e46e6e0993be.pdf,16ce3196bc4abbba3aeede0b8fa766b30d82cc9322f558a68207d76052d05fd1
2024-01,2024-01-13,Dhaka,183,183.0,False,poppler_pdftotext_layout_table_6,https://objectstorage.ap-dcc-gazipur-1.oraclecloud15.com/n/axvjbnqprylg/b/V2Ministry/o/office-doe/2024/12/035a0086044145d69071e46e6e0993be.pdf,16ce3196bc4abbba3aeede0b8fa766b30d82cc9322f558a68207d76052d05fd1
2024-01,2024-01-14,Dhaka,185,185.0,False,poppler_pdftotext_layout_table_6,https://objectstorage.ap-dcc-gazipur-1.oraclecloud15.com/n/axvjbnqprylg/b/V2Ministry/o/office-doe/2024/12/035a0086044145d69071e46e6e0993be.pdf,16ce3196bc4abbba3aeede0b8fa766b30d82cc9322f558a68207d76052d05fd1
2024-01,2024-01-15,Dhaka,188,188.0,False,poppler_pdftotext_layout_table_6,https://objectstorage.ap-dcc-gazipur-1.oraclecloud15.com/n/axvjbnqprylg/b/V2Ministry/o/office-doe/2024/12/035a0086044145d69071e46e6e0993be.pdf,16ce3196bc4abbba3aeede0b8fa766b30d82cc9322f558a68207d76052d05fd1
2024-01,2024-01-16,Dhaka,196,196.0,False,poppler_pdftotext_layout_table_6,https://objectstorage.ap-dcc-gazipur-1.oraclecloud15.com/n/axvjbnqprylg/b/V2Ministry/o/office-doe/2024/12/035a0086044145d69071e46e6e0993be.pdf,16ce3196bc4abbba3aeede0b8fa766b30d82cc9322f558a68207d76052d05fd1
2024-01,2024-01-17,Dhaka,215,215.0,False,poppler_pdftotext_layout_table_6,https://objectstorage.ap-dcc-gazipur-1.oraclecloud15.com/n/axvjbnqprylg/b/V2Ministry/o/office-doe/2024/12/035a0086044145d69071e46e6e0993be.pdf,16ce3196bc4abbba3aeede0b8fa766b30d82cc9322f558a68207d76052d05fd1
2024-01,2024-01-18,Dhaka,235,235.0,False,poppler_pdftotext_layout_table_6,https://objectstorage.ap-dcc-gazipur-1.oraclecloud15.com/n/axvjbnqprylg/b/V2Ministry/o/office-doe/2024/12/035a0086044145d69071e46e6e0993be.pdf,16ce3196bc4abbba3aeede0b8fa766b30d82cc9322f558a68207d76052d05fd1
2024-01,2024-01-19,Dhaka,233,233.0,False,poppler_pdftotext_layout_table_6,https://objectstorage.ap-dcc-gazipur-1.oraclecloud15.com/n/axvjbnqprylg/b/V2Ministry/o/office-doe/2024/12/035a0086044145d69071e46e6e0993be.pdf,16ce3196bc4abbba3aeede0b8fa766b30d82cc9322f558a68207d76052d05fd1
2024-01,2024-01-20,Dhaka,233,233.0,False,poppler_pdftotext_layout_table_6,https://objectstorage.ap-dcc-gazipur-1.oraclecloud15.com/n/axvjbnqprylg/b/V2Ministry/o/office-doe/2024/12/035a0086044145d69071e46e6e0993be.pdf,16ce3196bc4abbba3aeede0b8fa766b30d82cc9322f558a68207d76052d05fd1
2024-01,2024-01-21,Dhaka,244,244.0,False,poppler_pdftotext_layout_table_6,https://objectstorage.ap-dcc-gazipur-1.oraclecloud15.com/n/axvjbnqprylg/b/V2Ministry/o/office-doe/2024/12/035a0086044145d69071e46e6e0993be.pdf,16ce3196bc4abbba3aeede0b8fa766b30d82cc9322f558a68207d76052d05fd1
2024-01,2024-01-22,Dhaka,233,233.0,False,poppler_pdftotext_layout_table_6,https://objectstorage.ap-dcc-gazipur-1.oraclecloud15.com/n/axvjbnqprylg/b/V2Ministry/o/office-doe/2024/12/035a0086044145d69071e46e6e0993be.pdf,16ce3196bc4abbba3aeede0b8fa766b30d82cc9322f558a68207d76052d05fd1
2024-01,2024-01-23,Dhaka,251,251.0,False,poppler_pdftotext_layout_table_6,https://objectstorage.ap-dcc-gazipur-1.oraclecloud15.com/n/axvjbnqprylg/b/V2Ministry/o/office-doe/2024/12/035a0086044145d69071e46e6e0993be.pdf,16ce3196bc4abbba3aeede0b8fa766b30d82cc9322f558a68207d76052d05fd1
2024-01,2024-01-24,Dhaka,261,261.0,False,poppler_pdftotext_layout_table_6,https://objectstorage.ap-dcc-gazipur-1.oraclecloud15.com/n/axvjbnqprylg/b/V2Ministry/o/office-doe/2024/12/035a0086044145d69071e46e6e0993be.pdf,16ce3196bc4abbba3aeede0b8fa766b30d82cc9322f558a68207d76052d05fd1
2024-01,2024-01-25,Dhaka,296,296.0,False,poppler_pdftotext_layout_table_6,https://objectstorage.ap-dcc-gazipur-1.oraclecloud15.com/n/axvjbnqprylg/b/V2Ministry/o/office-doe/2024/12/035a0086044145d69071e46e6e0993be.pdf,16ce3196bc4abbba3aeede0b8fa766b30d82cc9322f558a68207d76052d05fd1
2024-01,2024-01-26,Dhaka,246,246.0,False,poppler_pdftotext_layout_table_6,https://objectstorage.ap-dcc-gazipur-1.oraclecloud15.com/n/axvjbnqprylg/b/V2Ministry/o/office-doe/2024/12/035a0086044145d69071e46e6e0993be.pdf,16ce3196bc4abbba3aeede0b8fa766b30d82cc9322f558a68207d76052d05fd1
2024-01,2024-01-27,Dhaka,242,242.0,False,poppler_pdftotext_layout_table_6,https://objectstorage.ap-dcc-gazipur-1.oraclecloud15.com/n/axvjbnqprylg/b/V2Ministry/o/office-doe/2024/12/035a0086044145d69071e46e6e0993be.pdf,16ce3196bc4abbba3aeede0b8fa766b30d82cc9322f558a68207d76052d05fd1
2024-01,2024-01-28,Dhaka,205,205.0,False,poppler_pdftotext_layout_table_6,https://objectstorage.ap-dcc-gazipur-1.oraclecloud15.com/n/axvjbnqprylg/b/V2Ministry/o/office-doe/2024/12/035a0086044145d69071e46e6e0993be.pdf,16ce3196bc4abbba3aeede0b8fa766b30d82cc9322f558a68207d76052d05fd1
2024-01,2024-01-29,Dhaka,212,212.0,False,poppler_pdftotext_layout_table_6,https://objectstorage.ap-dcc-gazipur-1.oraclecloud15.com/n/axvjbnqprylg/b/V2Ministry/o/office-doe/2024/12/035a0086044145d69071e46e6e0993be.pdf,16ce3196bc4abbba3aeede0b8fa766b30d82cc9322f558a68207d76052d05fd1
2024-01,2024-01-30,Dhaka,296,296.0,False,poppler_pdftotext_layout_table_6,https://objectstorage.ap-dcc-gazipur-1.oraclecloud15.com/n/axvjbnqprylg/b/V2Ministry/o/office-doe/2024/12/035a0086044145d69071e46e6e0993be.pdf,16ce3196bc4abbba3aeede0b8fa766b30d82cc9322f558a68207d76052d05fd1
2024-01,2024-01-31,Dhaka,252,252.0,False,poppler_pdftotext_layout_table_6,https://objectstorage.ap-dcc-gazipur-1.oraclecloud15.com/n/axvjbnqprylg/b/V2Ministry/o/office-doe/2024/12/035a0086044145d69071e46e6e0993be.pdf,16ce3196bc4abbba3aeede0b8fa766b30d82cc9322f558a68207d76052d05fd1
2024-02,2024-02-01,Dhaka,225,225.0,False,poppler_pdftotext_layout_table_6,https://objectstorage.ap-dcc-gazipur-1.oraclecloud15.com/n/axvjbnqprylg/b/V2Ministry/o/office-doe/2024/12/35d4a119e0a847a5bb45c44a3be28819.pdf,be17589349d8640d6f0a6c2fa12bd111d4bf0edfee727068793355a900b4a269
2024-02,2024-02-02,Dhaka,225,225.0,False,poppler_pdftotext_layout_table_6,https://objectstorage.ap-dcc-gazipur-1.oraclecloud15.com/n/axvjbnqprylg/b/V2Ministry/o/office-doe/2024/12/35d4a119e0a847a5bb45c44a3be28819.pdf,be17589349d8640d6f0a6c2fa12bd111d4bf0edfee727068793355a900b4a269
2024-02,2024-02-03,Dhaka,204,204.0,False,poppler_pdftotext_layout_table_6,https://objectstorage.ap-dcc-gazipur-1.oraclecloud15.com/n/axvjbnqprylg/b/V2Ministry/o/office-doe/2024/12/35d4a119e0a847a5bb45c44a3be28819.pdf,be17589349d8640d6f0a6c2fa12bd111d4bf0edfee727068793355a900b4a269
2024-02,2024-02-04,Dhaka,217,217.0,False,poppler_pdftotext_layout_table_6,https://objectstorage.ap-dcc-gazipur-1.oraclecloud15.com/n/axvjbnqprylg/b/V2Ministry/o/office-doe/2024/12/35d4a119e0a847a5bb45c44a3be28819.pdf,be17589349d8640d6f0a6c2fa12bd111d4bf0edfee727068793355a900b4a269
2024-02,2024-02-05,Dhaka,229,229.0,False,poppler_pdftotext_layout_table_6,https://objectstorage.ap-dcc-gazipur-1.oraclecloud15.com/n/axvjbnqprylg/b/V2Ministry/o/office-doe/2024/12/35d4a119e0a847a5bb45c44a3be28819.pdf,be17589349d8640d6f0a6c2fa12bd111d4bf0edfee727068793355a900b4a269
2024-02,2024-02-06,Dhaka,194,194.0,False,poppler_pdftotext_layout_table_6,https://objectstorage.ap-dcc-gazipur-1.oraclecloud15.com/n/axvjbnqprylg/b/V2Ministry/o/office-doe/2024/12/35d4a119e0a847a5bb45c44a3be28819.pdf,be17589349d8640d6f0a6c2fa12bd111d4bf0edfee727068793355a900b4a269
2024-02,2024-02-07,Dhaka,181,181.0,False,poppler_pdftotext_layout_table_6,https://objectstorage.ap-dcc-gazipur-1.oraclecloud15.com/n/axvjbnqprylg/b/V2Ministry/o/office-doe/2024/12/35d4a119e0a847a5bb45c44a3be28819.pdf,be17589349d8640d6f0a6c2fa12bd111d4bf0edfee727068793355a900b4a269
2024-02,2024-02-08,Dhaka,179,179.0,False,poppler_pdftotext_layout_table_6,https://objectstorage.ap-dcc-gazipur-1.oraclecloud15.com/n/axvjbnqprylg/b/V2Ministry/o/office-doe/2024/12/35d4a119e0a847a5bb45c44a3be28819.pdf,be17589349d8640d6f0a6c2fa12bd111d4bf0edfee727068793355a900b4a269
2024-02,2024-02-09,Dhaka,178,178.0,False,poppler_pdftotext_layout_table_6,https://objectstorage.ap-dcc-gazipur-1.oraclecloud15.com/n/axvjbnqprylg/b/V2Ministry/o/office-doe/2024/12/35d4a119e0a847a5bb45c44a3be28819.pdf,be17589349d8640d6f0a6c2fa12bd111d4bf0edfee727068793355a900b4a269
2024-02,2024-02-10,Dhaka,211,211.0,False,poppler_pdftotext_layout_table_6,https://objectstorage.ap-dcc-gazipur-1.oraclecloud15.com/n/axvjbnqprylg/b/V2Ministry/o/office-doe/2024/12/35d4a119e0a847a5bb45c44a3be28819.pdf,be17589349d8640d6f0a6c2fa12bd111d4bf0edfee727068793355a900b4a269
2024-02,2024-02-11,Dhaka,250,250.0,False,poppler_pdftotext_layout_table_6,https://objectstorage.ap-dcc-gazipur-1.oraclecloud15.com/n/axvjbnqprylg/b/V2Ministry/o/office-doe/2024/12/35d4a119e0a847a5bb45c44a3be28819.pdf,be17589349d8640d6f0a6c2fa12bd111d4bf0edfee727068793355a900b4a269
2024-02,2024-02-12,Dhaka,202,202.0,False,poppler_pdftotext_layout_table_6,https://objectstorage.ap-dcc-gazipur-1.oraclecloud15.com/n/axvjbnqprylg/b/V2Ministry/o/office-doe/2024/12/35d4a119e0a847a5bb45c44a3be28819.pdf,be17589349d8640d6f0a6c2fa12bd111d4bf0edfee727068793355a900b4a269
2024-02,2024-02-13,Dhaka,208,208.0,False,poppler_pdftotext_layout_table_6,https://objectstorage.ap-dcc-gazipur-1.oraclecloud15.com/n/axvjbnqprylg/b/V2Ministry/o/office-doe/2024/12/35d4a119e0a847a5bb45c44a3be28819.pdf,be17589349d8640d6f0a6c2fa12bd111d4bf0edfee727068793355a900b4a269
2024-02,2024-02-14,Dhaka,259,259.0,False,poppler_pdftotext_layout_table_6,https://objectstorage.ap-dcc-gazipur-1.oraclecloud15.com/n/axvjbnqprylg/b/V2Ministry/o/office-doe/2024/12/35d4a119e0a847a5bb45c44a3be28819.pdf,be17589349d8640d6f0a6c2fa12bd111d4bf0edfee727068793355a900b4a269
2024-02,2024-02-15,Dhaka,242,242.0,False,poppler_pdftotext_layout_table_6,https://objectstorage.ap-dcc-gazipur-1.oraclecloud15.com/n/axvjbnqprylg/b/V2Ministry/o/office-doe/2024/12/35d4a119e0a847a5bb45c44a3be28819.pdf,be17589349d8640d6f0a6c2fa12bd111d4bf0edfee727068793355a900b4a269
2024-02,2024-02-16,Dhaka,199,199.0,False,poppler_pdftotext_layout_table_6,https://objectstorage.ap-dcc-gazipur-1.oraclecloud15.com/n/axvjbnqprylg/b/V2Ministry/o/office-doe/2024/12/35d4a119e0a847a5bb45c44a3be28819.pdf,be17589349d8640d6f0a6c2fa12bd111d4bf0edfee727068793355a900b4a269
2024-02,2024-02-17,Dhaka,205,205.0,False,poppler_pdftotext_layout_table_6,https://objectstorage.ap-dcc-gazipur-1.oraclecloud15.com/n/axvjbnqprylg/b/V2Ministry/o/office-doe/2024/12/35d4a119e0a847a5bb45c44a3be28819.pdf,be17589349d8640d6f0a6c2fa12bd111d4bf0edfee727068793355a900b4a269
2024-02,2024-02-18,Dhaka,224,224.0,False,poppler_pdftotext_layout_table_6,https://objectstorage.ap-dcc-gazipur-1.oraclecloud15.com/n/axvjbnqprylg/b/V2Ministry/o/office-doe/2024/12/35d4a119e0a847a5bb45c44a3be28819.pdf,be17589349d8640d6f0a6c2fa12bd111d4bf0edfee727068793355a900b4a269
2024-02,2024-02-19,Dhaka,231,231.0,False,poppler_pdftotext_layout_table_6,https://objectstorage.ap-dcc-gazipur-1.oraclecloud15.com/n/axvjbnqprylg/b/V2Ministry/o/office-doe/2024/12/35d4a119e0a847a5bb45c44a3be28819.pdf,be17589349d8640d6f0a6c2fa12bd111d4bf0edfee727068793355a900b4a269
2024-02,2024-02-20,Dhaka,175,175.0,False,poppler_pdftotext_layout_table_6,https://objectstorage.ap-dcc-gazipur-1.oraclecloud15.com/n/axvjbnqprylg/b/V2Ministry/o/office-doe/2024/12/35d4a119e0a847a5bb45c44a3be28819.pdf,be17589349d8640d6f0a6c2fa12bd111d4bf0edfee727068793355a900b4a269
2024-02,2024-02-21,Dhaka,188,188.0,False,poppler_pdftotext_layout_table_6,https://objectstorage.ap-dcc-gazipur-1.oraclecloud15.com/n/axvjbnqprylg/b/V2Ministry/o/office-doe/2024/12/35d4a119e0a847a5bb45c44a3be28819.pdf,be17589349d8640d6f0a6c2fa12bd111d4bf0edfee727068793355a900b4a269
2024-02,2024-02-22,Dhaka,152,152.0,False,poppler_pdftotext_layout_table_6,https://objectstorage.ap-dcc-gazipur-1.oraclecloud15.com/n/axvjbnqprylg/b/V2Ministry/o/office-doe/2024/12/35d4a119e0a847a5bb45c44a3be28819.pdf,be17589349d8640d6f0a6c2fa12bd111d4bf0edfee727068793355a900b4a269
2024-02,2024-02-23,Dhaka,167,167.0,False,poppler_pdftotext_layout_table_6,https://objectstorage.ap-dcc-gazipur-1.oraclecloud15.com/n/axvjbnqprylg/b/V2Ministry/o/office-doe/2024/12/35d4a119e0a847a5bb45c44a3be28819.pdf,be17589349d8640d6f0a6c2fa12bd111d4bf0edfee727068793355a900b4a269
2024-02,2024-02-24,Dhaka,162,162.0,False,poppler_pdftotext_layout_table_6,https://objectstorage.ap-dcc-gazipur-1.oraclecloud15.com/n/axvjbnqprylg/b/V2Ministry/o/office-doe/2024/12/35d4a119e0a847a5bb45c44a3be28819.pdf,be17589349d8640d6f0a6c2fa12bd111d4bf0edfee727068793355a900b4a269
2024-02,2024-02-25,Dhaka,144,144.0,False,poppler_pdftotext_layout_table_6,https://objectstorage.ap-dcc-gazipur-1.oraclecloud15.com/n/axvjbnqprylg/b/V2Ministry/o/office-doe/2024/12/35d4a119e0a847a5bb45c44a3be28819.pdf,be17589349d8640d6f0a6c2fa12bd111d4bf0edfee727068793355a900b4a269
2024-02,2024-02-26,Dhaka,148,148.0,False,poppler_pdftotext_layout_table_6,https://objectstorage.ap-dcc-gazipur-1.oraclecloud15.com/n/axvjbnqprylg/b/V2Ministry/o/office-doe/2024/12/35d4a119e0a847a5bb45c44a3be28819.pdf,be17589349d8640d6f0a6c2fa12bd111d4bf0edfee727068793355a900b4a269
2024-02,2024-02-27,Dhaka,182,182.0,False,poppler_pdftotext_layout_table_6,https://objectstorage.ap-dcc-gazipur-1.oraclecloud15.com/n/axvjbnqprylg/b/V2Ministry/o/office-doe/2024/12/35d4a119e0a847a5bb45c44a3be28819.pdf,be17589349d8640d6f0a6c2fa12bd111d4bf0edfee727068793355a900b4a269
2024-02,2024-02-28,Dhaka,229,229.0,False,poppler_pdftotext_layout_table_6,https://objectstorage.ap-dcc-gazipur-1.oraclecloud15.com/n/axvjbnqprylg/b/V2Ministry/o/office-doe/2024/12/35d4a119e0a847a5bb45c44a3be28819.pdf,be17589349d8640d6f0a6c2fa12bd111d4bf0edfee727068793355a900b4a269
2024-02,2024-02-29,Dhaka,230,230.0,False,poppler_pdftotext_layout_table_6,https://objectstorage.ap-dcc-gazipur-1.oraclecloud15.com/n/axvjbnqprylg/b/V2Ministry/o/office-doe/2024/12/35d4a119e0a847a5bb45c44a3be28819.pdf,be17589349d8640d6f0a6c2fa12bd111d4bf0edfee727068793355a900b4a269
2024-03,2024-03-01,Dhaka,173,173.0,False,poppler_pdftotext_layout_table_6,https://objectstorage.ap-dcc-gazipur-1.oraclecloud15.com/n/axvjbnqprylg/b/V2Ministry/o/office-doe/2024/12/42b7a6823b784dc1bfc93dd918e362a3.pdf,cf87b7b7e77282ec5cfc3439173c1947c9a31b249ff2902498b72038a40a280b
2024-03,2024-03-02,Dhaka,175,175.0,False,poppler_pdftotext_layout_table_6,https://objectstorage.ap-dcc-gazipur-1.oraclecloud15.com/n/axvjbnqprylg/b/V2Ministry/o/office-doe/2024/12/42b7a6823b784dc1bfc93dd918e362a3.pdf,cf87b7b7e77282ec5cfc3439173c1947c9a31b249ff2902498b72038a40a280b
2024-03,2024-03-03,Dhaka,214,214.0,False,poppler_pdftotext_layout_table_6,https://objectstorage.ap-dcc-gazipur-1.oraclecloud15.com/n/axvjbnqprylg/b/V2Ministry/o/office-doe/2024/12/42b7a6823b784dc1bfc93dd918e362a3.pdf,cf87b7b7e77282ec5cfc3439173c1947c9a31b249ff2902498b72038a40a280b
2024-03,2024-03-04,Dhaka,173,173.0,False,poppler_pdftotext_layout_table_6,https://objectstorage.ap-dcc-gazipur-1.oraclecloud15.com/n/axvjbnqprylg/b/V2Ministry/o/office-doe/2024/12/42b7a6823b784dc1bfc93dd918e362a3.pdf,cf87b7b7e77282ec5cfc3439173c1947c9a31b249ff2902498b72038a40a280b
2024-03,2024-03-05,Dhaka,174,174.0,False,poppler_pdftotext_layout_table_6,https://objectstorage.ap-dcc-gazipur-1.oraclecloud15.com/n/axvjbnqprylg/b/V2Ministry/o/office-doe/2024/12/42b7a6823b784dc1bfc93dd918e362a3.pdf,cf87b7b7e77282ec5cfc3439173c1947c9a31b249ff2902498b72038a40a280b
2024-03,2024-03-06,Dhaka,176,176.0,False,poppler_pdftotext_layout_table_6,https://objectstorage.ap-dcc-gazipur-1.oraclecloud15.com/n/axvjbnqprylg/b/V2Ministry/o/office-doe/2024/12/42b7a6823b784dc1bfc93dd918e362a3.pdf,cf87b7b7e77282ec5cfc3439173c1947c9a31b249ff2902498b72038a40a280b
2024-03,2024-03-07,Dhaka,202,202.0,False,poppler_pdftotext_layout_table_6,https://objectstorage.ap-dcc-gazipur-1.oraclecloud15.com/n/axvjbnqprylg/b/V2Ministry/o/office-doe/2024/12/42b7a6823b784dc1bfc93dd918e362a3.pdf,cf87b7b7e77282ec5cfc3439173c1947c9a31b249ff2902498b72038a40a280b
2024-03,2024-03-08,Dhaka,166,166.0,False,poppler_pdftotext_layout_table_6,https://objectstorage.ap-dcc-gazipur-1.oraclecloud15.com/n/axvjbnqprylg/b/V2Ministry/o/office-doe/2024/12/42b7a6823b784dc1bfc93dd918e362a3.pdf,cf87b7b7e77282ec5cfc3439173c1947c9a31b249ff2902498b72038a40a280b
2024-03,2024-03-09,Dhaka,168,168.0,False,poppler_pdftotext_layout_table_6,https://objectstorage.ap-dcc-gazipur-1.oraclecloud15.com/n/axvjbnqprylg/b/V2Ministry/o/office-doe/2024/12/42b7a6823b784dc1bfc93dd918e362a3.pdf,cf87b7b7e77282ec5cfc3439173c1947c9a31b249ff2902498b72038a40a280b
2024-03,2024-03-10,Dhaka,185,185.0,False,poppler_pdftotext_layout_table_6,https://objectstorage.ap-dcc-gazipur-1.oraclecloud15.com/n/axvjbnqprylg/b/V2Ministry/o/office-doe/2024/12/42b7a6823b784dc1bfc93dd918e362a3.pdf,cf87b7b7e77282ec5cfc3439173c1947c9a31b249ff2902498b72038a40a280b
2024-03,2024-03-11,Dhaka,193,193.0,False,poppler_pdftotext_layout_table_6,https://objectstorage.ap-dcc-gazipur-1.oraclecloud15.com/n/axvjbnqprylg/b/V2Ministry/o/office-doe/2024/12/42b7a6823b784dc1bfc93dd918e362a3.pdf,cf87b7b7e77282ec5cfc3439173c1947c9a31b249ff2902498b72038a40a280b
2024-03,2024-03-12,Dhaka,196,196.0,False,poppler_pdftotext_layout_table_6,https://objectstorage.ap-dcc-gazipur-1.oraclecloud15.com/n/axvjbnqprylg/b/V2Ministry/o/office-doe/2024/12/42b7a6823b784dc1bfc93dd918e362a3.pdf,cf87b7b7e77282ec5cfc3439173c1947c9a31b249ff2902498b72038a40a280b
2024-03,2024-03-13,Dhaka,139,139.0,False,poppler_pdftotext_layout_table_6,https://objectstorage.ap-dcc-gazipur-1.oraclecloud15.com/n/axvjbnqprylg/b/V2Ministry/o/office-doe/2024/12/42b7a6823b784dc1bfc93dd918e362a3.pdf,cf87b7b7e77282ec5cfc3439173c1947c9a31b249ff2902498b72038a40a280b
2024-03,2024-03-14,Dhaka,158,158.0,False,poppler_pdftotext_layout_table_6,https://objectstorage.ap-dcc-gazipur-1.oraclecloud15.com/n/axvjbnqprylg/b/V2Ministry/o/office-doe/2024/12/42b7a6823b784dc1bfc93dd918e362a3.pdf,cf87b7b7e77282ec5cfc3439173c1947c9a31b249ff2902498b72038a40a280b
2024-03,2024-03-15,Dhaka,161,161.0,False,poppler_pdftotext_layout_table_6,https://objectstorage.ap-dcc-gazipur-1.oraclecloud15.com/n/axvjbnqprylg/b/V2Ministry/o/office-doe/2024/12/42b7a6823b784dc1bfc93dd918e362a3.pdf,cf87b7b7e77282ec5cfc3439173c1947c9a31b249ff2902498b72038a40a280b
2024-03,2024-03-16,Dhaka,174,174.0,False,poppler_pdftotext_layout_table_6,https://objectstorage.ap-dcc-gazipur-1.oraclecloud15.com/n/axvjbnqprylg/b/V2Ministry/o/office-doe/2024/12/42b7a6823b784dc1bfc93dd918e362a3.pdf,cf87b7b7e77282ec5cfc3439173c1947c9a31b249ff2902498b72038a40a280b
2024-03,2024-03-17,Dhaka,136,136.0,False,poppler_pdftotext_layout_table_6,https://objectstorage.ap-dcc-gazipur-1.oraclecloud15.com/n/axvjbnqprylg/b/V2Ministry/o/office-doe/2024/12/42b7a6823b784dc1bfc93dd918e362a3.pdf,cf87b7b7e77282ec5cfc3439173c1947c9a31b249ff2902498b72038a40a280b
2024-03,2024-03-18,Dhaka,196,196.0,False,poppler_pdftotext_layout_table_6,https://objectstorage.ap-dcc-gazipur-1.oraclecloud15.com/n/axvjbnqprylg/b/V2Ministry/o/office-doe/2024/12/42b7a6823b784dc1bfc93dd918e362a3.pdf,cf87b7b7e77282ec5cfc3439173c1947c9a31b249ff2902498b72038a40a280b
2024-03,2024-03-19,Dhaka,191,191.0,False,poppler_pdftotext_layout_table_6,https://objectstorage.ap-dcc-gazipur-1.oraclecloud15.com/n/axvjbnqprylg/b/V2Ministry/o/office-doe/2024/12/42b7a6823b784dc1bfc93dd918e362a3.pdf,cf87b7b7e77282ec5cfc3439173c1947c9a31b249ff2902498b72038a40a280b
2024-03,2024-03-20,Dhaka,182,182.0,False,poppler_pdftotext_layout_table_6,https://objectstorage.ap-dcc-gazipur-1.oraclecloud15.com/n/axvjbnqprylg/b/V2Ministry/o/office-doe/2024/12/42b7a6823b784dc1bfc93dd918e362a3.pdf,cf87b7b7e77282ec5cfc3439173c1947c9a31b249ff2902498b72038a40a280b
2024-03,2024-03-21,Dhaka,159,159.0,False,poppler_pdftotext_layout_table_6,https://objectstorage.ap-dcc-gazipur-1.oraclecloud15.com/n/axvjbnqprylg/b/V2Ministry/o/office-doe/2024/12/42b7a6823b784dc1bfc93dd918e362a3.pdf,cf87b7b7e77282ec5cfc3439173c1947c9a31b249ff2902498b72038a40a280b
2024-03,2024-03-22,Dhaka,157,157.0,False,poppler_pdftotext_layout_table_6,https://objectstorage.ap-dcc-gazipur-1.oraclecloud15.com/n/axvjbnqprylg/b/V2Ministry/o/office-doe/2024/12/42b7a6823b784dc1bfc93dd918e362a3.pdf,cf87b7b7e77282ec5cfc3439173c1947c9a31b249ff2902498b72038a40a280b
2024-03,2024-03-23,Dhaka,178,178.0,False,poppler_pdftotext_layout_table_6,https://objectstorage.ap-dcc-gazipur-1.oraclecloud15.com/n/axvjbnqprylg/b/V2Ministry/o/office-doe/2024/12/42b7a6823b784dc1bfc93dd918e362a3.pdf,cf87b7b7e77282ec5cfc3439173c1947c9a31b249ff2902498b72038a40a280b
2024-03,2024-03-24,Dhaka,150,150.0,False,poppler_pdftotext_layout_table_6,https://objectstorage.ap-dcc-gazipur-1.oraclecloud15.com/n/axvjbnqprylg/b/V2Ministry/o/office-doe/2024/12/42b7a6823b784dc1bfc93dd918e362a3.pdf,cf87b7b7e77282ec5cfc3439173c1947c9a31b249ff2902498b72038a40a280b
2024-03,2024-03-25,Dhaka,171,171.0,False,poppler_pdftotext_layout_table_6,https://objectstorage.ap-dcc-gazipur-1.oraclecloud15.com/n/axvjbnqprylg/b/V2Ministry/o/office-doe/2024/12/42b7a6823b784dc1bfc93dd918e362a3.pdf,cf87b7b7e77282ec5cfc3439173c1947c9a31b249ff2902498b72038a40a280b
2024-03,2024-03-26,Dhaka,133,133.0,False,poppler_pdftotext_layout_table_6,https://objectstorage.ap-dcc-gazipur-1.oraclecloud15.com/n/axvjbnqprylg/b/V2Ministry/o/office-doe/2024/12/42b7a6823b784dc1bfc93dd918e362a3.pdf,cf87b7b7e77282ec5cfc3439173c1947c9a31b249ff2902498b72038a40a280b
2024-03,2024-03-27,Dhaka,165,165.0,False,poppler_pdftotext_layout_table_6,https://objectstorage.ap-dcc-gazipur-1.oraclecloud15.com/n/axvjbnqprylg/b/V2Ministry/o/office-doe/2024/12/42b7a6823b784dc1bfc93dd918e362a3.pdf,cf87b7b7e77282ec5cfc3439173c1947c9a31b249ff2902498b72038a40a280b
2024-03,2024-03-28,Dhaka,186,186.0,False,poppler_pdftotext_layout_table_6,https://objectstorage.ap-dcc-gazipur-1.oraclecloud15.com/n/axvjbnqprylg/b/V2Ministry/o/office-doe/2024/12/42b7a6823b784dc1bfc93dd918e362a3.pdf,cf87b7b7e77282ec5cfc3439173c1947c9a31b249ff2902498b72038a40a280b
2024-03,2024-03-29,Dhaka,190,190.0,False,poppler_pdftotext_layout_table_6,https://objectstorage.ap-dcc-gazipur-1.oraclecloud15.com/n/axvjbnqprylg/b/V2Ministry/o/office-doe/2024/12/42b7a6823b784dc1bfc93dd918e362a3.pdf,cf87b7b7e77282ec5cfc3439173c1947c9a31b249ff2902498b72038a40a280b
2024-03,2024-03-30,Dhaka,144,144.0,False,poppler_pdftotext_layout_table_6,https://objectstorage.ap-dcc-gazipur-1.oraclecloud15.com/n/axvjbnqprylg/b/V2Ministry/o/office-doe/2024/12/42b7a6823b784dc1bfc93dd918e362a3.pdf,cf87b7b7e77282ec5cfc3439173c1947c9a31b249ff2902498b72038a40a280b
2024-03,2024-03-31,Dhaka,119,119.0,False,poppler_pdftotext_layout_table_6,https://objectstorage.ap-dcc-gazipur-1.oraclecloud15.com/n/axvjbnqprylg/b/V2Ministry/o/office-doe/2024/12/42b7a6823b784dc1bfc93dd918e362a3.pdf,cf87b7b7e77282ec5cfc3439173c1947c9a31b249ff2902498b72038a40a280b
2024-04,2024-04-01,Dhaka,145,145.0,False,poppler_pdftotext_layout_table_6,https://objectstorage.ap-dcc-gazipur-1.oraclecloud15.com/n/axvjbnqprylg/b/V2Ministry/o/office-doe/2024/12/7335224f8bc44dcf90721060d952b845.pdf,b19a985dfa4ad8bd137e505df4cfe569cca765a8e81340bc889f72ea97c155de
2024-04,2024-04-02,Dhaka,145,145.0,False,poppler_pdftotext_layout_table_6,https://objectstorage.ap-dcc-gazipur-1.oraclecloud15.com/n/axvjbnqprylg/b/V2Ministry/o/office-doe/2024/12/7335224f8bc44dcf90721060d952b845.pdf,b19a985dfa4ad8bd137e505df4cfe569cca765a8e81340bc889f72ea97c155de
2024-04,2024-04-03,Dhaka,137,137.0,False,poppler_pdftotext_layout_table_6,https://objectstorage.ap-dcc-gazipur-1.oraclecloud15.com/n/axvjbnqprylg/b/V2Ministry/o/office-doe/2024/12/7335224f8bc44dcf90721060d952b845.pdf,b19a985dfa4ad8bd137e505df4cfe569cca765a8e81340bc889f72ea97c155de
2024-04,2024-04-04,Dhaka,147,147.0,False,poppler_pdftotext_layout_table_6,https://objectstorage.ap-dcc-gazipur-1.oraclecloud15.com/n/axvjbnqprylg/b/V2Ministry/o/office-doe/2024/12/7335224f8bc44dcf90721060d952b845.pdf,b19a985dfa4ad8bd137e505df4cfe569cca765a8e81340bc889f72ea97c155de
2024-04,2024-04-05,Dhaka,145,145.0,False,poppler_pdftotext_layout_table_6,https://objectstorage.ap-dcc-gazipur-1.oraclecloud15.com/n/axvjbnqprylg/b/V2Ministry/o/office-doe/2024/12/7335224f8bc44dcf90721060d952b845.pdf,b19a985dfa4ad8bd137e505df4cfe569cca765a8e81340bc889f72ea97c155de
2024-04,2024-04-06,Dhaka,150,150.0,False,poppler_pdftotext_layout_table_6,https://objectstorage.ap-dcc-gazipur-1.oraclecloud15.com/n/axvjbnqprylg/b/V2Ministry/o/office-doe/2024/12/7335224f8bc44dcf90721060d952b845.pdf,b19a985dfa4ad8bd137e505df4cfe569cca765a8e81340bc889f72ea97c155de
2024-04,2024-04-07,Dhaka,152,152.0,False,poppler_pdftotext_layout_table_6,https://objectstorage.ap-dcc-gazipur-1.oraclecloud15.com/n/axvjbnqprylg/b/V2Ministry/o/office-doe/2024/12/7335224f8bc44dcf90721060d952b845.pdf,b19a985dfa4ad8bd137e505df4cfe569cca765a8e81340bc889f72ea97c155de
2024-04,2024-04-08,Dhaka,165,165.0,False,poppler_pdftotext_layout_table_6,https://objectstorage.ap-dcc-gazipur-1.oraclecloud15.com/n/axvjbnqprylg/b/V2Ministry/o/office-doe/2024/12/7335224f8bc44dcf90721060d952b845.pdf,b19a985dfa4ad8bd137e505df4cfe569cca765a8e81340bc889f72ea97c155de
2024-04,2024-04-09,Dhaka,172,172.0,False,poppler_pdftotext_layout_table_6,https://objectstorage.ap-dcc-gazipur-1.oraclecloud15.com/n/axvjbnqprylg/b/V2Ministry/o/office-doe/2024/12/7335224f8bc44dcf90721060d952b845.pdf,b19a985dfa4ad8bd137e505df4cfe569cca765a8e81340bc889f72ea97c155de
2024-04,2024-04-10,Dhaka,196,196.0,False,poppler_pdftotext_layout_table_6,https://objectstorage.ap-dcc-gazipur-1.oraclecloud15.com/n/axvjbnqprylg/b/V2Ministry/o/office-doe/2024/12/7335224f8bc44dcf90721060d952b845.pdf,b19a985dfa4ad8bd137e505df4cfe569cca765a8e81340bc889f72ea97c155de
2024-04,2024-04-11,Dhaka,166,166.0,False,poppler_pdftotext_layout_table_6,https://objectstorage.ap-dcc-gazipur-1.oraclecloud15.com/n/axvjbnqprylg/b/V2Ministry/o/office-doe/2024/12/7335224f8bc44dcf90721060d952b845.pdf,b19a985dfa4ad8bd137e505df4cfe569cca765a8e81340bc889f72ea97c155de
2024-04,2024-04-12,Dhaka,180,180.0,False,poppler_pdftotext_layout_table_6,https://objectstorage.ap-dcc-gazipur-1.oraclecloud15.com/n/axvjbnqprylg/b/V2Ministry/o/office-doe/2024/12/7335224f8bc44dcf90721060d952b845.pdf,b19a985dfa4ad8bd137e505df4cfe569cca765a8e81340bc889f72ea97c155de
2024-04,2024-04-13,Dhaka,193,193.0,False,poppler_pdftotext_layout_table_6,https://objectstorage.ap-dcc-gazipur-1.oraclecloud15.com/n/axvjbnqprylg/b/V2Ministry/o/office-doe/2024/12/7335224f8bc44dcf90721060d952b845.pdf,b19a985dfa4ad8bd137e505df4cfe569cca765a8e81340bc889f72ea97c155de
2024-04,2024-04-14,Dhaka,188,188.0,False,poppler_pdftotext_layout_table_6,https://objectstorage.ap-dcc-gazipur-1.oraclecloud15.com/n/axvjbnqprylg/b/V2Ministry/o/office-doe/2024/12/7335224f8bc44dcf90721060d952b845.pdf,b19a985dfa4ad8bd137e505df4cfe569cca765a8e81340bc889f72ea97c155de
2024-04,2024-04-15,Dhaka,173,173.0,False,poppler_pdftotext_layout_table_6,https://objectstorage.ap-dcc-gazipur-1.oraclecloud15.com/n/axvjbnqprylg/b/V2Ministry/o/office-doe/2024/12/7335224f8bc44dcf90721060d952b845.pdf,b19a985dfa4ad8bd137e505df4cfe569cca765a8e81340bc889f72ea97c155de
2024-04,2024-04-16,Dhaka,147,147.0,False,poppler_pdftotext_layout_table_6,https://objectstorage.ap-dcc-gazipur-1.oraclecloud15.com/n/axvjbnqprylg/b/V2Ministry/o/office-doe/2024/12/7335224f8bc44dcf90721060d952b845.pdf,b19a985dfa4ad8bd137e505df4cfe569cca765a8e81340bc889f72ea97c155de
2024-04,2024-04-17,Dhaka,147,147.0,False,poppler_pdftotext_layout_table_6,https://objectstorage.ap-dcc-gazipur-1.oraclecloud15.com/n/axvjbnqprylg/b/V2Ministry/o/office-doe/2024/12/7335224f8bc44dcf90721060d952b845.pdf,b19a985dfa4ad8bd137e505df4cfe569cca765a8e81340bc889f72ea97c155de
2024-04,2024-04-18,Dhaka,147,147.0,False,poppler_pdftotext_layout_table_6,https://objectstorage.ap-dcc-gazipur-1.oraclecloud15.com/n/axvjbnqprylg/b/V2Ministry/o/office-doe/2024/12/7335224f8bc44dcf90721060d952b845.pdf,b19a985dfa4ad8bd137e505df4cfe569cca765a8e81340bc889f72ea97c155de
2024-04,2024-04-19,Dhaka,136,136.0,False,poppler_pdftotext_layout_table_6,https://objectstorage.ap-dcc-gazipur-1.oraclecloud15.com/n/axvjbnqprylg/b/V2Ministry/o/office-doe/2024/12/7335224f8bc44dcf90721060d952b845.pdf,b19a985dfa4ad8bd137e505df4cfe569cca765a8e81340bc889f72ea97c155de
2024-04,2024-04-20,Dhaka,119,119.0,False,poppler_pdftotext_layout_table_6,https://objectstorage.ap-dcc-gazipur-1.oraclecloud15.com/n/axvjbnqprylg/b/V2Ministry/o/office-doe/2024/12/7335224f8bc44dcf90721060d952b845.pdf,b19a985dfa4ad8bd137e505df4cfe569cca765a8e81340bc889f72ea97c155de
2024-04,2024-04-21,Dhaka,108,108.0,False,poppler_pdftotext_layout_table_6,https://objectstorage.ap-dcc-gazipur-1.oraclecloud15.com/n/axvjbnqprylg/b/V2Ministry/o/office-doe/2024/12/7335224f8bc44dcf90721060d952b845.pdf,b19a985dfa4ad8bd137e505df4cfe569cca765a8e81340bc889f72ea97c155de
2024-04,2024-04-22,Dhaka,134,134.0,False,poppler_pdftotext_layout_table_6,https://objectstorage.ap-dcc-gazipur-1.oraclecloud15.com/n/axvjbnqprylg/b/V2Ministry/o/office-doe/2024/12/7335224f8bc44dcf90721060d952b845.pdf,b19a985dfa4ad8bd137e505df4cfe569cca765a8e81340bc889f72ea97c155de
2024-04,2024-04-23,Dhaka,136,136.0,False,poppler_pdftotext_layout_table_6,https://objectstorage.ap-dcc-gazipur-1.oraclecloud15.com/n/axvjbnqprylg/b/V2Ministry/o/office-doe/2024/12/7335224f8bc44dcf90721060d952b845.pdf,b19a985dfa4ad8bd137e505df4cfe569cca765a8e81340bc889f72ea97c155de
2024-04,2024-04-24,Dhaka,146,146.0,False,poppler_pdftotext_layout_table_6,https://objectstorage.ap-dcc-gazipur-1.oraclecloud15.com/n/axvjbnqprylg/b/V2Ministry/o/office-doe/2024/12/7335224f8bc44dcf90721060d952b845.pdf,b19a985dfa4ad8bd137e505df4cfe569cca765a8e81340bc889f72ea97c155de
2024-04,2024-04-25,Dhaka,146,146.0,False,poppler_pdftotext_layout_table_6,https://objectstorage.ap-dcc-gazipur-1.oraclecloud15.com/n/axvjbnqprylg/b/V2Ministry/o/office-doe/2024/12/7335224f8bc44dcf90721060d952b845.pdf,b19a985dfa4ad8bd137e505df4cfe569cca765a8e81340bc889f72ea97c155de
2024-04,2024-04-26,Dhaka,145,145.0,False,poppler_pdftotext_layout_table_6,https://objectstorage.ap-dcc-gazipur-1.oraclecloud15.com/n/axvjbnqprylg/b/V2Ministry/o/office-doe/2024/12/7335224f8bc44dcf90721060d952b845.pdf,b19a985dfa4ad8bd137e505df4cfe569cca765a8e81340bc889f72ea97c155de
2024-04,2024-04-27,Dhaka,112,112.0,False,poppler_pdftotext_layout_table_6,https://objectstorage.ap-dcc-gazipur-1.oraclecloud15.com/n/axvjbnqprylg/b/V2Ministry/o/office-doe/2024/12/7335224f8bc44dcf90721060d952b845.pdf,b19a985dfa4ad8bd137e505df4cfe569cca765a8e81340bc889f72ea97c155de
2024-04,2024-04-28,Dhaka,147,147.0,False,poppler_pdftotext_layout_table_6,https://objectstorage.ap-dcc-gazipur-1.oraclecloud15.com/n/axvjbnqprylg/b/V2Ministry/o/office-doe/2024/12/7335224f8bc44dcf90721060d952b845.pdf,b19a985dfa4ad8bd137e505df4cfe569cca765a8e81340bc889f72ea97c155de
2024-04,2024-04-29,Dhaka,129,129.0,False,poppler_pdftotext_layout_table_6,https://objectstorage.ap-dcc-gazipur-1.oraclecloud15.com/n/axvjbnqprylg/b/V2Ministry/o/office-doe/2024/12/7335224f8bc44dcf90721060d952b845.pdf,b19a985dfa4ad8bd137e505df4cfe569cca765a8e81340bc889f72ea97c155de
2024-04,2024-04-30,Dhaka,120,120.0,False,poppler_pdftotext_layout_table_6,https://objectstorage.ap-dcc-gazipur-1.oraclecloud15.com/n/axvjbnqprylg/b/V2Ministry/o/office-doe/2024/12/7335224f8bc44dcf90721060d952b845.pdf,b19a985dfa4ad8bd137e505df4cfe569cca765a8e81340bc889f72ea97c155de
2024-06,2024-06-01,Dhaka,124,124.0,False,poppler_pdftotext_layout_table_6,https://objectstorage.ap-dcc-gazipur-1.oraclecloud15.com/n/axvjbnqprylg/b/V2Ministry/o/office-doe/2024/12/08c57e78d3324258b6247f901ea186d8.pdf,c375f5d2ece555a37e84a069305211f4f51004eee704ae615a648964d9ea7981
2024-06,2024-06-02,Dhaka,112,112.0,False,poppler_pdftotext_layout_table_6,https://objectstorage.ap-dcc-gazipur-1.oraclecloud15.com/n/axvjbnqprylg/b/V2Ministry/o/office-doe/2024/12/08c57e78d3324258b6247f901ea186d8.pdf,c375f5d2ece555a37e84a069305211f4f51004eee704ae615a648964d9ea7981
2024-06,2024-06-03,Dhaka,109,109.0,False,poppler_pdftotext_layout_table_6,https://objectstorage.ap-dcc-gazipur-1.oraclecloud15.com/n/axvjbnqprylg/b/V2Ministry/o/office-doe/2024/12/08c57e78d3324258b6247f901ea186d8.pdf,c375f5d2ece555a37e84a069305211f4f51004eee704ae615a648964d9ea7981
2024-06,2024-06-04,Dhaka,102,102.0,False,poppler_pdftotext_layout_table_6,https://objectstorage.ap-dcc-gazipur-1.oraclecloud15.com/n/axvjbnqprylg/b/V2Ministry/o/office-doe/2024/12/08c57e78d3324258b6247f901ea186d8.pdf,c375f5d2ece555a37e84a069305211f4f51004eee704ae615a648964d9ea7981
2024-06,2024-06-05,Dhaka,149,149.0,False,poppler_pdftotext_layout_table_6,https://objectstorage.ap-dcc-gazipur-1.oraclecloud15.com/n/axvjbnqprylg/b/V2Ministry/o/office-doe/2024/12/08c57e78d3324258b6247f901ea186d8.pdf,c375f5d2ece555a37e84a069305211f4f51004eee704ae615a648964d9ea7981
2024-06,2024-06-06,Dhaka,144,144.0,False,poppler_pdftotext_layout_table_6,https://objectstorage.ap-dcc-gazipur-1.oraclecloud15.com/n/axvjbnqprylg/b/V2Ministry/o/office-doe/2024/12/08c57e78d3324258b6247f901ea186d8.pdf,c375f5d2ece555a37e84a069305211f4f51004eee704ae615a648964d9ea7981
2024-06,2024-06-07,Dhaka,178,178.0,False,poppler_pdftotext_layout_table_6,https://objectstorage.ap-dcc-gazipur-1.oraclecloud15.com/n/axvjbnqprylg/b/V2Ministry/o/office-doe/2024/12/08c57e78d3324258b6247f901ea186d8.pdf,c375f5d2ece555a37e84a069305211f4f51004eee704ae615a648964d9ea7981
2024-06,2024-06-08,Dhaka,142,142.0,False,poppler_pdftotext_layout_table_6,https://objectstorage.ap-dcc-gazipur-1.oraclecloud15.com/n/axvjbnqprylg/b/V2Ministry/o/office-doe/2024/12/08c57e78d3324258b6247f901ea186d8.pdf,c375f5d2ece555a37e84a069305211f4f51004eee704ae615a648964d9ea7981
2024-06,2024-06-09,Dhaka,130,130.0,False,poppler_pdftotext_layout_table_6,https://objectstorage.ap-dcc-gazipur-1.oraclecloud15.com/n/axvjbnqprylg/b/V2Ministry/o/office-doe/2024/12/08c57e78d3324258b6247f901ea186d8.pdf,c375f5d2ece555a37e84a069305211f4f51004eee704ae615a648964d9ea7981
2024-06,2024-06-10,Dhaka,139,139.0,False,poppler_pdftotext_layout_table_6,https://objectstorage.ap-dcc-gazipur-1.oraclecloud15.com/n/axvjbnqprylg/b/V2Ministry/o/office-doe/2024/12/08c57e78d3324258b6247f901ea186d8.pdf,c375f5d2ece555a37e84a069305211f4f51004eee704ae615a648964d9ea7981
2024-06,2024-06-11,Dhaka,107,107.0,False,poppler_pdftotext_layout_table_6,https://objectstorage.ap-dcc-gazipur-1.oraclecloud15.com/n/axvjbnqprylg/b/V2Ministry/o/office-doe/2024/12/08c57e78d3324258b6247f901ea186d8.pdf,c375f5d2ece555a37e84a069305211f4f51004eee704ae615a648964d9ea7981
2024-06,2024-06-12,Dhaka,101,101.0,False,poppler_pdftotext_layout_table_6,https://objectstorage.ap-dcc-gazipur-1.oraclecloud15.com/n/axvjbnqprylg/b/V2Ministry/o/office-doe/2024/12/08c57e78d3324258b6247f901ea186d8.pdf,c375f5d2ece555a37e84a069305211f4f51004eee704ae615a648964d9ea7981
2024-06,2024-06-13,Dhaka,88,88.0,False,poppler_pdftotext_layout_table_6,https://objectstorage.ap-dcc-gazipur-1.oraclecloud15.com/n/axvjbnqprylg/b/V2Ministry/o/office-doe/2024/12/08c57e78d3324258b6247f901ea186d8.pdf,c375f5d2ece555a37e84a069305211f4f51004eee704ae615a648964d9ea7981
2024-06,2024-06-14,Dhaka,99,99.0,False,poppler_pdftotext_layout_table_6,https://objectstorage.ap-dcc-gazipur-1.oraclecloud15.com/n/axvjbnqprylg/b/V2Ministry/o/office-doe/2024/12/08c57e78d3324258b6247f901ea186d8.pdf,c375f5d2ece555a37e84a069305211f4f51004eee704ae615a648964d9ea7981
2024-06,2024-06-15,Dhaka,128,128.0,False,poppler_pdftotext_layout_table_6,https://objectstorage.ap-dcc-gazipur-1.oraclecloud15.com/n/axvjbnqprylg/b/V2Ministry/o/office-doe/2024/12/08c57e78d3324258b6247f901ea186d8.pdf,c375f5d2ece555a37e84a069305211f4f51004eee704ae615a648964d9ea7981
2024-06,2024-06-16,Dhaka,98,98.0,False,poppler_pdftotext_layout_table_6,https://objectstorage.ap-dcc-gazipur-1.oraclecloud15.com/n/axvjbnqprylg/b/V2Ministry/o/office-doe/2024/12/08c57e78d3324258b6247f901ea186d8.pdf,c375f5d2ece555a37e84a069305211f4f51004eee704ae615a648964d9ea7981
2024-06,2024-06-17,Dhaka,99,99.0,False,poppler_pdftotext_layout_table_6,https://objectstorage.ap-dcc-gazipur-1.oraclecloud15.com/n/axvjbnqprylg/b/V2Ministry/o/office-doe/2024/12/08c57e78d3324258b6247f901ea186d8.pdf,c375f5d2ece555a37e84a069305211f4f51004eee704ae615a648964d9ea7981
2024-06,2024-06-18,Dhaka,101,101.0,False,poppler_pdftotext_layout_table_6,https://objectstorage.ap-dcc-gazipur-1.oraclecloud15.com/n/axvjbnqprylg/b/V2Ministry/o/office-doe/2024/12/08c57e78d3324258b6247f901ea186d8.pdf,c375f5d2ece555a37e84a069305211f4f51004eee704ae615a648964d9ea7981
2024-06,2024-06-19,Dhaka,81,81.0,False,poppler_pdftotext_layout_table_6,https://objectstorage.ap-dcc-gazipur-1.oraclecloud15.com/n/axvjbnqprylg/b/V2Ministry/o/office-doe/2024/12/08c57e78d3324258b6247f901ea186d8.pdf,c375f5d2ece555a37e84a069305211f4f51004eee704ae615a648964d9ea7981
2024-06,2024-06-20,Dhaka,75,75.0,False,poppler_pdftotext_layout_table_6,https://objectstorage.ap-dcc-gazipur-1.oraclecloud15.com/n/axvjbnqprylg/b/V2Ministry/o/office-doe/2024/12/08c57e78d3324258b6247f901ea186d8.pdf,c375f5d2ece555a37e84a069305211f4f51004eee704ae615a648964d9ea7981
2024-06,2024-06-21,Dhaka,90,90.0,False,poppler_pdftotext_layout_table_6,https://objectstorage.ap-dcc-gazipur-1.oraclecloud15.com/n/axvjbnqprylg/b/V2Ministry/o/office-doe/2024/12/08c57e78d3324258b6247f901ea186d8.pdf,c375f5d2ece555a37e84a069305211f4f51004eee704ae615a648964d9ea7981
2024-06,2024-06-22,Dhaka,87,87.0,False,poppler_pdftotext_layout_table_6,https://objectstorage.ap-dcc-gazipur-1.oraclecloud15.com/n/axvjbnqprylg/b/V2Ministry/o/office-doe/2024/12/08c57e78d3324258b6247f901ea186d8.pdf,c375f5d2ece555a37e84a069305211f4f51004eee704ae615a648964d9ea7981
2024-06,2024-06-23,Dhaka,110,110.0,False,poppler_pdftotext_layout_table_6,https://objectstorage.ap-dcc-gazipur-1.oraclecloud15.com/n/axvjbnqprylg/b/V2Ministry/o/office-doe/2024/12/08c57e78d3324258b6247f901ea186d8.pdf,c375f5d2ece555a37e84a069305211f4f51004eee704ae615a648964d9ea7981
2024-06,2024-06-24,Dhaka,77,77.0,False,poppler_pdftotext_layout_table_6,https://objectstorage.ap-dcc-gazipur-1.oraclecloud15.com/n/axvjbnqprylg/b/V2Ministry/o/office-doe/2024/12/08c57e78d3324258b6247f901ea186d8.pdf,c375f5d2ece555a37e84a069305211f4f51004eee704ae615a648964d9ea7981
2024-06,2024-06-25,Dhaka,86,86.0,False,poppler_pdftotext_layout_table_6,https://objectstorage.ap-dcc-gazipur-1.oraclecloud15.com/n/axvjbnqprylg/b/V2Ministry/o/office-doe/2024/12/08c57e78d3324258b6247f901ea186d8.pdf,c375f5d2ece555a37e84a069305211f4f51004eee704ae615a648964d9ea7981
2024-06,2024-06-26,Dhaka,113,113.0,False,poppler_pdftotext_layout_table_6,https://objectstorage.ap-dcc-gazipur-1.oraclecloud15.com/n/axvjbnqprylg/b/V2Ministry/o/office-doe/2024/12/08c57e78d3324258b6247f901ea186d8.pdf,c375f5d2ece555a37e84a069305211f4f51004eee704ae615a648964d9ea7981
2024-06,2024-06-27,Dhaka,101,101.0,False,poppler_pdftotext_layout_table_6,https://objectstorage.ap-dcc-gazipur-1.oraclecloud15.com/n/axvjbnqprylg/b/V2Ministry/o/office-doe/2024/12/08c57e78d3324258b6247f901ea186d8.pdf,c375f5d2ece555a37e84a069305211f4f51004eee704ae615a648964d9ea7981
2024-06,2024-06-28,Dhaka,73,73.0,False,poppler_pdftotext_layout_table_6,https://objectstorage.ap-dcc-gazipur-1.oraclecloud15.com/n/axvjbnqprylg/b/V2Ministry/o/office-doe/2024/12/08c57e78d3324258b6247f901ea186d8.pdf,c375f5d2ece555a37e84a069305211f4f51004eee704ae615a648964d9ea7981
2024-06,2024-06-29,Dhaka,72,72.0,False,poppler_pdftotext_layout_table_6,https://objectstorage.ap-dcc-gazipur-1.oraclecloud15.com/n/axvjbnqprylg/b/V2Ministry/o/office-doe/2024/12/08c57e78d3324258b6247f901ea186d8.pdf,c375f5d2ece555a37e84a069305211f4f51004eee704ae615a648964d9ea7981
2024-06,2024-06-30,Dhaka,85,85.0,False,poppler_pdftotext_layout_table_6,https://objectstorage.ap-dcc-gazipur-1.oraclecloud15.com/n/axvjbnqprylg/b/V2Ministry/o/office-doe/2024/12/08c57e78d3324258b6247f901ea186d8.pdf,c375f5d2ece555a37e84a069305211f4f51004eee704ae615a648964d9ea7981
2024-07,2024-07-01,Dhaka,97,97.0,False,poppler_pdftotext_layout_table_6,https://objectstorage.ap-dcc-gazipur-1.oraclecloud15.com/n/axvjbnqprylg/b/V2Ministry/o/office-doe/2024/12/405ad79a3d2a4fdf9078dfbe907fe428.pdf,5054289b3cd7e8eebd2855b4a75d023bc291750584011d685ef08c97c4432211
2024-07,2024-07-02,Dhaka,100,100.0,False,poppler_pdftotext_layout_table_6,https://objectstorage.ap-dcc-gazipur-1.oraclecloud15.com/n/axvjbnqprylg/b/V2Ministry/o/office-doe/2024/12/405ad79a3d2a4fdf9078dfbe907fe428.pdf,5054289b3cd7e8eebd2855b4a75d023bc291750584011d685ef08c97c4432211
2024-07,2024-07-03,Dhaka,97,97.0,False,poppler_pdftotext_layout_table_6,https://objectstorage.ap-dcc-gazipur-1.oraclecloud15.com/n/axvjbnqprylg/b/V2Ministry/o/office-doe/2024/12/405ad79a3d2a4fdf9078dfbe907fe428.pdf,5054289b3cd7e8eebd2855b4a75d023bc291750584011d685ef08c97c4432211
2024-07,2024-07-04,Dhaka,96,96.0,False,poppler_pdftotext_layout_table_6,https://objectstorage.ap-dcc-gazipur-1.oraclecloud15.com/n/axvjbnqprylg/b/V2Ministry/o/office-doe/2024/12/405ad79a3d2a4fdf9078dfbe907fe428.pdf,5054289b3cd7e8eebd2855b4a75d023bc291750584011d685ef08c97c4432211
2024-07,2024-07-05,Dhaka,80,80.0,False,poppler_pdftotext_layout_table_6,https://objectstorage.ap-dcc-gazipur-1.oraclecloud15.com/n/axvjbnqprylg/b/V2Ministry/o/office-doe/2024/12/405ad79a3d2a4fdf9078dfbe907fe428.pdf,5054289b3cd7e8eebd2855b4a75d023bc291750584011d685ef08c97c4432211
2024-07,2024-07-06,Dhaka,89,89.0,False,poppler_pdftotext_layout_table_6,https://objectstorage.ap-dcc-gazipur-1.oraclecloud15.com/n/axvjbnqprylg/b/V2Ministry/o/office-doe/2024/12/405ad79a3d2a4fdf9078dfbe907fe428.pdf,5054289b3cd7e8eebd2855b4a75d023bc291750584011d685ef08c97c4432211
2024-07,2024-07-07,Dhaka,92,92.0,False,poppler_pdftotext_layout_table_6,https://objectstorage.ap-dcc-gazipur-1.oraclecloud15.com/n/axvjbnqprylg/b/V2Ministry/o/office-doe/2024/12/405ad79a3d2a4fdf9078dfbe907fe428.pdf,5054289b3cd7e8eebd2855b4a75d023bc291750584011d685ef08c97c4432211
2024-07,2024-07-08,Dhaka,92,92.0,False,poppler_pdftotext_layout_table_6,https://objectstorage.ap-dcc-gazipur-1.oraclecloud15.com/n/axvjbnqprylg/b/V2Ministry/o/office-doe/2024/12/405ad79a3d2a4fdf9078dfbe907fe428.pdf,5054289b3cd7e8eebd2855b4a75d023bc291750584011d685ef08c97c4432211
2024-07,2024-07-09,Dhaka,74,74.0,False,poppler_pdftotext_layout_table_6,https://objectstorage.ap-dcc-gazipur-1.oraclecloud15.com/n/axvjbnqprylg/b/V2Ministry/o/office-doe/2024/12/405ad79a3d2a4fdf9078dfbe907fe428.pdf,5054289b3cd7e8eebd2855b4a75d023bc291750584011d685ef08c97c4432211
2024-07,2024-07-10,Dhaka,84,84.0,False,poppler_pdftotext_layout_table_6,https://objectstorage.ap-dcc-gazipur-1.oraclecloud15.com/n/axvjbnqprylg/b/V2Ministry/o/office-doe/2024/12/405ad79a3d2a4fdf9078dfbe907fe428.pdf,5054289b3cd7e8eebd2855b4a75d023bc291750584011d685ef08c97c4432211
2024-07,2024-07-11,Dhaka,88,88.0,False,poppler_pdftotext_layout_table_6,https://objectstorage.ap-dcc-gazipur-1.oraclecloud15.com/n/axvjbnqprylg/b/V2Ministry/o/office-doe/2024/12/405ad79a3d2a4fdf9078dfbe907fe428.pdf,5054289b3cd7e8eebd2855b4a75d023bc291750584011d685ef08c97c4432211
2024-07,2024-07-12,Dhaka,86,86.0,False,poppler_pdftotext_layout_table_6,https://objectstorage.ap-dcc-gazipur-1.oraclecloud15.com/n/axvjbnqprylg/b/V2Ministry/o/office-doe/2024/12/405ad79a3d2a4fdf9078dfbe907fe428.pdf,5054289b3cd7e8eebd2855b4a75d023bc291750584011d685ef08c97c4432211
2024-07,2024-07-13,Dhaka,98,98.0,False,poppler_pdftotext_layout_table_6,https://objectstorage.ap-dcc-gazipur-1.oraclecloud15.com/n/axvjbnqprylg/b/V2Ministry/o/office-doe/2024/12/405ad79a3d2a4fdf9078dfbe907fe428.pdf,5054289b3cd7e8eebd2855b4a75d023bc291750584011d685ef08c97c4432211
2024-07,2024-07-14,Dhaka,97,97.0,False,poppler_pdftotext_layout_table_6,https://objectstorage.ap-dcc-gazipur-1.oraclecloud15.com/n/axvjbnqprylg/b/V2Ministry/o/office-doe/2024/12/405ad79a3d2a4fdf9078dfbe907fe428.pdf,5054289b3cd7e8eebd2855b4a75d023bc291750584011d685ef08c97c4432211
2024-07,2024-07-15,Dhaka,78,78.0,False,poppler_pdftotext_layout_table_6,https://objectstorage.ap-dcc-gazipur-1.oraclecloud15.com/n/axvjbnqprylg/b/V2Ministry/o/office-doe/2024/12/405ad79a3d2a4fdf9078dfbe907fe428.pdf,5054289b3cd7e8eebd2855b4a75d023bc291750584011d685ef08c97c4432211
2024-07,2024-07-16,Dhaka,85,85.0,False,poppler_pdftotext_layout_table_6,https://objectstorage.ap-dcc-gazipur-1.oraclecloud15.com/n/axvjbnqprylg/b/V2Ministry/o/office-doe/2024/12/405ad79a3d2a4fdf9078dfbe907fe428.pdf,5054289b3cd7e8eebd2855b4a75d023bc291750584011d685ef08c97c4432211
2024-07,2024-07-17,Dhaka,90,90.0,False,poppler_pdftotext_layout_table_6,https://objectstorage.ap-dcc-gazipur-1.oraclecloud15.com/n/axvjbnqprylg/b/V2Ministry/o/office-doe/2024/12/405ad79a3d2a4fdf9078dfbe907fe428.pdf,5054289b3cd7e8eebd2855b4a75d023bc291750584011d685ef08c97c4432211
2024-07,2024-07-18,Dhaka,90,90.0,False,poppler_pdftotext_layout_table_6,https://objectstorage.ap-dcc-gazipur-1.oraclecloud15.com/n/axvjbnqprylg/b/V2Ministry/o/office-doe/2024/12/405ad79a3d2a4fdf9078dfbe907fe428.pdf,5054289b3cd7e8eebd2855b4a75d023bc291750584011d685ef08c97c4432211
2024-07,2024-07-19,Dhaka,64,64.0,False,poppler_pdftotext_layout_table_6,https://objectstorage.ap-dcc-gazipur-1.oraclecloud15.com/n/axvjbnqprylg/b/V2Ministry/o/office-doe/2024/12/405ad79a3d2a4fdf9078dfbe907fe428.pdf,5054289b3cd7e8eebd2855b4a75d023bc291750584011d685ef08c97c4432211
2024-07,2024-07-20,Dhaka,62,62.0,False,poppler_pdftotext_layout_table_6,https://objectstorage.ap-dcc-gazipur-1.oraclecloud15.com/n/axvjbnqprylg/b/V2Ministry/o/office-doe/2024/12/405ad79a3d2a4fdf9078dfbe907fe428.pdf,5054289b3cd7e8eebd2855b4a75d023bc291750584011d685ef08c97c4432211
2024-07,2024-07-21,Dhaka,59,59.0,False,poppler_pdftotext_layout_table_6,https://objectstorage.ap-dcc-gazipur-1.oraclecloud15.com/n/axvjbnqprylg/b/V2Ministry/o/office-doe/2024/12/405ad79a3d2a4fdf9078dfbe907fe428.pdf,5054289b3cd7e8eebd2855b4a75d023bc291750584011d685ef08c97c4432211
2024-07,2024-07-22,Dhaka,69,69.0,False,poppler_pdftotext_layout_table_6,https://objectstorage.ap-dcc-gazipur-1.oraclecloud15.com/n/axvjbnqprylg/b/V2Ministry/o/office-doe/2024/12/405ad79a3d2a4fdf9078dfbe907fe428.pdf,5054289b3cd7e8eebd2855b4a75d023bc291750584011d685ef08c97c4432211
2024-07,2024-07-23,Dhaka,64,64.0,False,poppler_pdftotext_layout_table_6,https://objectstorage.ap-dcc-gazipur-1.oraclecloud15.com/n/axvjbnqprylg/b/V2Ministry/o/office-doe/2024/12/405ad79a3d2a4fdf9078dfbe907fe428.pdf,5054289b3cd7e8eebd2855b4a75d023bc291750584011d685ef08c97c4432211
2024-07,2024-07-24,Dhaka,79,79.0,False,poppler_pdftotext_layout_table_6,https://objectstorage.ap-dcc-gazipur-1.oraclecloud15.com/n/axvjbnqprylg/b/V2Ministry/o/office-doe/2024/12/405ad79a3d2a4fdf9078dfbe907fe428.pdf,5054289b3cd7e8eebd2855b4a75d023bc291750584011d685ef08c97c4432211
2024-07,2024-07-25,Dhaka,88,88.0,False,poppler_pdftotext_layout_table_6,https://objectstorage.ap-dcc-gazipur-1.oraclecloud15.com/n/axvjbnqprylg/b/V2Ministry/o/office-doe/2024/12/405ad79a3d2a4fdf9078dfbe907fe428.pdf,5054289b3cd7e8eebd2855b4a75d023bc291750584011d685ef08c97c4432211
2024-07,2024-07-26,Dhaka,76,76.0,False,poppler_pdftotext_layout_table_6,https://objectstorage.ap-dcc-gazipur-1.oraclecloud15.com/n/axvjbnqprylg/b/V2Ministry/o/office-doe/2024/12/405ad79a3d2a4fdf9078dfbe907fe428.pdf,5054289b3cd7e8eebd2855b4a75d023bc291750584011d685ef08c97c4432211
2024-07,2024-07-27,Dhaka,69,69.0,False,poppler_pdftotext_layout_table_6,https://objectstorage.ap-dcc-gazipur-1.oraclecloud15.com/n/axvjbnqprylg/b/V2Ministry/o/office-doe/2024/12/405ad79a3d2a4fdf9078dfbe907fe428.pdf,5054289b3cd7e8eebd2855b4a75d023bc291750584011d685ef08c97c4432211
2024-07,2024-07-28,Dhaka,77,77.0,False,poppler_pdftotext_layout_table_6,https://objectstorage.ap-dcc-gazipur-1.oraclecloud15.com/n/axvjbnqprylg/b/V2Ministry/o/office-doe/2024/12/405ad79a3d2a4fdf9078dfbe907fe428.pdf,5054289b3cd7e8eebd2855b4a75d023bc291750584011d685ef08c97c4432211
2024-07,2024-07-29,Dhaka,73,73.0,False,poppler_pdftotext_layout_table_6,https://objectstorage.ap-dcc-gazipur-1.oraclecloud15.com/n/axvjbnqprylg/b/V2Ministry/o/office-doe/2024/12/405ad79a3d2a4fdf9078dfbe907fe428.pdf,5054289b3cd7e8eebd2855b4a75d023bc291750584011d685ef08c97c4432211
2024-07,2024-07-30,Dhaka,63,63.0,False,poppler_pdftotext_layout_table_6,https://objectstorage.ap-dcc-gazipur-1.oraclecloud15.com/n/axvjbnqprylg/b/V2Ministry/o/office-doe/2024/12/405ad79a3d2a4fdf9078dfbe907fe428.pdf,5054289b3cd7e8eebd2855b4a75d023bc291750584011d685ef08c97c4432211
2024-07,2024-07-31,Dhaka,108,108.0,False,poppler_pdftotext_layout_table_6,https://objectstorage.ap-dcc-gazipur-1.oraclecloud15.com/n/axvjbnqprylg/b/V2Ministry/o/office-doe/2024/12/405ad79a3d2a4fdf9078dfbe907fe428.pdf,5054289b3cd7e8eebd2855b4a75d023bc291750584011d685ef08c97c4432211
2024-08,2024-08-01,Dhaka,70,70.0,False,poppler_pdftotext_layout_table_6,https://objectstorage.ap-dcc-gazipur-1.oraclecloud15.com/n/axvjbnqprylg/b/V2Ministry/o/office-doe/2024/12/4e2fb5ad56054b75bbb36429fcbabe49.pdf,57f194d634525ca31a8f5ba84b23cf8233f80bf22a5c8ee7175a5ca0ca25ec79
2024-08,2024-08-02,Dhaka,87,87.0,False,poppler_pdftotext_layout_table_6,https://objectstorage.ap-dcc-gazipur-1.oraclecloud15.com/n/axvjbnqprylg/b/V2Ministry/o/office-doe/2024/12/4e2fb5ad56054b75bbb36429fcbabe49.pdf,57f194d634525ca31a8f5ba84b23cf8233f80bf22a5c8ee7175a5ca0ca25ec79
2024-08,2024-08-03,Dhaka,87,87.0,False,poppler_pdftotext_layout_table_6,https://objectstorage.ap-dcc-gazipur-1.oraclecloud15.com/n/axvjbnqprylg/b/V2Ministry/o/office-doe/2024/12/4e2fb5ad56054b75bbb36429fcbabe49.pdf,57f194d634525ca31a8f5ba84b23cf8233f80bf22a5c8ee7175a5ca0ca25ec79
2024-08,2024-08-04,Dhaka,85,85.0,False,poppler_pdftotext_layout_table_6,https://objectstorage.ap-dcc-gazipur-1.oraclecloud15.com/n/axvjbnqprylg/b/V2Ministry/o/office-doe/2024/12/4e2fb5ad56054b75bbb36429fcbabe49.pdf,57f194d634525ca31a8f5ba84b23cf8233f80bf22a5c8ee7175a5ca0ca25ec79
2024-08,2024-08-05,Dhaka,89,89.0,False,poppler_pdftotext_layout_table_6,https://objectstorage.ap-dcc-gazipur-1.oraclecloud15.com/n/axvjbnqprylg/b/V2Ministry/o/office-doe/2024/12/4e2fb5ad56054b75bbb36429fcbabe49.pdf,57f194d634525ca31a8f5ba84b23cf8233f80bf22a5c8ee7175a5ca0ca25ec79
2024-08,2024-08-06,Dhaka,70,70.0,False,poppler_pdftotext_layout_table_6,https://objectstorage.ap-dcc-gazipur-1.oraclecloud15.com/n/axvjbnqprylg/b/V2Ministry/o/office-doe/2024/12/4e2fb5ad56054b75bbb36429fcbabe49.pdf,57f194d634525ca31a8f5ba84b23cf8233f80bf22a5c8ee7175a5ca0ca25ec79
2024-08,2024-08-07,Dhaka,73,73.0,False,poppler_pdftotext_layout_table_6,https://objectstorage.ap-dcc-gazipur-1.oraclecloud15.com/n/axvjbnqprylg/b/V2Ministry/o/office-doe/2024/12/4e2fb5ad56054b75bbb36429fcbabe49.pdf,57f194d634525ca31a8f5ba84b23cf8233f80bf22a5c8ee7175a5ca0ca25ec79
2024-08,2024-08-08,Dhaka,73,73.0,False,poppler_pdftotext_layout_table_6,https://objectstorage.ap-dcc-gazipur-1.oraclecloud15.com/n/axvjbnqprylg/b/V2Ministry/o/office-doe/2024/12/4e2fb5ad56054b75bbb36429fcbabe49.pdf,57f194d634525ca31a8f5ba84b23cf8233f80bf22a5c8ee7175a5ca0ca25ec79
2024-08,2024-08-09,Dhaka,76,76.0,False,poppler_pdftotext_layout_table_6,https://objectstorage.ap-dcc-gazipur-1.oraclecloud15.com/n/axvjbnqprylg/b/V2Ministry/o/office-doe/2024/12/4e2fb5ad56054b75bbb36429fcbabe49.pdf,57f194d634525ca31a8f5ba84b23cf8233f80bf22a5c8ee7175a5ca0ca25ec79
2024-08,2024-08-10,Dhaka,76,76.0,False,poppler_pdftotext_layout_table_6,https://objectstorage.ap-dcc-gazipur-1.oraclecloud15.com/n/axvjbnqprylg/b/V2Ministry/o/office-doe/2024/12/4e2fb5ad56054b75bbb36429fcbabe49.pdf,57f194d634525ca31a8f5ba84b23cf8233f80bf22a5c8ee7175a5ca0ca25ec79
2024-08,2024-08-11,Dhaka,110,110.0,False,poppler_pdftotext_layout_table_6,https://objectstorage.ap-dcc-gazipur-1.oraclecloud15.com/n/axvjbnqprylg/b/V2Ministry/o/office-doe/2024/12/4e2fb5ad56054b75bbb36429fcbabe49.pdf,57f194d634525ca31a8f5ba84b23cf8233f80bf22a5c8ee7175a5ca0ca25ec79
2024-08,2024-08-12,Dhaka,103,103.0,False,poppler_pdftotext_layout_table_6,https://objectstorage.ap-dcc-gazipur-1.oraclecloud15.com/n/axvjbnqprylg/b/V2Ministry/o/office-doe/2024/12/4e2fb5ad56054b75bbb36429fcbabe49.pdf,57f194d634525ca31a8f5ba84b23cf8233f80bf22a5c8ee7175a5ca0ca25ec79
2024-08,2024-08-13,Dhaka,111,111.0,False,poppler_pdftotext_layout_table_6,https://objectstorage.ap-dcc-gazipur-1.oraclecloud15.com/n/axvjbnqprylg/b/V2Ministry/o/office-doe/2024/12/4e2fb5ad56054b75bbb36429fcbabe49.pdf,57f194d634525ca31a8f5ba84b23cf8233f80bf22a5c8ee7175a5ca0ca25ec79
2024-08,2024-08-14,Dhaka,118,118.0,False,poppler_pdftotext_layout_table_6,https://objectstorage.ap-dcc-gazipur-1.oraclecloud15.com/n/axvjbnqprylg/b/V2Ministry/o/office-doe/2024/12/4e2fb5ad56054b75bbb36429fcbabe49.pdf,57f194d634525ca31a8f5ba84b23cf8233f80bf22a5c8ee7175a5ca0ca25ec79
2024-08,2024-08-15,Dhaka,82,82.0,False,poppler_pdftotext_layout_table_6,https://objectstorage.ap-dcc-gazipur-1.oraclecloud15.com/n/axvjbnqprylg/b/V2Ministry/o/office-doe/2024/12/4e2fb5ad56054b75bbb36429fcbabe49.pdf,57f194d634525ca31a8f5ba84b23cf8233f80bf22a5c8ee7175a5ca0ca25ec79
2024-08,2024-08-16,Dhaka,85,85.0,False,poppler_pdftotext_layout_table_6,https://objectstorage.ap-dcc-gazipur-1.oraclecloud15.com/n/axvjbnqprylg/b/V2Ministry/o/office-doe/2024/12/4e2fb5ad56054b75bbb36429fcbabe49.pdf,57f194d634525ca31a8f5ba84b23cf8233f80bf22a5c8ee7175a5ca0ca25ec79
2024-08,2024-08-17,Dhaka,44,44.0,False,poppler_pdftotext_layout_table_6,https://objectstorage.ap-dcc-gazipur-1.oraclecloud15.com/n/axvjbnqprylg/b/V2Ministry/o/office-doe/2024/12/4e2fb5ad56054b75bbb36429fcbabe49.pdf,57f194d634525ca31a8f5ba84b23cf8233f80bf22a5c8ee7175a5ca0ca25ec79
2024-08,2024-08-18,Dhaka,81,81.0,False,poppler_pdftotext_layout_table_6,https://objectstorage.ap-dcc-gazipur-1.oraclecloud15.com/n/axvjbnqprylg/b/V2Ministry/o/office-doe/2024/12/4e2fb5ad56054b75bbb36429fcbabe49.pdf,57f194d634525ca31a8f5ba84b23cf8233f80bf22a5c8ee7175a5ca0ca25ec79
2024-08,2024-08-19,Dhaka,70,70.0,False,poppler_pdftotext_layout_table_6,https://objectstorage.ap-dcc-gazipur-1.oraclecloud15.com/n/axvjbnqprylg/b/V2Ministry/o/office-doe/2024/12/4e2fb5ad56054b75bbb36429fcbabe49.pdf,57f194d634525ca31a8f5ba84b23cf8233f80bf22a5c8ee7175a5ca0ca25ec79
2024-08,2024-08-20,Dhaka,77,77.0,False,poppler_pdftotext_layout_table_6,https://objectstorage.ap-dcc-gazipur-1.oraclecloud15.com/n/axvjbnqprylg/b/V2Ministry/o/office-doe/2024/12/4e2fb5ad56054b75bbb36429fcbabe49.pdf,57f194d634525ca31a8f5ba84b23cf8233f80bf22a5c8ee7175a5ca0ca25ec79
2024-08,2024-08-21,Dhaka,148,148.0,False,poppler_pdftotext_layout_table_6,https://objectstorage.ap-dcc-gazipur-1.oraclecloud15.com/n/axvjbnqprylg/b/V2Ministry/o/office-doe/2024/12/4e2fb5ad56054b75bbb36429fcbabe49.pdf,57f194d634525ca31a8f5ba84b23cf8233f80bf22a5c8ee7175a5ca0ca25ec79
2024-08,2024-08-22,Dhaka,127,127.0,False,poppler_pdftotext_layout_table_6,https://objectstorage.ap-dcc-gazipur-1.oraclecloud15.com/n/axvjbnqprylg/b/V2Ministry/o/office-doe/2024/12/4e2fb5ad56054b75bbb36429fcbabe49.pdf,57f194d634525ca31a8f5ba84b23cf8233f80bf22a5c8ee7175a5ca0ca25ec79
2024-08,2024-08-23,Dhaka,101,101.0,False,poppler_pdftotext_layout_table_6,https://objectstorage.ap-dcc-gazipur-1.oraclecloud15.com/n/axvjbnqprylg/b/V2Ministry/o/office-doe/2024/12/4e2fb5ad56054b75bbb36429fcbabe49.pdf,57f194d634525ca31a8f5ba84b23cf8233f80bf22a5c8ee7175a5ca0ca25ec79
2024-08,2024-08-24,Dhaka,92,92.0,False,poppler_pdftotext_layout_table_6,https://objectstorage.ap-dcc-gazipur-1.oraclecloud15.com/n/axvjbnqprylg/b/V2Ministry/o/office-doe/2024/12/4e2fb5ad56054b75bbb36429fcbabe49.pdf,57f194d634525ca31a8f5ba84b23cf8233f80bf22a5c8ee7175a5ca0ca25ec79
2024-08,2024-08-25,Dhaka,73,73.0,False,poppler_pdftotext_layout_table_6,https://objectstorage.ap-dcc-gazipur-1.oraclecloud15.com/n/axvjbnqprylg/b/V2Ministry/o/office-doe/2024/12/4e2fb5ad56054b75bbb36429fcbabe49.pdf,57f194d634525ca31a8f5ba84b23cf8233f80bf22a5c8ee7175a5ca0ca25ec79
2024-08,2024-08-26,Dhaka,74,74.0,False,poppler_pdftotext_layout_table_6,https://objectstorage.ap-dcc-gazipur-1.oraclecloud15.com/n/axvjbnqprylg/b/V2Ministry/o/office-doe/2024/12/4e2fb5ad56054b75bbb36429fcbabe49.pdf,57f194d634525ca31a8f5ba84b23cf8233f80bf22a5c8ee7175a5ca0ca25ec79
2024-08,2024-08-27,Dhaka,103,103.0,False,poppler_pdftotext_layout_table_6,https://objectstorage.ap-dcc-gazipur-1.oraclecloud15.com/n/axvjbnqprylg/b/V2Ministry/o/office-doe/2024/12/4e2fb5ad56054b75bbb36429fcbabe49.pdf,57f194d634525ca31a8f5ba84b23cf8233f80bf22a5c8ee7175a5ca0ca25ec79
2024-08,2024-08-28,Dhaka,122,122.0,False,poppler_pdftotext_layout_table_6,https://objectstorage.ap-dcc-gazipur-1.oraclecloud15.com/n/axvjbnqprylg/b/V2Ministry/o/office-doe/2024/12/4e2fb5ad56054b75bbb36429fcbabe49.pdf,57f194d634525ca31a8f5ba84b23cf8233f80bf22a5c8ee7175a5ca0ca25ec79
2024-08,2024-08-29,Dhaka,112,112.0,False,poppler_pdftotext_layout_table_6,https://objectstorage.ap-dcc-gazipur-1.oraclecloud15.com/n/axvjbnqprylg/b/V2Ministry/o/office-doe/2024/12/4e2fb5ad56054b75bbb36429fcbabe49.pdf,57f194d634525ca31a8f5ba84b23cf8233f80bf22a5c8ee7175a5ca0ca25ec79
2024-08,2024-08-30,Dhaka,111,111.0,False,poppler_pdftotext_layout_table_6,https://objectstorage.ap-dcc-gazipur-1.oraclecloud15.com/n/axvjbnqprylg/b/V2Ministry/o/office-doe/2024/12/4e2fb5ad56054b75bbb36429fcbabe49.pdf,57f194d634525ca31a8f5ba84b23cf8233f80bf22a5c8ee7175a5ca0ca25ec79
2024-08,2024-08-31,Dhaka,58,58.0,False,poppler_pdftotext_layout_table_6,https://objectstorage.ap-dcc-gazipur-1.oraclecloud15.com/n/axvjbnqprylg/b/V2Ministry/o/office-doe/2024/12/4e2fb5ad56054b75bbb36429fcbabe49.pdf,57f194d634525ca31a8f5ba84b23cf8233f80bf22a5c8ee7175a5ca0ca25ec79
2024-09,2024-09-01,Dhaka,87,87.0,False,poppler_pdftotext_layout_table_6,https://objectstorage.ap-dcc-gazipur-1.oraclecloud15.com/n/axvjbnqprylg/b/V2Ministry/o/office-doe/2024/12/a99318c9c6b14323a1d8222136e559f6.pdf,f63512150165200abe45ca00f4ff156ce2a28cfca2ec5e687385e8ebe5f766c9
2024-09,2024-09-02,Dhaka,152,152.0,False,poppler_pdftotext_layout_table_6,https://objectstorage.ap-dcc-gazipur-1.oraclecloud15.com/n/axvjbnqprylg/b/V2Ministry/o/office-doe/2024/12/a99318c9c6b14323a1d8222136e559f6.pdf,f63512150165200abe45ca00f4ff156ce2a28cfca2ec5e687385e8ebe5f766c9
2024-09,2024-09-03,Dhaka,135,135.0,False,poppler_pdftotext_layout_table_6,https://objectstorage.ap-dcc-gazipur-1.oraclecloud15.com/n/axvjbnqprylg/b/V2Ministry/o/office-doe/2024/12/a99318c9c6b14323a1d8222136e559f6.pdf,f63512150165200abe45ca00f4ff156ce2a28cfca2ec5e687385e8ebe5f766c9
2024-09,2024-09-04,Dhaka,95,95.0,False,poppler_pdftotext_layout_table_6,https://objectstorage.ap-dcc-gazipur-1.oraclecloud15.com/n/axvjbnqprylg/b/V2Ministry/o/office-doe/2024/12/a99318c9c6b14323a1d8222136e559f6.pdf,f63512150165200abe45ca00f4ff156ce2a28cfca2ec5e687385e8ebe5f766c9
2024-09,2024-09-05,Dhaka,122,122.0,False,poppler_pdftotext_layout_table_6,https://objectstorage.ap-dcc-gazipur-1.oraclecloud15.com/n/axvjbnqprylg/b/V2Ministry/o/office-doe/2024/12/a99318c9c6b14323a1d8222136e559f6.pdf,f63512150165200abe45ca00f4ff156ce2a28cfca2ec5e687385e8ebe5f766c9
2024-09,2024-09-06,Dhaka,90,90.0,False,poppler_pdftotext_layout_table_6,https://objectstorage.ap-dcc-gazipur-1.oraclecloud15.com/n/axvjbnqprylg/b/V2Ministry/o/office-doe/2024/12/a99318c9c6b14323a1d8222136e559f6.pdf,f63512150165200abe45ca00f4ff156ce2a28cfca2ec5e687385e8ebe5f766c9
2024-09,2024-09-07,Dhaka,141,141.0,False,poppler_pdftotext_layout_table_6,https://objectstorage.ap-dcc-gazipur-1.oraclecloud15.com/n/axvjbnqprylg/b/V2Ministry/o/office-doe/2024/12/a99318c9c6b14323a1d8222136e559f6.pdf,f63512150165200abe45ca00f4ff156ce2a28cfca2ec5e687385e8ebe5f766c9
2024-09,2024-09-08,Dhaka,86,86.0,False,poppler_pdftotext_layout_table_6,https://objectstorage.ap-dcc-gazipur-1.oraclecloud15.com/n/axvjbnqprylg/b/V2Ministry/o/office-doe/2024/12/a99318c9c6b14323a1d8222136e559f6.pdf,f63512150165200abe45ca00f4ff156ce2a28cfca2ec5e687385e8ebe5f766c9
2024-09,2024-09-09,Dhaka,82,82.0,False,poppler_pdftotext_layout_table_6,https://objectstorage.ap-dcc-gazipur-1.oraclecloud15.com/n/axvjbnqprylg/b/V2Ministry/o/office-doe/2024/12/a99318c9c6b14323a1d8222136e559f6.pdf,f63512150165200abe45ca00f4ff156ce2a28cfca2ec5e687385e8ebe5f766c9
2024-09,2024-09-10,Dhaka,118,118.0,False,poppler_pdftotext_layout_table_6,https://objectstorage.ap-dcc-gazipur-1.oraclecloud15.com/n/axvjbnqprylg/b/V2Ministry/o/office-doe/2024/12/a99318c9c6b14323a1d8222136e559f6.pdf,f63512150165200abe45ca00f4ff156ce2a28cfca2ec5e687385e8ebe5f766c9
2024-09,2024-09-11,Dhaka,116,116.0,False,poppler_pdftotext_layout_table_6,https://objectstorage.ap-dcc-gazipur-1.oraclecloud15.com/n/axvjbnqprylg/b/V2Ministry/o/office-doe/2024/12/a99318c9c6b14323a1d8222136e559f6.pdf,f63512150165200abe45ca00f4ff156ce2a28cfca2ec5e687385e8ebe5f766c9
2024-09,2024-09-12,Dhaka,116,116.0,False,poppler_pdftotext_layout_table_6,https://objectstorage.ap-dcc-gazipur-1.oraclecloud15.com/n/axvjbnqprylg/b/V2Ministry/o/office-doe/2024/12/a99318c9c6b14323a1d8222136e559f6.pdf,f63512150165200abe45ca00f4ff156ce2a28cfca2ec5e687385e8ebe5f766c9
2024-09,2024-09-13,Dhaka,82,82.0,False,poppler_pdftotext_layout_table_6,https://objectstorage.ap-dcc-gazipur-1.oraclecloud15.com/n/axvjbnqprylg/b/V2Ministry/o/office-doe/2024/12/a99318c9c6b14323a1d8222136e559f6.pdf,f63512150165200abe45ca00f4ff156ce2a28cfca2ec5e687385e8ebe5f766c9
2024-09,2024-09-14,Dhaka,69,69.0,False,poppler_pdftotext_layout_table_6,https://objectstorage.ap-dcc-gazipur-1.oraclecloud15.com/n/axvjbnqprylg/b/V2Ministry/o/office-doe/2024/12/a99318c9c6b14323a1d8222136e559f6.pdf,f63512150165200abe45ca00f4ff156ce2a28cfca2ec5e687385e8ebe5f766c9
2024-09,2024-09-15,Dhaka,94,94.0,False,poppler_pdftotext_layout_table_6,https://objectstorage.ap-dcc-gazipur-1.oraclecloud15.com/n/axvjbnqprylg/b/V2Ministry/o/office-doe/2024/12/a99318c9c6b14323a1d8222136e559f6.pdf,f63512150165200abe45ca00f4ff156ce2a28cfca2ec5e687385e8ebe5f766c9
2024-09,2024-09-16,Dhaka,122,122.0,False,poppler_pdftotext_layout_table_6,https://objectstorage.ap-dcc-gazipur-1.oraclecloud15.com/n/axvjbnqprylg/b/V2Ministry/o/office-doe/2024/12/a99318c9c6b14323a1d8222136e559f6.pdf,f63512150165200abe45ca00f4ff156ce2a28cfca2ec5e687385e8ebe5f766c9
2024-09,2024-09-17,Dhaka,151,151.0,False,poppler_pdftotext_layout_table_6,https://objectstorage.ap-dcc-gazipur-1.oraclecloud15.com/n/axvjbnqprylg/b/V2Ministry/o/office-doe/2024/12/a99318c9c6b14323a1d8222136e559f6.pdf,f63512150165200abe45ca00f4ff156ce2a28cfca2ec5e687385e8ebe5f766c9
2024-09,2024-09-18,Dhaka,138,138.0,False,poppler_pdftotext_layout_table_6,https://objectstorage.ap-dcc-gazipur-1.oraclecloud15.com/n/axvjbnqprylg/b/V2Ministry/o/office-doe/2024/12/a99318c9c6b14323a1d8222136e559f6.pdf,f63512150165200abe45ca00f4ff156ce2a28cfca2ec5e687385e8ebe5f766c9
2024-09,2024-09-19,Dhaka,155,155.0,False,poppler_pdftotext_layout_table_6,https://objectstorage.ap-dcc-gazipur-1.oraclecloud15.com/n/axvjbnqprylg/b/V2Ministry/o/office-doe/2024/12/a99318c9c6b14323a1d8222136e559f6.pdf,f63512150165200abe45ca00f4ff156ce2a28cfca2ec5e687385e8ebe5f766c9
2024-09,2024-09-20,Dhaka,151,151.0,False,poppler_pdftotext_layout_table_6,https://objectstorage.ap-dcc-gazipur-1.oraclecloud15.com/n/axvjbnqprylg/b/V2Ministry/o/office-doe/2024/12/a99318c9c6b14323a1d8222136e559f6.pdf,f63512150165200abe45ca00f4ff156ce2a28cfca2ec5e687385e8ebe5f766c9
2024-09,2024-09-21,Dhaka,97,97.0,False,poppler_pdftotext_layout_table_6,https://objectstorage.ap-dcc-gazipur-1.oraclecloud15.com/n/axvjbnqprylg/b/V2Ministry/o/office-doe/2024/12/a99318c9c6b14323a1d8222136e559f6.pdf,f63512150165200abe45ca00f4ff156ce2a28cfca2ec5e687385e8ebe5f766c9
2024-09,2024-09-22,Dhaka,108,108.0,False,poppler_pdftotext_layout_table_6,https://objectstorage.ap-dcc-gazipur-1.oraclecloud15.com/n/axvjbnqprylg/b/V2Ministry/o/office-doe/2024/12/a99318c9c6b14323a1d8222136e559f6.pdf,f63512150165200abe45ca00f4ff156ce2a28cfca2ec5e687385e8ebe5f766c9
2024-09,2024-09-23,Dhaka,162,162.0,False,poppler_pdftotext_layout_table_6,https://objectstorage.ap-dcc-gazipur-1.oraclecloud15.com/n/axvjbnqprylg/b/V2Ministry/o/office-doe/2024/12/a99318c9c6b14323a1d8222136e559f6.pdf,f63512150165200abe45ca00f4ff156ce2a28cfca2ec5e687385e8ebe5f766c9
2024-09,2024-09-24,Dhaka,101,101.0,False,poppler_pdftotext_layout_table_6,https://objectstorage.ap-dcc-gazipur-1.oraclecloud15.com/n/axvjbnqprylg/b/V2Ministry/o/office-doe/2024/12/a99318c9c6b14323a1d8222136e559f6.pdf,f63512150165200abe45ca00f4ff156ce2a28cfca2ec5e687385e8ebe5f766c9
2024-09,2024-09-25,Dhaka,74,74.0,False,poppler_pdftotext_layout_table_6,https://objectstorage.ap-dcc-gazipur-1.oraclecloud15.com/n/axvjbnqprylg/b/V2Ministry/o/office-doe/2024/12/a99318c9c6b14323a1d8222136e559f6.pdf,f63512150165200abe45ca00f4ff156ce2a28cfca2ec5e687385e8ebe5f766c9
2024-09,2024-09-26,Dhaka,89,89.0,False,poppler_pdftotext_layout_table_6,https://objectstorage.ap-dcc-gazipur-1.oraclecloud15.com/n/axvjbnqprylg/b/V2Ministry/o/office-doe/2024/12/a99318c9c6b14323a1d8222136e559f6.pdf,f63512150165200abe45ca00f4ff156ce2a28cfca2ec5e687385e8ebe5f766c9
2024-09,2024-09-27,Dhaka,99,99.0,False,poppler_pdftotext_layout_table_6,https://objectstorage.ap-dcc-gazipur-1.oraclecloud15.com/n/axvjbnqprylg/b/V2Ministry/o/office-doe/2024/12/a99318c9c6b14323a1d8222136e559f6.pdf,f63512150165200abe45ca00f4ff156ce2a28cfca2ec5e687385e8ebe5f766c9
2024-09,2024-09-28,Dhaka,81,81.0,False,poppler_pdftotext_layout_table_6,https://objectstorage.ap-dcc-gazipur-1.oraclecloud15.com/n/axvjbnqprylg/b/V2Ministry/o/office-doe/2024/12/a99318c9c6b14323a1d8222136e559f6.pdf,f63512150165200abe45ca00f4ff156ce2a28cfca2ec5e687385e8ebe5f766c9
2024-09,2024-09-29,Dhaka,90,90.0,False,poppler_pdftotext_layout_table_6,https://objectstorage.ap-dcc-gazipur-1.oraclecloud15.com/n/axvjbnqprylg/b/V2Ministry/o/office-doe/2024/12/a99318c9c6b14323a1d8222136e559f6.pdf,f63512150165200abe45ca00f4ff156ce2a28cfca2ec5e687385e8ebe5f766c9
2024-09,2024-09-30,Dhaka,153,153.0,False,poppler_pdftotext_layout_table_6,https://objectstorage.ap-dcc-gazipur-1.oraclecloud15.com/n/axvjbnqprylg/b/V2Ministry/o/office-doe/2024/12/a99318c9c6b14323a1d8222136e559f6.pdf,f63512150165200abe45ca00f4ff156ce2a28cfca2ec5e687385e8ebe5f766c9
2024-10,2024-10-01,Dhaka,147,147.0,False,poppler_pdftotext_layout_table_6,https://objectstorage.ap-dcc-gazipur-1.oraclecloud15.com/n/axvjbnqprylg/b/V2Ministry/o/office-doe/2024/12/92f02f67999343f78d87699aa4b58b4d.pdf,76a99b95ec0e949f3a45738e49836196fae677f74ed0e1bf13773697643935e0
2024-10,2024-10-02,Dhaka,151,151.0,False,poppler_pdftotext_layout_table_6,https://objectstorage.ap-dcc-gazipur-1.oraclecloud15.com/n/axvjbnqprylg/b/V2Ministry/o/office-doe/2024/12/92f02f67999343f78d87699aa4b58b4d.pdf,76a99b95ec0e949f3a45738e49836196fae677f74ed0e1bf13773697643935e0
2024-10,2024-10-03,Dhaka,86,86.0,False,poppler_pdftotext_layout_table_6,https://objectstorage.ap-dcc-gazipur-1.oraclecloud15.com/n/axvjbnqprylg/b/V2Ministry/o/office-doe/2024/12/92f02f67999343f78d87699aa4b58b4d.pdf,76a99b95ec0e949f3a45738e49836196fae677f74ed0e1bf13773697643935e0
2024-10,2024-10-04,Dhaka,86,86.0,False,poppler_pdftotext_layout_table_6,https://objectstorage.ap-dcc-gazipur-1.oraclecloud15.com/n/axvjbnqprylg/b/V2Ministry/o/office-doe/2024/12/92f02f67999343f78d87699aa4b58b4d.pdf,76a99b95ec0e949f3a45738e49836196fae677f74ed0e1bf13773697643935e0
2024-10,2024-10-05,Dhaka,124,124.0,False,poppler_pdftotext_layout_table_6,https://objectstorage.ap-dcc-gazipur-1.oraclecloud15.com/n/axvjbnqprylg/b/V2Ministry/o/office-doe/2024/12/92f02f67999343f78d87699aa4b58b4d.pdf,76a99b95ec0e949f3a45738e49836196fae677f74ed0e1bf13773697643935e0
2024-10,2024-10-06,Dhaka,107,107.0,False,poppler_pdftotext_layout_table_6,https://objectstorage.ap-dcc-gazipur-1.oraclecloud15.com/n/axvjbnqprylg/b/V2Ministry/o/office-doe/2024/12/92f02f67999343f78d87699aa4b58b4d.pdf,76a99b95ec0e949f3a45738e49836196fae677f74ed0e1bf13773697643935e0
2024-10,2024-10-07,Dhaka,158,158.0,False,poppler_pdftotext_layout_table_6,https://objectstorage.ap-dcc-gazipur-1.oraclecloud15.com/n/axvjbnqprylg/b/V2Ministry/o/office-doe/2024/12/92f02f67999343f78d87699aa4b58b4d.pdf,76a99b95ec0e949f3a45738e49836196fae677f74ed0e1bf13773697643935e0
2024-10,2024-10-08,Dhaka,130,130.0,False,poppler_pdftotext_layout_table_6,https://objectstorage.ap-dcc-gazipur-1.oraclecloud15.com/n/axvjbnqprylg/b/V2Ministry/o/office-doe/2024/12/92f02f67999343f78d87699aa4b58b4d.pdf,76a99b95ec0e949f3a45738e49836196fae677f74ed0e1bf13773697643935e0
2024-10,2024-10-09,Dhaka,128,128.0,False,poppler_pdftotext_layout_table_6,https://objectstorage.ap-dcc-gazipur-1.oraclecloud15.com/n/axvjbnqprylg/b/V2Ministry/o/office-doe/2024/12/92f02f67999343f78d87699aa4b58b4d.pdf,76a99b95ec0e949f3a45738e49836196fae677f74ed0e1bf13773697643935e0
2024-10,2024-10-10,Dhaka,131,131.0,False,poppler_pdftotext_layout_table_6,https://objectstorage.ap-dcc-gazipur-1.oraclecloud15.com/n/axvjbnqprylg/b/V2Ministry/o/office-doe/2024/12/92f02f67999343f78d87699aa4b58b4d.pdf,76a99b95ec0e949f3a45738e49836196fae677f74ed0e1bf13773697643935e0
2024-10,2024-10-11,Dhaka,107,107.0,False,poppler_pdftotext_layout_table_6,https://objectstorage.ap-dcc-gazipur-1.oraclecloud15.com/n/axvjbnqprylg/b/V2Ministry/o/office-doe/2024/12/92f02f67999343f78d87699aa4b58b4d.pdf,76a99b95ec0e949f3a45738e49836196fae677f74ed0e1bf13773697643935e0
2024-10,2024-10-12,Dhaka,150,150.0,False,poppler_pdftotext_layout_table_6,https://objectstorage.ap-dcc-gazipur-1.oraclecloud15.com/n/axvjbnqprylg/b/V2Ministry/o/office-doe/2024/12/92f02f67999343f78d87699aa4b58b4d.pdf,76a99b95ec0e949f3a45738e49836196fae677f74ed0e1bf13773697643935e0
2024-10,2024-10-13,Dhaka,165,165.0,False,poppler_pdftotext_layout_table_6,https://objectstorage.ap-dcc-gazipur-1.oraclecloud15.com/n/axvjbnqprylg/b/V2Ministry/o/office-doe/2024/12/92f02f67999343f78d87699aa4b58b4d.pdf,76a99b95ec0e949f3a45738e49836196fae677f74ed0e1bf13773697643935e0
2024-10,2024-10-14,Dhaka,167,167.0,False,poppler_pdftotext_layout_table_6,https://objectstorage.ap-dcc-gazipur-1.oraclecloud15.com/n/axvjbnqprylg/b/V2Ministry/o/office-doe/2024/12/92f02f67999343f78d87699aa4b58b4d.pdf,76a99b95ec0e949f3a45738e49836196fae677f74ed0e1bf13773697643935e0
2024-10,2024-10-15,Dhaka,183,183.0,False,poppler_pdftotext_layout_table_6,https://objectstorage.ap-dcc-gazipur-1.oraclecloud15.com/n/axvjbnqprylg/b/V2Ministry/o/office-doe/2024/12/92f02f67999343f78d87699aa4b58b4d.pdf,76a99b95ec0e949f3a45738e49836196fae677f74ed0e1bf13773697643935e0
2024-10,2024-10-16,Dhaka,230,230.0,False,poppler_pdftotext_layout_table_6,https://objectstorage.ap-dcc-gazipur-1.oraclecloud15.com/n/axvjbnqprylg/b/V2Ministry/o/office-doe/2024/12/92f02f67999343f78d87699aa4b58b4d.pdf,76a99b95ec0e949f3a45738e49836196fae677f74ed0e1bf13773697643935e0
2024-10,2024-10-17,Dhaka,203,203.0,False,poppler_pdftotext_layout_table_6,https://objectstorage.ap-dcc-gazipur-1.oraclecloud15.com/n/axvjbnqprylg/b/V2Ministry/o/office-doe/2024/12/92f02f67999343f78d87699aa4b58b4d.pdf,76a99b95ec0e949f3a45738e49836196fae677f74ed0e1bf13773697643935e0
2024-10,2024-10-18,Dhaka,177,177.0,False,poppler_pdftotext_layout_table_6,https://objectstorage.ap-dcc-gazipur-1.oraclecloud15.com/n/axvjbnqprylg/b/V2Ministry/o/office-doe/2024/12/92f02f67999343f78d87699aa4b58b4d.pdf,76a99b95ec0e949f3a45738e49836196fae677f74ed0e1bf13773697643935e0
2024-10,2024-10-19,Dhaka,159,159.0,False,poppler_pdftotext_layout_table_6,https://objectstorage.ap-dcc-gazipur-1.oraclecloud15.com/n/axvjbnqprylg/b/V2Ministry/o/office-doe/2024/12/92f02f67999343f78d87699aa4b58b4d.pdf,76a99b95ec0e949f3a45738e49836196fae677f74ed0e1bf13773697643935e0
2024-10,2024-10-20,Dhaka,160,160.0,False,poppler_pdftotext_layout_table_6,https://objectstorage.ap-dcc-gazipur-1.oraclecloud15.com/n/axvjbnqprylg/b/V2Ministry/o/office-doe/2024/12/92f02f67999343f78d87699aa4b58b4d.pdf,76a99b95ec0e949f3a45738e49836196fae677f74ed0e1bf13773697643935e0
2024-10,2024-10-21,Dhaka,166,166.0,False,poppler_pdftotext_layout_table_6,https://objectstorage.ap-dcc-gazipur-1.oraclecloud15.com/n/axvjbnqprylg/b/V2Ministry/o/office-doe/2024/12/92f02f67999343f78d87699aa4b58b4d.pdf,76a99b95ec0e949f3a45738e49836196fae677f74ed0e1bf13773697643935e0
2024-10,2024-10-22,Dhaka,163,163.0,False,poppler_pdftotext_layout_table_6,https://objectstorage.ap-dcc-gazipur-1.oraclecloud15.com/n/axvjbnqprylg/b/V2Ministry/o/office-doe/2024/12/92f02f67999343f78d87699aa4b58b4d.pdf,76a99b95ec0e949f3a45738e49836196fae677f74ed0e1bf13773697643935e0
2024-10,2024-10-23,Dhaka,129,129.0,False,poppler_pdftotext_layout_table_6,https://objectstorage.ap-dcc-gazipur-1.oraclecloud15.com/n/axvjbnqprylg/b/V2Ministry/o/office-doe/2024/12/92f02f67999343f78d87699aa4b58b4d.pdf,76a99b95ec0e949f3a45738e49836196fae677f74ed0e1bf13773697643935e0
2024-10,2024-10-24,Dhaka,71,71.0,False,poppler_pdftotext_layout_table_6,https://objectstorage.ap-dcc-gazipur-1.oraclecloud15.com/n/axvjbnqprylg/b/V2Ministry/o/office-doe/2024/12/92f02f67999343f78d87699aa4b58b4d.pdf,76a99b95ec0e949f3a45738e49836196fae677f74ed0e1bf13773697643935e0
2024-10,2024-10-25,Dhaka,98,98.0,False,poppler_pdftotext_layout_table_6,https://objectstorage.ap-dcc-gazipur-1.oraclecloud15.com/n/axvjbnqprylg/b/V2Ministry/o/office-doe/2024/12/92f02f67999343f78d87699aa4b58b4d.pdf,76a99b95ec0e949f3a45738e49836196fae677f74ed0e1bf13773697643935e0
2024-10,2024-10-26,Dhaka,153,153.0,False,poppler_pdftotext_layout_table_6,https://objectstorage.ap-dcc-gazipur-1.oraclecloud15.com/n/axvjbnqprylg/b/V2Ministry/o/office-doe/2024/12/92f02f67999343f78d87699aa4b58b4d.pdf,76a99b95ec0e949f3a45738e49836196fae677f74ed0e1bf13773697643935e0
2024-10,2024-10-27,Dhaka,157,157.0,False,poppler_pdftotext_layout_table_6,https://objectstorage.ap-dcc-gazipur-1.oraclecloud15.com/n/axvjbnqprylg/b/V2Ministry/o/office-doe/2024/12/92f02f67999343f78d87699aa4b58b4d.pdf,76a99b95ec0e949f3a45738e49836196fae677f74ed0e1bf13773697643935e0
2024-10,2024-10-28,Dhaka,158,158.0,False,poppler_pdftotext_layout_table_6,https://objectstorage.ap-dcc-gazipur-1.oraclecloud15.com/n/axvjbnqprylg/b/V2Ministry/o/office-doe/2024/12/92f02f67999343f78d87699aa4b58b4d.pdf,76a99b95ec0e949f3a45738e49836196fae677f74ed0e1bf13773697643935e0
2024-10,2024-10-29,Dhaka,178,178.0,False,poppler_pdftotext_layout_table_6,https://objectstorage.ap-dcc-gazipur-1.oraclecloud15.com/n/axvjbnqprylg/b/V2Ministry/o/office-doe/2024/12/92f02f67999343f78d87699aa4b58b4d.pdf,76a99b95ec0e949f3a45738e49836196fae677f74ed0e1bf13773697643935e0
2024-10,2024-10-30,Dhaka,163,163.0,False,poppler_pdftotext_layout_table_6,https://objectstorage.ap-dcc-gazipur-1.oraclecloud15.com/n/axvjbnqprylg/b/V2Ministry/o/office-doe/2024/12/92f02f67999343f78d87699aa4b58b4d.pdf,76a99b95ec0e949f3a45738e49836196fae677f74ed0e1bf13773697643935e0
2024-10,2024-10-31,Dhaka,148,148.0,False,poppler_pdftotext_layout_table_6,https://objectstorage.ap-dcc-gazipur-1.oraclecloud15.com/n/axvjbnqprylg/b/V2Ministry/o/office-doe/2024/12/92f02f67999343f78d87699aa4b58b4d.pdf,76a99b95ec0e949f3a45738e49836196fae677f74ed0e1bf13773697643935e0
2024-11,2024-11-01,Dhaka,175,175.0,False,poppler_pdftotext_layout_table_6,https://objectstorage.ap-dcc-gazipur-1.oraclecloud15.com/n/axvjbnqprylg/b/V2Ministry/o/office-doe/2024/12/9b491d545bd14e409131105103d80742.pdf,13622142d8c1930f002fde7b167e5043ecba768cbffbc68648849e3be2c7262c
2024-11,2024-11-02,Dhaka,171,171.0,False,poppler_pdftotext_layout_table_6,https://objectstorage.ap-dcc-gazipur-1.oraclecloud15.com/n/axvjbnqprylg/b/V2Ministry/o/office-doe/2024/12/9b491d545bd14e409131105103d80742.pdf,13622142d8c1930f002fde7b167e5043ecba768cbffbc68648849e3be2c7262c
2024-11,2024-11-03,Dhaka,130,130.0,False,poppler_pdftotext_layout_table_6,https://objectstorage.ap-dcc-gazipur-1.oraclecloud15.com/n/axvjbnqprylg/b/V2Ministry/o/office-doe/2024/12/9b491d545bd14e409131105103d80742.pdf,13622142d8c1930f002fde7b167e5043ecba768cbffbc68648849e3be2c7262c
2024-11,2024-11-04,Dhaka,164,164.0,False,poppler_pdftotext_layout_table_6,https://objectstorage.ap-dcc-gazipur-1.oraclecloud15.com/n/axvjbnqprylg/b/V2Ministry/o/office-doe/2024/12/9b491d545bd14e409131105103d80742.pdf,13622142d8c1930f002fde7b167e5043ecba768cbffbc68648849e3be2c7262c
2024-11,2024-11-05,Dhaka,163,163.0,False,poppler_pdftotext_layout_table_6,https://objectstorage.ap-dcc-gazipur-1.oraclecloud15.com/n/axvjbnqprylg/b/V2Ministry/o/office-doe/2024/12/9b491d545bd14e409131105103d80742.pdf,13622142d8c1930f002fde7b167e5043ecba768cbffbc68648849e3be2c7262c
2024-11,2024-11-06,Dhaka,137,137.0,False,poppler_pdftotext_layout_table_6,https://objectstorage.ap-dcc-gazipur-1.oraclecloud15.com/n/axvjbnqprylg/b/V2Ministry/o/office-doe/2024/12/9b491d545bd14e409131105103d80742.pdf,13622142d8c1930f002fde7b167e5043ecba768cbffbc68648849e3be2c7262c
2024-11,2024-11-07,Dhaka,147,147.0,False,poppler_pdftotext_layout_table_6,https://objectstorage.ap-dcc-gazipur-1.oraclecloud15.com/n/axvjbnqprylg/b/V2Ministry/o/office-doe/2024/12/9b491d545bd14e409131105103d80742.pdf,13622142d8c1930f002fde7b167e5043ecba768cbffbc68648849e3be2c7262c
2024-11,2024-11-08,Dhaka,100,100.0,False,poppler_pdftotext_layout_table_6,https://objectstorage.ap-dcc-gazipur-1.oraclecloud15.com/n/axvjbnqprylg/b/V2Ministry/o/office-doe/2024/12/9b491d545bd14e409131105103d80742.pdf,13622142d8c1930f002fde7b167e5043ecba768cbffbc68648849e3be2c7262c
2024-11,2024-11-09,Dhaka,91,91.0,False,poppler_pdftotext_layout_table_6,https://objectstorage.ap-dcc-gazipur-1.oraclecloud15.com/n/axvjbnqprylg/b/V2Ministry/o/office-doe/2024/12/9b491d545bd14e409131105103d80742.pdf,13622142d8c1930f002fde7b167e5043ecba768cbffbc68648849e3be2c7262c
2024-11,2024-11-10,Dhaka,131,131.0,False,poppler_pdftotext_layout_table_6,https://objectstorage.ap-dcc-gazipur-1.oraclecloud15.com/n/axvjbnqprylg/b/V2Ministry/o/office-doe/2024/12/9b491d545bd14e409131105103d80742.pdf,13622142d8c1930f002fde7b167e5043ecba768cbffbc68648849e3be2c7262c
2024-11,2024-11-11,Dhaka,139,139.0,False,poppler_pdftotext_layout_table_6,https://objectstorage.ap-dcc-gazipur-1.oraclecloud15.com/n/axvjbnqprylg/b/V2Ministry/o/office-doe/2024/12/9b491d545bd14e409131105103d80742.pdf,13622142d8c1930f002fde7b167e5043ecba768cbffbc68648849e3be2c7262c
2024-11,2024-11-12,Dhaka,165,165.0,False,poppler_pdftotext_layout_table_6,https://objectstorage.ap-dcc-gazipur-1.oraclecloud15.com/n/axvjbnqprylg/b/V2Ministry/o/office-doe/2024/12/9b491d545bd14e409131105103d80742.pdf,13622142d8c1930f002fde7b167e5043ecba768cbffbc68648849e3be2c7262c
2024-11,2024-11-13,Dhaka,162,162.0,False,poppler_pdftotext_layout_table_6,https://objectstorage.ap-dcc-gazipur-1.oraclecloud15.com/n/axvjbnqprylg/b/V2Ministry/o/office-doe/2024/12/9b491d545bd14e409131105103d80742.pdf,13622142d8c1930f002fde7b167e5043ecba768cbffbc68648849e3be2c7262c
2024-11,2024-11-14,Dhaka,182,182.0,False,poppler_pdftotext_layout_table_6,https://objectstorage.ap-dcc-gazipur-1.oraclecloud15.com/n/axvjbnqprylg/b/V2Ministry/o/office-doe/2024/12/9b491d545bd14e409131105103d80742.pdf,13622142d8c1930f002fde7b167e5043ecba768cbffbc68648849e3be2c7262c
2024-11,2024-11-15,Dhaka,193,193.0,False,poppler_pdftotext_layout_table_6,https://objectstorage.ap-dcc-gazipur-1.oraclecloud15.com/n/axvjbnqprylg/b/V2Ministry/o/office-doe/2024/12/9b491d545bd14e409131105103d80742.pdf,13622142d8c1930f002fde7b167e5043ecba768cbffbc68648849e3be2c7262c
2024-11,2024-11-16,Dhaka,242,242.0,False,poppler_pdftotext_layout_table_6,https://objectstorage.ap-dcc-gazipur-1.oraclecloud15.com/n/axvjbnqprylg/b/V2Ministry/o/office-doe/2024/12/9b491d545bd14e409131105103d80742.pdf,13622142d8c1930f002fde7b167e5043ecba768cbffbc68648849e3be2c7262c
2024-11,2024-11-17,Dhaka,203,203.0,False,poppler_pdftotext_layout_table_6,https://objectstorage.ap-dcc-gazipur-1.oraclecloud15.com/n/axvjbnqprylg/b/V2Ministry/o/office-doe/2024/12/9b491d545bd14e409131105103d80742.pdf,13622142d8c1930f002fde7b167e5043ecba768cbffbc68648849e3be2c7262c
2024-11,2024-11-18,Dhaka,200,200.0,False,poppler_pdftotext_layout_table_6,https://objectstorage.ap-dcc-gazipur-1.oraclecloud15.com/n/axvjbnqprylg/b/V2Ministry/o/office-doe/2024/12/9b491d545bd14e409131105103d80742.pdf,13622142d8c1930f002fde7b167e5043ecba768cbffbc68648849e3be2c7262c
2024-11,2024-11-19,Dhaka,181,181.0,False,poppler_pdftotext_layout_table_6,https://objectstorage.ap-dcc-gazipur-1.oraclecloud15.com/n/axvjbnqprylg/b/V2Ministry/o/office-doe/2024/12/9b491d545bd14e409131105103d80742.pdf,13622142d8c1930f002fde7b167e5043ecba768cbffbc68648849e3be2c7262c
2024-11,2024-11-20,Dhaka,204,204.0,False,poppler_pdftotext_layout_table_6,https://objectstorage.ap-dcc-gazipur-1.oraclecloud15.com/n/axvjbnqprylg/b/V2Ministry/o/office-doe/2024/12/9b491d545bd14e409131105103d80742.pdf,13622142d8c1930f002fde7b167e5043ecba768cbffbc68648849e3be2c7262c
2024-11,2024-11-21,Dhaka,176,176.0,False,poppler_pdftotext_layout_table_6,https://objectstorage.ap-dcc-gazipur-1.oraclecloud15.com/n/axvjbnqprylg/b/V2Ministry/o/office-doe/2024/12/9b491d545bd14e409131105103d80742.pdf,13622142d8c1930f002fde7b167e5043ecba768cbffbc68648849e3be2c7262c
2024-11,2024-11-22,Dhaka,187,187.0,False,poppler_pdftotext_layout_table_6,https://objectstorage.ap-dcc-gazipur-1.oraclecloud15.com/n/axvjbnqprylg/b/V2Ministry/o/office-doe/2024/12/9b491d545bd14e409131105103d80742.pdf,13622142d8c1930f002fde7b167e5043ecba768cbffbc68648849e3be2c7262c
2024-11,2024-11-23,Dhaka,184,184.0,False,poppler_pdftotext_layout_table_6,https://objectstorage.ap-dcc-gazipur-1.oraclecloud15.com/n/axvjbnqprylg/b/V2Ministry/o/office-doe/2024/12/9b491d545bd14e409131105103d80742.pdf,13622142d8c1930f002fde7b167e5043ecba768cbffbc68648849e3be2c7262c
2024-11,2024-11-24,Dhaka,219,219.0,False,poppler_pdftotext_layout_table_6,https://objectstorage.ap-dcc-gazipur-1.oraclecloud15.com/n/axvjbnqprylg/b/V2Ministry/o/office-doe/2024/12/9b491d545bd14e409131105103d80742.pdf,13622142d8c1930f002fde7b167e5043ecba768cbffbc68648849e3be2c7262c
2024-11,2024-11-25,Dhaka,241,241.0,False,poppler_pdftotext_layout_table_6,https://objectstorage.ap-dcc-gazipur-1.oraclecloud15.com/n/axvjbnqprylg/b/V2Ministry/o/office-doe/2024/12/9b491d545bd14e409131105103d80742.pdf,13622142d8c1930f002fde7b167e5043ecba768cbffbc68648849e3be2c7262c
2024-11,2024-11-26,Dhaka,192,192.0,False,poppler_pdftotext_layout_table_6,https://objectstorage.ap-dcc-gazipur-1.oraclecloud15.com/n/axvjbnqprylg/b/V2Ministry/o/office-doe/2024/12/9b491d545bd14e409131105103d80742.pdf,13622142d8c1930f002fde7b167e5043ecba768cbffbc68648849e3be2c7262c
2024-11,2024-11-27,Dhaka,173,173.0,False,poppler_pdftotext_layout_table_6,https://objectstorage.ap-dcc-gazipur-1.oraclecloud15.com/n/axvjbnqprylg/b/V2Ministry/o/office-doe/2024/12/9b491d545bd14e409131105103d80742.pdf,13622142d8c1930f002fde7b167e5043ecba768cbffbc68648849e3be2c7262c
2024-11,2024-11-28,Dhaka,159,159.0,False,poppler_pdftotext_layout_table_6,https://objectstorage.ap-dcc-gazipur-1.oraclecloud15.com/n/axvjbnqprylg/b/V2Ministry/o/office-doe/2024/12/9b491d545bd14e409131105103d80742.pdf,13622142d8c1930f002fde7b167e5043ecba768cbffbc68648849e3be2c7262c
2024-11,2024-11-29,Dhaka,155,155.0,False,poppler_pdftotext_layout_table_6,https://objectstorage.ap-dcc-gazipur-1.oraclecloud15.com/n/axvjbnqprylg/b/V2Ministry/o/office-doe/2024/12/9b491d545bd14e409131105103d80742.pdf,13622142d8c1930f002fde7b167e5043ecba768cbffbc68648849e3be2c7262c
2024-11,2024-11-30,Dhaka,158,158.0,False,poppler_pdftotext_layout_table_6,https://objectstorage.ap-dcc-gazipur-1.oraclecloud15.com/n/axvjbnqprylg/b/V2Ministry/o/office-doe/2024/12/9b491d545bd14e409131105103d80742.pdf,13622142d8c1930f002fde7b167e5043ecba768cbffbc68648849e3be2c7262c
2024-12,2024-12-01,Dhaka,188,188.0,False,poppler_pdftotext_layout_table_6,https://objectstorage.ap-dcc-gazipur-1.oraclecloud15.com/n/axvjbnqprylg/b/V2Ministry/o/office-doe/2024/12/d571013f5ddb463bb74372f8dbe421e4.pdf,23489fa35ac31196f49120708ee21a134bafd5417c3ef7188b56b530dd97a3a0
2024-12,2024-12-02,Dhaka,171,171.0,False,poppler_pdftotext_layout_table_6,https://objectstorage.ap-dcc-gazipur-1.oraclecloud15.com/n/axvjbnqprylg/b/V2Ministry/o/office-doe/2024/12/d571013f5ddb463bb74372f8dbe421e4.pdf,23489fa35ac31196f49120708ee21a134bafd5417c3ef7188b56b530dd97a3a0
2024-12,2024-12-03,Dhaka,176,176.0,False,poppler_pdftotext_layout_table_6,https://objectstorage.ap-dcc-gazipur-1.oraclecloud15.com/n/axvjbnqprylg/b/V2Ministry/o/office-doe/2024/12/d571013f5ddb463bb74372f8dbe421e4.pdf,23489fa35ac31196f49120708ee21a134bafd5417c3ef7188b56b530dd97a3a0
2024-12,2024-12-04,Dhaka,228,228.0,False,poppler_pdftotext_layout_table_6,https://objectstorage.ap-dcc-gazipur-1.oraclecloud15.com/n/axvjbnqprylg/b/V2Ministry/o/office-doe/2024/12/d571013f5ddb463bb74372f8dbe421e4.pdf,23489fa35ac31196f49120708ee21a134bafd5417c3ef7188b56b530dd97a3a0
2024-12,2024-12-05,Dhaka,335,335.0,False,poppler_pdftotext_layout_table_6,https://objectstorage.ap-dcc-gazipur-1.oraclecloud15.com/n/axvjbnqprylg/b/V2Ministry/o/office-doe/2024/12/d571013f5ddb463bb74372f8dbe421e4.pdf,23489fa35ac31196f49120708ee21a134bafd5417c3ef7188b56b530dd97a3a0
2024-12,2024-12-06,Dhaka,208,208.0,False,poppler_pdftotext_layout_table_6,https://objectstorage.ap-dcc-gazipur-1.oraclecloud15.com/n/axvjbnqprylg/b/V2Ministry/o/office-doe/2024/12/d571013f5ddb463bb74372f8dbe421e4.pdf,23489fa35ac31196f49120708ee21a134bafd5417c3ef7188b56b530dd97a3a0
2024-12,2024-12-07,Dhaka,189,189.0,False,poppler_pdftotext_layout_table_6,https://objectstorage.ap-dcc-gazipur-1.oraclecloud15.com/n/axvjbnqprylg/b/V2Ministry/o/office-doe/2024/12/d571013f5ddb463bb74372f8dbe421e4.pdf,23489fa35ac31196f49120708ee21a134bafd5417c3ef7188b56b530dd97a3a0
2024-12,2024-12-08,Dhaka,220,220.0,False,poppler_pdftotext_layout_table_6,https://objectstorage.ap-dcc-gazipur-1.oraclecloud15.com/n/axvjbnqprylg/b/V2Ministry/o/office-doe/2024/12/d571013f5ddb463bb74372f8dbe421e4.pdf,23489fa35ac31196f49120708ee21a134bafd5417c3ef7188b56b530dd97a3a0
2024-12,2024-12-09,Dhaka,287,287.0,False,poppler_pdftotext_layout_table_6,https://objectstorage.ap-dcc-gazipur-1.oraclecloud15.com/n/axvjbnqprylg/b/V2Ministry/o/office-doe/2024/12/d571013f5ddb463bb74372f8dbe421e4.pdf,23489fa35ac31196f49120708ee21a134bafd5417c3ef7188b56b530dd97a3a0
2024-12,2024-12-10,Dhaka,216,216.0,False,poppler_pdftotext_layout_table_6,https://objectstorage.ap-dcc-gazipur-1.oraclecloud15.com/n/axvjbnqprylg/b/V2Ministry/o/office-doe/2024/12/d571013f5ddb463bb74372f8dbe421e4.pdf,23489fa35ac31196f49120708ee21a134bafd5417c3ef7188b56b530dd97a3a0
2024-12,2024-12-11,Dhaka,202,202.0,False,poppler_pdftotext_layout_table_6,https://objectstorage.ap-dcc-gazipur-1.oraclecloud15.com/n/axvjbnqprylg/b/V2Ministry/o/office-doe/2024/12/d571013f5ddb463bb74372f8dbe421e4.pdf,23489fa35ac31196f49120708ee21a134bafd5417c3ef7188b56b530dd97a3a0
2024-12,2024-12-12,Dhaka,199,199.0,False,poppler_pdftotext_layout_table_6,https://objectstorage.ap-dcc-gazipur-1.oraclecloud15.com/n/axvjbnqprylg/b/V2Ministry/o/office-doe/2024/12/d571013f5ddb463bb74372f8dbe421e4.pdf,23489fa35ac31196f49120708ee21a134bafd5417c3ef7188b56b530dd97a3a0
2024-12,2024-12-13,Dhaka,226,226.0,False,poppler_pdftotext_layout_table_6,https://objectstorage.ap-dcc-gazipur-1.oraclecloud15.com/n/axvjbnqprylg/b/V2Ministry/o/office-doe/2024/12/d571013f5ddb463bb74372f8dbe421e4.pdf,23489fa35ac31196f49120708ee21a134bafd5417c3ef7188b56b530dd97a3a0
2024-12,2024-12-14,Dhaka,244,244.0,False,poppler_pdftotext_layout_table_6,https://objectstorage.ap-dcc-gazipur-1.oraclecloud15.com/n/axvjbnqprylg/b/V2Ministry/o/office-doe/2024/12/d571013f5ddb463bb74372f8dbe421e4.pdf,23489fa35ac31196f49120708ee21a134bafd5417c3ef7188b56b530dd97a3a0
2024-12,2024-12-15,Dhaka,218,218.0,False,poppler_pdftotext_layout_table_6,https://objectstorage.ap-dcc-gazipur-1.oraclecloud15.com/n/axvjbnqprylg/b/V2Ministry/o/office-doe/2024/12/d571013f5ddb463bb74372f8dbe421e4.pdf,23489fa35ac31196f49120708ee21a134bafd5417c3ef7188b56b530dd97a3a0
2024-12,2024-12-16,Dhaka,225,225.0,False,poppler_pdftotext_layout_table_6,https://objectstorage.ap-dcc-gazipur-1.oraclecloud15.com/n/axvjbnqprylg/b/V2Ministry/o/office-doe/2024/12/d571013f5ddb463bb74372f8dbe421e4.pdf,23489fa35ac31196f49120708ee21a134bafd5417c3ef7188b56b530dd97a3a0
2024-12,2024-12-17,Dhaka,205,205.0,False,poppler_pdftotext_layout_table_6,https://objectstorage.ap-dcc-gazipur-1.oraclecloud15.com/n/axvjbnqprylg/b/V2Ministry/o/office-doe/2024/12/d571013f5ddb463bb74372f8dbe421e4.pdf,23489fa35ac31196f49120708ee21a134bafd5417c3ef7188b56b530dd97a3a0
2024-12,2024-12-18,Dhaka,190,190.0,False,poppler_pdftotext_layout_table_6,https://objectstorage.ap-dcc-gazipur-1.oraclecloud15.com/n/axvjbnqprylg/b/V2Ministry/o/office-doe/2024/12/d571013f5ddb463bb74372f8dbe421e4.pdf,23489fa35ac31196f49120708ee21a134bafd5417c3ef7188b56b530dd97a3a0
2024-12,2024-12-19,Dhaka,230,230.0,False,poppler_pdftotext_layout_table_6,https://objectstorage.ap-dcc-gazipur-1.oraclecloud15.com/n/axvjbnqprylg/b/V2Ministry/o/office-doe/2024/12/d571013f5ddb463bb74372f8dbe421e4.pdf,23489fa35ac31196f49120708ee21a134bafd5417c3ef7188b56b530dd97a3a0
2024-12,2024-12-20,Dhaka,254,254.0,False,poppler_pdftotext_layout_table_6,https://objectstorage.ap-dcc-gazipur-1.oraclecloud15.com/n/axvjbnqprylg/b/V2Ministry/o/office-doe/2024/12/d571013f5ddb463bb74372f8dbe421e4.pdf,23489fa35ac31196f49120708ee21a134bafd5417c3ef7188b56b530dd97a3a0
2024-12,2024-12-21,Dhaka,218,218.0,False,poppler_pdftotext_layout_table_6,https://objectstorage.ap-dcc-gazipur-1.oraclecloud15.com/n/axvjbnqprylg/b/V2Ministry/o/office-doe/2024/12/d571013f5ddb463bb74372f8dbe421e4.pdf,23489fa35ac31196f49120708ee21a134bafd5417c3ef7188b56b530dd97a3a0
2024-12,2024-12-22,Dhaka,231,231.0,False,poppler_pdftotext_layout_table_6,https://objectstorage.ap-dcc-gazipur-1.oraclecloud15.com/n/axvjbnqprylg/b/V2Ministry/o/office-doe/2024/12/d571013f5ddb463bb74372f8dbe421e4.pdf,23489fa35ac31196f49120708ee21a134bafd5417c3ef7188b56b530dd97a3a0
2024-12,2024-12-23,Dhaka,223,223.0,False,poppler_pdftotext_layout_table_6,https://objectstorage.ap-dcc-gazipur-1.oraclecloud15.com/n/axvjbnqprylg/b/V2Ministry/o/office-doe/2024/12/d571013f5ddb463bb74372f8dbe421e4.pdf,23489fa35ac31196f49120708ee21a134bafd5417c3ef7188b56b530dd97a3a0
2024-12,2024-12-24,Dhaka,216,216.0,False,poppler_pdftotext_layout_table_6,https://objectstorage.ap-dcc-gazipur-1.oraclecloud15.com/n/axvjbnqprylg/b/V2Ministry/o/office-doe/2024/12/d571013f5ddb463bb74372f8dbe421e4.pdf,23489fa35ac31196f49120708ee21a134bafd5417c3ef7188b56b530dd97a3a0
2024-12,2024-12-25,Dhaka,210,210.0,False,poppler_pdftotext_layout_table_6,https://objectstorage.ap-dcc-gazipur-1.oraclecloud15.com/n/axvjbnqprylg/b/V2Ministry/o/office-doe/2024/12/d571013f5ddb463bb74372f8dbe421e4.pdf,23489fa35ac31196f49120708ee21a134bafd5417c3ef7188b56b530dd97a3a0
2024-12,2024-12-26,Dhaka,179,179.0,False,poppler_pdftotext_layout_table_6,https://objectstorage.ap-dcc-gazipur-1.oraclecloud15.com/n/axvjbnqprylg/b/V2Ministry/o/office-doe/2024/12/d571013f5ddb463bb74372f8dbe421e4.pdf,23489fa35ac31196f49120708ee21a134bafd5417c3ef7188b56b530dd97a3a0
2024-12,2024-12-27,Dhaka,172,172.0,False,poppler_pdftotext_layout_table_6,https://objectstorage.ap-dcc-gazipur-1.oraclecloud15.com/n/axvjbnqprylg/b/V2Ministry/o/office-doe/2024/12/d571013f5ddb463bb74372f8dbe421e4.pdf,23489fa35ac31196f49120708ee21a134bafd5417c3ef7188b56b530dd97a3a0
2024-12,2024-12-28,Dhaka,191,191.0,False,poppler_pdftotext_layout_table_6,https://objectstorage.ap-dcc-gazipur-1.oraclecloud15.com/n/axvjbnqprylg/b/V2Ministry/o/office-doe/2024/12/d571013f5ddb463bb74372f8dbe421e4.pdf,23489fa35ac31196f49120708ee21a134bafd5417c3ef7188b56b530dd97a3a0
2024-12,2024-12-29,Dhaka,203,203.0,False,poppler_pdftotext_layout_table_6,https://objectstorage.ap-dcc-gazipur-1.oraclecloud15.com/n/axvjbnqprylg/b/V2Ministry/o/office-doe/2024/12/d571013f5ddb463bb74372f8dbe421e4.pdf,23489fa35ac31196f49120708ee21a134bafd5417c3ef7188b56b530dd97a3a0
2024-12,2024-12-30,Dhaka,226,226.0,False,poppler_pdftotext_layout_table_6,https://objectstorage.ap-dcc-gazipur-1.oraclecloud15.com/n/axvjbnqprylg/b/V2Ministry/o/office-doe/2024/12/d571013f5ddb463bb74372f8dbe421e4.pdf,23489fa35ac31196f49120708ee21a134bafd5417c3ef7188b56b530dd97a3a0
2024-12,2024-12-31,Dhaka,211,211.0,False,poppler_pdftotext_layout_table_6,https://objectstorage.ap-dcc-gazipur-1.oraclecloud15.com/n/axvjbnqprylg/b/V2Ministry/o/office-doe/2024/12/d571013f5ddb463bb74372f8dbe421e4.pdf,23489fa35ac31196f49120708ee21a134bafd5417c3ef7188b56b530dd97a3a0
2025-01,2025-01-01,Dhaka,222,222.0,False,poppler_pdftotext_layout_table_6,https://objectstorage.ap-dcc-gazipur-1.oraclecloud15.com/n/axvjbnqprylg/b/V2Ministry/o/office-doe/2024/12/eed6d26557bd497a95834773241b1bf7.pdf,8acd38c3006ce5a0a84c5d23e1d8e44d19c860825d748353327d261f3c59de5b
2025-01,2025-01-02,Dhaka,192,192.0,False,poppler_pdftotext_layout_table_6,https://objectstorage.ap-dcc-gazipur-1.oraclecloud15.com/n/axvjbnqprylg/b/V2Ministry/o/office-doe/2024/12/eed6d26557bd497a95834773241b1bf7.pdf,8acd38c3006ce5a0a84c5d23e1d8e44d19c860825d748353327d261f3c59de5b
2025-01,2025-01-03,Dhaka,180,180.0,False,poppler_pdftotext_layout_table_6,https://objectstorage.ap-dcc-gazipur-1.oraclecloud15.com/n/axvjbnqprylg/b/V2Ministry/o/office-doe/2024/12/eed6d26557bd497a95834773241b1bf7.pdf,8acd38c3006ce5a0a84c5d23e1d8e44d19c860825d748353327d261f3c59de5b
2025-01,2025-01-04,Dhaka,193,193.0,False,poppler_pdftotext_layout_table_6,https://objectstorage.ap-dcc-gazipur-1.oraclecloud15.com/n/axvjbnqprylg/b/V2Ministry/o/office-doe/2024/12/eed6d26557bd497a95834773241b1bf7.pdf,8acd38c3006ce5a0a84c5d23e1d8e44d19c860825d748353327d261f3c59de5b
2025-01,2025-01-05,Dhaka,295,295.0,False,poppler_pdftotext_layout_table_6,https://objectstorage.ap-dcc-gazipur-1.oraclecloud15.com/n/axvjbnqprylg/b/V2Ministry/o/office-doe/2024/12/eed6d26557bd497a95834773241b1bf7.pdf,8acd38c3006ce5a0a84c5d23e1d8e44d19c860825d748353327d261f3c59de5b
2025-01,2025-01-06,Dhaka,219,219.0,False,poppler_pdftotext_layout_table_6,https://objectstorage.ap-dcc-gazipur-1.oraclecloud15.com/n/axvjbnqprylg/b/V2Ministry/o/office-doe/2024/12/eed6d26557bd497a95834773241b1bf7.pdf,8acd38c3006ce5a0a84c5d23e1d8e44d19c860825d748353327d261f3c59de5b
2025-01,2025-01-07,Dhaka,208,208.0,False,poppler_pdftotext_layout_table_6,https://objectstorage.ap-dcc-gazipur-1.oraclecloud15.com/n/axvjbnqprylg/b/V2Ministry/o/office-doe/2024/12/eed6d26557bd497a95834773241b1bf7.pdf,8acd38c3006ce5a0a84c5d23e1d8e44d19c860825d748353327d261f3c59de5b
2025-01,2025-01-08,Dhaka,207,207.0,False,poppler_pdftotext_layout_table_6,https://objectstorage.ap-dcc-gazipur-1.oraclecloud15.com/n/axvjbnqprylg/b/V2Ministry/o/office-doe/2024/12/eed6d26557bd497a95834773241b1bf7.pdf,8acd38c3006ce5a0a84c5d23e1d8e44d19c860825d748353327d261f3c59de5b
2025-01,2025-01-09,Dhaka,175,175.0,False,poppler_pdftotext_layout_table_6,https://objectstorage.ap-dcc-gazipur-1.oraclecloud15.com/n/axvjbnqprylg/b/V2Ministry/o/office-doe/2024/12/eed6d26557bd497a95834773241b1bf7.pdf,8acd38c3006ce5a0a84c5d23e1d8e44d19c860825d748353327d261f3c59de5b
2025-01,2025-01-10,Dhaka,200,200.0,False,poppler_pdftotext_layout_table_6,https://objectstorage.ap-dcc-gazipur-1.oraclecloud15.com/n/axvjbnqprylg/b/V2Ministry/o/office-doe/2024/12/eed6d26557bd497a95834773241b1bf7.pdf,8acd38c3006ce5a0a84c5d23e1d8e44d19c860825d748353327d261f3c59de5b
2025-01,2025-01-11,Dhaka,192,192.0,False,poppler_pdftotext_layout_table_6,https://objectstorage.ap-dcc-gazipur-1.oraclecloud15.com/n/axvjbnqprylg/b/V2Ministry/o/office-doe/2024/12/eed6d26557bd497a95834773241b1bf7.pdf,8acd38c3006ce5a0a84c5d23e1d8e44d19c860825d748353327d261f3c59de5b
2025-01,2025-01-12,Dhaka,195,195.0,False,poppler_pdftotext_layout_table_6,https://objectstorage.ap-dcc-gazipur-1.oraclecloud15.com/n/axvjbnqprylg/b/V2Ministry/o/office-doe/2024/12/eed6d26557bd497a95834773241b1bf7.pdf,8acd38c3006ce5a0a84c5d23e1d8e44d19c860825d748353327d261f3c59de5b
2025-01,2025-01-13,Dhaka,261,261.0,False,poppler_pdftotext_layout_table_6,https://objectstorage.ap-dcc-gazipur-1.oraclecloud15.com/n/axvjbnqprylg/b/V2Ministry/o/office-doe/2024/12/eed6d26557bd497a95834773241b1bf7.pdf,8acd38c3006ce5a0a84c5d23e1d8e44d19c860825d748353327d261f3c59de5b
2025-01,2025-01-14,Dhaka,212,212.0,False,poppler_pdftotext_layout_table_6,https://objectstorage.ap-dcc-gazipur-1.oraclecloud15.com/n/axvjbnqprylg/b/V2Ministry/o/office-doe/2024/12/eed6d26557bd497a95834773241b1bf7.pdf,8acd38c3006ce5a0a84c5d23e1d8e44d19c860825d748353327d261f3c59de5b
2025-01,2025-01-15,Dhaka,234,234.0,False,poppler_pdftotext_layout_table_6,https://objectstorage.ap-dcc-gazipur-1.oraclecloud15.com/n/axvjbnqprylg/b/V2Ministry/o/office-doe/2024/12/eed6d26557bd497a95834773241b1bf7.pdf,8acd38c3006ce5a0a84c5d23e1d8e44d19c860825d748353327d261f3c59de5b
2025-01,2025-01-16,Dhaka,225,225.0,False,poppler_pdftotext_layout_table_6,https://objectstorage.ap-dcc-gazipur-1.oraclecloud15.com/n/axvjbnqprylg/b/V2Ministry/o/office-doe/2024/12/eed6d26557bd497a95834773241b1bf7.pdf,8acd38c3006ce5a0a84c5d23e1d8e44d19c860825d748353327d261f3c59de5b
2025-01,2025-01-17,Dhaka,282,282.0,False,poppler_pdftotext_layout_table_6,https://objectstorage.ap-dcc-gazipur-1.oraclecloud15.com/n/axvjbnqprylg/b/V2Ministry/o/office-doe/2024/12/eed6d26557bd497a95834773241b1bf7.pdf,8acd38c3006ce5a0a84c5d23e1d8e44d19c860825d748353327d261f3c59de5b
2025-01,2025-01-18,Dhaka,209,209.0,False,poppler_pdftotext_layout_table_6,https://objectstorage.ap-dcc-gazipur-1.oraclecloud15.com/n/axvjbnqprylg/b/V2Ministry/o/office-doe/2024/12/eed6d26557bd497a95834773241b1bf7.pdf,8acd38c3006ce5a0a84c5d23e1d8e44d19c860825d748353327d261f3c59de5b
2025-01,2025-01-19,Dhaka,189,189.0,False,poppler_pdftotext_layout_table_6,https://objectstorage.ap-dcc-gazipur-1.oraclecloud15.com/n/axvjbnqprylg/b/V2Ministry/o/office-doe/2024/12/eed6d26557bd497a95834773241b1bf7.pdf,8acd38c3006ce5a0a84c5d23e1d8e44d19c860825d748353327d261f3c59de5b
2025-01,2025-01-20,Dhaka,220,220.0,False,poppler_pdftotext_layout_table_6,https://objectstorage.ap-dcc-gazipur-1.oraclecloud15.com/n/axvjbnqprylg/b/V2Ministry/o/office-doe/2024/12/eed6d26557bd497a95834773241b1bf7.pdf,8acd38c3006ce5a0a84c5d23e1d8e44d19c860825d748353327d261f3c59de5b
2025-01,2025-01-21,Dhaka,299,299.0,False,poppler_pdftotext_layout_table_6,https://objectstorage.ap-dcc-gazipur-1.oraclecloud15.com/n/axvjbnqprylg/b/V2Ministry/o/office-doe/2024/12/eed6d26557bd497a95834773241b1bf7.pdf,8acd38c3006ce5a0a84c5d23e1d8e44d19c860825d748353327d261f3c59de5b
2025-01,2025-01-22,Dhaka,367,367.0,False,poppler_pdftotext_layout_table_6,https://objectstorage.ap-dcc-gazipur-1.oraclecloud15.com/n/axvjbnqprylg/b/V2Ministry/o/office-doe/2024/12/eed6d26557bd497a95834773241b1bf7.pdf,8acd38c3006ce5a0a84c5d23e1d8e44d19c860825d748353327d261f3c59de5b
2025-01,2025-01-23,Dhaka,310,310.0,False,poppler_pdftotext_layout_table_6,https://objectstorage.ap-dcc-gazipur-1.oraclecloud15.com/n/axvjbnqprylg/b/V2Ministry/o/office-doe/2024/12/eed6d26557bd497a95834773241b1bf7.pdf,8acd38c3006ce5a0a84c5d23e1d8e44d19c860825d748353327d261f3c59de5b
2025-01,2025-01-24,Dhaka,295,295.0,False,poppler_pdftotext_layout_table_6,https://objectstorage.ap-dcc-gazipur-1.oraclecloud15.com/n/axvjbnqprylg/b/V2Ministry/o/office-doe/2024/12/eed6d26557bd497a95834773241b1bf7.pdf,8acd38c3006ce5a0a84c5d23e1d8e44d19c860825d748353327d261f3c59de5b
2025-01,2025-01-25,Dhaka,254,254.0,False,poppler_pdftotext_layout_table_6,https://objectstorage.ap-dcc-gazipur-1.oraclecloud15.com/n/axvjbnqprylg/b/V2Ministry/o/office-doe/2024/12/eed6d26557bd497a95834773241b1bf7.pdf,8acd38c3006ce5a0a84c5d23e1d8e44d19c860825d748353327d261f3c59de5b
2025-01,2025-01-26,Dhaka,224,224.0,False,poppler_pdftotext_layout_table_6,https://objectstorage.ap-dcc-gazipur-1.oraclecloud15.com/n/axvjbnqprylg/b/V2Ministry/o/office-doe/2024/12/eed6d26557bd497a95834773241b1bf7.pdf,8acd38c3006ce5a0a84c5d23e1d8e44d19c860825d748353327d261f3c59de5b
2025-01,2025-01-27,Dhaka,286,286.0,False,poppler_pdftotext_layout_table_6,https://objectstorage.ap-dcc-gazipur-1.oraclecloud15.com/n/axvjbnqprylg/b/V2Ministry/o/office-doe/2024/12/eed6d26557bd497a95834773241b1bf7.pdf,8acd38c3006ce5a0a84c5d23e1d8e44d19c860825d748353327d261f3c59de5b
2025-01,2025-01-28,Dhaka,282,282.0,False,poppler_pdftotext_layout_table_6,https://objectstorage.ap-dcc-gazipur-1.oraclecloud15.com/n/axvjbnqprylg/b/V2Ministry/o/office-doe/2024/12/eed6d26557bd497a95834773241b1bf7.pdf,8acd38c3006ce5a0a84c5d23e1d8e44d19c860825d748353327d261f3c59de5b
2025-01,2025-01-29,Dhaka,299,299.0,False,poppler_pdftotext_layout_table_6,https://objectstorage.ap-dcc-gazipur-1.oraclecloud15.com/n/axvjbnqprylg/b/V2Ministry/o/office-doe/2024/12/eed6d26557bd497a95834773241b1bf7.pdf,8acd38c3006ce5a0a84c5d23e1d8e44d19c860825d748353327d261f3c59de5b
2025-01,2025-01-30,Dhaka,264,264.0,False,poppler_pdftotext_layout_table_6,https://objectstorage.ap-dcc-gazipur-1.oraclecloud15.com/n/axvjbnqprylg/b/V2Ministry/o/office-doe/2024/12/eed6d26557bd497a95834773241b1bf7.pdf,8acd38c3006ce5a0a84c5d23e1d8e44d19c860825d748353327d261f3c59de5b
2025-01,2025-01-31,Dhaka,212,212.0,False,poppler_pdftotext_layout_table_6,https://objectstorage.ap-dcc-gazipur-1.oraclecloud15.com/n/axvjbnqprylg/b/V2Ministry/o/office-doe/2024/12/eed6d26557bd497a95834773241b1bf7.pdf,8acd38c3006ce5a0a84c5d23e1d8e44d19c860825d748353327d261f3c59de5b
2025-02,2025-02-01,Dhaka,218,218.0,False,poppler_pdftotext_layout_table_6,https://objectstorage.ap-dcc-gazipur-1.oraclecloud15.com/n/axvjbnqprylg/b/V2Ministry/o/office-doe/2024/12/806246dc86f7449298fb068e42f81b39.pdf,48bc223c0f44ec680ac3120fdf33ab512b1ce52a7a8f5e54828ea3056783a950
2025-02,2025-02-02,Dhaka,263,263.0,False,poppler_pdftotext_layout_table_6,https://objectstorage.ap-dcc-gazipur-1.oraclecloud15.com/n/axvjbnqprylg/b/V2Ministry/o/office-doe/2024/12/806246dc86f7449298fb068e42f81b39.pdf,48bc223c0f44ec680ac3120fdf33ab512b1ce52a7a8f5e54828ea3056783a950
2025-02,2025-02-03,Dhaka,259,259.0,False,poppler_pdftotext_layout_table_6,https://objectstorage.ap-dcc-gazipur-1.oraclecloud15.com/n/axvjbnqprylg/b/V2Ministry/o/office-doe/2024/12/806246dc86f7449298fb068e42f81b39.pdf,48bc223c0f44ec680ac3120fdf33ab512b1ce52a7a8f5e54828ea3056783a950
2025-02,2025-02-04,Dhaka,257,257.0,False,poppler_pdftotext_layout_table_6,https://objectstorage.ap-dcc-gazipur-1.oraclecloud15.com/n/axvjbnqprylg/b/V2Ministry/o/office-doe/2024/12/806246dc86f7449298fb068e42f81b39.pdf,48bc223c0f44ec680ac3120fdf33ab512b1ce52a7a8f5e54828ea3056783a950
2025-02,2025-02-05,Dhaka,330,330.0,False,poppler_pdftotext_layout_table_6,https://objectstorage.ap-dcc-gazipur-1.oraclecloud15.com/n/axvjbnqprylg/b/V2Ministry/o/office-doe/2024/12/806246dc86f7449298fb068e42f81b39.pdf,48bc223c0f44ec680ac3120fdf33ab512b1ce52a7a8f5e54828ea3056783a950
2025-02,2025-02-06,Dhaka,234,234.0,False,poppler_pdftotext_layout_table_6,https://objectstorage.ap-dcc-gazipur-1.oraclecloud15.com/n/axvjbnqprylg/b/V2Ministry/o/office-doe/2024/12/806246dc86f7449298fb068e42f81b39.pdf,48bc223c0f44ec680ac3120fdf33ab512b1ce52a7a8f5e54828ea3056783a950
2025-02,2025-02-07,Dhaka,186,186.0,False,poppler_pdftotext_layout_table_6,https://objectstorage.ap-dcc-gazipur-1.oraclecloud15.com/n/axvjbnqprylg/b/V2Ministry/o/office-doe/2024/12/806246dc86f7449298fb068e42f81b39.pdf,48bc223c0f44ec680ac3120fdf33ab512b1ce52a7a8f5e54828ea3056783a950
2025-02,2025-02-08,Dhaka,205,205.0,False,poppler_pdftotext_layout_table_6,https://objectstorage.ap-dcc-gazipur-1.oraclecloud15.com/n/axvjbnqprylg/b/V2Ministry/o/office-doe/2024/12/806246dc86f7449298fb068e42f81b39.pdf,48bc223c0f44ec680ac3120fdf33ab512b1ce52a7a8f5e54828ea3056783a950
2025-02,2025-02-09,Dhaka,205,205.0,False,poppler_pdftotext_layout_table_6,https://objectstorage.ap-dcc-gazipur-1.oraclecloud15.com/n/axvjbnqprylg/b/V2Ministry/o/office-doe/2024/12/806246dc86f7449298fb068e42f81b39.pdf,48bc223c0f44ec680ac3120fdf33ab512b1ce52a7a8f5e54828ea3056783a950
2025-02,2025-02-10,Dhaka,251,251.0,False,poppler_pdftotext_layout_table_6,https://objectstorage.ap-dcc-gazipur-1.oraclecloud15.com/n/axvjbnqprylg/b/V2Ministry/o/office-doe/2024/12/806246dc86f7449298fb068e42f81b39.pdf,48bc223c0f44ec680ac3120fdf33ab512b1ce52a7a8f5e54828ea3056783a950
2025-02,2025-02-11,Dhaka,230,230.0,False,poppler_pdftotext_layout_table_6,https://objectstorage.ap-dcc-gazipur-1.oraclecloud15.com/n/axvjbnqprylg/b/V2Ministry/o/office-doe/2024/12/806246dc86f7449298fb068e42f81b39.pdf,48bc223c0f44ec680ac3120fdf33ab512b1ce52a7a8f5e54828ea3056783a950
2025-02,2025-02-12,Dhaka,194,194.0,False,poppler_pdftotext_layout_table_6,https://objectstorage.ap-dcc-gazipur-1.oraclecloud15.com/n/axvjbnqprylg/b/V2Ministry/o/office-doe/2024/12/806246dc86f7449298fb068e42f81b39.pdf,48bc223c0f44ec680ac3120fdf33ab512b1ce52a7a8f5e54828ea3056783a950
2025-02,2025-02-13,Dhaka,176,176.0,False,poppler_pdftotext_layout_table_6,https://objectstorage.ap-dcc-gazipur-1.oraclecloud15.com/n/axvjbnqprylg/b/V2Ministry/o/office-doe/2024/12/806246dc86f7449298fb068e42f81b39.pdf,48bc223c0f44ec680ac3120fdf33ab512b1ce52a7a8f5e54828ea3056783a950
2025-02,2025-02-14,Dhaka,179,179.0,False,poppler_pdftotext_layout_table_6,https://objectstorage.ap-dcc-gazipur-1.oraclecloud15.com/n/axvjbnqprylg/b/V2Ministry/o/office-doe/2024/12/806246dc86f7449298fb068e42f81b39.pdf,48bc223c0f44ec680ac3120fdf33ab512b1ce52a7a8f5e54828ea3056783a950
2025-02,2025-02-15,Dhaka,223,223.0,False,poppler_pdftotext_layout_table_6,https://objectstorage.ap-dcc-gazipur-1.oraclecloud15.com/n/axvjbnqprylg/b/V2Ministry/o/office-doe/2024/12/806246dc86f7449298fb068e42f81b39.pdf,48bc223c0f44ec680ac3120fdf33ab512b1ce52a7a8f5e54828ea3056783a950
2025-02,2025-02-16,Dhaka,229,229.0,False,poppler_pdftotext_layout_table_6,https://objectstorage.ap-dcc-gazipur-1.oraclecloud15.com/n/axvjbnqprylg/b/V2Ministry/o/office-doe/2024/12/806246dc86f7449298fb068e42f81b39.pdf,48bc223c0f44ec680ac3120fdf33ab512b1ce52a7a8f5e54828ea3056783a950
2025-02,2025-02-17,Dhaka,214,214.0,False,poppler_pdftotext_layout_table_6,https://objectstorage.ap-dcc-gazipur-1.oraclecloud15.com/n/axvjbnqprylg/b/V2Ministry/o/office-doe/2024/12/806246dc86f7449298fb068e42f81b39.pdf,48bc223c0f44ec680ac3120fdf33ab512b1ce52a7a8f5e54828ea3056783a950
2025-02,2025-02-18,Dhaka,206,206.0,False,poppler_pdftotext_layout_table_6,https://objectstorage.ap-dcc-gazipur-1.oraclecloud15.com/n/axvjbnqprylg/b/V2Ministry/o/office-doe/2024/12/806246dc86f7449298fb068e42f81b39.pdf,48bc223c0f44ec680ac3120fdf33ab512b1ce52a7a8f5e54828ea3056783a950
2025-02,2025-02-19,Dhaka,248,248.0,False,poppler_pdftotext_layout_table_6,https://objectstorage.ap-dcc-gazipur-1.oraclecloud15.com/n/axvjbnqprylg/b/V2Ministry/o/office-doe/2024/12/806246dc86f7449298fb068e42f81b39.pdf,48bc223c0f44ec680ac3120fdf33ab512b1ce52a7a8f5e54828ea3056783a950
2025-02,2025-02-20,Dhaka,269,269.0,False,poppler_pdftotext_layout_table_6,https://objectstorage.ap-dcc-gazipur-1.oraclecloud15.com/n/axvjbnqprylg/b/V2Ministry/o/office-doe/2024/12/806246dc86f7449298fb068e42f81b39.pdf,48bc223c0f44ec680ac3120fdf33ab512b1ce52a7a8f5e54828ea3056783a950
2025-02,2025-02-21,Dhaka,220,220.0,False,poppler_pdftotext_layout_table_6,https://objectstorage.ap-dcc-gazipur-1.oraclecloud15.com/n/axvjbnqprylg/b/V2Ministry/o/office-doe/2024/12/806246dc86f7449298fb068e42f81b39.pdf,48bc223c0f44ec680ac3120fdf33ab512b1ce52a7a8f5e54828ea3056783a950
2025-02,2025-02-22,Dhaka,209,209.0,False,poppler_pdftotext_layout_table_6,https://objectstorage.ap-dcc-gazipur-1.oraclecloud15.com/n/axvjbnqprylg/b/V2Ministry/o/office-doe/2024/12/806246dc86f7449298fb068e42f81b39.pdf,48bc223c0f44ec680ac3120fdf33ab512b1ce52a7a8f5e54828ea3056783a950
2025-02,2025-02-23,Dhaka,200,200.0,False,poppler_pdftotext_layout_table_6,https://objectstorage.ap-dcc-gazipur-1.oraclecloud15.com/n/axvjbnqprylg/b/V2Ministry/o/office-doe/2024/12/806246dc86f7449298fb068e42f81b39.pdf,48bc223c0f44ec680ac3120fdf33ab512b1ce52a7a8f5e54828ea3056783a950
2025-02,2025-02-24,Dhaka,178,178.0,False,poppler_pdftotext_layout_table_6,https://objectstorage.ap-dcc-gazipur-1.oraclecloud15.com/n/axvjbnqprylg/b/V2Ministry/o/office-doe/2024/12/806246dc86f7449298fb068e42f81b39.pdf,48bc223c0f44ec680ac3120fdf33ab512b1ce52a7a8f5e54828ea3056783a950
2025-02,2025-02-25,Dhaka,189,189.0,False,poppler_pdftotext_layout_table_6,https://objectstorage.ap-dcc-gazipur-1.oraclecloud15.com/n/axvjbnqprylg/b/V2Ministry/o/office-doe/2024/12/806246dc86f7449298fb068e42f81b39.pdf,48bc223c0f44ec680ac3120fdf33ab512b1ce52a7a8f5e54828ea3056783a950
2025-02,2025-02-26,Dhaka,188,188.0,False,poppler_pdftotext_layout_table_6,https://objectstorage.ap-dcc-gazipur-1.oraclecloud15.com/n/axvjbnqprylg/b/V2Ministry/o/office-doe/2024/12/806246dc86f7449298fb068e42f81b39.pdf,48bc223c0f44ec680ac3120fdf33ab512b1ce52a7a8f5e54828ea3056783a950
2025-02,2025-02-27,Dhaka,195,195.0,False,poppler_pdftotext_layout_table_6,https://objectstorage.ap-dcc-gazipur-1.oraclecloud15.com/n/axvjbnqprylg/b/V2Ministry/o/office-doe/2024/12/806246dc86f7449298fb068e42f81b39.pdf,48bc223c0f44ec680ac3120fdf33ab512b1ce52a7a8f5e54828ea3056783a950
2025-02,2025-02-28,Dhaka,271,271.0,False,poppler_pdftotext_layout_table_6,https://objectstorage.ap-dcc-gazipur-1.oraclecloud15.com/n/axvjbnqprylg/b/V2Ministry/o/office-doe/2024/12/806246dc86f7449298fb068e42f81b39.pdf,48bc223c0f44ec680ac3120fdf33ab512b1ce52a7a8f5e54828ea3056783a950
2025-03,2025-03-24,Dhaka,169,169.0,False,poppler_pdftotext_layout_table_6,https://objectstorage.ap-dcc-gazipur-1.oraclecloud15.com/n/axvjbnqprylg/b/V2Ministry/o/office-doe/2024/12/7d481c664f8e460f81d7be632c8386e5.pdf,9988cb63a0e3339c899afb8eebdb80a8b033d3e979a2991597d6929bde930379
2025-03,2025-03-26,Dhaka,275,275.0,False,poppler_pdftotext_layout_table_6,https://objectstorage.ap-dcc-gazipur-1.oraclecloud15.com/n/axvjbnqprylg/b/V2Ministry/o/office-doe/2024/12/7d481c664f8e460f81d7be632c8386e5.pdf,9988cb63a0e3339c899afb8eebdb80a8b033d3e979a2991597d6929bde930379
2025-03,2025-03-29,Dhaka,168,168.0,False,poppler_pdftotext_layout_table_6,https://objectstorage.ap-dcc-gazipur-1.oraclecloud15.com/n/axvjbnqprylg/b/V2Ministry/o/office-doe/2024/12/7d481c664f8e460f81d7be632c8386e5.pdf,9988cb63a0e3339c899afb8eebdb80a8b033d3e979a2991597d6929bde930379
2025-03,2025-03-30,Dhaka,162,162.0,False,poppler_pdftotext_layout_table_6,https://objectstorage.ap-dcc-gazipur-1.oraclecloud15.com/n/axvjbnqprylg/b/V2Ministry/o/office-doe/2024/12/7d481c664f8e460f81d7be632c8386e5.pdf,9988cb63a0e3339c899afb8eebdb80a8b033d3e979a2991597d6929bde930379
2025-03,2025-03-31,Dhaka,174,174.0,False,poppler_pdftotext_layout_table_6,https://objectstorage.ap-dcc-gazipur-1.oraclecloud15.com/n/axvjbnqprylg/b/V2Ministry/o/office-doe/2024/12/7d481c664f8e460f81d7be632c8386e5.pdf,9988cb63a0e3339c899afb8eebdb80a8b033d3e979a2991597d6929bde930379
2025-04,2025-04-01,Dhaka,158,158.0,False,poppler_pdftotext_layout_table_6,https://objectstorage.ap-dcc-gazipur-1.oraclecloud15.com/n/axvjbnqprylg/b/V2Ministry/o/office-doe/2024/12/6b240b8d9b8c47c7b778bd0a033867e9.pdf,5c8ab186c02ab152fe81c6e6cd05d8869411910626fda5f8f197a5eb76f277c8
2025-04,2025-04-02,Dhaka,149,149.0,False,poppler_pdftotext_layout_table_6,https://objectstorage.ap-dcc-gazipur-1.oraclecloud15.com/n/axvjbnqprylg/b/V2Ministry/o/office-doe/2024/12/6b240b8d9b8c47c7b778bd0a033867e9.pdf,5c8ab186c02ab152fe81c6e6cd05d8869411910626fda5f8f197a5eb76f277c8
2025-04,2025-04-03,Dhaka,144,144.0,False,poppler_pdftotext_layout_table_6,https://objectstorage.ap-dcc-gazipur-1.oraclecloud15.com/n/axvjbnqprylg/b/V2Ministry/o/office-doe/2024/12/6b240b8d9b8c47c7b778bd0a033867e9.pdf,5c8ab186c02ab152fe81c6e6cd05d8869411910626fda5f8f197a5eb76f277c8
2025-04,2025-04-04,Dhaka,160,160.0,False,poppler_pdftotext_layout_table_6,https://objectstorage.ap-dcc-gazipur-1.oraclecloud15.com/n/axvjbnqprylg/b/V2Ministry/o/office-doe/2024/12/6b240b8d9b8c47c7b778bd0a033867e9.pdf,5c8ab186c02ab152fe81c6e6cd05d8869411910626fda5f8f197a5eb76f277c8
2025-04,2025-04-05,Dhaka,168,168.0,False,poppler_pdftotext_layout_table_6,https://objectstorage.ap-dcc-gazipur-1.oraclecloud15.com/n/axvjbnqprylg/b/V2Ministry/o/office-doe/2024/12/6b240b8d9b8c47c7b778bd0a033867e9.pdf,5c8ab186c02ab152fe81c6e6cd05d8869411910626fda5f8f197a5eb76f277c8
2025-04,2025-04-06,Dhaka,163,163.0,False,poppler_pdftotext_layout_table_6,https://objectstorage.ap-dcc-gazipur-1.oraclecloud15.com/n/axvjbnqprylg/b/V2Ministry/o/office-doe/2024/12/6b240b8d9b8c47c7b778bd0a033867e9.pdf,5c8ab186c02ab152fe81c6e6cd05d8869411910626fda5f8f197a5eb76f277c8
2025-04,2025-04-07,Dhaka,166,166.0,False,poppler_pdftotext_layout_table_6,https://objectstorage.ap-dcc-gazipur-1.oraclecloud15.com/n/axvjbnqprylg/b/V2Ministry/o/office-doe/2024/12/6b240b8d9b8c47c7b778bd0a033867e9.pdf,5c8ab186c02ab152fe81c6e6cd05d8869411910626fda5f8f197a5eb76f277c8
2025-04,2025-04-08,Dhaka,157,157.0,False,poppler_pdftotext_layout_table_6,https://objectstorage.ap-dcc-gazipur-1.oraclecloud15.com/n/axvjbnqprylg/b/V2Ministry/o/office-doe/2024/12/6b240b8d9b8c47c7b778bd0a033867e9.pdf,5c8ab186c02ab152fe81c6e6cd05d8869411910626fda5f8f197a5eb76f277c8
2025-04,2025-04-09,Dhaka,133,133.0,False,poppler_pdftotext_layout_table_6,https://objectstorage.ap-dcc-gazipur-1.oraclecloud15.com/n/axvjbnqprylg/b/V2Ministry/o/office-doe/2024/12/6b240b8d9b8c47c7b778bd0a033867e9.pdf,5c8ab186c02ab152fe81c6e6cd05d8869411910626fda5f8f197a5eb76f277c8
2025-04,2025-04-10,Dhaka,130,130.0,False,poppler_pdftotext_layout_table_6,https://objectstorage.ap-dcc-gazipur-1.oraclecloud15.com/n/axvjbnqprylg/b/V2Ministry/o/office-doe/2024/12/6b240b8d9b8c47c7b778bd0a033867e9.pdf,5c8ab186c02ab152fe81c6e6cd05d8869411910626fda5f8f197a5eb76f277c8
2025-04,2025-04-11,Dhaka,127,127.0,False,poppler_pdftotext_layout_table_6,https://objectstorage.ap-dcc-gazipur-1.oraclecloud15.com/n/axvjbnqprylg/b/V2Ministry/o/office-doe/2024/12/6b240b8d9b8c47c7b778bd0a033867e9.pdf,5c8ab186c02ab152fe81c6e6cd05d8869411910626fda5f8f197a5eb76f277c8
2025-04,2025-04-12,Dhaka,130,130.0,False,poppler_pdftotext_layout_table_6,https://objectstorage.ap-dcc-gazipur-1.oraclecloud15.com/n/axvjbnqprylg/b/V2Ministry/o/office-doe/2024/12/6b240b8d9b8c47c7b778bd0a033867e9.pdf,5c8ab186c02ab152fe81c6e6cd05d8869411910626fda5f8f197a5eb76f277c8
2025-04,2025-04-13,Dhaka,154,154.0,False,poppler_pdftotext_layout_table_6,https://objectstorage.ap-dcc-gazipur-1.oraclecloud15.com/n/axvjbnqprylg/b/V2Ministry/o/office-doe/2024/12/6b240b8d9b8c47c7b778bd0a033867e9.pdf,5c8ab186c02ab152fe81c6e6cd05d8869411910626fda5f8f197a5eb76f277c8
2025-04,2025-04-14,Dhaka,172,172.0,False,poppler_pdftotext_layout_table_6,https://objectstorage.ap-dcc-gazipur-1.oraclecloud15.com/n/axvjbnqprylg/b/V2Ministry/o/office-doe/2024/12/6b240b8d9b8c47c7b778bd0a033867e9.pdf,5c8ab186c02ab152fe81c6e6cd05d8869411910626fda5f8f197a5eb76f277c8
2025-04,2025-04-15,Dhaka,171,171.0,False,poppler_pdftotext_layout_table_6,https://objectstorage.ap-dcc-gazipur-1.oraclecloud15.com/n/axvjbnqprylg/b/V2Ministry/o/office-doe/2024/12/6b240b8d9b8c47c7b778bd0a033867e9.pdf,5c8ab186c02ab152fe81c6e6cd05d8869411910626fda5f8f197a5eb76f277c8
2025-04,2025-04-16,Dhaka,172,172.0,False,poppler_pdftotext_layout_table_6,https://objectstorage.ap-dcc-gazipur-1.oraclecloud15.com/n/axvjbnqprylg/b/V2Ministry/o/office-doe/2024/12/6b240b8d9b8c47c7b778bd0a033867e9.pdf,5c8ab186c02ab152fe81c6e6cd05d8869411910626fda5f8f197a5eb76f277c8
2025-04,2025-04-17,Dhaka,159,159.0,False,poppler_pdftotext_layout_table_6,https://objectstorage.ap-dcc-gazipur-1.oraclecloud15.com/n/axvjbnqprylg/b/V2Ministry/o/office-doe/2024/12/6b240b8d9b8c47c7b778bd0a033867e9.pdf,5c8ab186c02ab152fe81c6e6cd05d8869411910626fda5f8f197a5eb76f277c8
2025-04,2025-04-18,Dhaka,170,170.0,False,poppler_pdftotext_layout_table_6,https://objectstorage.ap-dcc-gazipur-1.oraclecloud15.com/n/axvjbnqprylg/b/V2Ministry/o/office-doe/2024/12/6b240b8d9b8c47c7b778bd0a033867e9.pdf,5c8ab186c02ab152fe81c6e6cd05d8869411910626fda5f8f197a5eb76f277c8
2025-04,2025-04-19,Dhaka,161,161.0,False,poppler_pdftotext_layout_table_6,https://objectstorage.ap-dcc-gazipur-1.oraclecloud15.com/n/axvjbnqprylg/b/V2Ministry/o/office-doe/2024/12/6b240b8d9b8c47c7b778bd0a033867e9.pdf,5c8ab186c02ab152fe81c6e6cd05d8869411910626fda5f8f197a5eb76f277c8
2025-04,2025-04-20,Dhaka,165,165.0,False,poppler_pdftotext_layout_table_6,https://objectstorage.ap-dcc-gazipur-1.oraclecloud15.com/n/axvjbnqprylg/b/V2Ministry/o/office-doe/2024/12/6b240b8d9b8c47c7b778bd0a033867e9.pdf,5c8ab186c02ab152fe81c6e6cd05d8869411910626fda5f8f197a5eb76f277c8
2025-04,2025-04-21,Dhaka,142,142.0,False,poppler_pdftotext_layout_table_6,https://objectstorage.ap-dcc-gazipur-1.oraclecloud15.com/n/axvjbnqprylg/b/V2Ministry/o/office-doe/2024/12/6b240b8d9b8c47c7b778bd0a033867e9.pdf,5c8ab186c02ab152fe81c6e6cd05d8869411910626fda5f8f197a5eb76f277c8
2025-04,2025-04-22,Dhaka,137,137.0,False,poppler_pdftotext_layout_table_6,https://objectstorage.ap-dcc-gazipur-1.oraclecloud15.com/n/axvjbnqprylg/b/V2Ministry/o/office-doe/2024/12/6b240b8d9b8c47c7b778bd0a033867e9.pdf,5c8ab186c02ab152fe81c6e6cd05d8869411910626fda5f8f197a5eb76f277c8
2025-04,2025-04-23,Dhaka,133,133.0,False,poppler_pdftotext_layout_table_6,https://objectstorage.ap-dcc-gazipur-1.oraclecloud15.com/n/axvjbnqprylg/b/V2Ministry/o/office-doe/2024/12/6b240b8d9b8c47c7b778bd0a033867e9.pdf,5c8ab186c02ab152fe81c6e6cd05d8869411910626fda5f8f197a5eb76f277c8
2025-04,2025-04-24,Dhaka,133,133.0,False,poppler_pdftotext_layout_table_6,https://objectstorage.ap-dcc-gazipur-1.oraclecloud15.com/n/axvjbnqprylg/b/V2Ministry/o/office-doe/2024/12/6b240b8d9b8c47c7b778bd0a033867e9.pdf,5c8ab186c02ab152fe81c6e6cd05d8869411910626fda5f8f197a5eb76f277c8
2025-04,2025-04-25,Dhaka,128,128.0,False,poppler_pdftotext_layout_table_6,https://objectstorage.ap-dcc-gazipur-1.oraclecloud15.com/n/axvjbnqprylg/b/V2Ministry/o/office-doe/2024/12/6b240b8d9b8c47c7b778bd0a033867e9.pdf,5c8ab186c02ab152fe81c6e6cd05d8869411910626fda5f8f197a5eb76f277c8
2025-04,2025-04-26,Dhaka,105,105.0,False,poppler_pdftotext_layout_table_6,https://objectstorage.ap-dcc-gazipur-1.oraclecloud15.com/n/axvjbnqprylg/b/V2Ministry/o/office-doe/2024/12/6b240b8d9b8c47c7b778bd0a033867e9.pdf,5c8ab186c02ab152fe81c6e6cd05d8869411910626fda5f8f197a5eb76f277c8
2025-04,2025-04-27,Dhaka,131,131.0,False,poppler_pdftotext_layout_table_6,https://objectstorage.ap-dcc-gazipur-1.oraclecloud15.com/n/axvjbnqprylg/b/V2Ministry/o/office-doe/2024/12/6b240b8d9b8c47c7b778bd0a033867e9.pdf,5c8ab186c02ab152fe81c6e6cd05d8869411910626fda5f8f197a5eb76f277c8
2025-04,2025-04-28,Dhaka,142,142.0,False,poppler_pdftotext_layout_table_6,https://objectstorage.ap-dcc-gazipur-1.oraclecloud15.com/n/axvjbnqprylg/b/V2Ministry/o/office-doe/2024/12/6b240b8d9b8c47c7b778bd0a033867e9.pdf,5c8ab186c02ab152fe81c6e6cd05d8869411910626fda5f8f197a5eb76f277c8
2025-04,2025-04-29,Dhaka,162,162.0,False,poppler_pdftotext_layout_table_6,https://objectstorage.ap-dcc-gazipur-1.oraclecloud15.com/n/axvjbnqprylg/b/V2Ministry/o/office-doe/2024/12/6b240b8d9b8c47c7b778bd0a033867e9.pdf,5c8ab186c02ab152fe81c6e6cd05d8869411910626fda5f8f197a5eb76f277c8
2025-04,2025-04-30,Dhaka,210,210.0,False,poppler_pdftotext_layout_table_6,https://objectstorage.ap-dcc-gazipur-1.oraclecloud15.com/n/axvjbnqprylg/b/V2Ministry/o/office-doe/2024/12/6b240b8d9b8c47c7b778bd0a033867e9.pdf,5c8ab186c02ab152fe81c6e6cd05d8869411910626fda5f8f197a5eb76f277c8
2025-06,2025-06-01,Dhaka,114,114.0,False,poppler_pdftotext_layout_table_6,https://objectstorage.ap-dcc-gazipur-1.oraclecloud15.com/n/axvjbnqprylg/b/V2Ministry/o/office-doe/2024/12/acec4c5868ba47d4b9fa4cc9764c70ee.pdf,1b479087ab267e77290cbb656b69e0c7a03376d7d52c88d8c33ef9e3e844f610
2025-06,2025-06-02,Dhaka,134,134.0,False,poppler_pdftotext_layout_table_6,https://objectstorage.ap-dcc-gazipur-1.oraclecloud15.com/n/axvjbnqprylg/b/V2Ministry/o/office-doe/2024/12/acec4c5868ba47d4b9fa4cc9764c70ee.pdf,1b479087ab267e77290cbb656b69e0c7a03376d7d52c88d8c33ef9e3e844f610
2025-06,2025-06-03,Dhaka,135,135.0,False,poppler_pdftotext_layout_table_6,https://objectstorage.ap-dcc-gazipur-1.oraclecloud15.com/n/axvjbnqprylg/b/V2Ministry/o/office-doe/2024/12/acec4c5868ba47d4b9fa4cc9764c70ee.pdf,1b479087ab267e77290cbb656b69e0c7a03376d7d52c88d8c33ef9e3e844f610
2025-06,2025-06-04,Dhaka,115,115.0,False,poppler_pdftotext_layout_table_6,https://objectstorage.ap-dcc-gazipur-1.oraclecloud15.com/n/axvjbnqprylg/b/V2Ministry/o/office-doe/2024/12/acec4c5868ba47d4b9fa4cc9764c70ee.pdf,1b479087ab267e77290cbb656b69e0c7a03376d7d52c88d8c33ef9e3e844f610
2025-06,2025-06-05,Dhaka,111,111.0,False,poppler_pdftotext_layout_table_6,https://objectstorage.ap-dcc-gazipur-1.oraclecloud15.com/n/axvjbnqprylg/b/V2Ministry/o/office-doe/2024/12/acec4c5868ba47d4b9fa4cc9764c70ee.pdf,1b479087ab267e77290cbb656b69e0c7a03376d7d52c88d8c33ef9e3e844f610
2025-06,2025-06-06,Dhaka,98,98.0,False,poppler_pdftotext_layout_table_6,https://objectstorage.ap-dcc-gazipur-1.oraclecloud15.com/n/axvjbnqprylg/b/V2Ministry/o/office-doe/2024/12/acec4c5868ba47d4b9fa4cc9764c70ee.pdf,1b479087ab267e77290cbb656b69e0c7a03376d7d52c88d8c33ef9e3e844f610
2025-06,2025-06-07,Dhaka,82,82.0,False,poppler_pdftotext_layout_table_6,https://objectstorage.ap-dcc-gazipur-1.oraclecloud15.com/n/axvjbnqprylg/b/V2Ministry/o/office-doe/2024/12/acec4c5868ba47d4b9fa4cc9764c70ee.pdf,1b479087ab267e77290cbb656b69e0c7a03376d7d52c88d8c33ef9e3e844f610
2025-06,2025-06-08,Dhaka,96,96.0,False,poppler_pdftotext_layout_table_6,https://objectstorage.ap-dcc-gazipur-1.oraclecloud15.com/n/axvjbnqprylg/b/V2Ministry/o/office-doe/2024/12/acec4c5868ba47d4b9fa4cc9764c70ee.pdf,1b479087ab267e77290cbb656b69e0c7a03376d7d52c88d8c33ef9e3e844f610
2025-06,2025-06-09,Dhaka,74,74.0,False,poppler_pdftotext_layout_table_6,https://objectstorage.ap-dcc-gazipur-1.oraclecloud15.com/n/axvjbnqprylg/b/V2Ministry/o/office-doe/2024/12/acec4c5868ba47d4b9fa4cc9764c70ee.pdf,1b479087ab267e77290cbb656b69e0c7a03376d7d52c88d8c33ef9e3e844f610
2025-06,2025-06-10,Dhaka,156,156.0,False,poppler_pdftotext_layout_table_6,https://objectstorage.ap-dcc-gazipur-1.oraclecloud15.com/n/axvjbnqprylg/b/V2Ministry/o/office-doe/2024/12/acec4c5868ba47d4b9fa4cc9764c70ee.pdf,1b479087ab267e77290cbb656b69e0c7a03376d7d52c88d8c33ef9e3e844f610
2025-06,2025-06-11,Dhaka,100,100.0,False,poppler_pdftotext_layout_table_6,https://objectstorage.ap-dcc-gazipur-1.oraclecloud15.com/n/axvjbnqprylg/b/V2Ministry/o/office-doe/2024/12/acec4c5868ba47d4b9fa4cc9764c70ee.pdf,1b479087ab267e77290cbb656b69e0c7a03376d7d52c88d8c33ef9e3e844f610
2025-06,2025-06-12,Dhaka,90,90.0,False,poppler_pdftotext_layout_table_6,https://objectstorage.ap-dcc-gazipur-1.oraclecloud15.com/n/axvjbnqprylg/b/V2Ministry/o/office-doe/2024/12/acec4c5868ba47d4b9fa4cc9764c70ee.pdf,1b479087ab267e77290cbb656b69e0c7a03376d7d52c88d8c33ef9e3e844f610
2025-06,2025-06-13,Dhaka,82,82.0,False,poppler_pdftotext_layout_table_6,https://objectstorage.ap-dcc-gazipur-1.oraclecloud15.com/n/axvjbnqprylg/b/V2Ministry/o/office-doe/2024/12/acec4c5868ba47d4b9fa4cc9764c70ee.pdf,1b479087ab267e77290cbb656b69e0c7a03376d7d52c88d8c33ef9e3e844f610
2025-06,2025-06-14,Dhaka,112,112.0,False,poppler_pdftotext_layout_table_6,https://objectstorage.ap-dcc-gazipur-1.oraclecloud15.com/n/axvjbnqprylg/b/V2Ministry/o/office-doe/2024/12/acec4c5868ba47d4b9fa4cc9764c70ee.pdf,1b479087ab267e77290cbb656b69e0c7a03376d7d52c88d8c33ef9e3e844f610
2025-06,2025-06-15,Dhaka,95,95.0,False,poppler_pdftotext_layout_table_6,https://objectstorage.ap-dcc-gazipur-1.oraclecloud15.com/n/axvjbnqprylg/b/V2Ministry/o/office-doe/2024/12/acec4c5868ba47d4b9fa4cc9764c70ee.pdf,1b479087ab267e77290cbb656b69e0c7a03376d7d52c88d8c33ef9e3e844f610
2025-06,2025-06-16,Dhaka,87,87.0,False,poppler_pdftotext_layout_table_6,https://objectstorage.ap-dcc-gazipur-1.oraclecloud15.com/n/axvjbnqprylg/b/V2Ministry/o/office-doe/2024/12/acec4c5868ba47d4b9fa4cc9764c70ee.pdf,1b479087ab267e77290cbb656b69e0c7a03376d7d52c88d8c33ef9e3e844f610
2025-06,2025-06-17,Dhaka,93,93.0,False,poppler_pdftotext_layout_table_6,https://objectstorage.ap-dcc-gazipur-1.oraclecloud15.com/n/axvjbnqprylg/b/V2Ministry/o/office-doe/2024/12/acec4c5868ba47d4b9fa4cc9764c70ee.pdf,1b479087ab267e77290cbb656b69e0c7a03376d7d52c88d8c33ef9e3e844f610
2025-06,2025-06-18,Dhaka,77,77.0,False,poppler_pdftotext_layout_table_6,https://objectstorage.ap-dcc-gazipur-1.oraclecloud15.com/n/axvjbnqprylg/b/V2Ministry/o/office-doe/2024/12/acec4c5868ba47d4b9fa4cc9764c70ee.pdf,1b479087ab267e77290cbb656b69e0c7a03376d7d52c88d8c33ef9e3e844f610
2025-06,2025-06-19,Dhaka,116,116.0,False,poppler_pdftotext_layout_table_6,https://objectstorage.ap-dcc-gazipur-1.oraclecloud15.com/n/axvjbnqprylg/b/V2Ministry/o/office-doe/2024/12/acec4c5868ba47d4b9fa4cc9764c70ee.pdf,1b479087ab267e77290cbb656b69e0c7a03376d7d52c88d8c33ef9e3e844f610
2025-06,2025-06-20,Dhaka,96,96.0,False,poppler_pdftotext_layout_table_6,https://objectstorage.ap-dcc-gazipur-1.oraclecloud15.com/n/axvjbnqprylg/b/V2Ministry/o/office-doe/2024/12/acec4c5868ba47d4b9fa4cc9764c70ee.pdf,1b479087ab267e77290cbb656b69e0c7a03376d7d52c88d8c33ef9e3e844f610
2025-06,2025-06-21,Dhaka,123,123.0,False,poppler_pdftotext_layout_table_6,https://objectstorage.ap-dcc-gazipur-1.oraclecloud15.com/n/axvjbnqprylg/b/V2Ministry/o/office-doe/2024/12/acec4c5868ba47d4b9fa4cc9764c70ee.pdf,1b479087ab267e77290cbb656b69e0c7a03376d7d52c88d8c33ef9e3e844f610
2025-06,2025-06-22,Dhaka,112,112.0,False,poppler_pdftotext_layout_table_6,https://objectstorage.ap-dcc-gazipur-1.oraclecloud15.com/n/axvjbnqprylg/b/V2Ministry/o/office-doe/2024/12/acec4c5868ba47d4b9fa4cc9764c70ee.pdf,1b479087ab267e77290cbb656b69e0c7a03376d7d52c88d8c33ef9e3e844f610
2025-06,2025-06-23,Dhaka,86,86.0,False,poppler_pdftotext_layout_table_6,https://objectstorage.ap-dcc-gazipur-1.oraclecloud15.com/n/axvjbnqprylg/b/V2Ministry/o/office-doe/2024/12/acec4c5868ba47d4b9fa4cc9764c70ee.pdf,1b479087ab267e77290cbb656b69e0c7a03376d7d52c88d8c33ef9e3e844f610
2025-06,2025-06-24,Dhaka,95,95.0,False,poppler_pdftotext_layout_table_6,https://objectstorage.ap-dcc-gazipur-1.oraclecloud15.com/n/axvjbnqprylg/b/V2Ministry/o/office-doe/2024/12/acec4c5868ba47d4b9fa4cc9764c70ee.pdf,1b479087ab267e77290cbb656b69e0c7a03376d7d52c88d8c33ef9e3e844f610
2025-06,2025-06-25,Dhaka,99,99.0,False,poppler_pdftotext_layout_table_6,https://objectstorage.ap-dcc-gazipur-1.oraclecloud15.com/n/axvjbnqprylg/b/V2Ministry/o/office-doe/2024/12/acec4c5868ba47d4b9fa4cc9764c70ee.pdf,1b479087ab267e77290cbb656b69e0c7a03376d7d52c88d8c33ef9e3e844f610
2025-06,2025-06-26,Dhaka,115,115.0,False,poppler_pdftotext_layout_table_6,https://objectstorage.ap-dcc-gazipur-1.oraclecloud15.com/n/axvjbnqprylg/b/V2Ministry/o/office-doe/2024/12/acec4c5868ba47d4b9fa4cc9764c70ee.pdf,1b479087ab267e77290cbb656b69e0c7a03376d7d52c88d8c33ef9e3e844f610
2025-06,2025-06-27,Dhaka,109,109.0,False,poppler_pdftotext_layout_table_6,https://objectstorage.ap-dcc-gazipur-1.oraclecloud15.com/n/axvjbnqprylg/b/V2Ministry/o/office-doe/2024/12/acec4c5868ba47d4b9fa4cc9764c70ee.pdf,1b479087ab267e77290cbb656b69e0c7a03376d7d52c88d8c33ef9e3e844f610
2025-06,2025-06-28,Dhaka,100,100.0,False,poppler_pdftotext_layout_table_6,https://objectstorage.ap-dcc-gazipur-1.oraclecloud15.com/n/axvjbnqprylg/b/V2Ministry/o/office-doe/2024/12/acec4c5868ba47d4b9fa4cc9764c70ee.pdf,1b479087ab267e77290cbb656b69e0c7a03376d7d52c88d8c33ef9e3e844f610
2025-06,2025-06-29,Dhaka,105,105.0,False,poppler_pdftotext_layout_table_6,https://objectstorage.ap-dcc-gazipur-1.oraclecloud15.com/n/axvjbnqprylg/b/V2Ministry/o/office-doe/2024/12/acec4c5868ba47d4b9fa4cc9764c70ee.pdf,1b479087ab267e77290cbb656b69e0c7a03376d7d52c88d8c33ef9e3e844f610
2025-06,2025-06-30,Dhaka,111,111.0,False,poppler_pdftotext_layout_table_6,https://objectstorage.ap-dcc-gazipur-1.oraclecloud15.com/n/axvjbnqprylg/b/V2Ministry/o/office-doe/2024/12/acec4c5868ba47d4b9fa4cc9764c70ee.pdf,1b479087ab267e77290cbb656b69e0c7a03376d7d52c88d8c33ef9e3e844f610
2025-07,2025-07-01,Dhaka,115,115.0,False,poppler_pdftotext_layout_table_6,https://objectstorage.ap-dcc-gazipur-1.oraclecloud15.com/n/axvjbnqprylg/b/V2Ministry/o/office-doe/2024/12/4611333e1fbc4a64ad859a115788dac6.pdf,b7cf556a1691e1062180c8923033506984bd454b6f11e13df7a94c4d473246af
2025-07,2025-07-02,Dhaka,107,107.0,False,poppler_pdftotext_layout_table_6,https://objectstorage.ap-dcc-gazipur-1.oraclecloud15.com/n/axvjbnqprylg/b/V2Ministry/o/office-doe/2024/12/4611333e1fbc4a64ad859a115788dac6.pdf,b7cf556a1691e1062180c8923033506984bd454b6f11e13df7a94c4d473246af
2025-07,2025-07-03,Dhaka,120,120.0,False,poppler_pdftotext_layout_table_6,https://objectstorage.ap-dcc-gazipur-1.oraclecloud15.com/n/axvjbnqprylg/b/V2Ministry/o/office-doe/2024/12/4611333e1fbc4a64ad859a115788dac6.pdf,b7cf556a1691e1062180c8923033506984bd454b6f11e13df7a94c4d473246af
2025-07,2025-07-04,Dhaka,99,99.0,False,poppler_pdftotext_layout_table_6,https://objectstorage.ap-dcc-gazipur-1.oraclecloud15.com/n/axvjbnqprylg/b/V2Ministry/o/office-doe/2024/12/4611333e1fbc4a64ad859a115788dac6.pdf,b7cf556a1691e1062180c8923033506984bd454b6f11e13df7a94c4d473246af
2025-07,2025-07-05,Dhaka,115,115.0,False,poppler_pdftotext_layout_table_6,https://objectstorage.ap-dcc-gazipur-1.oraclecloud15.com/n/axvjbnqprylg/b/V2Ministry/o/office-doe/2024/12/4611333e1fbc4a64ad859a115788dac6.pdf,b7cf556a1691e1062180c8923033506984bd454b6f11e13df7a94c4d473246af
2025-07,2025-07-06,Dhaka,105,105.0,False,poppler_pdftotext_layout_table_6,https://objectstorage.ap-dcc-gazipur-1.oraclecloud15.com/n/axvjbnqprylg/b/V2Ministry/o/office-doe/2024/12/4611333e1fbc4a64ad859a115788dac6.pdf,b7cf556a1691e1062180c8923033506984bd454b6f11e13df7a94c4d473246af
2025-07,2025-07-07,Dhaka,108,108.0,False,poppler_pdftotext_layout_table_6,https://objectstorage.ap-dcc-gazipur-1.oraclecloud15.com/n/axvjbnqprylg/b/V2Ministry/o/office-doe/2024/12/4611333e1fbc4a64ad859a115788dac6.pdf,b7cf556a1691e1062180c8923033506984bd454b6f11e13df7a94c4d473246af
2025-07,2025-07-08,Dhaka,110,110.0,False,poppler_pdftotext_layout_table_6,https://objectstorage.ap-dcc-gazipur-1.oraclecloud15.com/n/axvjbnqprylg/b/V2Ministry/o/office-doe/2024/12/4611333e1fbc4a64ad859a115788dac6.pdf,b7cf556a1691e1062180c8923033506984bd454b6f11e13df7a94c4d473246af
2025-07,2025-07-09,Dhaka,120,120.0,False,poppler_pdftotext_layout_table_6,https://objectstorage.ap-dcc-gazipur-1.oraclecloud15.com/n/axvjbnqprylg/b/V2Ministry/o/office-doe/2024/12/4611333e1fbc4a64ad859a115788dac6.pdf,b7cf556a1691e1062180c8923033506984bd454b6f11e13df7a94c4d473246af
2025-07,2025-07-10,Dhaka,124,124.0,False,poppler_pdftotext_layout_table_6,https://objectstorage.ap-dcc-gazipur-1.oraclecloud15.com/n/axvjbnqprylg/b/V2Ministry/o/office-doe/2024/12/4611333e1fbc4a64ad859a115788dac6.pdf,b7cf556a1691e1062180c8923033506984bd454b6f11e13df7a94c4d473246af
2025-07,2025-07-11,Dhaka,133,133.0,False,poppler_pdftotext_layout_table_6,https://objectstorage.ap-dcc-gazipur-1.oraclecloud15.com/n/axvjbnqprylg/b/V2Ministry/o/office-doe/2024/12/4611333e1fbc4a64ad859a115788dac6.pdf,b7cf556a1691e1062180c8923033506984bd454b6f11e13df7a94c4d473246af
2025-07,2025-07-12,Dhaka,142,142.0,False,poppler_pdftotext_layout_table_6,https://objectstorage.ap-dcc-gazipur-1.oraclecloud15.com/n/axvjbnqprylg/b/V2Ministry/o/office-doe/2024/12/4611333e1fbc4a64ad859a115788dac6.pdf,b7cf556a1691e1062180c8923033506984bd454b6f11e13df7a94c4d473246af
2025-07,2025-07-13,Dhaka,140,140.0,False,poppler_pdftotext_layout_table_6,https://objectstorage.ap-dcc-gazipur-1.oraclecloud15.com/n/axvjbnqprylg/b/V2Ministry/o/office-doe/2024/12/4611333e1fbc4a64ad859a115788dac6.pdf,b7cf556a1691e1062180c8923033506984bd454b6f11e13df7a94c4d473246af
2025-07,2025-07-14,Dhaka,124,124.0,False,poppler_pdftotext_layout_table_6,https://objectstorage.ap-dcc-gazipur-1.oraclecloud15.com/n/axvjbnqprylg/b/V2Ministry/o/office-doe/2024/12/4611333e1fbc4a64ad859a115788dac6.pdf,b7cf556a1691e1062180c8923033506984bd454b6f11e13df7a94c4d473246af
2025-07,2025-07-15,Dhaka,144,144.0,False,poppler_pdftotext_layout_table_6,https://objectstorage.ap-dcc-gazipur-1.oraclecloud15.com/n/axvjbnqprylg/b/V2Ministry/o/office-doe/2024/12/4611333e1fbc4a64ad859a115788dac6.pdf,b7cf556a1691e1062180c8923033506984bd454b6f11e13df7a94c4d473246af
2025-07,2025-07-16,Dhaka,152,152.0,False,poppler_pdftotext_layout_table_6,https://objectstorage.ap-dcc-gazipur-1.oraclecloud15.com/n/axvjbnqprylg/b/V2Ministry/o/office-doe/2024/12/4611333e1fbc4a64ad859a115788dac6.pdf,b7cf556a1691e1062180c8923033506984bd454b6f11e13df7a94c4d473246af
2025-07,2025-07-17,Dhaka,152,152.0,False,poppler_pdftotext_layout_table_6,https://objectstorage.ap-dcc-gazipur-1.oraclecloud15.com/n/axvjbnqprylg/b/V2Ministry/o/office-doe/2024/12/4611333e1fbc4a64ad859a115788dac6.pdf,b7cf556a1691e1062180c8923033506984bd454b6f11e13df7a94c4d473246af
2025-07,2025-07-18,Dhaka,127,127.0,False,poppler_pdftotext_layout_table_6,https://objectstorage.ap-dcc-gazipur-1.oraclecloud15.com/n/axvjbnqprylg/b/V2Ministry/o/office-doe/2024/12/4611333e1fbc4a64ad859a115788dac6.pdf,b7cf556a1691e1062180c8923033506984bd454b6f11e13df7a94c4d473246af
2025-07,2025-07-19,Dhaka,132,132.0,False,poppler_pdftotext_layout_table_6,https://objectstorage.ap-dcc-gazipur-1.oraclecloud15.com/n/axvjbnqprylg/b/V2Ministry/o/office-doe/2024/12/4611333e1fbc4a64ad859a115788dac6.pdf,b7cf556a1691e1062180c8923033506984bd454b6f11e13df7a94c4d473246af
2025-07,2025-07-20,Dhaka,139,139.0,False,poppler_pdftotext_layout_table_6,https://objectstorage.ap-dcc-gazipur-1.oraclecloud15.com/n/axvjbnqprylg/b/V2Ministry/o/office-doe/2024/12/4611333e1fbc4a64ad859a115788dac6.pdf,b7cf556a1691e1062180c8923033506984bd454b6f11e13df7a94c4d473246af
2025-07,2025-07-21,Dhaka,165,165.0,False,poppler_pdftotext_layout_table_6,https://objectstorage.ap-dcc-gazipur-1.oraclecloud15.com/n/axvjbnqprylg/b/V2Ministry/o/office-doe/2024/12/4611333e1fbc4a64ad859a115788dac6.pdf,b7cf556a1691e1062180c8923033506984bd454b6f11e13df7a94c4d473246af
2025-07,2025-07-22,Dhaka,127,127.0,False,poppler_pdftotext_layout_table_6,https://objectstorage.ap-dcc-gazipur-1.oraclecloud15.com/n/axvjbnqprylg/b/V2Ministry/o/office-doe/2024/12/4611333e1fbc4a64ad859a115788dac6.pdf,b7cf556a1691e1062180c8923033506984bd454b6f11e13df7a94c4d473246af
2025-07,2025-07-23,Dhaka,153,153.0,False,poppler_pdftotext_layout_table_6,https://objectstorage.ap-dcc-gazipur-1.oraclecloud15.com/n/axvjbnqprylg/b/V2Ministry/o/office-doe/2024/12/4611333e1fbc4a64ad859a115788dac6.pdf,b7cf556a1691e1062180c8923033506984bd454b6f11e13df7a94c4d473246af
2025-07,2025-07-24,Dhaka,124,124.0,False,poppler_pdftotext_layout_table_6,https://objectstorage.ap-dcc-gazipur-1.oraclecloud15.com/n/axvjbnqprylg/b/V2Ministry/o/office-doe/2024/12/4611333e1fbc4a64ad859a115788dac6.pdf,b7cf556a1691e1062180c8923033506984bd454b6f11e13df7a94c4d473246af
2025-07,2025-07-25,Dhaka,80,80.0,False,poppler_pdftotext_layout_table_6,https://objectstorage.ap-dcc-gazipur-1.oraclecloud15.com/n/axvjbnqprylg/b/V2Ministry/o/office-doe/2024/12/4611333e1fbc4a64ad859a115788dac6.pdf,b7cf556a1691e1062180c8923033506984bd454b6f11e13df7a94c4d473246af
2025-07,2025-07-26,Dhaka,89,89.0,False,poppler_pdftotext_layout_table_6,https://objectstorage.ap-dcc-gazipur-1.oraclecloud15.com/n/axvjbnqprylg/b/V2Ministry/o/office-doe/2024/12/4611333e1fbc4a64ad859a115788dac6.pdf,b7cf556a1691e1062180c8923033506984bd454b6f11e13df7a94c4d473246af
2025-07,2025-07-27,Dhaka,116,116.0,False,poppler_pdftotext_layout_table_6,https://objectstorage.ap-dcc-gazipur-1.oraclecloud15.com/n/axvjbnqprylg/b/V2Ministry/o/office-doe/2024/12/4611333e1fbc4a64ad859a115788dac6.pdf,b7cf556a1691e1062180c8923033506984bd454b6f11e13df7a94c4d473246af
2025-07,2025-07-28,Dhaka,116,116.0,False,poppler_pdftotext_layout_table_6,https://objectstorage.ap-dcc-gazipur-1.oraclecloud15.com/n/axvjbnqprylg/b/V2Ministry/o/office-doe/2024/12/4611333e1fbc4a64ad859a115788dac6.pdf,b7cf556a1691e1062180c8923033506984bd454b6f11e13df7a94c4d473246af
2025-07,2025-07-29,Dhaka,117,117.0,False,poppler_pdftotext_layout_table_6,https://objectstorage.ap-dcc-gazipur-1.oraclecloud15.com/n/axvjbnqprylg/b/V2Ministry/o/office-doe/2024/12/4611333e1fbc4a64ad859a115788dac6.pdf,b7cf556a1691e1062180c8923033506984bd454b6f11e13df7a94c4d473246af
2025-07,2025-07-30,Dhaka,111,111.0,False,poppler_pdftotext_layout_table_6,https://objectstorage.ap-dcc-gazipur-1.oraclecloud15.com/n/axvjbnqprylg/b/V2Ministry/o/office-doe/2024/12/4611333e1fbc4a64ad859a115788dac6.pdf,b7cf556a1691e1062180c8923033506984bd454b6f11e13df7a94c4d473246af
2025-07,2025-07-31,Dhaka,98,98.0,False,poppler_pdftotext_layout_table_6,https://objectstorage.ap-dcc-gazipur-1.oraclecloud15.com/n/axvjbnqprylg/b/V2Ministry/o/office-doe/2024/12/4611333e1fbc4a64ad859a115788dac6.pdf,b7cf556a1691e1062180c8923033506984bd454b6f11e13df7a94c4d473246af
2025-08,2025-08-01,Dhaka,133,133.0,False,poppler_pdftotext_layout_table_6,https://objectstorage.ap-dcc-gazipur-1.oraclecloud15.com/n/axvjbnqprylg/b/V2Ministry/o/office-doe/2024/12/f4366798299c48c784bd9820bebae517.pdf,21bebb0f1466ae7b04c6ee8da366208e3d142ee9619515da118a9bbe67ec92c4
2025-08,2025-08-02,Dhaka,145,145.0,False,poppler_pdftotext_layout_table_6,https://objectstorage.ap-dcc-gazipur-1.oraclecloud15.com/n/axvjbnqprylg/b/V2Ministry/o/office-doe/2024/12/f4366798299c48c784bd9820bebae517.pdf,21bebb0f1466ae7b04c6ee8da366208e3d142ee9619515da118a9bbe67ec92c4
2025-08,2025-08-03,Dhaka,128,128.0,False,poppler_pdftotext_layout_table_6,https://objectstorage.ap-dcc-gazipur-1.oraclecloud15.com/n/axvjbnqprylg/b/V2Ministry/o/office-doe/2024/12/f4366798299c48c784bd9820bebae517.pdf,21bebb0f1466ae7b04c6ee8da366208e3d142ee9619515da118a9bbe67ec92c4
2025-08,2025-08-04,Dhaka,128,128.0,False,poppler_pdftotext_layout_table_6,https://objectstorage.ap-dcc-gazipur-1.oraclecloud15.com/n/axvjbnqprylg/b/V2Ministry/o/office-doe/2024/12/f4366798299c48c784bd9820bebae517.pdf,21bebb0f1466ae7b04c6ee8da366208e3d142ee9619515da118a9bbe67ec92c4
2025-08,2025-08-05,Dhaka,140,140.0,False,poppler_pdftotext_layout_table_6,https://objectstorage.ap-dcc-gazipur-1.oraclecloud15.com/n/axvjbnqprylg/b/V2Ministry/o/office-doe/2024/12/f4366798299c48c784bd9820bebae517.pdf,21bebb0f1466ae7b04c6ee8da366208e3d142ee9619515da118a9bbe67ec92c4
2025-08,2025-08-06,Dhaka,137,137.0,False,poppler_pdftotext_layout_table_6,https://objectstorage.ap-dcc-gazipur-1.oraclecloud15.com/n/axvjbnqprylg/b/V2Ministry/o/office-doe/2024/12/f4366798299c48c784bd9820bebae517.pdf,21bebb0f1466ae7b04c6ee8da366208e3d142ee9619515da118a9bbe67ec92c4
2025-08,2025-08-07,Dhaka,145,145.0,False,poppler_pdftotext_layout_table_6,https://objectstorage.ap-dcc-gazipur-1.oraclecloud15.com/n/axvjbnqprylg/b/V2Ministry/o/office-doe/2024/12/f4366798299c48c784bd9820bebae517.pdf,21bebb0f1466ae7b04c6ee8da366208e3d142ee9619515da118a9bbe67ec92c4
2025-08,2025-08-08,Dhaka,140,140.0,False,poppler_pdftotext_layout_table_6,https://objectstorage.ap-dcc-gazipur-1.oraclecloud15.com/n/axvjbnqprylg/b/V2Ministry/o/office-doe/2024/12/f4366798299c48c784bd9820bebae517.pdf,21bebb0f1466ae7b04c6ee8da366208e3d142ee9619515da118a9bbe67ec92c4
2025-08,2025-08-09,Dhaka,119,119.0,False,poppler_pdftotext_layout_table_6,https://objectstorage.ap-dcc-gazipur-1.oraclecloud15.com/n/axvjbnqprylg/b/V2Ministry/o/office-doe/2024/12/f4366798299c48c784bd9820bebae517.pdf,21bebb0f1466ae7b04c6ee8da366208e3d142ee9619515da118a9bbe67ec92c4
2025-08,2025-08-10,Dhaka,88,88.0,False,poppler_pdftotext_layout_table_6,https://objectstorage.ap-dcc-gazipur-1.oraclecloud15.com/n/axvjbnqprylg/b/V2Ministry/o/office-doe/2024/12/f4366798299c48c784bd9820bebae517.pdf,21bebb0f1466ae7b04c6ee8da366208e3d142ee9619515da118a9bbe67ec92c4
2025-08,2025-08-11,Dhaka,97,97.0,False,poppler_pdftotext_layout_table_6,https://objectstorage.ap-dcc-gazipur-1.oraclecloud15.com/n/axvjbnqprylg/b/V2Ministry/o/office-doe/2024/12/f4366798299c48c784bd9820bebae517.pdf,21bebb0f1466ae7b04c6ee8da366208e3d142ee9619515da118a9bbe67ec92c4
2025-08,2025-08-12,Dhaka,98,98.0,False,poppler_pdftotext_layout_table_6,https://objectstorage.ap-dcc-gazipur-1.oraclecloud15.com/n/axvjbnqprylg/b/V2Ministry/o/office-doe/2024/12/f4366798299c48c784bd9820bebae517.pdf,21bebb0f1466ae7b04c6ee8da366208e3d142ee9619515da118a9bbe67ec92c4
2025-08,2025-08-13,Dhaka,93,93.0,False,poppler_pdftotext_layout_table_6,https://objectstorage.ap-dcc-gazipur-1.oraclecloud15.com/n/axvjbnqprylg/b/V2Ministry/o/office-doe/2024/12/f4366798299c48c784bd9820bebae517.pdf,21bebb0f1466ae7b04c6ee8da366208e3d142ee9619515da118a9bbe67ec92c4
2025-08,2025-08-14,Dhaka,130,130.0,False,poppler_pdftotext_layout_table_6,https://objectstorage.ap-dcc-gazipur-1.oraclecloud15.com/n/axvjbnqprylg/b/V2Ministry/o/office-doe/2024/12/f4366798299c48c784bd9820bebae517.pdf,21bebb0f1466ae7b04c6ee8da366208e3d142ee9619515da118a9bbe67ec92c4
2025-08,2025-08-15,Dhaka,130,130.0,False,poppler_pdftotext_layout_table_6,https://objectstorage.ap-dcc-gazipur-1.oraclecloud15.com/n/axvjbnqprylg/b/V2Ministry/o/office-doe/2024/12/f4366798299c48c784bd9820bebae517.pdf,21bebb0f1466ae7b04c6ee8da366208e3d142ee9619515da118a9bbe67ec92c4
2025-08,2025-08-16,Dhaka,126,126.0,False,poppler_pdftotext_layout_table_6,https://objectstorage.ap-dcc-gazipur-1.oraclecloud15.com/n/axvjbnqprylg/b/V2Ministry/o/office-doe/2024/12/f4366798299c48c784bd9820bebae517.pdf,21bebb0f1466ae7b04c6ee8da366208e3d142ee9619515da118a9bbe67ec92c4
2025-08,2025-08-17,Dhaka,124,124.0,False,poppler_pdftotext_layout_table_6,https://objectstorage.ap-dcc-gazipur-1.oraclecloud15.com/n/axvjbnqprylg/b/V2Ministry/o/office-doe/2024/12/f4366798299c48c784bd9820bebae517.pdf,21bebb0f1466ae7b04c6ee8da366208e3d142ee9619515da118a9bbe67ec92c4
2025-08,2025-08-18,Dhaka,100,100.0,False,poppler_pdftotext_layout_table_6,https://objectstorage.ap-dcc-gazipur-1.oraclecloud15.com/n/axvjbnqprylg/b/V2Ministry/o/office-doe/2024/12/f4366798299c48c784bd9820bebae517.pdf,21bebb0f1466ae7b04c6ee8da366208e3d142ee9619515da118a9bbe67ec92c4
2025-08,2025-08-19,Dhaka,104,104.0,False,poppler_pdftotext_layout_table_6,https://objectstorage.ap-dcc-gazipur-1.oraclecloud15.com/n/axvjbnqprylg/b/V2Ministry/o/office-doe/2024/12/f4366798299c48c784bd9820bebae517.pdf,21bebb0f1466ae7b04c6ee8da366208e3d142ee9619515da118a9bbe67ec92c4
2025-08,2025-08-20,Dhaka,105,105.0,False,poppler_pdftotext_layout_table_6,https://objectstorage.ap-dcc-gazipur-1.oraclecloud15.com/n/axvjbnqprylg/b/V2Ministry/o/office-doe/2024/12/f4366798299c48c784bd9820bebae517.pdf,21bebb0f1466ae7b04c6ee8da366208e3d142ee9619515da118a9bbe67ec92c4
2025-08,2025-08-21,Dhaka,100,100.0,False,poppler_pdftotext_layout_table_6,https://objectstorage.ap-dcc-gazipur-1.oraclecloud15.com/n/axvjbnqprylg/b/V2Ministry/o/office-doe/2024/12/f4366798299c48c784bd9820bebae517.pdf,21bebb0f1466ae7b04c6ee8da366208e3d142ee9619515da118a9bbe67ec92c4
2025-08,2025-08-22,Dhaka,93,93.0,False,poppler_pdftotext_layout_table_6,https://objectstorage.ap-dcc-gazipur-1.oraclecloud15.com/n/axvjbnqprylg/b/V2Ministry/o/office-doe/2024/12/f4366798299c48c784bd9820bebae517.pdf,21bebb0f1466ae7b04c6ee8da366208e3d142ee9619515da118a9bbe67ec92c4
2025-08,2025-08-23,Dhaka,75,75.0,False,poppler_pdftotext_layout_table_6,https://objectstorage.ap-dcc-gazipur-1.oraclecloud15.com/n/axvjbnqprylg/b/V2Ministry/o/office-doe/2024/12/f4366798299c48c784bd9820bebae517.pdf,21bebb0f1466ae7b04c6ee8da366208e3d142ee9619515da118a9bbe67ec92c4
2025-08,2025-08-24,Dhaka,98,98.0,False,poppler_pdftotext_layout_table_6,https://objectstorage.ap-dcc-gazipur-1.oraclecloud15.com/n/axvjbnqprylg/b/V2Ministry/o/office-doe/2024/12/f4366798299c48c784bd9820bebae517.pdf,21bebb0f1466ae7b04c6ee8da366208e3d142ee9619515da118a9bbe67ec92c4
2025-08,2025-08-25,Dhaka,105,105.0,False,poppler_pdftotext_layout_table_6,https://objectstorage.ap-dcc-gazipur-1.oraclecloud15.com/n/axvjbnqprylg/b/V2Ministry/o/office-doe/2024/12/f4366798299c48c784bd9820bebae517.pdf,21bebb0f1466ae7b04c6ee8da366208e3d142ee9619515da118a9bbe67ec92c4
2025-08,2025-08-26,Dhaka,125,125.0,False,poppler_pdftotext_layout_table_6,https://objectstorage.ap-dcc-gazipur-1.oraclecloud15.com/n/axvjbnqprylg/b/V2Ministry/o/office-doe/2024/12/f4366798299c48c784bd9820bebae517.pdf,21bebb0f1466ae7b04c6ee8da366208e3d142ee9619515da118a9bbe67ec92c4
2025-08,2025-08-27,Dhaka,89,89.0,False,poppler_pdftotext_layout_table_6,https://objectstorage.ap-dcc-gazipur-1.oraclecloud15.com/n/axvjbnqprylg/b/V2Ministry/o/office-doe/2024/12/f4366798299c48c784bd9820bebae517.pdf,21bebb0f1466ae7b04c6ee8da366208e3d142ee9619515da118a9bbe67ec92c4
2025-08,2025-08-28,Dhaka,76,76.0,False,poppler_pdftotext_layout_table_6,https://objectstorage.ap-dcc-gazipur-1.oraclecloud15.com/n/axvjbnqprylg/b/V2Ministry/o/office-doe/2024/12/f4366798299c48c784bd9820bebae517.pdf,21bebb0f1466ae7b04c6ee8da366208e3d142ee9619515da118a9bbe67ec92c4
2025-08,2025-08-29,Dhaka,87,87.0,False,poppler_pdftotext_layout_table_6,https://objectstorage.ap-dcc-gazipur-1.oraclecloud15.com/n/axvjbnqprylg/b/V2Ministry/o/office-doe/2024/12/f4366798299c48c784bd9820bebae517.pdf,21bebb0f1466ae7b04c6ee8da366208e3d142ee9619515da118a9bbe67ec92c4
2025-08,2025-08-30,Dhaka,101,101.0,False,poppler_pdftotext_layout_table_6,https://objectstorage.ap-dcc-gazipur-1.oraclecloud15.com/n/axvjbnqprylg/b/V2Ministry/o/office-doe/2024/12/f4366798299c48c784bd9820bebae517.pdf,21bebb0f1466ae7b04c6ee8da366208e3d142ee9619515da118a9bbe67ec92c4
2025-08,2025-08-31,Dhaka,154,154.0,False,poppler_pdftotext_layout_table_6,https://objectstorage.ap-dcc-gazipur-1.oraclecloud15.com/n/axvjbnqprylg/b/V2Ministry/o/office-doe/2024/12/f4366798299c48c784bd9820bebae517.pdf,21bebb0f1466ae7b04c6ee8da366208e3d142ee9619515da118a9bbe67ec92c4
2025-09,2025-09-01,Dhaka,140,140.0,False,poppler_pdftotext_layout_table_6,https://objectstorage.ap-dcc-gazipur-1.oraclecloud15.com/n/axvjbnqprylg/b/V2Ministry/o/office-doe/2024/12/75e42e4e96db480ca4e894731487bb78.pdf,3cd516684f0f1c60700ef02d750a34cc82e5c5529f9538f05964ee5beaafc2ef
2025-09,2025-09-02,Dhaka,78,78.0,False,poppler_pdftotext_layout_table_6,https://objectstorage.ap-dcc-gazipur-1.oraclecloud15.com/n/axvjbnqprylg/b/V2Ministry/o/office-doe/2024/12/75e42e4e96db480ca4e894731487bb78.pdf,3cd516684f0f1c60700ef02d750a34cc82e5c5529f9538f05964ee5beaafc2ef
2025-09,2025-09-03,Dhaka,101,101.0,False,poppler_pdftotext_layout_table_6,https://objectstorage.ap-dcc-gazipur-1.oraclecloud15.com/n/axvjbnqprylg/b/V2Ministry/o/office-doe/2024/12/75e42e4e96db480ca4e894731487bb78.pdf,3cd516684f0f1c60700ef02d750a34cc82e5c5529f9538f05964ee5beaafc2ef
2025-09,2025-09-04,Dhaka,108,108.0,False,poppler_pdftotext_layout_table_6,https://objectstorage.ap-dcc-gazipur-1.oraclecloud15.com/n/axvjbnqprylg/b/V2Ministry/o/office-doe/2024/12/75e42e4e96db480ca4e894731487bb78.pdf,3cd516684f0f1c60700ef02d750a34cc82e5c5529f9538f05964ee5beaafc2ef
2025-09,2025-09-05,Dhaka,90,90.0,False,poppler_pdftotext_layout_table_6,https://objectstorage.ap-dcc-gazipur-1.oraclecloud15.com/n/axvjbnqprylg/b/V2Ministry/o/office-doe/2024/12/75e42e4e96db480ca4e894731487bb78.pdf,3cd516684f0f1c60700ef02d750a34cc82e5c5529f9538f05964ee5beaafc2ef
2025-09,2025-09-06,Dhaka,119,119.0,False,poppler_pdftotext_layout_table_6,https://objectstorage.ap-dcc-gazipur-1.oraclecloud15.com/n/axvjbnqprylg/b/V2Ministry/o/office-doe/2024/12/75e42e4e96db480ca4e894731487bb78.pdf,3cd516684f0f1c60700ef02d750a34cc82e5c5529f9538f05964ee5beaafc2ef
2025-09,2025-09-07,Dhaka,132,132.0,False,poppler_pdftotext_layout_table_6,https://objectstorage.ap-dcc-gazipur-1.oraclecloud15.com/n/axvjbnqprylg/b/V2Ministry/o/office-doe/2024/12/75e42e4e96db480ca4e894731487bb78.pdf,3cd516684f0f1c60700ef02d750a34cc82e5c5529f9538f05964ee5beaafc2ef
2025-09,2025-09-08,Dhaka,134,134.0,False,poppler_pdftotext_layout_table_6,https://objectstorage.ap-dcc-gazipur-1.oraclecloud15.com/n/axvjbnqprylg/b/V2Ministry/o/office-doe/2024/12/75e42e4e96db480ca4e894731487bb78.pdf,3cd516684f0f1c60700ef02d750a34cc82e5c5529f9538f05964ee5beaafc2ef
2025-09,2025-09-09,Dhaka,145,145.0,False,poppler_pdftotext_layout_table_6,https://objectstorage.ap-dcc-gazipur-1.oraclecloud15.com/n/axvjbnqprylg/b/V2Ministry/o/office-doe/2024/12/75e42e4e96db480ca4e894731487bb78.pdf,3cd516684f0f1c60700ef02d750a34cc82e5c5529f9538f05964ee5beaafc2ef
2025-09,2025-09-10,Dhaka,138,138.0,False,poppler_pdftotext_layout_table_6,https://objectstorage.ap-dcc-gazipur-1.oraclecloud15.com/n/axvjbnqprylg/b/V2Ministry/o/office-doe/2024/12/75e42e4e96db480ca4e894731487bb78.pdf,3cd516684f0f1c60700ef02d750a34cc82e5c5529f9538f05964ee5beaafc2ef
2025-09,2025-09-11,Dhaka,132,132.0,False,poppler_pdftotext_layout_table_6,https://objectstorage.ap-dcc-gazipur-1.oraclecloud15.com/n/axvjbnqprylg/b/V2Ministry/o/office-doe/2024/12/75e42e4e96db480ca4e894731487bb78.pdf,3cd516684f0f1c60700ef02d750a34cc82e5c5529f9538f05964ee5beaafc2ef
2025-09,2025-09-12,Dhaka,106,106.0,False,poppler_pdftotext_layout_table_6,https://objectstorage.ap-dcc-gazipur-1.oraclecloud15.com/n/axvjbnqprylg/b/V2Ministry/o/office-doe/2024/12/75e42e4e96db480ca4e894731487bb78.pdf,3cd516684f0f1c60700ef02d750a34cc82e5c5529f9538f05964ee5beaafc2ef
2025-09,2025-09-13,Dhaka,85,85.0,False,poppler_pdftotext_layout_table_6,https://objectstorage.ap-dcc-gazipur-1.oraclecloud15.com/n/axvjbnqprylg/b/V2Ministry/o/office-doe/2024/12/75e42e4e96db480ca4e894731487bb78.pdf,3cd516684f0f1c60700ef02d750a34cc82e5c5529f9538f05964ee5beaafc2ef
2025-09,2025-09-14,Dhaka,94,94.0,False,poppler_pdftotext_layout_table_6,https://objectstorage.ap-dcc-gazipur-1.oraclecloud15.com/n/axvjbnqprylg/b/V2Ministry/o/office-doe/2024/12/75e42e4e96db480ca4e894731487bb78.pdf,3cd516684f0f1c60700ef02d750a34cc82e5c5529f9538f05964ee5beaafc2ef
2025-09,2025-09-15,Dhaka,89,89.0,False,poppler_pdftotext_layout_table_6,https://objectstorage.ap-dcc-gazipur-1.oraclecloud15.com/n/axvjbnqprylg/b/V2Ministry/o/office-doe/2024/12/75e42e4e96db480ca4e894731487bb78.pdf,3cd516684f0f1c60700ef02d750a34cc82e5c5529f9538f05964ee5beaafc2ef
2025-09,2025-09-16,Dhaka,93,93.0,False,poppler_pdftotext_layout_table_6,https://objectstorage.ap-dcc-gazipur-1.oraclecloud15.com/n/axvjbnqprylg/b/V2Ministry/o/office-doe/2024/12/75e42e4e96db480ca4e894731487bb78.pdf,3cd516684f0f1c60700ef02d750a34cc82e5c5529f9538f05964ee5beaafc2ef
2025-09,2025-09-17,Dhaka,94,94.0,False,poppler_pdftotext_layout_table_6,https://objectstorage.ap-dcc-gazipur-1.oraclecloud15.com/n/axvjbnqprylg/b/V2Ministry/o/office-doe/2024/12/75e42e4e96db480ca4e894731487bb78.pdf,3cd516684f0f1c60700ef02d750a34cc82e5c5529f9538f05964ee5beaafc2ef
2025-09,2025-09-18,Dhaka,135,135.0,False,poppler_pdftotext_layout_table_6,https://objectstorage.ap-dcc-gazipur-1.oraclecloud15.com/n/axvjbnqprylg/b/V2Ministry/o/office-doe/2024/12/75e42e4e96db480ca4e894731487bb78.pdf,3cd516684f0f1c60700ef02d750a34cc82e5c5529f9538f05964ee5beaafc2ef
2025-09,2025-09-19,Dhaka,146,146.0,False,poppler_pdftotext_layout_table_6,https://objectstorage.ap-dcc-gazipur-1.oraclecloud15.com/n/axvjbnqprylg/b/V2Ministry/o/office-doe/2024/12/75e42e4e96db480ca4e894731487bb78.pdf,3cd516684f0f1c60700ef02d750a34cc82e5c5529f9538f05964ee5beaafc2ef
2025-09,2025-09-20,Dhaka,178,178.0,False,poppler_pdftotext_layout_table_6,https://objectstorage.ap-dcc-gazipur-1.oraclecloud15.com/n/axvjbnqprylg/b/V2Ministry/o/office-doe/2024/12/75e42e4e96db480ca4e894731487bb78.pdf,3cd516684f0f1c60700ef02d750a34cc82e5c5529f9538f05964ee5beaafc2ef
2025-09,2025-09-21,Dhaka,168,168.0,False,poppler_pdftotext_layout_table_6,https://objectstorage.ap-dcc-gazipur-1.oraclecloud15.com/n/axvjbnqprylg/b/V2Ministry/o/office-doe/2024/12/75e42e4e96db480ca4e894731487bb78.pdf,3cd516684f0f1c60700ef02d750a34cc82e5c5529f9538f05964ee5beaafc2ef
2025-09,2025-09-22,Dhaka,129,129.0,False,poppler_pdftotext_layout_table_6,https://objectstorage.ap-dcc-gazipur-1.oraclecloud15.com/n/axvjbnqprylg/b/V2Ministry/o/office-doe/2024/12/75e42e4e96db480ca4e894731487bb78.pdf,3cd516684f0f1c60700ef02d750a34cc82e5c5529f9538f05964ee5beaafc2ef
2025-09,2025-09-23,Dhaka,108,108.0,False,poppler_pdftotext_layout_table_6,https://objectstorage.ap-dcc-gazipur-1.oraclecloud15.com/n/axvjbnqprylg/b/V2Ministry/o/office-doe/2024/12/75e42e4e96db480ca4e894731487bb78.pdf,3cd516684f0f1c60700ef02d750a34cc82e5c5529f9538f05964ee5beaafc2ef
2025-09,2025-09-24,Dhaka,126,126.0,False,poppler_pdftotext_layout_table_6,https://objectstorage.ap-dcc-gazipur-1.oraclecloud15.com/n/axvjbnqprylg/b/V2Ministry/o/office-doe/2024/12/75e42e4e96db480ca4e894731487bb78.pdf,3cd516684f0f1c60700ef02d750a34cc82e5c5529f9538f05964ee5beaafc2ef
2025-09,2025-09-25,Dhaka,155,155.0,False,poppler_pdftotext_layout_table_6,https://objectstorage.ap-dcc-gazipur-1.oraclecloud15.com/n/axvjbnqprylg/b/V2Ministry/o/office-doe/2024/12/75e42e4e96db480ca4e894731487bb78.pdf,3cd516684f0f1c60700ef02d750a34cc82e5c5529f9538f05964ee5beaafc2ef
2025-09,2025-09-26,Dhaka,125,125.0,False,poppler_pdftotext_layout_table_6,https://objectstorage.ap-dcc-gazipur-1.oraclecloud15.com/n/axvjbnqprylg/b/V2Ministry/o/office-doe/2024/12/75e42e4e96db480ca4e894731487bb78.pdf,3cd516684f0f1c60700ef02d750a34cc82e5c5529f9538f05964ee5beaafc2ef
2025-09,2025-09-27,Dhaka,124,124.0,False,poppler_pdftotext_layout_table_6,https://objectstorage.ap-dcc-gazipur-1.oraclecloud15.com/n/axvjbnqprylg/b/V2Ministry/o/office-doe/2024/12/75e42e4e96db480ca4e894731487bb78.pdf,3cd516684f0f1c60700ef02d750a34cc82e5c5529f9538f05964ee5beaafc2ef
2025-09,2025-09-28,Dhaka,133,133.0,False,poppler_pdftotext_layout_table_6,https://objectstorage.ap-dcc-gazipur-1.oraclecloud15.com/n/axvjbnqprylg/b/V2Ministry/o/office-doe/2024/12/75e42e4e96db480ca4e894731487bb78.pdf,3cd516684f0f1c60700ef02d750a34cc82e5c5529f9538f05964ee5beaafc2ef
2025-09,2025-09-29,Dhaka,162,162.0,False,poppler_pdftotext_layout_table_6,https://objectstorage.ap-dcc-gazipur-1.oraclecloud15.com/n/axvjbnqprylg/b/V2Ministry/o/office-doe/2024/12/75e42e4e96db480ca4e894731487bb78.pdf,3cd516684f0f1c60700ef02d750a34cc82e5c5529f9538f05964ee5beaafc2ef
2025-09,2025-09-30,Dhaka,161,161.0,False,poppler_pdftotext_layout_table_6,https://objectstorage.ap-dcc-gazipur-1.oraclecloud15.com/n/axvjbnqprylg/b/V2Ministry/o/office-doe/2024/12/75e42e4e96db480ca4e894731487bb78.pdf,3cd516684f0f1c60700ef02d750a34cc82e5c5529f9538f05964ee5beaafc2ef
2025-10,2025-10-01,Dhaka,111,111.0,False,poppler_pdftotext_layout_table_6,https://objectstorage.ap-dcc-gazipur-1.oraclecloud15.com/n/axvjbnqprylg/b/V2Ministry/o/office-doe/2024/12/7f60b56f3dd745689e59e60721e83d26.pdf,b0d24f491d82a3678e5eae9312f73ccb0575a0ab55380ac743d84b34866c989f
2025-10,2025-10-02,Dhaka,96,96.0,False,poppler_pdftotext_layout_table_6,https://objectstorage.ap-dcc-gazipur-1.oraclecloud15.com/n/axvjbnqprylg/b/V2Ministry/o/office-doe/2024/12/7f60b56f3dd745689e59e60721e83d26.pdf,b0d24f491d82a3678e5eae9312f73ccb0575a0ab55380ac743d84b34866c989f
2025-10,2025-10-03,Dhaka,96,96.0,False,poppler_pdftotext_layout_table_6,https://objectstorage.ap-dcc-gazipur-1.oraclecloud15.com/n/axvjbnqprylg/b/V2Ministry/o/office-doe/2024/12/7f60b56f3dd745689e59e60721e83d26.pdf,b0d24f491d82a3678e5eae9312f73ccb0575a0ab55380ac743d84b34866c989f
2025-10,2025-10-04,Dhaka,110,110.0,False,poppler_pdftotext_layout_table_6,https://objectstorage.ap-dcc-gazipur-1.oraclecloud15.com/n/axvjbnqprylg/b/V2Ministry/o/office-doe/2024/12/7f60b56f3dd745689e59e60721e83d26.pdf,b0d24f491d82a3678e5eae9312f73ccb0575a0ab55380ac743d84b34866c989f
2025-10,2025-10-05,Dhaka,76,76.0,False,poppler_pdftotext_layout_table_6,https://objectstorage.ap-dcc-gazipur-1.oraclecloud15.com/n/axvjbnqprylg/b/V2Ministry/o/office-doe/2024/12/7f60b56f3dd745689e59e60721e83d26.pdf,b0d24f491d82a3678e5eae9312f73ccb0575a0ab55380ac743d84b34866c989f
2025-10,2025-10-06,Dhaka,133,133.0,False,poppler_pdftotext_layout_table_6,https://objectstorage.ap-dcc-gazipur-1.oraclecloud15.com/n/axvjbnqprylg/b/V2Ministry/o/office-doe/2024/12/7f60b56f3dd745689e59e60721e83d26.pdf,b0d24f491d82a3678e5eae9312f73ccb0575a0ab55380ac743d84b34866c989f
2025-10,2025-10-07,Dhaka,131,131.0,False,poppler_pdftotext_layout_table_6,https://objectstorage.ap-dcc-gazipur-1.oraclecloud15.com/n/axvjbnqprylg/b/V2Ministry/o/office-doe/2024/12/7f60b56f3dd745689e59e60721e83d26.pdf,b0d24f491d82a3678e5eae9312f73ccb0575a0ab55380ac743d84b34866c989f
2025-10,2025-10-08,Dhaka,145,145.0,False,poppler_pdftotext_layout_table_6,https://objectstorage.ap-dcc-gazipur-1.oraclecloud15.com/n/axvjbnqprylg/b/V2Ministry/o/office-doe/2024/12/7f60b56f3dd745689e59e60721e83d26.pdf,b0d24f491d82a3678e5eae9312f73ccb0575a0ab55380ac743d84b34866c989f
2025-10,2025-10-09,Dhaka,148,148.0,False,poppler_pdftotext_layout_table_6,https://objectstorage.ap-dcc-gazipur-1.oraclecloud15.com/n/axvjbnqprylg/b/V2Ministry/o/office-doe/2024/12/7f60b56f3dd745689e59e60721e83d26.pdf,b0d24f491d82a3678e5eae9312f73ccb0575a0ab55380ac743d84b34866c989f
2025-10,2025-10-10,Dhaka,160,160.0,False,poppler_pdftotext_layout_table_6,https://objectstorage.ap-dcc-gazipur-1.oraclecloud15.com/n/axvjbnqprylg/b/V2Ministry/o/office-doe/2024/12/7f60b56f3dd745689e59e60721e83d26.pdf,b0d24f491d82a3678e5eae9312f73ccb0575a0ab55380ac743d84b34866c989f
2025-10,2025-10-11,Dhaka,145,145.0,False,poppler_pdftotext_layout_table_6,https://objectstorage.ap-dcc-gazipur-1.oraclecloud15.com/n/axvjbnqprylg/b/V2Ministry/o/office-doe/2024/12/7f60b56f3dd745689e59e60721e83d26.pdf,b0d24f491d82a3678e5eae9312f73ccb0575a0ab55380ac743d84b34866c989f
2025-10,2025-10-12,Dhaka,150,150.0,False,poppler_pdftotext_layout_table_6,https://objectstorage.ap-dcc-gazipur-1.oraclecloud15.com/n/axvjbnqprylg/b/V2Ministry/o/office-doe/2024/12/7f60b56f3dd745689e59e60721e83d26.pdf,b0d24f491d82a3678e5eae9312f73ccb0575a0ab55380ac743d84b34866c989f
2025-10,2025-10-13,Dhaka,150,150.0,False,poppler_pdftotext_layout_table_6,https://objectstorage.ap-dcc-gazipur-1.oraclecloud15.com/n/axvjbnqprylg/b/V2Ministry/o/office-doe/2024/12/7f60b56f3dd745689e59e60721e83d26.pdf,b0d24f491d82a3678e5eae9312f73ccb0575a0ab55380ac743d84b34866c989f
2025-10,2025-10-14,Dhaka,158,158.0,False,poppler_pdftotext_layout_table_6,https://objectstorage.ap-dcc-gazipur-1.oraclecloud15.com/n/axvjbnqprylg/b/V2Ministry/o/office-doe/2024/12/7f60b56f3dd745689e59e60721e83d26.pdf,b0d24f491d82a3678e5eae9312f73ccb0575a0ab55380ac743d84b34866c989f
2025-10,2025-10-15,Dhaka,156,156.0,False,poppler_pdftotext_layout_table_6,https://objectstorage.ap-dcc-gazipur-1.oraclecloud15.com/n/axvjbnqprylg/b/V2Ministry/o/office-doe/2024/12/7f60b56f3dd745689e59e60721e83d26.pdf,b0d24f491d82a3678e5eae9312f73ccb0575a0ab55380ac743d84b34866c989f
2025-10,2025-10-16,Dhaka,168,168.0,False,poppler_pdftotext_layout_table_6,https://objectstorage.ap-dcc-gazipur-1.oraclecloud15.com/n/axvjbnqprylg/b/V2Ministry/o/office-doe/2024/12/7f60b56f3dd745689e59e60721e83d26.pdf,b0d24f491d82a3678e5eae9312f73ccb0575a0ab55380ac743d84b34866c989f
2025-10,2025-10-17,Dhaka,168,168.0,False,poppler_pdftotext_layout_table_6,https://objectstorage.ap-dcc-gazipur-1.oraclecloud15.com/n/axvjbnqprylg/b/V2Ministry/o/office-doe/2024/12/7f60b56f3dd745689e59e60721e83d26.pdf,b0d24f491d82a3678e5eae9312f73ccb0575a0ab55380ac743d84b34866c989f
2025-10,2025-10-18,Dhaka,163,163.0,False,poppler_pdftotext_layout_table_6,https://objectstorage.ap-dcc-gazipur-1.oraclecloud15.com/n/axvjbnqprylg/b/V2Ministry/o/office-doe/2024/12/7f60b56f3dd745689e59e60721e83d26.pdf,b0d24f491d82a3678e5eae9312f73ccb0575a0ab55380ac743d84b34866c989f
2025-10,2025-10-19,Dhaka,157,157.0,False,poppler_pdftotext_layout_table_6,https://objectstorage.ap-dcc-gazipur-1.oraclecloud15.com/n/axvjbnqprylg/b/V2Ministry/o/office-doe/2024/12/7f60b56f3dd745689e59e60721e83d26.pdf,b0d24f491d82a3678e5eae9312f73ccb0575a0ab55380ac743d84b34866c989f
2025-10,2025-10-20,Dhaka,159,159.0,False,poppler_pdftotext_layout_table_6,https://objectstorage.ap-dcc-gazipur-1.oraclecloud15.com/n/axvjbnqprylg/b/V2Ministry/o/office-doe/2024/12/7f60b56f3dd745689e59e60721e83d26.pdf,b0d24f491d82a3678e5eae9312f73ccb0575a0ab55380ac743d84b34866c989f
2025-10,2025-10-21,Dhaka,151,151.0,False,poppler_pdftotext_layout_table_6,https://objectstorage.ap-dcc-gazipur-1.oraclecloud15.com/n/axvjbnqprylg/b/V2Ministry/o/office-doe/2024/12/7f60b56f3dd745689e59e60721e83d26.pdf,b0d24f491d82a3678e5eae9312f73ccb0575a0ab55380ac743d84b34866c989f
2025-10,2025-10-22,Dhaka,163,163.0,False,poppler_pdftotext_layout_table_6,https://objectstorage.ap-dcc-gazipur-1.oraclecloud15.com/n/axvjbnqprylg/b/V2Ministry/o/office-doe/2024/12/7f60b56f3dd745689e59e60721e83d26.pdf,b0d24f491d82a3678e5eae9312f73ccb0575a0ab55380ac743d84b34866c989f
2025-10,2025-10-23,Dhaka,168,168.0,False,poppler_pdftotext_layout_table_6,https://objectstorage.ap-dcc-gazipur-1.oraclecloud15.com/n/axvjbnqprylg/b/V2Ministry/o/office-doe/2024/12/7f60b56f3dd745689e59e60721e83d26.pdf,b0d24f491d82a3678e5eae9312f73ccb0575a0ab55380ac743d84b34866c989f
2025-10,2025-10-24,Dhaka,170,170.0,False,poppler_pdftotext_layout_table_6,https://objectstorage.ap-dcc-gazipur-1.oraclecloud15.com/n/axvjbnqprylg/b/V2Ministry/o/office-doe/2024/12/7f60b56f3dd745689e59e60721e83d26.pdf,b0d24f491d82a3678e5eae9312f73ccb0575a0ab55380ac743d84b34866c989f
2025-10,2025-10-25,Dhaka,169,169.0,False,poppler_pdftotext_layout_table_6,https://objectstorage.ap-dcc-gazipur-1.oraclecloud15.com/n/axvjbnqprylg/b/V2Ministry/o/office-doe/2024/12/7f60b56f3dd745689e59e60721e83d26.pdf,b0d24f491d82a3678e5eae9312f73ccb0575a0ab55380ac743d84b34866c989f
2025-10,2025-10-26,Dhaka,170,170.0,False,poppler_pdftotext_layout_table_6,https://objectstorage.ap-dcc-gazipur-1.oraclecloud15.com/n/axvjbnqprylg/b/V2Ministry/o/office-doe/2024/12/7f60b56f3dd745689e59e60721e83d26.pdf,b0d24f491d82a3678e5eae9312f73ccb0575a0ab55380ac743d84b34866c989f
2025-10,2025-10-27,Dhaka,164,164.0,False,poppler_pdftotext_layout_table_6,https://objectstorage.ap-dcc-gazipur-1.oraclecloud15.com/n/axvjbnqprylg/b/V2Ministry/o/office-doe/2024/12/7f60b56f3dd745689e59e60721e83d26.pdf,b0d24f491d82a3678e5eae9312f73ccb0575a0ab55380ac743d84b34866c989f
2025-10,2025-10-28,Dhaka,174,174.0,False,poppler_pdftotext_layout_table_6,https://objectstorage.ap-dcc-gazipur-1.oraclecloud15.com/n/axvjbnqprylg/b/V2Ministry/o/office-doe/2024/12/7f60b56f3dd745689e59e60721e83d26.pdf,b0d24f491d82a3678e5eae9312f73ccb0575a0ab55380ac743d84b34866c989f
2025-10,2025-10-29,Dhaka,162,162.0,False,poppler_pdftotext_layout_table_6,https://objectstorage.ap-dcc-gazipur-1.oraclecloud15.com/n/axvjbnqprylg/b/V2Ministry/o/office-doe/2024/12/7f60b56f3dd745689e59e60721e83d26.pdf,b0d24f491d82a3678e5eae9312f73ccb0575a0ab55380ac743d84b34866c989f
2025-10,2025-10-30,Dhaka,152,152.0,False,poppler_pdftotext_layout_table_6,https://objectstorage.ap-dcc-gazipur-1.oraclecloud15.com/n/axvjbnqprylg/b/V2Ministry/o/office-doe/2024/12/7f60b56f3dd745689e59e60721e83d26.pdf,b0d24f491d82a3678e5eae9312f73ccb0575a0ab55380ac743d84b34866c989f
2025-10,2025-10-31,Dhaka,131,131.0,False,poppler_pdftotext_layout_table_6,https://objectstorage.ap-dcc-gazipur-1.oraclecloud15.com/n/axvjbnqprylg/b/V2Ministry/o/office-doe/2024/12/7f60b56f3dd745689e59e60721e83d26.pdf,b0d24f491d82a3678e5eae9312f73ccb0575a0ab55380ac743d84b34866c989f
2025-11,2025-11-01,Dhaka,118,118.0,False,poppler_pdftotext_layout_table_6,https://objectstorage.ap-dcc-gazipur-1.oraclecloud15.com/n/axvjbnqprylg/b/V2Ministry/o/office-doe/2026/2/f2b7454f-5350-4a03-8937-bf57f303ac4f.pdf,c5a46d6e3efe3f6bdd3408876e8feee47ee395ab99e4c241cf34ddf8734c8252
2025-11,2025-11-02,Dhaka,91,91.0,False,poppler_pdftotext_layout_table_6,https://objectstorage.ap-dcc-gazipur-1.oraclecloud15.com/n/axvjbnqprylg/b/V2Ministry/o/office-doe/2026/2/f2b7454f-5350-4a03-8937-bf57f303ac4f.pdf,c5a46d6e3efe3f6bdd3408876e8feee47ee395ab99e4c241cf34ddf8734c8252
2025-11,2025-11-03,Dhaka,97,97.0,False,poppler_pdftotext_layout_table_6,https://objectstorage.ap-dcc-gazipur-1.oraclecloud15.com/n/axvjbnqprylg/b/V2Ministry/o/office-doe/2026/2/f2b7454f-5350-4a03-8937-bf57f303ac4f.pdf,c5a46d6e3efe3f6bdd3408876e8feee47ee395ab99e4c241cf34ddf8734c8252
2025-11,2025-11-04,Dhaka,110,110.0,False,poppler_pdftotext_layout_table_6,https://objectstorage.ap-dcc-gazipur-1.oraclecloud15.com/n/axvjbnqprylg/b/V2Ministry/o/office-doe/2026/2/f2b7454f-5350-4a03-8937-bf57f303ac4f.pdf,c5a46d6e3efe3f6bdd3408876e8feee47ee395ab99e4c241cf34ddf8734c8252
2025-11,2025-11-05,Dhaka,95,95.0,False,poppler_pdftotext_layout_table_6,https://objectstorage.ap-dcc-gazipur-1.oraclecloud15.com/n/axvjbnqprylg/b/V2Ministry/o/office-doe/2026/2/f2b7454f-5350-4a03-8937-bf57f303ac4f.pdf,c5a46d6e3efe3f6bdd3408876e8feee47ee395ab99e4c241cf34ddf8734c8252
2025-11,2025-11-06,Dhaka,170,170.0,False,poppler_pdftotext_layout_table_6,https://objectstorage.ap-dcc-gazipur-1.oraclecloud15.com/n/axvjbnqprylg/b/V2Ministry/o/office-doe/2026/2/f2b7454f-5350-4a03-8937-bf57f303ac4f.pdf,c5a46d6e3efe3f6bdd3408876e8feee47ee395ab99e4c241cf34ddf8734c8252
2025-11,2025-11-07,Dhaka,172,172.0,False,poppler_pdftotext_layout_table_6,https://objectstorage.ap-dcc-gazipur-1.oraclecloud15.com/n/axvjbnqprylg/b/V2Ministry/o/office-doe/2026/2/f2b7454f-5350-4a03-8937-bf57f303ac4f.pdf,c5a46d6e3efe3f6bdd3408876e8feee47ee395ab99e4c241cf34ddf8734c8252
2025-11,2025-11-08,Dhaka,172,172.0,False,poppler_pdftotext_layout_table_6,https://objectstorage.ap-dcc-gazipur-1.oraclecloud15.com/n/axvjbnqprylg/b/V2Ministry/o/office-doe/2026/2/f2b7454f-5350-4a03-8937-bf57f303ac4f.pdf,c5a46d6e3efe3f6bdd3408876e8feee47ee395ab99e4c241cf34ddf8734c8252
2025-11,2025-11-09,Dhaka,173,173.0,False,poppler_pdftotext_layout_table_6,https://objectstorage.ap-dcc-gazipur-1.oraclecloud15.com/n/axvjbnqprylg/b/V2Ministry/o/office-doe/2026/2/f2b7454f-5350-4a03-8937-bf57f303ac4f.pdf,c5a46d6e3efe3f6bdd3408876e8feee47ee395ab99e4c241cf34ddf8734c8252
2025-11,2025-11-10,Dhaka,179,179.0,False,poppler_pdftotext_layout_table_6,https://objectstorage.ap-dcc-gazipur-1.oraclecloud15.com/n/axvjbnqprylg/b/V2Ministry/o/office-doe/2026/2/f2b7454f-5350-4a03-8937-bf57f303ac4f.pdf,c5a46d6e3efe3f6bdd3408876e8feee47ee395ab99e4c241cf34ddf8734c8252
2025-11,2025-11-11,Dhaka,194,194.0,False,poppler_pdftotext_layout_table_6,https://objectstorage.ap-dcc-gazipur-1.oraclecloud15.com/n/axvjbnqprylg/b/V2Ministry/o/office-doe/2026/2/f2b7454f-5350-4a03-8937-bf57f303ac4f.pdf,c5a46d6e3efe3f6bdd3408876e8feee47ee395ab99e4c241cf34ddf8734c8252
2025-11,2025-11-12,Dhaka,190,190.0,False,poppler_pdftotext_layout_table_6,https://objectstorage.ap-dcc-gazipur-1.oraclecloud15.com/n/axvjbnqprylg/b/V2Ministry/o/office-doe/2026/2/f2b7454f-5350-4a03-8937-bf57f303ac4f.pdf,c5a46d6e3efe3f6bdd3408876e8feee47ee395ab99e4c241cf34ddf8734c8252
2025-11,2025-11-13,Dhaka,190,190.0,False,poppler_pdftotext_layout_table_6,https://objectstorage.ap-dcc-gazipur-1.oraclecloud15.com/n/axvjbnqprylg/b/V2Ministry/o/office-doe/2026/2/f2b7454f-5350-4a03-8937-bf57f303ac4f.pdf,c5a46d6e3efe3f6bdd3408876e8feee47ee395ab99e4c241cf34ddf8734c8252
2025-11,2025-11-14,Dhaka,198,198.0,False,poppler_pdftotext_layout_table_6,https://objectstorage.ap-dcc-gazipur-1.oraclecloud15.com/n/axvjbnqprylg/b/V2Ministry/o/office-doe/2026/2/f2b7454f-5350-4a03-8937-bf57f303ac4f.pdf,c5a46d6e3efe3f6bdd3408876e8feee47ee395ab99e4c241cf34ddf8734c8252
2025-11,2025-11-15,Dhaka,172,172.0,False,poppler_pdftotext_layout_table_6,https://objectstorage.ap-dcc-gazipur-1.oraclecloud15.com/n/axvjbnqprylg/b/V2Ministry/o/office-doe/2026/2/f2b7454f-5350-4a03-8937-bf57f303ac4f.pdf,c5a46d6e3efe3f6bdd3408876e8feee47ee395ab99e4c241cf34ddf8734c8252
2025-11,2025-11-16,Dhaka,167,167.0,False,poppler_pdftotext_layout_table_6,https://objectstorage.ap-dcc-gazipur-1.oraclecloud15.com/n/axvjbnqprylg/b/V2Ministry/o/office-doe/2026/2/f2b7454f-5350-4a03-8937-bf57f303ac4f.pdf,c5a46d6e3efe3f6bdd3408876e8feee47ee395ab99e4c241cf34ddf8734c8252
2025-11,2025-11-17,Dhaka,168,168.0,False,poppler_pdftotext_layout_table_6,https://objectstorage.ap-dcc-gazipur-1.oraclecloud15.com/n/axvjbnqprylg/b/V2Ministry/o/office-doe/2026/2/f2b7454f-5350-4a03-8937-bf57f303ac4f.pdf,c5a46d6e3efe3f6bdd3408876e8feee47ee395ab99e4c241cf34ddf8734c8252
2025-11,2025-11-18,Dhaka,165,165.0,False,poppler_pdftotext_layout_table_6,https://objectstorage.ap-dcc-gazipur-1.oraclecloud15.com/n/axvjbnqprylg/b/V2Ministry/o/office-doe/2026/2/f2b7454f-5350-4a03-8937-bf57f303ac4f.pdf,c5a46d6e3efe3f6bdd3408876e8feee47ee395ab99e4c241cf34ddf8734c8252
2025-11,2025-11-19,Dhaka,162,162.0,False,poppler_pdftotext_layout_table_6,https://objectstorage.ap-dcc-gazipur-1.oraclecloud15.com/n/axvjbnqprylg/b/V2Ministry/o/office-doe/2026/2/f2b7454f-5350-4a03-8937-bf57f303ac4f.pdf,c5a46d6e3efe3f6bdd3408876e8feee47ee395ab99e4c241cf34ddf8734c8252
2025-11,2025-11-20,Dhaka,189,189.0,False,poppler_pdftotext_layout_table_6,https://objectstorage.ap-dcc-gazipur-1.oraclecloud15.com/n/axvjbnqprylg/b/V2Ministry/o/office-doe/2026/2/f2b7454f-5350-4a03-8937-bf57f303ac4f.pdf,c5a46d6e3efe3f6bdd3408876e8feee47ee395ab99e4c241cf34ddf8734c8252
2025-11,2025-11-21,Dhaka,210,210.0,False,poppler_pdftotext_layout_table_6,https://objectstorage.ap-dcc-gazipur-1.oraclecloud15.com/n/axvjbnqprylg/b/V2Ministry/o/office-doe/2026/2/f2b7454f-5350-4a03-8937-bf57f303ac4f.pdf,c5a46d6e3efe3f6bdd3408876e8feee47ee395ab99e4c241cf34ddf8734c8252
2025-11,2025-11-22,Dhaka,189,189.0,False,poppler_pdftotext_layout_table_6,https://objectstorage.ap-dcc-gazipur-1.oraclecloud15.com/n/axvjbnqprylg/b/V2Ministry/o/office-doe/2026/2/f2b7454f-5350-4a03-8937-bf57f303ac4f.pdf,c5a46d6e3efe3f6bdd3408876e8feee47ee395ab99e4c241cf34ddf8734c8252
2025-11,2025-11-23,Dhaka,185,185.0,False,poppler_pdftotext_layout_table_6,https://objectstorage.ap-dcc-gazipur-1.oraclecloud15.com/n/axvjbnqprylg/b/V2Ministry/o/office-doe/2026/2/f2b7454f-5350-4a03-8937-bf57f303ac4f.pdf,c5a46d6e3efe3f6bdd3408876e8feee47ee395ab99e4c241cf34ddf8734c8252
2025-11,2025-11-24,Dhaka,187,187.0,False,poppler_pdftotext_layout_table_6,https://objectstorage.ap-dcc-gazipur-1.oraclecloud15.com/n/axvjbnqprylg/b/V2Ministry/o/office-doe/2026/2/f2b7454f-5350-4a03-8937-bf57f303ac4f.pdf,c5a46d6e3efe3f6bdd3408876e8feee47ee395ab99e4c241cf34ddf8734c8252
2025-11,2025-11-25,Dhaka,175,175.0,False,poppler_pdftotext_layout_table_6,https://objectstorage.ap-dcc-gazipur-1.oraclecloud15.com/n/axvjbnqprylg/b/V2Ministry/o/office-doe/2026/2/f2b7454f-5350-4a03-8937-bf57f303ac4f.pdf,c5a46d6e3efe3f6bdd3408876e8feee47ee395ab99e4c241cf34ddf8734c8252
2025-11,2025-11-26,Dhaka,173,173.0,False,poppler_pdftotext_layout_table_6,https://objectstorage.ap-dcc-gazipur-1.oraclecloud15.com/n/axvjbnqprylg/b/V2Ministry/o/office-doe/2026/2/f2b7454f-5350-4a03-8937-bf57f303ac4f.pdf,c5a46d6e3efe3f6bdd3408876e8feee47ee395ab99e4c241cf34ddf8734c8252
2025-11,2025-11-27,Dhaka,155,155.0,False,poppler_pdftotext_layout_table_6,https://objectstorage.ap-dcc-gazipur-1.oraclecloud15.com/n/axvjbnqprylg/b/V2Ministry/o/office-doe/2026/2/f2b7454f-5350-4a03-8937-bf57f303ac4f.pdf,c5a46d6e3efe3f6bdd3408876e8feee47ee395ab99e4c241cf34ddf8734c8252
2025-11,2025-11-28,Dhaka,189,189.0,False,poppler_pdftotext_layout_table_6,https://objectstorage.ap-dcc-gazipur-1.oraclecloud15.com/n/axvjbnqprylg/b/V2Ministry/o/office-doe/2026/2/f2b7454f-5350-4a03-8937-bf57f303ac4f.pdf,c5a46d6e3efe3f6bdd3408876e8feee47ee395ab99e4c241cf34ddf8734c8252
2025-11,2025-11-29,Dhaka,177,177.0,False,poppler_pdftotext_layout_table_6,https://objectstorage.ap-dcc-gazipur-1.oraclecloud15.com/n/axvjbnqprylg/b/V2Ministry/o/office-doe/2026/2/f2b7454f-5350-4a03-8937-bf57f303ac4f.pdf,c5a46d6e3efe3f6bdd3408876e8feee47ee395ab99e4c241cf34ddf8734c8252
2025-11,2025-11-30,Dhaka,198,198.0,False,poppler_pdftotext_layout_table_6,https://objectstorage.ap-dcc-gazipur-1.oraclecloud15.com/n/axvjbnqprylg/b/V2Ministry/o/office-doe/2026/2/f2b7454f-5350-4a03-8937-bf57f303ac4f.pdf,c5a46d6e3efe3f6bdd3408876e8feee47ee395ab99e4c241cf34ddf8734c8252
2025-12,2025-12-01,Dhaka,175,175.0,False,poppler_pdftotext_layout_table_6,https://objectstorage.ap-dcc-gazipur-1.oraclecloud15.com/n/axvjbnqprylg/b/V2Ministry/o/office-doe/2026/2/43adea43-fc3f-4a94-8cbe-981d8535421f.pdf,9bd493c444923de1c59f042b20744a602bad32fa4cec5e9fb3a4d0c1972e1680
2025-12,2025-12-02,Dhaka,214,214.0,False,poppler_pdftotext_layout_table_6,https://objectstorage.ap-dcc-gazipur-1.oraclecloud15.com/n/axvjbnqprylg/b/V2Ministry/o/office-doe/2026/2/43adea43-fc3f-4a94-8cbe-981d8535421f.pdf,9bd493c444923de1c59f042b20744a602bad32fa4cec5e9fb3a4d0c1972e1680
2025-12,2025-12-03,Dhaka,214,214.0,False,poppler_pdftotext_layout_table_6,https://objectstorage.ap-dcc-gazipur-1.oraclecloud15.com/n/axvjbnqprylg/b/V2Ministry/o/office-doe/2026/2/43adea43-fc3f-4a94-8cbe-981d8535421f.pdf,9bd493c444923de1c59f042b20744a602bad32fa4cec5e9fb3a4d0c1972e1680
2025-12,2025-12-04,Dhaka,215,215.0,False,poppler_pdftotext_layout_table_6,https://objectstorage.ap-dcc-gazipur-1.oraclecloud15.com/n/axvjbnqprylg/b/V2Ministry/o/office-doe/2026/2/43adea43-fc3f-4a94-8cbe-981d8535421f.pdf,9bd493c444923de1c59f042b20744a602bad32fa4cec5e9fb3a4d0c1972e1680
2025-12,2025-12-05,Dhaka,193,193.0,False,poppler_pdftotext_layout_table_6,https://objectstorage.ap-dcc-gazipur-1.oraclecloud15.com/n/axvjbnqprylg/b/V2Ministry/o/office-doe/2026/2/43adea43-fc3f-4a94-8cbe-981d8535421f.pdf,9bd493c444923de1c59f042b20744a602bad32fa4cec5e9fb3a4d0c1972e1680
2025-12,2025-12-06,Dhaka,177,177.0,False,poppler_pdftotext_layout_table_6,https://objectstorage.ap-dcc-gazipur-1.oraclecloud15.com/n/axvjbnqprylg/b/V2Ministry/o/office-doe/2026/2/43adea43-fc3f-4a94-8cbe-981d8535421f.pdf,9bd493c444923de1c59f042b20744a602bad32fa4cec5e9fb3a4d0c1972e1680
2025-12,2025-12-07,Dhaka,177,177.0,False,poppler_pdftotext_layout_table_6,https://objectstorage.ap-dcc-gazipur-1.oraclecloud15.com/n/axvjbnqprylg/b/V2Ministry/o/office-doe/2026/2/43adea43-fc3f-4a94-8cbe-981d8535421f.pdf,9bd493c444923de1c59f042b20744a602bad32fa4cec5e9fb3a4d0c1972e1680
2025-12,2025-12-08,Dhaka,182,182.0,False,poppler_pdftotext_layout_table_6,https://objectstorage.ap-dcc-gazipur-1.oraclecloud15.com/n/axvjbnqprylg/b/V2Ministry/o/office-doe/2026/2/43adea43-fc3f-4a94-8cbe-981d8535421f.pdf,9bd493c444923de1c59f042b20744a602bad32fa4cec5e9fb3a4d0c1972e1680
2025-12,2025-12-09,Dhaka,180,180.0,False,poppler_pdftotext_layout_table_6,https://objectstorage.ap-dcc-gazipur-1.oraclecloud15.com/n/axvjbnqprylg/b/V2Ministry/o/office-doe/2026/2/43adea43-fc3f-4a94-8cbe-981d8535421f.pdf,9bd493c444923de1c59f042b20744a602bad32fa4cec5e9fb3a4d0c1972e1680
2025-12,2025-12-10,Dhaka,157,157.0,False,poppler_pdftotext_layout_table_6,https://objectstorage.ap-dcc-gazipur-1.oraclecloud15.com/n/axvjbnqprylg/b/V2Ministry/o/office-doe/2026/2/43adea43-fc3f-4a94-8cbe-981d8535421f.pdf,9bd493c444923de1c59f042b20744a602bad32fa4cec5e9fb3a4d0c1972e1680
2025-12,2025-12-11,Dhaka,180,180.0,False,poppler_pdftotext_layout_table_6,https://objectstorage.ap-dcc-gazipur-1.oraclecloud15.com/n/axvjbnqprylg/b/V2Ministry/o/office-doe/2026/2/43adea43-fc3f-4a94-8cbe-981d8535421f.pdf,9bd493c444923de1c59f042b20744a602bad32fa4cec5e9fb3a4d0c1972e1680
2025-12,2025-12-12,Dhaka,180,180.0,False,poppler_pdftotext_layout_table_6,https://objectstorage.ap-dcc-gazipur-1.oraclecloud15.com/n/axvjbnqprylg/b/V2Ministry/o/office-doe/2026/2/43adea43-fc3f-4a94-8cbe-981d8535421f.pdf,9bd493c444923de1c59f042b20744a602bad32fa4cec5e9fb3a4d0c1972e1680
2025-12,2025-12-13,Dhaka,169,169.0,False,poppler_pdftotext_layout_table_6,https://objectstorage.ap-dcc-gazipur-1.oraclecloud15.com/n/axvjbnqprylg/b/V2Ministry/o/office-doe/2026/2/43adea43-fc3f-4a94-8cbe-981d8535421f.pdf,9bd493c444923de1c59f042b20744a602bad32fa4cec5e9fb3a4d0c1972e1680
2025-12,2025-12-14,Dhaka,158,158.0,False,poppler_pdftotext_layout_table_6,https://objectstorage.ap-dcc-gazipur-1.oraclecloud15.com/n/axvjbnqprylg/b/V2Ministry/o/office-doe/2026/2/43adea43-fc3f-4a94-8cbe-981d8535421f.pdf,9bd493c444923de1c59f042b20744a602bad32fa4cec5e9fb3a4d0c1972e1680
2025-12,2025-12-15,Dhaka,171,171.0,False,poppler_pdftotext_layout_table_6,https://objectstorage.ap-dcc-gazipur-1.oraclecloud15.com/n/axvjbnqprylg/b/V2Ministry/o/office-doe/2026/2/43adea43-fc3f-4a94-8cbe-981d8535421f.pdf,9bd493c444923de1c59f042b20744a602bad32fa4cec5e9fb3a4d0c1972e1680
2025-12,2025-12-16,Dhaka,186,186.0,False,poppler_pdftotext_layout_table_6,https://objectstorage.ap-dcc-gazipur-1.oraclecloud15.com/n/axvjbnqprylg/b/V2Ministry/o/office-doe/2026/2/43adea43-fc3f-4a94-8cbe-981d8535421f.pdf,9bd493c444923de1c59f042b20744a602bad32fa4cec5e9fb3a4d0c1972e1680
2025-12,2025-12-17,Dhaka,166,166.0,False,poppler_pdftotext_layout_table_6,https://objectstorage.ap-dcc-gazipur-1.oraclecloud15.com/n/axvjbnqprylg/b/V2Ministry/o/office-doe/2026/2/43adea43-fc3f-4a94-8cbe-981d8535421f.pdf,9bd493c444923de1c59f042b20744a602bad32fa4cec5e9fb3a4d0c1972e1680
2025-12,2025-12-18,Dhaka,183,183.0,False,poppler_pdftotext_layout_table_6,https://objectstorage.ap-dcc-gazipur-1.oraclecloud15.com/n/axvjbnqprylg/b/V2Ministry/o/office-doe/2026/2/43adea43-fc3f-4a94-8cbe-981d8535421f.pdf,9bd493c444923de1c59f042b20744a602bad32fa4cec5e9fb3a4d0c1972e1680
2025-12,2025-12-19,Dhaka,180,180.0,False,poppler_pdftotext_layout_table_6,https://objectstorage.ap-dcc-gazipur-1.oraclecloud15.com/n/axvjbnqprylg/b/V2Ministry/o/office-doe/2026/2/43adea43-fc3f-4a94-8cbe-981d8535421f.pdf,9bd493c444923de1c59f042b20744a602bad32fa4cec5e9fb3a4d0c1972e1680
2025-12,2025-12-20,Dhaka,203,203.0,False,poppler_pdftotext_layout_table_6,https://objectstorage.ap-dcc-gazipur-1.oraclecloud15.com/n/axvjbnqprylg/b/V2Ministry/o/office-doe/2026/2/43adea43-fc3f-4a94-8cbe-981d8535421f.pdf,9bd493c444923de1c59f042b20744a602bad32fa4cec5e9fb3a4d0c1972e1680
2025-12,2025-12-21,Dhaka,239,239.0,False,poppler_pdftotext_layout_table_6,https://objectstorage.ap-dcc-gazipur-1.oraclecloud15.com/n/axvjbnqprylg/b/V2Ministry/o/office-doe/2026/2/43adea43-fc3f-4a94-8cbe-981d8535421f.pdf,9bd493c444923de1c59f042b20744a602bad32fa4cec5e9fb3a4d0c1972e1680
2025-12,2025-12-22,Dhaka,230,230.0,False,poppler_pdftotext_layout_table_6,https://objectstorage.ap-dcc-gazipur-1.oraclecloud15.com/n/axvjbnqprylg/b/V2Ministry/o/office-doe/2026/2/43adea43-fc3f-4a94-8cbe-981d8535421f.pdf,9bd493c444923de1c59f042b20744a602bad32fa4cec5e9fb3a4d0c1972e1680
2025-12,2025-12-23,Dhaka,226,226.0,False,poppler_pdftotext_layout_table_6,https://objectstorage.ap-dcc-gazipur-1.oraclecloud15.com/n/axvjbnqprylg/b/V2Ministry/o/office-doe/2026/2/43adea43-fc3f-4a94-8cbe-981d8535421f.pdf,9bd493c444923de1c59f042b20744a602bad32fa4cec5e9fb3a4d0c1972e1680
2025-12,2025-12-24,Dhaka,274,274.0,False,poppler_pdftotext_layout_table_6,https://objectstorage.ap-dcc-gazipur-1.oraclecloud15.com/n/axvjbnqprylg/b/V2Ministry/o/office-doe/2026/2/43adea43-fc3f-4a94-8cbe-981d8535421f.pdf,9bd493c444923de1c59f042b20744a602bad32fa4cec5e9fb3a4d0c1972e1680
2025-12,2025-12-25,Dhaka,293,293.0,False,poppler_pdftotext_layout_table_6,https://objectstorage.ap-dcc-gazipur-1.oraclecloud15.com/n/axvjbnqprylg/b/V2Ministry/o/office-doe/2026/2/43adea43-fc3f-4a94-8cbe-981d8535421f.pdf,9bd493c444923de1c59f042b20744a602bad32fa4cec5e9fb3a4d0c1972e1680
2025-12,2025-12-26,Dhaka,298,298.0,False,poppler_pdftotext_layout_table_6,https://objectstorage.ap-dcc-gazipur-1.oraclecloud15.com/n/axvjbnqprylg/b/V2Ministry/o/office-doe/2026/2/43adea43-fc3f-4a94-8cbe-981d8535421f.pdf,9bd493c444923de1c59f042b20744a602bad32fa4cec5e9fb3a4d0c1972e1680
2025-12,2025-12-27,Dhaka,260,260.0,False,poppler_pdftotext_layout_table_6,https://objectstorage.ap-dcc-gazipur-1.oraclecloud15.com/n/axvjbnqprylg/b/V2Ministry/o/office-doe/2026/2/43adea43-fc3f-4a94-8cbe-981d8535421f.pdf,9bd493c444923de1c59f042b20744a602bad32fa4cec5e9fb3a4d0c1972e1680
2025-12,2025-12-28,Dhaka,235,235.0,False,poppler_pdftotext_layout_table_6,https://objectstorage.ap-dcc-gazipur-1.oraclecloud15.com/n/axvjbnqprylg/b/V2Ministry/o/office-doe/2026/2/43adea43-fc3f-4a94-8cbe-981d8535421f.pdf,9bd493c444923de1c59f042b20744a602bad32fa4cec5e9fb3a4d0c1972e1680
2025-12,2025-12-29,Dhaka,180,180.0,False,poppler_pdftotext_layout_table_6,https://objectstorage.ap-dcc-gazipur-1.oraclecloud15.com/n/axvjbnqprylg/b/V2Ministry/o/office-doe/2026/2/43adea43-fc3f-4a94-8cbe-981d8535421f.pdf,9bd493c444923de1c59f042b20744a602bad32fa4cec5e9fb3a4d0c1972e1680
2025-12,2025-12-30,Dhaka,160,160.0,False,poppler_pdftotext_layout_table_6,https://objectstorage.ap-dcc-gazipur-1.oraclecloud15.com/n/axvjbnqprylg/b/V2Ministry/o/office-doe/2026/2/43adea43-fc3f-4a94-8cbe-981d8535421f.pdf,9bd493c444923de1c59f042b20744a602bad32fa4cec5e9fb3a4d0c1972e1680
2025-12,2025-12-31,Dhaka,178,178.0,False,poppler_pdftotext_layout_table_6,https://objectstorage.ap-dcc-gazipur-1.oraclecloud15.com/n/axvjbnqprylg/b/V2Ministry/o/office-doe/2026/2/43adea43-fc3f-4a94-8cbe-981d8535421f.pdf,9bd493c444923de1c59f042b20744a602bad32fa4cec5e9fb3a4d0c1972e1680
2026-01,2026-01-01,Dhaka,296,296.0,False,poppler_pdftotext_layout_table_6,https://objectstorage.ap-dcc-gazipur-1.oraclecloud15.com/n/axvjbnqprylg/b/V2Ministry/o/office-doe/2026/3/df83cd3f-e1c8-4ccf-b37c-77a8f3b861db.pdf,6d8aec20b9ee9c45ca02fadf8f810a2669bbcfd19a2b00cc1c8aed4a49125bfd
2026-01,2026-01-02,Dhaka,313,313.0,False,poppler_pdftotext_layout_table_6,https://objectstorage.ap-dcc-gazipur-1.oraclecloud15.com/n/axvjbnqprylg/b/V2Ministry/o/office-doe/2026/3/df83cd3f-e1c8-4ccf-b37c-77a8f3b861db.pdf,6d8aec20b9ee9c45ca02fadf8f810a2669bbcfd19a2b00cc1c8aed4a49125bfd
2026-01,2026-01-03,Dhaka,322,322.0,False,poppler_pdftotext_layout_table_6,https://objectstorage.ap-dcc-gazipur-1.oraclecloud15.com/n/axvjbnqprylg/b/V2Ministry/o/office-doe/2026/3/df83cd3f-e1c8-4ccf-b37c-77a8f3b861db.pdf,6d8aec20b9ee9c45ca02fadf8f810a2669bbcfd19a2b00cc1c8aed4a49125bfd
2026-01,2026-01-04,Dhaka,339,339.0,False,poppler_pdftotext_layout_table_6,https://objectstorage.ap-dcc-gazipur-1.oraclecloud15.com/n/axvjbnqprylg/b/V2Ministry/o/office-doe/2026/3/df83cd3f-e1c8-4ccf-b37c-77a8f3b861db.pdf,6d8aec20b9ee9c45ca02fadf8f810a2669bbcfd19a2b00cc1c8aed4a49125bfd
2026-01,2026-01-05,Dhaka,217,217.0,False,poppler_pdftotext_layout_table_6,https://objectstorage.ap-dcc-gazipur-1.oraclecloud15.com/n/axvjbnqprylg/b/V2Ministry/o/office-doe/2026/3/df83cd3f-e1c8-4ccf-b37c-77a8f3b861db.pdf,6d8aec20b9ee9c45ca02fadf8f810a2669bbcfd19a2b00cc1c8aed4a49125bfd
2026-01,2026-01-06,Dhaka,210,210.0,False,poppler_pdftotext_layout_table_6,https://objectstorage.ap-dcc-gazipur-1.oraclecloud15.com/n/axvjbnqprylg/b/V2Ministry/o/office-doe/2026/3/df83cd3f-e1c8-4ccf-b37c-77a8f3b861db.pdf,6d8aec20b9ee9c45ca02fadf8f810a2669bbcfd19a2b00cc1c8aed4a49125bfd
2026-01,2026-01-07,Dhaka,244,244.0,False,poppler_pdftotext_layout_table_6,https://objectstorage.ap-dcc-gazipur-1.oraclecloud15.com/n/axvjbnqprylg/b/V2Ministry/o/office-doe/2026/3/df83cd3f-e1c8-4ccf-b37c-77a8f3b861db.pdf,6d8aec20b9ee9c45ca02fadf8f810a2669bbcfd19a2b00cc1c8aed4a49125bfd
2026-01,2026-01-08,Dhaka,260,260.0,False,poppler_pdftotext_layout_table_6,https://objectstorage.ap-dcc-gazipur-1.oraclecloud15.com/n/axvjbnqprylg/b/V2Ministry/o/office-doe/2026/3/df83cd3f-e1c8-4ccf-b37c-77a8f3b861db.pdf,6d8aec20b9ee9c45ca02fadf8f810a2669bbcfd19a2b00cc1c8aed4a49125bfd
2026-01,2026-01-09,Dhaka,250,250.0,False,poppler_pdftotext_layout_table_6,https://objectstorage.ap-dcc-gazipur-1.oraclecloud15.com/n/axvjbnqprylg/b/V2Ministry/o/office-doe/2026/3/df83cd3f-e1c8-4ccf-b37c-77a8f3b861db.pdf,6d8aec20b9ee9c45ca02fadf8f810a2669bbcfd19a2b00cc1c8aed4a49125bfd
2026-01,2026-01-10,Dhaka,277,277.0,False,poppler_pdftotext_layout_table_6,https://objectstorage.ap-dcc-gazipur-1.oraclecloud15.com/n/axvjbnqprylg/b/V2Ministry/o/office-doe/2026/3/df83cd3f-e1c8-4ccf-b37c-77a8f3b861db.pdf,6d8aec20b9ee9c45ca02fadf8f810a2669bbcfd19a2b00cc1c8aed4a49125bfd
2026-01,2026-01-11,Dhaka,244,244.0,False,poppler_pdftotext_layout_table_6,https://objectstorage.ap-dcc-gazipur-1.oraclecloud15.com/n/axvjbnqprylg/b/V2Ministry/o/office-doe/2026/3/df83cd3f-e1c8-4ccf-b37c-77a8f3b861db.pdf,6d8aec20b9ee9c45ca02fadf8f810a2669bbcfd19a2b00cc1c8aed4a49125bfd
2026-01,2026-01-12,Dhaka,183,183.0,False,poppler_pdftotext_layout_table_6,https://objectstorage.ap-dcc-gazipur-1.oraclecloud15.com/n/axvjbnqprylg/b/V2Ministry/o/office-doe/2026/3/df83cd3f-e1c8-4ccf-b37c-77a8f3b861db.pdf,6d8aec20b9ee9c45ca02fadf8f810a2669bbcfd19a2b00cc1c8aed4a49125bfd
2026-01,2026-01-13,Dhaka,166,166.0,False,poppler_pdftotext_layout_table_6,https://objectstorage.ap-dcc-gazipur-1.oraclecloud15.com/n/axvjbnqprylg/b/V2Ministry/o/office-doe/2026/3/df83cd3f-e1c8-4ccf-b37c-77a8f3b861db.pdf,6d8aec20b9ee9c45ca02fadf8f810a2669bbcfd19a2b00cc1c8aed4a49125bfd
2026-01,2026-01-14,Dhaka,241,241.0,False,poppler_pdftotext_layout_table_6,https://objectstorage.ap-dcc-gazipur-1.oraclecloud15.com/n/axvjbnqprylg/b/V2Ministry/o/office-doe/2026/3/df83cd3f-e1c8-4ccf-b37c-77a8f3b861db.pdf,6d8aec20b9ee9c45ca02fadf8f810a2669bbcfd19a2b00cc1c8aed4a49125bfd
2026-01,2026-01-15,Dhaka,229,229.0,False,poppler_pdftotext_layout_table_6,https://objectstorage.ap-dcc-gazipur-1.oraclecloud15.com/n/axvjbnqprylg/b/V2Ministry/o/office-doe/2026/3/df83cd3f-e1c8-4ccf-b37c-77a8f3b861db.pdf,6d8aec20b9ee9c45ca02fadf8f810a2669bbcfd19a2b00cc1c8aed4a49125bfd
2026-01,2026-01-16,Dhaka,225,225.0,False,poppler_pdftotext_layout_table_6,https://objectstorage.ap-dcc-gazipur-1.oraclecloud15.com/n/axvjbnqprylg/b/V2Ministry/o/office-doe/2026/3/df83cd3f-e1c8-4ccf-b37c-77a8f3b861db.pdf,6d8aec20b9ee9c45ca02fadf8f810a2669bbcfd19a2b00cc1c8aed4a49125bfd
2026-01,2026-01-17,Dhaka,218,218.0,False,poppler_pdftotext_layout_table_6,https://objectstorage.ap-dcc-gazipur-1.oraclecloud15.com/n/axvjbnqprylg/b/V2Ministry/o/office-doe/2026/3/df83cd3f-e1c8-4ccf-b37c-77a8f3b861db.pdf,6d8aec20b9ee9c45ca02fadf8f810a2669bbcfd19a2b00cc1c8aed4a49125bfd
2026-01,2026-01-18,Dhaka,222,222.0,False,poppler_pdftotext_layout_table_6,https://objectstorage.ap-dcc-gazipur-1.oraclecloud15.com/n/axvjbnqprylg/b/V2Ministry/o/office-doe/2026/3/df83cd3f-e1c8-4ccf-b37c-77a8f3b861db.pdf,6d8aec20b9ee9c45ca02fadf8f810a2669bbcfd19a2b00cc1c8aed4a49125bfd
2026-01,2026-01-19,Dhaka,222,222.0,False,poppler_pdftotext_layout_table_6,https://objectstorage.ap-dcc-gazipur-1.oraclecloud15.com/n/axvjbnqprylg/b/V2Ministry/o/office-doe/2026/3/df83cd3f-e1c8-4ccf-b37c-77a8f3b861db.pdf,6d8aec20b9ee9c45ca02fadf8f810a2669bbcfd19a2b00cc1c8aed4a49125bfd
2026-01,2026-01-20,Dhaka,248,248.0,False,poppler_pdftotext_layout_table_6,https://objectstorage.ap-dcc-gazipur-1.oraclecloud15.com/n/axvjbnqprylg/b/V2Ministry/o/office-doe/2026/3/df83cd3f-e1c8-4ccf-b37c-77a8f3b861db.pdf,6d8aec20b9ee9c45ca02fadf8f810a2669bbcfd19a2b00cc1c8aed4a49125bfd
2026-01,2026-01-21,Dhaka,241,241.0,False,poppler_pdftotext_layout_table_6,https://objectstorage.ap-dcc-gazipur-1.oraclecloud15.com/n/axvjbnqprylg/b/V2Ministry/o/office-doe/2026/3/df83cd3f-e1c8-4ccf-b37c-77a8f3b861db.pdf,6d8aec20b9ee9c45ca02fadf8f810a2669bbcfd19a2b00cc1c8aed4a49125bfd
2026-01,2026-01-22,Dhaka,213,213.0,False,poppler_pdftotext_layout_table_6,https://objectstorage.ap-dcc-gazipur-1.oraclecloud15.com/n/axvjbnqprylg/b/V2Ministry/o/office-doe/2026/3/df83cd3f-e1c8-4ccf-b37c-77a8f3b861db.pdf,6d8aec20b9ee9c45ca02fadf8f810a2669bbcfd19a2b00cc1c8aed4a49125bfd
2026-01,2026-01-23,Dhaka,256,256.0,False,poppler_pdftotext_layout_table_6,https://objectstorage.ap-dcc-gazipur-1.oraclecloud15.com/n/axvjbnqprylg/b/V2Ministry/o/office-doe/2026/3/df83cd3f-e1c8-4ccf-b37c-77a8f3b861db.pdf,6d8aec20b9ee9c45ca02fadf8f810a2669bbcfd19a2b00cc1c8aed4a49125bfd
2026-01,2026-01-24,Dhaka,262,262.0,False,poppler_pdftotext_layout_table_6,https://objectstorage.ap-dcc-gazipur-1.oraclecloud15.com/n/axvjbnqprylg/b/V2Ministry/o/office-doe/2026/3/df83cd3f-e1c8-4ccf-b37c-77a8f3b861db.pdf,6d8aec20b9ee9c45ca02fadf8f810a2669bbcfd19a2b00cc1c8aed4a49125bfd
2026-01,2026-01-25,Dhaka,260,260.0,False,poppler_pdftotext_layout_table_6,https://objectstorage.ap-dcc-gazipur-1.oraclecloud15.com/n/axvjbnqprylg/b/V2Ministry/o/office-doe/2026/3/df83cd3f-e1c8-4ccf-b37c-77a8f3b861db.pdf,6d8aec20b9ee9c45ca02fadf8f810a2669bbcfd19a2b00cc1c8aed4a49125bfd
2026-01,2026-01-26,Dhaka,211,211.0,False,poppler_pdftotext_layout_table_6,https://objectstorage.ap-dcc-gazipur-1.oraclecloud15.com/n/axvjbnqprylg/b/V2Ministry/o/office-doe/2026/3/df83cd3f-e1c8-4ccf-b37c-77a8f3b861db.pdf,6d8aec20b9ee9c45ca02fadf8f810a2669bbcfd19a2b00cc1c8aed4a49125bfd
2026-01,2026-01-27,Dhaka,219,219.0,False,poppler_pdftotext_layout_table_6,https://objectstorage.ap-dcc-gazipur-1.oraclecloud15.com/n/axvjbnqprylg/b/V2Ministry/o/office-doe/2026/3/df83cd3f-e1c8-4ccf-b37c-77a8f3b861db.pdf,6d8aec20b9ee9c45ca02fadf8f810a2669bbcfd19a2b00cc1c8aed4a49125bfd
2026-01,2026-01-28,Dhaka,210,210.0,False,poppler_pdftotext_layout_table_6,https://objectstorage.ap-dcc-gazipur-1.oraclecloud15.com/n/axvjbnqprylg/b/V2Ministry/o/office-doe/2026/3/df83cd3f-e1c8-4ccf-b37c-77a8f3b861db.pdf,6d8aec20b9ee9c45ca02fadf8f810a2669bbcfd19a2b00cc1c8aed4a49125bfd
2026-01,2026-01-29,Dhaka,232,232.0,False,poppler_pdftotext_layout_table_6,https://objectstorage.ap-dcc-gazipur-1.oraclecloud15.com/n/axvjbnqprylg/b/V2Ministry/o/office-doe/2026/3/df83cd3f-e1c8-4ccf-b37c-77a8f3b861db.pdf,6d8aec20b9ee9c45ca02fadf8f810a2669bbcfd19a2b00cc1c8aed4a49125bfd
2026-01,2026-01-30,Dhaka,187,187.0,False,poppler_pdftotext_layout_table_6,https://objectstorage.ap-dcc-gazipur-1.oraclecloud15.com/n/axvjbnqprylg/b/V2Ministry/o/office-doe/2026/3/df83cd3f-e1c8-4ccf-b37c-77a8f3b861db.pdf,6d8aec20b9ee9c45ca02fadf8f810a2669bbcfd19a2b00cc1c8aed4a49125bfd
2026-01,2026-01-31,Dhaka,210,210.0,False,poppler_pdftotext_layout_table_6,https://objectstorage.ap-dcc-gazipur-1.oraclecloud15.com/n/axvjbnqprylg/b/V2Ministry/o/office-doe/2026/3/df83cd3f-e1c8-4ccf-b37c-77a8f3b861db.pdf,6d8aec20b9ee9c45ca02fadf8f810a2669bbcfd19a2b00cc1c8aed4a49125bfd
2026-02,2026-02-01,Dhaka,188,188.0,False,poppler_pdftotext_layout_table_6,https://objectstorage.ap-dcc-gazipur-1.oraclecloud15.com/n/axvjbnqprylg/b/V2Ministry/o/office-doe/2026/3/d1d5b131-383b-4d3e-bed2-cee7a5fe2bb1.pdf,8d65ed2fc4dc6e818240a19581d60eb735e563347b93d6cff135e02acabbf81c
2026-02,2026-02-02,Dhaka,200,200.0,False,poppler_pdftotext_layout_table_6,https://objectstorage.ap-dcc-gazipur-1.oraclecloud15.com/n/axvjbnqprylg/b/V2Ministry/o/office-doe/2026/3/d1d5b131-383b-4d3e-bed2-cee7a5fe2bb1.pdf,8d65ed2fc4dc6e818240a19581d60eb735e563347b93d6cff135e02acabbf81c
2026-02,2026-02-03,Dhaka,214,214.0,False,poppler_pdftotext_layout_table_6,https://objectstorage.ap-dcc-gazipur-1.oraclecloud15.com/n/axvjbnqprylg/b/V2Ministry/o/office-doe/2026/3/d1d5b131-383b-4d3e-bed2-cee7a5fe2bb1.pdf,8d65ed2fc4dc6e818240a19581d60eb735e563347b93d6cff135e02acabbf81c
2026-02,2026-02-04,Dhaka,203,203.0,False,poppler_pdftotext_layout_table_6,https://objectstorage.ap-dcc-gazipur-1.oraclecloud15.com/n/axvjbnqprylg/b/V2Ministry/o/office-doe/2026/3/d1d5b131-383b-4d3e-bed2-cee7a5fe2bb1.pdf,8d65ed2fc4dc6e818240a19581d60eb735e563347b93d6cff135e02acabbf81c
2026-02,2026-02-05,Dhaka,169,169.0,False,poppler_pdftotext_layout_table_6,https://objectstorage.ap-dcc-gazipur-1.oraclecloud15.com/n/axvjbnqprylg/b/V2Ministry/o/office-doe/2026/3/d1d5b131-383b-4d3e-bed2-cee7a5fe2bb1.pdf,8d65ed2fc4dc6e818240a19581d60eb735e563347b93d6cff135e02acabbf81c
2026-02,2026-02-06,Dhaka,200,200.0,False,poppler_pdftotext_layout_table_6,https://objectstorage.ap-dcc-gazipur-1.oraclecloud15.com/n/axvjbnqprylg/b/V2Ministry/o/office-doe/2026/3/d1d5b131-383b-4d3e-bed2-cee7a5fe2bb1.pdf,8d65ed2fc4dc6e818240a19581d60eb735e563347b93d6cff135e02acabbf81c
2026-02,2026-02-07,Dhaka,193,193.0,False,poppler_pdftotext_layout_table_6,https://objectstorage.ap-dcc-gazipur-1.oraclecloud15.com/n/axvjbnqprylg/b/V2Ministry/o/office-doe/2026/3/d1d5b131-383b-4d3e-bed2-cee7a5fe2bb1.pdf,8d65ed2fc4dc6e818240a19581d60eb735e563347b93d6cff135e02acabbf81c
2026-02,2026-02-08,Dhaka,199,199.0,False,poppler_pdftotext_layout_table_6,https://objectstorage.ap-dcc-gazipur-1.oraclecloud15.com/n/axvjbnqprylg/b/V2Ministry/o/office-doe/2026/3/d1d5b131-383b-4d3e-bed2-cee7a5fe2bb1.pdf,8d65ed2fc4dc6e818240a19581d60eb735e563347b93d6cff135e02acabbf81c
2026-02,2026-02-09,Dhaka,192,192.0,False,poppler_pdftotext_layout_table_6,https://objectstorage.ap-dcc-gazipur-1.oraclecloud15.com/n/axvjbnqprylg/b/V2Ministry/o/office-doe/2026/3/d1d5b131-383b-4d3e-bed2-cee7a5fe2bb1.pdf,8d65ed2fc4dc6e818240a19581d60eb735e563347b93d6cff135e02acabbf81c
2026-02,2026-02-10,Dhaka,145,145.0,False,poppler_pdftotext_layout_table_6,https://objectstorage.ap-dcc-gazipur-1.oraclecloud15.com/n/axvjbnqprylg/b/V2Ministry/o/office-doe/2026/3/d1d5b131-383b-4d3e-bed2-cee7a5fe2bb1.pdf,8d65ed2fc4dc6e818240a19581d60eb735e563347b93d6cff135e02acabbf81c
2026-02,2026-02-11,Dhaka,198,198.0,False,poppler_pdftotext_layout_table_6,https://objectstorage.ap-dcc-gazipur-1.oraclecloud15.com/n/axvjbnqprylg/b/V2Ministry/o/office-doe/2026/3/d1d5b131-383b-4d3e-bed2-cee7a5fe2bb1.pdf,8d65ed2fc4dc6e818240a19581d60eb735e563347b93d6cff135e02acabbf81c
2026-02,2026-02-12,Dhaka,158,158.0,False,poppler_pdftotext_layout_table_6,https://objectstorage.ap-dcc-gazipur-1.oraclecloud15.com/n/axvjbnqprylg/b/V2Ministry/o/office-doe/2026/3/d1d5b131-383b-4d3e-bed2-cee7a5fe2bb1.pdf,8d65ed2fc4dc6e818240a19581d60eb735e563347b93d6cff135e02acabbf81c
2026-02,2026-02-13,Dhaka,168,168.0,False,poppler_pdftotext_layout_table_6,https://objectstorage.ap-dcc-gazipur-1.oraclecloud15.com/n/axvjbnqprylg/b/V2Ministry/o/office-doe/2026/3/d1d5b131-383b-4d3e-bed2-cee7a5fe2bb1.pdf,8d65ed2fc4dc6e818240a19581d60eb735e563347b93d6cff135e02acabbf81c
2026-02,2026-02-14,Dhaka,150,150.0,False,poppler_pdftotext_layout_table_6,https://objectstorage.ap-dcc-gazipur-1.oraclecloud15.com/n/axvjbnqprylg/b/V2Ministry/o/office-doe/2026/3/d1d5b131-383b-4d3e-bed2-cee7a5fe2bb1.pdf,8d65ed2fc4dc6e818240a19581d60eb735e563347b93d6cff135e02acabbf81c
2026-02,2026-02-15,Dhaka,151,151.0,False,poppler_pdftotext_layout_table_6,https://objectstorage.ap-dcc-gazipur-1.oraclecloud15.com/n/axvjbnqprylg/b/V2Ministry/o/office-doe/2026/3/d1d5b131-383b-4d3e-bed2-cee7a5fe2bb1.pdf,8d65ed2fc4dc6e818240a19581d60eb735e563347b93d6cff135e02acabbf81c
2026-02,2026-02-16,Dhaka,165,165.0,False,poppler_pdftotext_layout_table_6,https://objectstorage.ap-dcc-gazipur-1.oraclecloud15.com/n/axvjbnqprylg/b/V2Ministry/o/office-doe/2026/3/d1d5b131-383b-4d3e-bed2-cee7a5fe2bb1.pdf,8d65ed2fc4dc6e818240a19581d60eb735e563347b93d6cff135e02acabbf81c
2026-02,2026-02-17,Dhaka,194,194.0,False,poppler_pdftotext_layout_table_6,https://objectstorage.ap-dcc-gazipur-1.oraclecloud15.com/n/axvjbnqprylg/b/V2Ministry/o/office-doe/2026/3/d1d5b131-383b-4d3e-bed2-cee7a5fe2bb1.pdf,8d65ed2fc4dc6e818240a19581d60eb735e563347b93d6cff135e02acabbf81c
2026-02,2026-02-18,Dhaka,232,232.0,False,poppler_pdftotext_layout_table_6,https://objectstorage.ap-dcc-gazipur-1.oraclecloud15.com/n/axvjbnqprylg/b/V2Ministry/o/office-doe/2026/3/d1d5b131-383b-4d3e-bed2-cee7a5fe2bb1.pdf,8d65ed2fc4dc6e818240a19581d60eb735e563347b93d6cff135e02acabbf81c
2026-02,2026-02-19,Dhaka,191,191.0,False,poppler_pdftotext_layout_table_6,https://objectstorage.ap-dcc-gazipur-1.oraclecloud15.com/n/axvjbnqprylg/b/V2Ministry/o/office-doe/2026/3/d1d5b131-383b-4d3e-bed2-cee7a5fe2bb1.pdf,8d65ed2fc4dc6e818240a19581d60eb735e563347b93d6cff135e02acabbf81c
2026-02,2026-02-20,Dhaka,197,197.0,False,poppler_pdftotext_layout_table_6,https://objectstorage.ap-dcc-gazipur-1.oraclecloud15.com/n/axvjbnqprylg/b/V2Ministry/o/office-doe/2026/3/d1d5b131-383b-4d3e-bed2-cee7a5fe2bb1.pdf,8d65ed2fc4dc6e818240a19581d60eb735e563347b93d6cff135e02acabbf81c
2026-02,2026-02-21,Dhaka,194,194.0,False,poppler_pdftotext_layout_table_6,https://objectstorage.ap-dcc-gazipur-1.oraclecloud15.com/n/axvjbnqprylg/b/V2Ministry/o/office-doe/2026/3/d1d5b131-383b-4d3e-bed2-cee7a5fe2bb1.pdf,8d65ed2fc4dc6e818240a19581d60eb735e563347b93d6cff135e02acabbf81c
2026-02,2026-02-22,Dhaka,166,166.0,False,poppler_pdftotext_layout_table_6,https://objectstorage.ap-dcc-gazipur-1.oraclecloud15.com/n/axvjbnqprylg/b/V2Ministry/o/office-doe/2026/3/d1d5b131-383b-4d3e-bed2-cee7a5fe2bb1.pdf,8d65ed2fc4dc6e818240a19581d60eb735e563347b93d6cff135e02acabbf81c
2026-02,2026-02-23,Dhaka,215,215.0,False,poppler_pdftotext_layout_table_6,https://objectstorage.ap-dcc-gazipur-1.oraclecloud15.com/n/axvjbnqprylg/b/V2Ministry/o/office-doe/2026/3/d1d5b131-383b-4d3e-bed2-cee7a5fe2bb1.pdf,8d65ed2fc4dc6e818240a19581d60eb735e563347b93d6cff135e02acabbf81c
2026-02,2026-02-24,Dhaka,231,231.0,False,poppler_pdftotext_layout_table_6,https://objectstorage.ap-dcc-gazipur-1.oraclecloud15.com/n/axvjbnqprylg/b/V2Ministry/o/office-doe/2026/3/d1d5b131-383b-4d3e-bed2-cee7a5fe2bb1.pdf,8d65ed2fc4dc6e818240a19581d60eb735e563347b93d6cff135e02acabbf81c
2026-02,2026-02-25,Dhaka,232,232.0,False,poppler_pdftotext_layout_table_6,https://objectstorage.ap-dcc-gazipur-1.oraclecloud15.com/n/axvjbnqprylg/b/V2Ministry/o/office-doe/2026/3/d1d5b131-383b-4d3e-bed2-cee7a5fe2bb1.pdf,8d65ed2fc4dc6e818240a19581d60eb735e563347b93d6cff135e02acabbf81c
2026-02,2026-02-26,Dhaka,214,214.0,False,poppler_pdftotext_layout_table_6,https://objectstorage.ap-dcc-gazipur-1.oraclecloud15.com/n/axvjbnqprylg/b/V2Ministry/o/office-doe/2026/3/d1d5b131-383b-4d3e-bed2-cee7a5fe2bb1.pdf,8d65ed2fc4dc6e818240a19581d60eb735e563347b93d6cff135e02acabbf81c
2026-02,2026-02-27,Dhaka,216,216.0,False,poppler_pdftotext_layout_table_6,https://objectstorage.ap-dcc-gazipur-1.oraclecloud15.com/n/axvjbnqprylg/b/V2Ministry/o/office-doe/2026/3/d1d5b131-383b-4d3e-bed2-cee7a5fe2bb1.pdf,8d65ed2fc4dc6e818240a19581d60eb735e563347b93d6cff135e02acabbf81c
2026-02,2026-02-28,Dhaka,216,216.0,False,poppler_pdftotext_layout_table_6,https://objectstorage.ap-dcc-gazipur-1.oraclecloud15.com/n/axvjbnqprylg/b/V2Ministry/o/office-doe/2026/3/d1d5b131-383b-4d3e-bed2-cee7a5fe2bb1.pdf,8d65ed2fc4dc6e818240a19581d60eb735e563347b93d6cff135e02acabbf81c
2026-03,2026-03-01,Dhaka,178,178.0,False,poppler_pdftotext_layout_table_6,https://objectstorage.ap-dcc-gazipur-1.oraclecloud15.com/n/axvjbnqprylg/b/V2Ministry/o/office-doe/2026/4/cb879ea6-80ff-4321-b052-d3a5fb69e949.pdf,d713f75f0b93375905167520850408e12bd78a542a28a12a19954abd127a7ae3
2026-03,2026-03-02,Dhaka,183,183.0,False,poppler_pdftotext_layout_table_6,https://objectstorage.ap-dcc-gazipur-1.oraclecloud15.com/n/axvjbnqprylg/b/V2Ministry/o/office-doe/2026/4/cb879ea6-80ff-4321-b052-d3a5fb69e949.pdf,d713f75f0b93375905167520850408e12bd78a542a28a12a19954abd127a7ae3
2026-03,2026-03-03,Dhaka,206,206.0,False,poppler_pdftotext_layout_table_6,https://objectstorage.ap-dcc-gazipur-1.oraclecloud15.com/n/axvjbnqprylg/b/V2Ministry/o/office-doe/2026/4/cb879ea6-80ff-4321-b052-d3a5fb69e949.pdf,d713f75f0b93375905167520850408e12bd78a542a28a12a19954abd127a7ae3
2026-03,2026-03-04,Dhaka,306,306.0,False,poppler_pdftotext_layout_table_6,https://objectstorage.ap-dcc-gazipur-1.oraclecloud15.com/n/axvjbnqprylg/b/V2Ministry/o/office-doe/2026/4/cb879ea6-80ff-4321-b052-d3a5fb69e949.pdf,d713f75f0b93375905167520850408e12bd78a542a28a12a19954abd127a7ae3
2026-03,2026-03-05,Dhaka,265,265.0,False,poppler_pdftotext_layout_table_6,https://objectstorage.ap-dcc-gazipur-1.oraclecloud15.com/n/axvjbnqprylg/b/V2Ministry/o/office-doe/2026/4/cb879ea6-80ff-4321-b052-d3a5fb69e949.pdf,d713f75f0b93375905167520850408e12bd78a542a28a12a19954abd127a7ae3
2026-03,2026-03-06,Dhaka,262,262.0,False,poppler_pdftotext_layout_table_6,https://objectstorage.ap-dcc-gazipur-1.oraclecloud15.com/n/axvjbnqprylg/b/V2Ministry/o/office-doe/2026/4/cb879ea6-80ff-4321-b052-d3a5fb69e949.pdf,d713f75f0b93375905167520850408e12bd78a542a28a12a19954abd127a7ae3
2026-03,2026-03-07,Dhaka,173,173.0,False,poppler_pdftotext_layout_table_6,https://objectstorage.ap-dcc-gazipur-1.oraclecloud15.com/n/axvjbnqprylg/b/V2Ministry/o/office-doe/2026/4/cb879ea6-80ff-4321-b052-d3a5fb69e949.pdf,d713f75f0b93375905167520850408e12bd78a542a28a12a19954abd127a7ae3
2026-03,2026-03-08,Dhaka,170,170.0,False,poppler_pdftotext_layout_table_6,https://objectstorage.ap-dcc-gazipur-1.oraclecloud15.com/n/axvjbnqprylg/b/V2Ministry/o/office-doe/2026/4/cb879ea6-80ff-4321-b052-d3a5fb69e949.pdf,d713f75f0b93375905167520850408e12bd78a542a28a12a19954abd127a7ae3
2026-03,2026-03-09,Dhaka,184,184.0,False,poppler_pdftotext_layout_table_6,https://objectstorage.ap-dcc-gazipur-1.oraclecloud15.com/n/axvjbnqprylg/b/V2Ministry/o/office-doe/2026/4/cb879ea6-80ff-4321-b052-d3a5fb69e949.pdf,d713f75f0b93375905167520850408e12bd78a542a28a12a19954abd127a7ae3
2026-03,2026-03-10,Dhaka,211,211.0,False,poppler_pdftotext_layout_table_6,https://objectstorage.ap-dcc-gazipur-1.oraclecloud15.com/n/axvjbnqprylg/b/V2Ministry/o/office-doe/2026/4/cb879ea6-80ff-4321-b052-d3a5fb69e949.pdf,d713f75f0b93375905167520850408e12bd78a542a28a12a19954abd127a7ae3
2026-03,2026-03-11,Dhaka,179,179.0,False,poppler_pdftotext_layout_table_6,https://objectstorage.ap-dcc-gazipur-1.oraclecloud15.com/n/axvjbnqprylg/b/V2Ministry/o/office-doe/2026/4/cb879ea6-80ff-4321-b052-d3a5fb69e949.pdf,d713f75f0b93375905167520850408e12bd78a542a28a12a19954abd127a7ae3
2026-03,2026-03-12,Dhaka,170,170.0,False,poppler_pdftotext_layout_table_6,https://objectstorage.ap-dcc-gazipur-1.oraclecloud15.com/n/axvjbnqprylg/b/V2Ministry/o/office-doe/2026/4/cb879ea6-80ff-4321-b052-d3a5fb69e949.pdf,d713f75f0b93375905167520850408e12bd78a542a28a12a19954abd127a7ae3
2026-03,2026-03-13,Dhaka,163,163.0,False,poppler_pdftotext_layout_table_6,https://objectstorage.ap-dcc-gazipur-1.oraclecloud15.com/n/axvjbnqprylg/b/V2Ministry/o/office-doe/2026/4/cb879ea6-80ff-4321-b052-d3a5fb69e949.pdf,d713f75f0b93375905167520850408e12bd78a542a28a12a19954abd127a7ae3
2026-03,2026-03-14,Dhaka,144,144.0,False,poppler_pdftotext_layout_table_6,https://objectstorage.ap-dcc-gazipur-1.oraclecloud15.com/n/axvjbnqprylg/b/V2Ministry/o/office-doe/2026/4/cb879ea6-80ff-4321-b052-d3a5fb69e949.pdf,d713f75f0b93375905167520850408e12bd78a542a28a12a19954abd127a7ae3
2026-03,2026-03-15,Dhaka,138,138.0,False,poppler_pdftotext_layout_table_6,https://objectstorage.ap-dcc-gazipur-1.oraclecloud15.com/n/axvjbnqprylg/b/V2Ministry/o/office-doe/2026/4/cb879ea6-80ff-4321-b052-d3a5fb69e949.pdf,d713f75f0b93375905167520850408e12bd78a542a28a12a19954abd127a7ae3
2026-03,2026-03-16,Dhaka,152,152.0,False,poppler_pdftotext_layout_table_6,https://objectstorage.ap-dcc-gazipur-1.oraclecloud15.com/n/axvjbnqprylg/b/V2Ministry/o/office-doe/2026/4/cb879ea6-80ff-4321-b052-d3a5fb69e949.pdf,d713f75f0b93375905167520850408e12bd78a542a28a12a19954abd127a7ae3
2026-03,2026-03-17,Dhaka,153,153.0,False,poppler_pdftotext_layout_table_6,https://objectstorage.ap-dcc-gazipur-1.oraclecloud15.com/n/axvjbnqprylg/b/V2Ministry/o/office-doe/2026/4/cb879ea6-80ff-4321-b052-d3a5fb69e949.pdf,d713f75f0b93375905167520850408e12bd78a542a28a12a19954abd127a7ae3
2026-03,2026-03-18,Dhaka,128,128.0,False,poppler_pdftotext_layout_table_6,https://objectstorage.ap-dcc-gazipur-1.oraclecloud15.com/n/axvjbnqprylg/b/V2Ministry/o/office-doe/2026/4/cb879ea6-80ff-4321-b052-d3a5fb69e949.pdf,d713f75f0b93375905167520850408e12bd78a542a28a12a19954abd127a7ae3
2026-03,2026-03-19,Dhaka,141,141.0,False,poppler_pdftotext_layout_table_6,https://objectstorage.ap-dcc-gazipur-1.oraclecloud15.com/n/axvjbnqprylg/b/V2Ministry/o/office-doe/2026/4/cb879ea6-80ff-4321-b052-d3a5fb69e949.pdf,d713f75f0b93375905167520850408e12bd78a542a28a12a19954abd127a7ae3
2026-03,2026-03-20,Dhaka,151,151.0,False,poppler_pdftotext_layout_table_6,https://objectstorage.ap-dcc-gazipur-1.oraclecloud15.com/n/axvjbnqprylg/b/V2Ministry/o/office-doe/2026/4/cb879ea6-80ff-4321-b052-d3a5fb69e949.pdf,d713f75f0b93375905167520850408e12bd78a542a28a12a19954abd127a7ae3
2026-03,2026-03-21,Dhaka,116,116.0,False,poppler_pdftotext_layout_table_6,https://objectstorage.ap-dcc-gazipur-1.oraclecloud15.com/n/axvjbnqprylg/b/V2Ministry/o/office-doe/2026/4/cb879ea6-80ff-4321-b052-d3a5fb69e949.pdf,d713f75f0b93375905167520850408e12bd78a542a28a12a19954abd127a7ae3
2026-03,2026-03-22,Dhaka,115,115.0,False,poppler_pdftotext_layout_table_6,https://objectstorage.ap-dcc-gazipur-1.oraclecloud15.com/n/axvjbnqprylg/b/V2Ministry/o/office-doe/2026/4/cb879ea6-80ff-4321-b052-d3a5fb69e949.pdf,d713f75f0b93375905167520850408e12bd78a542a28a12a19954abd127a7ae3
2026-03,2026-03-23,Dhaka,158,158.0,False,poppler_pdftotext_layout_table_6,https://objectstorage.ap-dcc-gazipur-1.oraclecloud15.com/n/axvjbnqprylg/b/V2Ministry/o/office-doe/2026/4/cb879ea6-80ff-4321-b052-d3a5fb69e949.pdf,d713f75f0b93375905167520850408e12bd78a542a28a12a19954abd127a7ae3
2026-03,2026-03-24,Dhaka,159,159.0,False,poppler_pdftotext_layout_table_6,https://objectstorage.ap-dcc-gazipur-1.oraclecloud15.com/n/axvjbnqprylg/b/V2Ministry/o/office-doe/2026/4/cb879ea6-80ff-4321-b052-d3a5fb69e949.pdf,d713f75f0b93375905167520850408e12bd78a542a28a12a19954abd127a7ae3
2026-03,2026-03-25,Dhaka,157,157.0,False,poppler_pdftotext_layout_table_6,https://objectstorage.ap-dcc-gazipur-1.oraclecloud15.com/n/axvjbnqprylg/b/V2Ministry/o/office-doe/2026/4/cb879ea6-80ff-4321-b052-d3a5fb69e949.pdf,d713f75f0b93375905167520850408e12bd78a542a28a12a19954abd127a7ae3
2026-03,2026-03-26,Dhaka,160,160.0,False,poppler_pdftotext_layout_table_6,https://objectstorage.ap-dcc-gazipur-1.oraclecloud15.com/n/axvjbnqprylg/b/V2Ministry/o/office-doe/2026/4/cb879ea6-80ff-4321-b052-d3a5fb69e949.pdf,d713f75f0b93375905167520850408e12bd78a542a28a12a19954abd127a7ae3
2026-03,2026-03-27,Dhaka,170,170.0,False,poppler_pdftotext_layout_table_6,https://objectstorage.ap-dcc-gazipur-1.oraclecloud15.com/n/axvjbnqprylg/b/V2Ministry/o/office-doe/2026/4/cb879ea6-80ff-4321-b052-d3a5fb69e949.pdf,d713f75f0b93375905167520850408e12bd78a542a28a12a19954abd127a7ae3
2026-03,2026-03-28,Dhaka,147,147.0,False,poppler_pdftotext_layout_table_6,https://objectstorage.ap-dcc-gazipur-1.oraclecloud15.com/n/axvjbnqprylg/b/V2Ministry/o/office-doe/2026/4/cb879ea6-80ff-4321-b052-d3a5fb69e949.pdf,d713f75f0b93375905167520850408e12bd78a542a28a12a19954abd127a7ae3
2026-03,2026-03-29,Dhaka,162,162.0,False,poppler_pdftotext_layout_table_6,https://objectstorage.ap-dcc-gazipur-1.oraclecloud15.com/n/axvjbnqprylg/b/V2Ministry/o/office-doe/2026/4/cb879ea6-80ff-4321-b052-d3a5fb69e949.pdf,d713f75f0b93375905167520850408e12bd78a542a28a12a19954abd127a7ae3
2026-03,2026-03-30,Dhaka,160,160.0,False,poppler_pdftotext_layout_table_6,https://objectstorage.ap-dcc-gazipur-1.oraclecloud15.com/n/axvjbnqprylg/b/V2Ministry/o/office-doe/2026/4/cb879ea6-80ff-4321-b052-d3a5fb69e949.pdf,d713f75f0b93375905167520850408e12bd78a542a28a12a19954abd127a7ae3
2026-03,2026-03-31,Dhaka,157,157.0,False,poppler_pdftotext_layout_table_6,https://objectstorage.ap-dcc-gazipur-1.oraclecloud15.com/n/axvjbnqprylg/b/V2Ministry/o/office-doe/2026/4/cb879ea6-80ff-4321-b052-d3a5fb69e949.pdf,d713f75f0b93375905167520850408e12bd78a542a28a12a19954abd127a7ae3
2026-04,2026-04-01,Dhaka,150,150.0,False,poppler_pdftotext_layout_table_6,https://objectstorage.ap-dcc-gazipur-1.oraclecloud15.com/n/axvjbnqprylg/b/V2Ministry/o/office-doe/2026/6/9d1016f6-54b7-4e69-9942-3f64fd228c61.pdf,ac4d7b8ee9edfe28f1287ce1123e4502227b2ea24721101cb0fed5abd6e948d0
2026-04,2026-04-02,Dhaka,157,157.0,False,poppler_pdftotext_layout_table_6,https://objectstorage.ap-dcc-gazipur-1.oraclecloud15.com/n/axvjbnqprylg/b/V2Ministry/o/office-doe/2026/6/9d1016f6-54b7-4e69-9942-3f64fd228c61.pdf,ac4d7b8ee9edfe28f1287ce1123e4502227b2ea24721101cb0fed5abd6e948d0
2026-04,2026-04-03,Dhaka,142,142.0,False,poppler_pdftotext_layout_table_6,https://objectstorage.ap-dcc-gazipur-1.oraclecloud15.com/n/axvjbnqprylg/b/V2Ministry/o/office-doe/2026/6/9d1016f6-54b7-4e69-9942-3f64fd228c61.pdf,ac4d7b8ee9edfe28f1287ce1123e4502227b2ea24721101cb0fed5abd6e948d0
2026-04,2026-04-04,Dhaka,158,158.0,False,poppler_pdftotext_layout_table_6,https://objectstorage.ap-dcc-gazipur-1.oraclecloud15.com/n/axvjbnqprylg/b/V2Ministry/o/office-doe/2026/6/9d1016f6-54b7-4e69-9942-3f64fd228c61.pdf,ac4d7b8ee9edfe28f1287ce1123e4502227b2ea24721101cb0fed5abd6e948d0
2026-04,2026-04-05,Dhaka,154,154.0,False,poppler_pdftotext_layout_table_6,https://objectstorage.ap-dcc-gazipur-1.oraclecloud15.com/n/axvjbnqprylg/b/V2Ministry/o/office-doe/2026/6/9d1016f6-54b7-4e69-9942-3f64fd228c61.pdf,ac4d7b8ee9edfe28f1287ce1123e4502227b2ea24721101cb0fed5abd6e948d0
2026-04,2026-04-06,Dhaka,159,159.0,False,poppler_pdftotext_layout_table_6,https://objectstorage.ap-dcc-gazipur-1.oraclecloud15.com/n/axvjbnqprylg/b/V2Ministry/o/office-doe/2026/6/9d1016f6-54b7-4e69-9942-3f64fd228c61.pdf,ac4d7b8ee9edfe28f1287ce1123e4502227b2ea24721101cb0fed5abd6e948d0
2026-04,2026-04-07,Dhaka,144,144.0,False,poppler_pdftotext_layout_table_6,https://objectstorage.ap-dcc-gazipur-1.oraclecloud15.com/n/axvjbnqprylg/b/V2Ministry/o/office-doe/2026/6/9d1016f6-54b7-4e69-9942-3f64fd228c61.pdf,ac4d7b8ee9edfe28f1287ce1123e4502227b2ea24721101cb0fed5abd6e948d0
2026-04,2026-04-08,Dhaka,162,162.0,False,poppler_pdftotext_layout_table_6,https://objectstorage.ap-dcc-gazipur-1.oraclecloud15.com/n/axvjbnqprylg/b/V2Ministry/o/office-doe/2026/6/9d1016f6-54b7-4e69-9942-3f64fd228c61.pdf,ac4d7b8ee9edfe28f1287ce1123e4502227b2ea24721101cb0fed5abd6e948d0
2026-04,2026-04-09,Dhaka,151,151.0,False,poppler_pdftotext_layout_table_6,https://objectstorage.ap-dcc-gazipur-1.oraclecloud15.com/n/axvjbnqprylg/b/V2Ministry/o/office-doe/2026/6/9d1016f6-54b7-4e69-9942-3f64fd228c61.pdf,ac4d7b8ee9edfe28f1287ce1123e4502227b2ea24721101cb0fed5abd6e948d0
2026-04,2026-04-10,Dhaka,161,161.0,False,poppler_pdftotext_layout_table_6,https://objectstorage.ap-dcc-gazipur-1.oraclecloud15.com/n/axvjbnqprylg/b/V2Ministry/o/office-doe/2026/6/9d1016f6-54b7-4e69-9942-3f64fd228c61.pdf,ac4d7b8ee9edfe28f1287ce1123e4502227b2ea24721101cb0fed5abd6e948d0
2026-04,2026-04-11,Dhaka,183,183.0,False,poppler_pdftotext_layout_table_6,https://objectstorage.ap-dcc-gazipur-1.oraclecloud15.com/n/axvjbnqprylg/b/V2Ministry/o/office-doe/2026/6/9d1016f6-54b7-4e69-9942-3f64fd228c61.pdf,ac4d7b8ee9edfe28f1287ce1123e4502227b2ea24721101cb0fed5abd6e948d0
2026-04,2026-04-12,Dhaka,162,162.0,False,poppler_pdftotext_layout_table_6,https://objectstorage.ap-dcc-gazipur-1.oraclecloud15.com/n/axvjbnqprylg/b/V2Ministry/o/office-doe/2026/6/9d1016f6-54b7-4e69-9942-3f64fd228c61.pdf,ac4d7b8ee9edfe28f1287ce1123e4502227b2ea24721101cb0fed5abd6e948d0
2026-04,2026-04-13,Dhaka,156,156.0,False,poppler_pdftotext_layout_table_6,https://objectstorage.ap-dcc-gazipur-1.oraclecloud15.com/n/axvjbnqprylg/b/V2Ministry/o/office-doe/2026/6/9d1016f6-54b7-4e69-9942-3f64fd228c61.pdf,ac4d7b8ee9edfe28f1287ce1123e4502227b2ea24721101cb0fed5abd6e948d0
2026-04,2026-04-14,Dhaka,155,155.0,False,poppler_pdftotext_layout_table_6,https://objectstorage.ap-dcc-gazipur-1.oraclecloud15.com/n/axvjbnqprylg/b/V2Ministry/o/office-doe/2026/6/9d1016f6-54b7-4e69-9942-3f64fd228c61.pdf,ac4d7b8ee9edfe28f1287ce1123e4502227b2ea24721101cb0fed5abd6e948d0
2026-04,2026-04-15,Dhaka,151,151.0,False,poppler_pdftotext_layout_table_6,https://objectstorage.ap-dcc-gazipur-1.oraclecloud15.com/n/axvjbnqprylg/b/V2Ministry/o/office-doe/2026/6/9d1016f6-54b7-4e69-9942-3f64fd228c61.pdf,ac4d7b8ee9edfe28f1287ce1123e4502227b2ea24721101cb0fed5abd6e948d0
2026-04,2026-04-16,Dhaka,161,161.0,False,poppler_pdftotext_layout_table_6,https://objectstorage.ap-dcc-gazipur-1.oraclecloud15.com/n/axvjbnqprylg/b/V2Ministry/o/office-doe/2026/6/9d1016f6-54b7-4e69-9942-3f64fd228c61.pdf,ac4d7b8ee9edfe28f1287ce1123e4502227b2ea24721101cb0fed5abd6e948d0
2026-04,2026-04-17,Dhaka,142,142.0,False,poppler_pdftotext_layout_table_6,https://objectstorage.ap-dcc-gazipur-1.oraclecloud15.com/n/axvjbnqprylg/b/V2Ministry/o/office-doe/2026/6/9d1016f6-54b7-4e69-9942-3f64fd228c61.pdf,ac4d7b8ee9edfe28f1287ce1123e4502227b2ea24721101cb0fed5abd6e948d0
2026-04,2026-04-18,Dhaka,140,140.0,False,poppler_pdftotext_layout_table_6,https://objectstorage.ap-dcc-gazipur-1.oraclecloud15.com/n/axvjbnqprylg/b/V2Ministry/o/office-doe/2026/6/9d1016f6-54b7-4e69-9942-3f64fd228c61.pdf,ac4d7b8ee9edfe28f1287ce1123e4502227b2ea24721101cb0fed5abd6e948d0
2026-04,2026-04-19,Dhaka,156,156.0,False,poppler_pdftotext_layout_table_6,https://objectstorage.ap-dcc-gazipur-1.oraclecloud15.com/n/axvjbnqprylg/b/V2Ministry/o/office-doe/2026/6/9d1016f6-54b7-4e69-9942-3f64fd228c61.pdf,ac4d7b8ee9edfe28f1287ce1123e4502227b2ea24721101cb0fed5abd6e948d0
2026-04,2026-04-20,Dhaka,142,142.0,False,poppler_pdftotext_layout_table_6,https://objectstorage.ap-dcc-gazipur-1.oraclecloud15.com/n/axvjbnqprylg/b/V2Ministry/o/office-doe/2026/6/9d1016f6-54b7-4e69-9942-3f64fd228c61.pdf,ac4d7b8ee9edfe28f1287ce1123e4502227b2ea24721101cb0fed5abd6e948d0
2026-04,2026-04-21,Dhaka,129,129.0,False,poppler_pdftotext_layout_table_6,https://objectstorage.ap-dcc-gazipur-1.oraclecloud15.com/n/axvjbnqprylg/b/V2Ministry/o/office-doe/2026/6/9d1016f6-54b7-4e69-9942-3f64fd228c61.pdf,ac4d7b8ee9edfe28f1287ce1123e4502227b2ea24721101cb0fed5abd6e948d0
2026-04,2026-04-22,Dhaka,154,154.0,False,poppler_pdftotext_layout_table_6,https://objectstorage.ap-dcc-gazipur-1.oraclecloud15.com/n/axvjbnqprylg/b/V2Ministry/o/office-doe/2026/6/9d1016f6-54b7-4e69-9942-3f64fd228c61.pdf,ac4d7b8ee9edfe28f1287ce1123e4502227b2ea24721101cb0fed5abd6e948d0
2026-04,2026-04-23,Dhaka,162,162.0,False,poppler_pdftotext_layout_table_6,https://objectstorage.ap-dcc-gazipur-1.oraclecloud15.com/n/axvjbnqprylg/b/V2Ministry/o/office-doe/2026/6/9d1016f6-54b7-4e69-9942-3f64fd228c61.pdf,ac4d7b8ee9edfe28f1287ce1123e4502227b2ea24721101cb0fed5abd6e948d0
2026-04,2026-04-24,Dhaka,154,154.0,False,poppler_pdftotext_layout_table_6,https://objectstorage.ap-dcc-gazipur-1.oraclecloud15.com/n/axvjbnqprylg/b/V2Ministry/o/office-doe/2026/6/9d1016f6-54b7-4e69-9942-3f64fd228c61.pdf,ac4d7b8ee9edfe28f1287ce1123e4502227b2ea24721101cb0fed5abd6e948d0
2026-04,2026-04-25,Dhaka,160,160.0,False,poppler_pdftotext_layout_table_6,https://objectstorage.ap-dcc-gazipur-1.oraclecloud15.com/n/axvjbnqprylg/b/V2Ministry/o/office-doe/2026/6/9d1016f6-54b7-4e69-9942-3f64fd228c61.pdf,ac4d7b8ee9edfe28f1287ce1123e4502227b2ea24721101cb0fed5abd6e948d0
2026-04,2026-04-26,Dhaka,61,61.0,False,poppler_pdftotext_layout_table_6,https://objectstorage.ap-dcc-gazipur-1.oraclecloud15.com/n/axvjbnqprylg/b/V2Ministry/o/office-doe/2026/6/9d1016f6-54b7-4e69-9942-3f64fd228c61.pdf,ac4d7b8ee9edfe28f1287ce1123e4502227b2ea24721101cb0fed5abd6e948d0
2026-04,2026-04-27,Dhaka,154,154.0,False,poppler_pdftotext_layout_table_6,https://objectstorage.ap-dcc-gazipur-1.oraclecloud15.com/n/axvjbnqprylg/b/V2Ministry/o/office-doe/2026/6/9d1016f6-54b7-4e69-9942-3f64fd228c61.pdf,ac4d7b8ee9edfe28f1287ce1123e4502227b2ea24721101cb0fed5abd6e948d0
2026-04,2026-04-28,Dhaka,126,126.0,False,poppler_pdftotext_layout_table_6,https://objectstorage.ap-dcc-gazipur-1.oraclecloud15.com/n/axvjbnqprylg/b/V2Ministry/o/office-doe/2026/6/9d1016f6-54b7-4e69-9942-3f64fd228c61.pdf,ac4d7b8ee9edfe28f1287ce1123e4502227b2ea24721101cb0fed5abd6e948d0
2026-04,2026-04-29,Dhaka,137,137.0,False,poppler_pdftotext_layout_table_6,https://objectstorage.ap-dcc-gazipur-1.oraclecloud15.com/n/axvjbnqprylg/b/V2Ministry/o/office-doe/2026/6/9d1016f6-54b7-4e69-9942-3f64fd228c61.pdf,ac4d7b8ee9edfe28f1287ce1123e4502227b2ea24721101cb0fed5abd6e948d0
2026-04,2026-04-30,Dhaka,123,123.0,False,poppler_pdftotext_layout_table_6,https://objectstorage.ap-dcc-gazipur-1.oraclecloud15.com/n/axvjbnqprylg/b/V2Ministry/o/office-doe/2026/6/9d1016f6-54b7-4e69-9942-3f64fd228c61.pdf,ac4d7b8ee9edfe28f1287ce1123e4502227b2ea24721101cb0fed5abd6e948d0
