source_kind,period,source_label,archive_page,source_url,local_path,file_type,file_size,sha256,download_status,retrieval_timestamp_utc,extraction_status
daily_aqi,2023-02-13,AQI for 13th February 2023,https://doe.gov.bd/pages/static-pages/6922dfba933eb65569e23b0a,https://objectstorage.ap-dcc-gazipur-1.oraclecloud15.com/n/axvjbnqprylg/b/V2Ministry/o/office-doe/2024/12/63f16b980c184009986aa704be34677a.pdf,,pdf,535648,2cbc8a665ef98953e733dfb60b229aa3b439e3b6c84aefda9e16d227ba670a4c,processed_then_deleted,2026-08-06T20:58:01+00:00,ok
daily_aqi,2023-02-14,AQI for 14th February 2023,https://doe.gov.bd/pages/static-pages/6922dfba933eb65569e23b0a,https://objectstorage.ap-dcc-gazipur-1.oraclecloud15.com/n/axvjbnqprylg/b/V2Ministry/o/office-doe/2024/12/482a0018747b4efebd820942a92dd5c5.pdf,,pdf,536616,c4aec7cdd81cc6899b1c32f62b2013ade05cef62fcc02d6db77e0f3bc0991cb8,processed_then_deleted,2026-08-06T20:58:01+00:00,ok
daily_aqi,2023-02-15,AQI for 15th February 2023,https://doe.gov.bd/pages/static-pages/6922dfba933eb65569e23b0a,https://objectstorage.ap-dcc-gazipur-1.oraclecloud15.com/n/axvjbnqprylg/b/V2Ministry/o/office-doe/2024/12/31561c27cdbb4f83b1bd444770f5cc3f.pdf,,pdf,534111,d6fc5fcc0a42896110a4d32659ede724b3436e5448a71bba106cd04f9a7e41d5,processed_then_deleted,2026-08-06T20:58:01+00:00,ok
daily_aqi,2023-02-19,AQI for 19th February 2023,https://doe.gov.bd/pages/static-pages/6922dfba933eb65569e23b0a,https://objectstorage.ap-dcc-gazipur-1.oraclecloud15.com/n/axvjbnqprylg/b/V2Ministry/o/office-doe/2024/12/d0d3d8908a7d449093bc380106933c2c.docx,,docx,15639,3bb14f1d2b2bb3aecdf010e529020f9f57607d15512d62bbde9cec9bf0bb8cf1,processed_then_deleted,2026-08-06T20:58:01+00:00,ok
daily_aqi,2023-02-20,AQI for 20th February 2023,https://doe.gov.bd/pages/static-pages/6922dfba933eb65569e23b0a,https://objectstorage.ap-dcc-gazipur-1.oraclecloud15.com/n/axvjbnqprylg/b/V2Ministry/o/office-doe/2024/12/e5c9bfae7c154627a5964257729cb3e5.pdf,,pdf,535644,b5cb15cbb3cf4fb41072519adafbc89355e5d839413741df2ecb2d0f68ddcd37,processed_then_deleted,2026-08-06T20:58:01+00:00,ok
daily_aqi,2023-02-21,AQI for 21th February 2023,https://doe.gov.bd/pages/static-pages/6922dfba933eb65569e23b0a,https://objectstorage.ap-dcc-gazipur-1.oraclecloud15.com/n/axvjbnqprylg/b/V2Ministry/o/office-doe/2024/12/23794de20306465e9078c8cb57a35b57.pdf,,pdf,535719,b031a476ae52f75f4353990407fbdb760ab92b8ccb361c8a5c6c7c78c2f3c1ff,processed_then_deleted,2026-08-06T20:58:01+00:00,ok
daily_aqi,2023-02-22,AQI for 22th February 2023,https://doe.gov.bd/pages/static-pages/6922dfba933eb65569e23b0a,https://objectstorage.ap-dcc-gazipur-1.oraclecloud15.com/n/axvjbnqprylg/b/V2Ministry/o/office-doe/2024/12/63f60b52c0ef4edb9a53add99e230b4f.pdf,,pdf,530578,ddd0c1988574c3db1383657be35465c7222a0df3723545d8e3c0612cfc860496,processed_then_deleted,2026-08-06T20:58:01+00:00,ok
daily_aqi,2023-02-26,AQI for 26th February 2023,https://doe.gov.bd/pages/static-pages/6922dfba933eb65569e23b0a,https://objectstorage.ap-dcc-gazipur-1.oraclecloud15.com/n/axvjbnqprylg/b/V2Ministry/o/office-doe/2024/12/b300af1664664b23af3dc05a1fa497a6.pdf,,pdf,533882,52470110c42970011b464a32da87eea7c7885562758eb94ee7dab267fd09253d,processed_then_deleted,2026-08-06T20:58:01+00:00,ok
daily_aqi,2023-02-27,AQI for 27th February 2023,https://doe.gov.bd/pages/static-pages/6922dfba933eb65569e23b0a,https://objectstorage.ap-dcc-gazipur-1.oraclecloud15.com/n/axvjbnqprylg/b/V2Ministry/o/office-doe/2024/12/49185f7de04b424387b3a55193ed5fd3.pdf,,pdf,532179,42c3ff0aea2346b34d153008afb87422b4a56b08fc9ca03109cdfca499bf7805,processed_then_deleted,2026-08-06T20:58:01+00:00,ok
daily_aqi,2023-03-01,AQI for 01 th March 2023,https://doe.gov.bd/pages/static-pages/6922dfba933eb65569e23b0a,https://objectstorage.ap-dcc-gazipur-1.oraclecloud15.com/n/axvjbnqprylg/b/V2Ministry/o/office-doe/2024/12/976a634f584440d488798fa240caa5f3.pdf,,pdf,533193,ed384ca23268fc8c7b6ae9929080c1064c0e04ee5c73cf45c4463ea25ba663e7,processed_then_deleted,2026-08-06T20:58:01+00:00,ok
daily_aqi,2023-03-04,AQI for 04 th March 2023,https://doe.gov.bd/pages/static-pages/6922dfba933eb65569e23b0a,https://objectstorage.ap-dcc-gazipur-1.oraclecloud15.com/n/axvjbnqprylg/b/V2Ministry/o/office-doe/2024/12/f2cdda0e091d4e1798d532704a263c8e.pdf,,pdf,533809,f54ca4041d596b0c4aa036096a8a14d5935994a4c280c90707f8c25f1d336d59,processed_then_deleted,2026-08-06T20:58:01+00:00,ok
daily_aqi,2023-03-05,AQI for 05 th March 2023,https://doe.gov.bd/pages/static-pages/6922dfba933eb65569e23b0a,https://objectstorage.ap-dcc-gazipur-1.oraclecloud15.com/n/axvjbnqprylg/b/V2Ministry/o/office-doe/2024/12/21e15546ba8c442486a1058fa10bcd44.pdf,,pdf,533749,e1ba532307d475164f041d5f50e65a61aa7882a050d5d23d766d23ea96d409a5,processed_then_deleted,2026-08-06T20:58:01+00:00,ok
daily_aqi,2023-03-06,AQI for 06 th March 2023,https://doe.gov.bd/pages/static-pages/6922dfba933eb65569e23b0a,https://objectstorage.ap-dcc-gazipur-1.oraclecloud15.com/n/axvjbnqprylg/b/V2Ministry/o/office-doe/2024/12/304dd11e121c493ab65557c3c2a3f59d.pdf,,pdf,526760,0b749d0dc8838a7a02d741c8f1cda29fc886cd655920940cddc787f4b5891dd5,processed_then_deleted,2026-08-06T20:58:01+00:00,ok
daily_aqi,2023-03-08,AQI for 08 th March 2023,https://doe.gov.bd/pages/static-pages/6922dfba933eb65569e23b0a,https://objectstorage.ap-dcc-gazipur-1.oraclecloud15.com/n/axvjbnqprylg/b/V2Ministry/o/office-doe/2024/12/ed59c8bc225a49fb831a76bdcb07bc49.pdf,,pdf,526961,365f7320df20bb742ee1eb1c29c0a86a625534cd3c7b1cc244f3c9e025bca46b,processed_then_deleted,2026-08-06T20:58:01+00:00,ok
daily_aqi,2023-03-12,AQI for 12 th March 2023,https://doe.gov.bd/pages/static-pages/6922dfba933eb65569e23b0a,https://objectstorage.ap-dcc-gazipur-1.oraclecloud15.com/n/axvjbnqprylg/b/V2Ministry/o/office-doe/2024/12/df7110d016d64aa2b1337019a02e2f2a.pdf,,pdf,526937,a786d49278818ac66d29050072231a3d4c5daef6e7a2b6bdfecce1703b1c9c6e,processed_then_deleted,2026-08-06T20:58:01+00:00,ok
daily_aqi,2023-03-13,AQI for 13 th March 2023,https://doe.gov.bd/pages/static-pages/6922dfba933eb65569e23b0a,https://objectstorage.ap-dcc-gazipur-1.oraclecloud15.com/n/axvjbnqprylg/b/V2Ministry/o/office-doe/2024/12/7a670344144247b280e76091deed18df.pdf,,pdf,526854,dde02ebb5fe55e3346e492578c2d4f505c30eb3af9ebee04a6a7061b2c2cc6cb,processed_then_deleted,2026-08-06T20:58:01+00:00,ok
daily_aqi,2023-03-14,AQI for 14 th March 2023,https://doe.gov.bd/pages/static-pages/6922dfba933eb65569e23b0a,https://objectstorage.ap-dcc-gazipur-1.oraclecloud15.com/n/axvjbnqprylg/b/V2Ministry/o/office-doe/2024/12/a76d8d1fed6a45dd8d1469ef56def6fa.pdf,,pdf,527035,033e90cdafb069b5747053b8acdace63e993c83d3f5f2aad4fa704456d048c0a,processed_then_deleted,2026-08-06T20:58:01+00:00,ok
daily_aqi,2023-03-15,AQI for 15 th March 2023,https://doe.gov.bd/pages/static-pages/6922dfba933eb65569e23b0a,https://objectstorage.ap-dcc-gazipur-1.oraclecloud15.com/n/axvjbnqprylg/b/V2Ministry/o/office-doe/2024/12/21fdba66ef534dc692a9eeeb87d405dc.pdf,,pdf,526822,c5380f466db5a750fb5babd7d2f9bbbd806afb75ae7294c2d43a26ab705edec1,processed_then_deleted,2026-08-06T20:58:01+00:00,ok
daily_aqi,2023-03-18,AQI for 18 th March 2023,https://doe.gov.bd/pages/static-pages/6922dfba933eb65569e23b0a,https://objectstorage.ap-dcc-gazipur-1.oraclecloud15.com/n/axvjbnqprylg/b/V2Ministry/o/office-doe/2024/12/a6f596f06fd14cf58cbb56a8add176b3.pdf,,pdf,527048,4067eba904a45ec2207c19f839ce0182f362b5f0d0bef33e73ef1f6c3d71713b,processed_then_deleted,2026-08-06T20:58:01+00:00,ok
daily_aqi,2023-03-21,AQI for 21 th March 2023,https://doe.gov.bd/pages/static-pages/6922dfba933eb65569e23b0a,https://objectstorage.ap-dcc-gazipur-1.oraclecloud15.com/n/axvjbnqprylg/b/V2Ministry/o/office-doe/2024/12/e850accda65148fba162a08552ecb746.docx,,docx,16244,235c5c4d9b9782f52c37eeddaefaf3fdd627c8248deffb305cd7e980ea85ebc9,processed_then_deleted,2026-08-06T20:58:01+00:00,ok
daily_aqi,2023-03-22,AQI for 22 th March 2023,https://doe.gov.bd/pages/static-pages/6922dfba933eb65569e23b0a,https://objectstorage.ap-dcc-gazipur-1.oraclecloud15.com/n/axvjbnqprylg/b/V2Ministry/o/office-doe/2024/12/5c85e478deff4673acf09e1c44d30195.docx,,docx,16256,f0c0a3de9b65c784c0ea6136c246f66d91be47d15ba119a98e60e9a09025776a,processed_then_deleted,2026-08-06T20:58:01+00:00,ok
daily_aqi,2023-03-26,AQI for 26 th March 2023,https://doe.gov.bd/pages/static-pages/6922dfba933eb65569e23b0a,https://objectstorage.ap-dcc-gazipur-1.oraclecloud15.com/n/axvjbnqprylg/b/V2Ministry/o/office-doe/2024/12/3c586c5a00ed48f8b51c2eff46aeab95.docx,,docx,16262,ca8dbb3448d60e0b5f6d591c52a43a5fa98e87a1b7ef94d77bb78c3db13c8994,processed_then_deleted,2026-08-06T20:58:01+00:00,ok
daily_aqi,2023-03-28,AQI for 28 th March 2023,https://doe.gov.bd/pages/static-pages/6922dfba933eb65569e23b0a,https://objectstorage.ap-dcc-gazipur-1.oraclecloud15.com/n/axvjbnqprylg/b/V2Ministry/o/office-doe/2024/12/b0b7e4578e884268bae04373e2912f9d.docx,,docx,16298,dd4ffb9a98a561da62998afbd3a2a3b9f9360ad845347e86a6fcc08352ae78b2,processed_then_deleted,2026-08-06T20:58:01+00:00,ok
daily_aqi,2023-03-29,AQI for 29 th March 2023,https://doe.gov.bd/pages/static-pages/6922dfba933eb65569e23b0a,https://objectstorage.ap-dcc-gazipur-1.oraclecloud15.com/n/axvjbnqprylg/b/V2Ministry/o/office-doe/2024/12/c8c291f51911441ca06e4ce5e26822ce.docx,,docx,16354,f8b4be227007afe853622b13a65fa6e3745a86ebefc1c9f96cb4c74e4126d0b7,processed_then_deleted,2026-08-06T20:58:01+00:00,ok
daily_aqi,2023-04-01,AQI for 01 th April 2023,https://doe.gov.bd/pages/static-pages/6922dfba933eb65569e23b0a,https://objectstorage.ap-dcc-gazipur-1.oraclecloud15.com/n/axvjbnqprylg/b/V2Ministry/o/office-doe/2024/12/63d892e8c8a244f2aeb339663e5685a5.docx,,docx,16384,8e8da88e67e1afca0440e07ad6378d40b50e32f5378e5d1493fffec5141b9e12,processed_then_deleted,2026-08-06T20:58:01+00:00,ok
daily_aqi,2023-04-02,AQI for 02 th April 2023,https://doe.gov.bd/pages/static-pages/6922dfba933eb65569e23b0a,https://objectstorage.ap-dcc-gazipur-1.oraclecloud15.com/n/axvjbnqprylg/b/V2Ministry/o/office-doe/2024/12/4b0b13c45a204a4f8838b0d67f903c80.docx,,docx,16181,803f1bdf9a2c71cd93a3b1c51b64021b77d5d67dfec10084a90cca1d7d05bd38,processed_then_deleted,2026-08-06T20:58:01+00:00,ok
daily_aqi,2023-04-03,AQI for 03 th April 2023,https://doe.gov.bd/pages/static-pages/6922dfba933eb65569e23b0a,https://objectstorage.ap-dcc-gazipur-1.oraclecloud15.com/n/axvjbnqprylg/b/V2Ministry/o/office-doe/2024/12/56d336f8e4c141ea8d042928052c4d91.docx,,docx,16114,7395cd15747a80dbfe0118a5e109a7271985ded8a0625367fef0adfddc371560,processed_then_deleted,2026-08-06T20:58:01+00:00,ok
daily_aqi,2023-04-04,AQI for 04 th April 2023,https://doe.gov.bd/pages/static-pages/6922dfba933eb65569e23b0a,https://objectstorage.ap-dcc-gazipur-1.oraclecloud15.com/n/axvjbnqprylg/b/V2Ministry/o/office-doe/2024/12/b722e2ca5060430d9b77a192a93ab7ed.docx,,docx,16198,1763f4fa8544dd1414ff7ff105aad85be36814bf936aebd7899a4a623484f74c,processed_then_deleted,2026-08-06T20:58:01+00:00,ok
daily_aqi,2023-04-08,AQI for 08 th April 2023,https://doe.gov.bd/pages/static-pages/6922dfba933eb65569e23b0a,https://objectstorage.ap-dcc-gazipur-1.oraclecloud15.com/n/axvjbnqprylg/b/V2Ministry/o/office-doe/2024/12/e3b5703a7d0446ce832d0bfe1f679a22.docx,,docx,16180,5a9d0b148da73aa0e471af1a2c2727b3cb72384f0b34b1c25909a06fcc6874bf,processed_then_deleted,2026-08-06T20:58:01+00:00,ok
daily_aqi,2023-04-10,AQI for 10 th April 2023,https://doe.gov.bd/pages/static-pages/6922dfba933eb65569e23b0a,https://objectstorage.ap-dcc-gazipur-1.oraclecloud15.com/n/axvjbnqprylg/b/V2Ministry/o/office-doe/2024/12/0af9eaab41834d26b2facaed1ba7b030.docx,,docx,15911,32a6065acd5680132b59b04b577b730380fd67459159c4878cc302d4845109d2,processed_then_deleted,2026-08-06T20:58:01+00:00,ok
daily_aqi,2023-04-11,AQI for 11 th April 2023,https://doe.gov.bd/pages/static-pages/6922dfba933eb65569e23b0a,https://objectstorage.ap-dcc-gazipur-1.oraclecloud15.com/n/axvjbnqprylg/b/V2Ministry/o/office-doe/2024/12/2c8e7e9304b144cb9f8b1c85103c6073.docx,,docx,16241,764bab4a78fd508b592ee80e5072929ea04ad1507a43d5d7c0d9067248a3d5b4,processed_then_deleted,2026-08-06T20:58:01+00:00,ok
daily_aqi,2023-04-12,AQI for 12 th April 2023,https://doe.gov.bd/pages/static-pages/6922dfba933eb65569e23b0a,https://objectstorage.ap-dcc-gazipur-1.oraclecloud15.com/n/axvjbnqprylg/b/V2Ministry/o/office-doe/2024/12/452d340159df44e784179a4a7188445a.docx,,docx,16263,80ea3bd4d56863aec6ace1737aec74efb8af43e4e8d25ecbc22e360f84ba2525,processed_then_deleted,2026-08-06T20:58:01+00:00,ok
daily_aqi,2023-04-15,AQI for 15 th April 2023,https://doe.gov.bd/pages/static-pages/6922dfba933eb65569e23b0a,https://objectstorage.ap-dcc-gazipur-1.oraclecloud15.com/n/axvjbnqprylg/b/V2Ministry/o/office-doe/2024/12/1f36559a5ff54bebafc93896f35db1ed.docx,,docx,16265,5b7eecdd471806be56be97d35182f2f05b5382dcea9fab7f9780bd028ee33cda,processed_then_deleted,2026-08-06T20:58:01+00:00,ok
daily_aqi,2023-04-16,AQI for 16 th April 2023,https://doe.gov.bd/pages/static-pages/6922dfba933eb65569e23b0a,https://objectstorage.ap-dcc-gazipur-1.oraclecloud15.com/n/axvjbnqprylg/b/V2Ministry/o/office-doe/2024/12/8e325cf19db14bf3ae14c09900a899db.docx,,docx,16324,bc1e7086f63efa9875450345cdcb75eb3d2ad94925f9cfab232b7a231f967871,processed_then_deleted,2026-08-06T20:58:01+00:00,ok
daily_aqi,2023-04-24,AQI for 24 th April 2023,https://doe.gov.bd/pages/static-pages/6922dfba933eb65569e23b0a,https://objectstorage.ap-dcc-gazipur-1.oraclecloud15.com/n/axvjbnqprylg/b/V2Ministry/o/office-doe/2024/12/fd17521ad8e544b1b927cfd04a63e25f.docx,,docx,16529,d64efd4c7c8180bd0cfb133697e35ac236bcc25bdecae0b72d3a805f063bfeff,processed_then_deleted,2026-08-06T20:58:01+00:00,ok
daily_aqi,2023-04-25,AQI for 25 th April 2023,https://doe.gov.bd/pages/static-pages/6922dfba933eb65569e23b0a,https://objectstorage.ap-dcc-gazipur-1.oraclecloud15.com/n/axvjbnqprylg/b/V2Ministry/o/office-doe/2024/12/73b20e93213e4438b29edb6d5143e4db.docx,,docx,16732,d252ea39bf0879da1ef7707c026aec737c4308fd813b72297598720e2fd43b2d,processed_then_deleted,2026-08-06T20:58:01+00:00,ok
daily_aqi,2023-04-26,AQI for 26 th April 2023,https://doe.gov.bd/pages/static-pages/6922dfba933eb65569e23b0a,https://objectstorage.ap-dcc-gazipur-1.oraclecloud15.com/n/axvjbnqprylg/b/V2Ministry/o/office-doe/2024/12/166e52674d3d403588b4894f712469ce.docx,,docx,16235,686a4ff7780a4afebdd4ef662c2fbb60a0a465761a57a64e256a75cef25eebb4,processed_then_deleted,2026-08-06T20:58:01+00:00,ok
daily_aqi,2023-05-01,AQI for 01 th May 2023,https://doe.gov.bd/pages/static-pages/6922dfba933eb65569e23b0a,https://objectstorage.ap-dcc-gazipur-1.oraclecloud15.com/n/axvjbnqprylg/b/V2Ministry/o/office-doe/2024/12/ba7ea3e2c3de4aa2a1d1ead91f177054.docx,,docx,16423,36964695202007447acf4fc5ae1709c63a23f18257d440ae2059bd33cfae6fd8,processed_then_deleted,2026-08-06T20:58:01+00:00,ok
daily_aqi,2023-05-02,AQI for 02 th May 2023,https://doe.gov.bd/pages/static-pages/6922dfba933eb65569e23b0a,https://objectstorage.ap-dcc-gazipur-1.oraclecloud15.com/n/axvjbnqprylg/b/V2Ministry/o/office-doe/2024/12/611a0488d1884446be74788c8ea54be8.docx,,docx,16150,c7135740962dd39c2ccc0e4fa296a0a0e3bf3a588aa5e2effdd127a34717e82d,processed_then_deleted,2026-08-06T20:58:01+00:00,ok
daily_aqi,2023-05-07,AQI for 07 th May 2023,https://doe.gov.bd/pages/static-pages/6922dfba933eb65569e23b0a,https://objectstorage.ap-dcc-gazipur-1.oraclecloud15.com/n/axvjbnqprylg/b/V2Ministry/o/office-doe/2024/12/9c46ac0d6d954133ac97f8486bb90b81.docx,,docx,16254,4000bacf7e7d6ee66af4f5e6a3d1665321c52d7d3d5708dc5788852e6e72b9b0,processed_then_deleted,2026-08-06T20:58:01+00:00,ok
daily_aqi,2023-05-08,AQI for 08 th May 2023,https://doe.gov.bd/pages/static-pages/6922dfba933eb65569e23b0a,https://objectstorage.ap-dcc-gazipur-1.oraclecloud15.com/n/axvjbnqprylg/b/V2Ministry/o/office-doe/2024/12/59bc6f5742e848899191b6cdba75542b.docx,,docx,16166,fa183f75e8d771cf02a253b66fd187e3105896a7fc60fca91ecdb7c204eb0cbf,processed_then_deleted,2026-08-06T20:58:01+00:00,ok
daily_aqi,2023-05-09,AQI for 09 th May 2023,https://doe.gov.bd/pages/static-pages/6922dfba933eb65569e23b0a,https://objectstorage.ap-dcc-gazipur-1.oraclecloud15.com/n/axvjbnqprylg/b/V2Ministry/o/office-doe/2024/12/e75b7da53d464f108e40af50bd80eb38.docx,,docx,16163,557df8a8eba3b454aecfa756517b58423cd9191fa65f21bfd83896cde158b0f0,processed_then_deleted,2026-08-06T20:58:01+00:00,ok
daily_aqi,2023-05-10,AQI for 10 th May 2023,https://doe.gov.bd/pages/static-pages/6922dfba933eb65569e23b0a,https://objectstorage.ap-dcc-gazipur-1.oraclecloud15.com/n/axvjbnqprylg/b/V2Ministry/o/office-doe/2024/12/45a383a7cc6b4e90b30cacab265b7bb4.docx,,docx,16156,81636ac24588eb10f567660e24a49b78ea7deeac76988d07862750dd59c2a5ae,processed_then_deleted,2026-08-06T20:58:01+00:00,ok
daily_aqi,2023-05-13,AQI for 13 th May 2023,https://doe.gov.bd/pages/static-pages/6922dfba933eb65569e23b0a,https://objectstorage.ap-dcc-gazipur-1.oraclecloud15.com/n/axvjbnqprylg/b/V2Ministry/o/office-doe/2024/12/95a085ab818143b981b2c9d49f87e5b8.docx,,docx,16202,e8dc58fddb8a299a44d9632f972ef5dc98791c6c5e6ac33ac80b80b823be2494,processed_then_deleted,2026-08-06T20:58:01+00:00,ok
daily_aqi,2023-05-14,AQI for 14 th May 2023,https://doe.gov.bd/pages/static-pages/6922dfba933eb65569e23b0a,https://objectstorage.ap-dcc-gazipur-1.oraclecloud15.com/n/axvjbnqprylg/b/V2Ministry/o/office-doe/2024/12/1168567217b741d49b34b729538fddab.docx,,docx,16223,ef7ec931d10a101b0696b4252bce55de3959c58518ceceb04b0a6cd29974416a,processed_then_deleted,2026-08-06T20:58:01+00:00,ok
daily_aqi,2023-05-15,AQI for 15 th May 2023,https://doe.gov.bd/pages/static-pages/6922dfba933eb65569e23b0a,https://objectstorage.ap-dcc-gazipur-1.oraclecloud15.com/n/axvjbnqprylg/b/V2Ministry/o/office-doe/2024/12/70c9b8b6392a45f6bbb87e14c19a11f9.docx,,docx,16305,0bd40b2d18072ec3a5c64c863ca370a99fdec4fca5412cabc8c0c8d1ac281d6d,processed_then_deleted,2026-08-06T20:58:01+00:00,ok
daily_aqi,2023-05-16,AQI for 16 th May 2023,https://doe.gov.bd/pages/static-pages/6922dfba933eb65569e23b0a,https://objectstorage.ap-dcc-gazipur-1.oraclecloud15.com/n/axvjbnqprylg/b/V2Ministry/o/office-doe/2024/12/444ffa8a9fe343cea9f1ff3a81df46dc.docx,,docx,16345,44a4a8ff84fcc2aaf5e81013934eb02465c03587d9e31af77206f22978dedd02,processed_then_deleted,2026-08-06T20:58:01+00:00,ok
daily_aqi,2023-05-17,AQI for 17 th May 2023,https://doe.gov.bd/pages/static-pages/6922dfba933eb65569e23b0a,https://objectstorage.ap-dcc-gazipur-1.oraclecloud15.com/n/axvjbnqprylg/b/V2Ministry/o/office-doe/2024/12/f9897b56adbb45aaafcd54698cbdba26.docx,,docx,16328,8d0d21ec927d1a838938bb431694356fa203042ebbf3533c35fd5ddccbb7c0b7,processed_then_deleted,2026-08-06T20:58:01+00:00,ok
daily_aqi,2023-05-21,AQI for 21 th May 2023,https://doe.gov.bd/pages/static-pages/6922dfba933eb65569e23b0a,https://objectstorage.ap-dcc-gazipur-1.oraclecloud15.com/n/axvjbnqprylg/b/V2Ministry/o/office-doe/2024/12/64a49388b57c4e60b119851ce58ac664.docx,,docx,16581,e494ebebefee28e1c1c666ec08ecfdf78a72aae55df7fdb8a70154e19d415892,processed_then_deleted,2026-08-06T20:58:01+00:00,ok
daily_aqi,2023-05-22,AQI for 22 th May 2023,https://doe.gov.bd/pages/static-pages/6922dfba933eb65569e23b0a,https://objectstorage.ap-dcc-gazipur-1.oraclecloud15.com/n/axvjbnqprylg/b/V2Ministry/o/office-doe/2024/12/f1c8478b49cb4fbe90f39bf3328d5b10.docx,,docx,16488,b484811e04b7bac7583e025b05f725cd88b226621e202c87da9d1d8de0f4c662,processed_then_deleted,2026-08-06T20:58:01+00:00,ok
daily_aqi,2023-05-23,AQI for 23 th May 2023,https://doe.gov.bd/pages/static-pages/6922dfba933eb65569e23b0a,https://objectstorage.ap-dcc-gazipur-1.oraclecloud15.com/n/axvjbnqprylg/b/V2Ministry/o/office-doe/2024/12/f8933d88684f4238bd4369ddf81ee0dc.docx,,docx,16728,82af3d9127943981178134846ede3e72e2a8dc9a263966448b25c1ce9ffaf61f,processed_then_deleted,2026-08-06T20:58:01+00:00,ok
daily_aqi,2023-05-24,AQI for 24 th May 2023,https://doe.gov.bd/pages/static-pages/6922dfba933eb65569e23b0a,https://objectstorage.ap-dcc-gazipur-1.oraclecloud15.com/n/axvjbnqprylg/b/V2Ministry/o/office-doe/2024/12/3351c3b24b384abfae2105de7e21446b.docx,,docx,16903,2bd4a106286aa71213ae3eafae49fd11f94cd6cddd30393c664069ea61ae1785,processed_then_deleted,2026-08-06T20:58:01+00:00,ok
daily_aqi,2023-05-27,AQI for 27 th May 2023,https://doe.gov.bd/pages/static-pages/6922dfba933eb65569e23b0a,https://objectstorage.ap-dcc-gazipur-1.oraclecloud15.com/n/axvjbnqprylg/b/V2Ministry/o/office-doe/2024/12/26dfecc540b34fed897e704c3422caec.docx,,docx,16746,d6169317330706171d229e6e7c8c9982a05fa897a110cc41bf963f69d592bf6b,processed_then_deleted,2026-08-06T20:58:01+00:00,ok
daily_aqi,2023-05-29,AQI for 29 th May 2023,https://doe.gov.bd/pages/static-pages/6922dfba933eb65569e23b0a,https://objectstorage.ap-dcc-gazipur-1.oraclecloud15.com/n/axvjbnqprylg/b/V2Ministry/o/office-doe/2024/12/ddd8480f69d848789abb0834166e4fd5.docx,,docx,16933,b20baed829d10a45a288fd712356c901c298058b8f2eb12d4f79a8b54bac4bdd,processed_then_deleted,2026-08-06T20:58:01+00:00,ok
daily_aqi,2023-05-30,AQI for 30 th May 2023,https://doe.gov.bd/pages/static-pages/6922dfba933eb65569e23b0a,https://objectstorage.ap-dcc-gazipur-1.oraclecloud15.com/n/axvjbnqprylg/b/V2Ministry/o/office-doe/2024/12/0c103dce88c24796a69a2c7ff6f2fbae.docx,,docx,16909,5ba896dd4482e4a69817f1ce978143b296813e858fa147ac0b75a0f25457be89,processed_then_deleted,2026-08-06T20:58:01+00:00,ok
daily_aqi,2023-05-31,AQI for 31 th May 2023,https://doe.gov.bd/pages/static-pages/6922dfba933eb65569e23b0a,https://objectstorage.ap-dcc-gazipur-1.oraclecloud15.com/n/axvjbnqprylg/b/V2Ministry/o/office-doe/2024/12/f606e4b06961447d8c14bd67f65e6bc5.docx,,docx,16950,b56dd3da0cc94ffdd040f1a748217a8327f10ebff506a80b071d032d27017392,processed_then_deleted,2026-08-06T20:58:01+00:00,ok
daily_aqi,2023-06-03,AQI for 03 th June 2023,https://doe.gov.bd/pages/static-pages/6922dfba933eb65569e23b0a,https://objectstorage.ap-dcc-gazipur-1.oraclecloud15.com/n/axvjbnqprylg/b/V2Ministry/o/office-doe/2024/12/04476e19fc284565a82695a08d9a1c64.docx,,docx,16190,9e5fd509230cd2e288600f5e40237378aef93045cedf559ca00c6872b5b34e9c,processed_then_deleted,2026-08-06T20:58:01+00:00,ok
daily_aqi,2023-06-04,AQI for 04 th June 2023,https://doe.gov.bd/pages/static-pages/6922dfba933eb65569e23b0a,https://objectstorage.ap-dcc-gazipur-1.oraclecloud15.com/n/axvjbnqprylg/b/V2Ministry/o/office-doe/2024/12/6caa70706a8c4fe5944399422d4efcc2.docx,,docx,16527,aeb7c675d31baa27a1366972d4c00ff60270df3299099c9b4ef2a90720d53bdf,processed_then_deleted,2026-08-06T20:58:01+00:00,ok
daily_aqi,2023-06-05,AQI for 05 th June 2023,https://doe.gov.bd/pages/static-pages/6922dfba933eb65569e23b0a,https://objectstorage.ap-dcc-gazipur-1.oraclecloud15.com/n/axvjbnqprylg/b/V2Ministry/o/office-doe/2024/12/18d6f755efc044039857d6799413a3cd.docx,,docx,16541,8d6757410a7502715ebb0e9e5ca9a1dbacc253b7fe1b38c231ce30db5ddf45dd,processed_then_deleted,2026-08-06T20:58:01+00:00,ok
daily_aqi,2023-06-06,AQI for 06 th June 2023,https://doe.gov.bd/pages/static-pages/6922dfba933eb65569e23b0a,https://objectstorage.ap-dcc-gazipur-1.oraclecloud15.com/n/axvjbnqprylg/b/V2Ministry/o/office-doe/2024/12/cc5e1915752c4ab088cdbe60dee6e1e7.docx,,docx,16082,26c2ac9d7f78a0b01768eece2d37ec26bca8c15573be208b55be51acf3102886,processed_then_deleted,2026-08-06T20:58:01+00:00,ok
daily_aqi,2023-06-07,AQI for 07 th June 2023,https://doe.gov.bd/pages/static-pages/6922dfba933eb65569e23b0a,https://objectstorage.ap-dcc-gazipur-1.oraclecloud15.com/n/axvjbnqprylg/b/V2Ministry/o/office-doe/2024/12/00d2a8e03b8945c09aa689e2d812c93c.docx,,docx,16399,8291717bd728ed3dcfe91c021e79e8e2636da3c73a43674adb9521be415ca007,processed_then_deleted,2026-08-06T20:58:01+00:00,ok
daily_aqi,2023-06-11,AQI for 11 th June 2023,https://doe.gov.bd/pages/static-pages/6922dfba933eb65569e23b0a,https://objectstorage.ap-dcc-gazipur-1.oraclecloud15.com/n/axvjbnqprylg/b/V2Ministry/o/office-doe/2024/12/4f540cb7010345aba1ee58c744a1ece1.docx,,docx,16363,e2361467143a7e69b3f5a1bc72fb82cf943900c9bd1a9c4793b29c53e4f076fb,processed_then_deleted,2026-08-06T20:58:01+00:00,ok
daily_aqi,2023-06-12,AQI for 12 th June 2023,https://doe.gov.bd/pages/static-pages/6922dfba933eb65569e23b0a,https://objectstorage.ap-dcc-gazipur-1.oraclecloud15.com/n/axvjbnqprylg/b/V2Ministry/o/office-doe/2024/12/28f4b806cbad4745a8184e39a398f98c.docx,,docx,16437,76c82a01c6a0071a4ada07a56b501918ee63e54ec98db5ce8442e035fc5b577b,processed_then_deleted,2026-08-06T20:58:01+00:00,ok
daily_aqi,2023-06-13,AQI for 13 th June 2023,https://doe.gov.bd/pages/static-pages/6922dfba933eb65569e23b0a,https://objectstorage.ap-dcc-gazipur-1.oraclecloud15.com/n/axvjbnqprylg/b/V2Ministry/o/office-doe/2024/12/d000f8c6b84c43f28c20d2698349595e.docx,,docx,16091,9f0ec0edbbfffda6069d89c0c2ab8f3a5641d91f18c3e958677d844c33ef8c74,processed_then_deleted,2026-08-06T20:58:01+00:00,ok
daily_aqi,2023-06-14,AQI for 14 th June 2023,https://doe.gov.bd/pages/static-pages/6922dfba933eb65569e23b0a,https://objectstorage.ap-dcc-gazipur-1.oraclecloud15.com/n/axvjbnqprylg/b/V2Ministry/o/office-doe/2024/12/4321ab7f858f4d9d9cb1374a57dbea4f.docx,,docx,16463,a5a6997634b2f4681d88cb5f2873f82257c750b5c83094cebf7b1d31acb47bb9,processed_then_deleted,2026-08-06T20:58:01+00:00,ok
daily_aqi,2023-06-17,AQI for 17 th June 2023,https://doe.gov.bd/pages/static-pages/6922dfba933eb65569e23b0a,https://objectstorage.ap-dcc-gazipur-1.oraclecloud15.com/n/axvjbnqprylg/b/V2Ministry/o/office-doe/2024/12/a7bae63a79624a43ac527ea98f6611b5.docx,,docx,16795,2237e2820d3ff7e0dd405bc7fd08ac6aae018fa8ce2815a0cb9fc9c262c4b8d3,processed_then_deleted,2026-08-06T20:58:01+00:00,ok
daily_aqi,2023-06-18,AQI for 18 th June 2023,https://doe.gov.bd/pages/static-pages/6922dfba933eb65569e23b0a,https://objectstorage.ap-dcc-gazipur-1.oraclecloud15.com/n/axvjbnqprylg/b/V2Ministry/o/office-doe/2024/12/768063771ffd471e974670c44841ad0e.docx,,docx,16820,93e05ec18768d67874b4ffb3c2668737eb16028c90314032a7b9bde287c7e58e,processed_then_deleted,2026-08-06T20:58:01+00:00,ok
daily_aqi,2023-06-19,AQI for 19 th June 2023,https://doe.gov.bd/pages/static-pages/6922dfba933eb65569e23b0a,https://objectstorage.ap-dcc-gazipur-1.oraclecloud15.com/n/axvjbnqprylg/b/V2Ministry/o/office-doe/2024/12/2f88391595ff4443a80d1209fe9b89ac.docx,,docx,16783,5e918ecba8bd71e2315f382328eaf730546056a18f54a1ed68d9b2fd7d9ffb41,processed_then_deleted,2026-08-06T20:58:01+00:00,ok
daily_aqi,2023-06-20,AQI for 20 th June 2023,https://doe.gov.bd/pages/static-pages/6922dfba933eb65569e23b0a,https://objectstorage.ap-dcc-gazipur-1.oraclecloud15.com/n/axvjbnqprylg/b/V2Ministry/o/office-doe/2024/12/b9be649586b04418af2af5f2d13ed3ee.docx,,docx,16610,5537f07ab76f1f166b511eb16ee421352f96d55275ac39026db243a33fb4165a,processed_then_deleted,2026-08-06T20:58:01+00:00,ok
daily_aqi,2023-06-24,AQI for 24 th June 2023,https://doe.gov.bd/pages/static-pages/6922dfba933eb65569e23b0a,https://objectstorage.ap-dcc-gazipur-1.oraclecloud15.com/n/axvjbnqprylg/b/V2Ministry/o/office-doe/2024/12/4ad0d297236d48adaba4d1e1204b8533.docx,,docx,16747,7a9b2356cb22fe22cdc827df8b71be46afae7d43d2b43955884f53054f9abc46,processed_then_deleted,2026-08-06T20:58:01+00:00,ok
daily_aqi,2023-07-01,AQI for 01 th July 2023,https://doe.gov.bd/pages/static-pages/6922dfba933eb65569e23b0a,https://objectstorage.ap-dcc-gazipur-1.oraclecloud15.com/n/axvjbnqprylg/b/V2Ministry/o/office-doe/2024/12/a267057c3b6c4476bd029a6ffe714655.docx,,docx,17276,26ea913b6bac92dd4e4265ac93cbffff2e3a67a18d95770bf1d64a74b69fab29,processed_then_deleted,2026-08-06T20:58:01+00:00,ok
daily_aqi,2023-07-02,AQI for 02 th July 2023,https://doe.gov.bd/pages/static-pages/6922dfba933eb65569e23b0a,https://objectstorage.ap-dcc-gazipur-1.oraclecloud15.com/n/axvjbnqprylg/b/V2Ministry/o/office-doe/2024/12/cab88e3d76f64085a81dffe96dd256ad.docx,,docx,19071,b2b15dca08f7147efcecb5ea98c9445f1714dbde8e5cc6a5f6259bb127e3b73d,processed_then_deleted,2026-08-06T20:58:01+00:00,ok
daily_aqi,2023-07-03,AQI for 03 th July 2023,https://doe.gov.bd/pages/static-pages/6922dfba933eb65569e23b0a,https://objectstorage.ap-dcc-gazipur-1.oraclecloud15.com/n/axvjbnqprylg/b/V2Ministry/o/office-doe/2024/12/08692478edc6434b830c500a7647c394.docx,,docx,19105,f85a68c1ce2489461d30ba5b6d79032051aa0a6b1288726ab4cc383a5a016e98,processed_then_deleted,2026-08-06T20:58:01+00:00,ok
daily_aqi,2023-07-04,AQI for 04 th July 2023,https://doe.gov.bd/pages/static-pages/6922dfba933eb65569e23b0a,https://objectstorage.ap-dcc-gazipur-1.oraclecloud15.com/n/axvjbnqprylg/b/V2Ministry/o/office-doe/2024/12/eb2bd264685c421eade3f6c29cee080a.docx,,docx,16921,b5fa42e32bb9ac6da80903bea16a8d253dae1864af0d2af2ba73d1634e27505e,processed_then_deleted,2026-08-06T20:58:01+00:00,ok
daily_aqi,2023-07-05,AQI for 05 th July 2023,https://doe.gov.bd/pages/static-pages/6922dfba933eb65569e23b0a,https://objectstorage.ap-dcc-gazipur-1.oraclecloud15.com/n/axvjbnqprylg/b/V2Ministry/o/office-doe/2024/12/926797e3faa04e9eb181d58216c29799.docx,,docx,17036,ba1d644755f4382a0ba6e10b320330a000785997aaa0d3f166ae86467b51346b,processed_then_deleted,2026-08-06T20:58:01+00:00,ok
daily_aqi,2023-07-06,AQI for 06 th July 2023,https://doe.gov.bd/pages/static-pages/6922dfba933eb65569e23b0a,https://objectstorage.ap-dcc-gazipur-1.oraclecloud15.com/n/axvjbnqprylg/b/V2Ministry/o/office-doe/2024/12/372afd408ecf437aaa2b85fdb8c6a8ea.docx,,docx,17015,180a821fac87b3ecdc478f72acee15ced16054f61a0f6aa15ea26e5e7b6b4ae0,processed_then_deleted,2026-08-06T20:58:01+00:00,ok
daily_aqi,2023-07-07,AQI for 07 th July 2023,https://doe.gov.bd/pages/static-pages/6922dfba933eb65569e23b0a,https://objectstorage.ap-dcc-gazipur-1.oraclecloud15.com/n/axvjbnqprylg/b/V2Ministry/o/office-doe/2024/12/ef132390e7934b84a8b27b3521a38668.docx,,docx,16990,5d4ca03ce600853961f64163b4ee32e9a5b657676d39aae3494343ca6898bc07,processed_then_deleted,2026-08-06T20:58:01+00:00,ok
daily_aqi,2023-07-08,AQI for 08 th July 2023,https://doe.gov.bd/pages/static-pages/6922dfba933eb65569e23b0a,https://objectstorage.ap-dcc-gazipur-1.oraclecloud15.com/n/axvjbnqprylg/b/V2Ministry/o/office-doe/2024/12/9005f509b8b142ebad6b518e6565be3d.docx,,docx,17074,9f0819ecd06732a86b2aa056da29c0f285ae1dc33393cbc098e2e92726fc0bcc,processed_then_deleted,2026-08-06T20:58:01+00:00,ok
daily_aqi,2023-07-09,AQI for 09 th July 2023,https://doe.gov.bd/pages/static-pages/6922dfba933eb65569e23b0a,https://objectstorage.ap-dcc-gazipur-1.oraclecloud15.com/n/axvjbnqprylg/b/V2Ministry/o/office-doe/2024/12/6d0ddf61a3b24e69bd7c99f3ee9ecc6e.docx,,docx,16962,8a744c399842625389352f8cd755eb546f13ccf4724cc99f537e8de40fc52844,processed_then_deleted,2026-08-06T20:58:01+00:00,ok
daily_aqi,2023-07-10,AQI for 10 th July 2023,https://doe.gov.bd/pages/static-pages/6922dfba933eb65569e23b0a,https://objectstorage.ap-dcc-gazipur-1.oraclecloud15.com/n/axvjbnqprylg/b/V2Ministry/o/office-doe/2024/12/db784b00215a4fc7a62c74e737c8b85f.docx,,docx,16973,40182152a3225b0c4793f8e64acccadeaab9a9843219d04beb87266df08dbcce,processed_then_deleted,2026-08-06T20:58:01+00:00,ok
daily_aqi,2023-07-11,AQI for 11 th July 2023,https://doe.gov.bd/pages/static-pages/6922dfba933eb65569e23b0a,https://objectstorage.ap-dcc-gazipur-1.oraclecloud15.com/n/axvjbnqprylg/b/V2Ministry/o/office-doe/2024/12/4d073e3598cb460f84ab815478b0235f.docx,,docx,16971,e37ad2c24936e22e193a424ba35d3ca33cb08505973389c6344ed9a71eb91942,processed_then_deleted,2026-08-06T20:58:01+00:00,ok
daily_aqi,2023-07-12,AQI for 12 th July 2023,https://doe.gov.bd/pages/static-pages/6922dfba933eb65569e23b0a,https://objectstorage.ap-dcc-gazipur-1.oraclecloud15.com/n/axvjbnqprylg/b/V2Ministry/o/office-doe/2024/12/c010d15f5c2943a9bef628956fbd5fe6.docx,,docx,17098,e141a237e4a7097ad1b00f010cfc58dd1111f10bbbc1197ff451fdb7be9a0666,processed_then_deleted,2026-08-06T20:58:01+00:00,ok
daily_aqi,2023-07-13,AQI for 13 th July 2023,https://doe.gov.bd/pages/static-pages/6922dfba933eb65569e23b0a,https://objectstorage.ap-dcc-gazipur-1.oraclecloud15.com/n/axvjbnqprylg/b/V2Ministry/o/office-doe/2024/12/d350c37144ed468cbf4f787679fab9a5.docx,,docx,17145,32e85c6ba489c5f35f5834228db1b24a0c0190f3f0fea2432a16fe5144f4c77c,processed_then_deleted,2026-08-06T20:58:01+00:00,ok
daily_aqi,2023-07-14,AQI for 14 th July 2023,https://doe.gov.bd/pages/static-pages/6922dfba933eb65569e23b0a,https://objectstorage.ap-dcc-gazipur-1.oraclecloud15.com/n/axvjbnqprylg/b/V2Ministry/o/office-doe/2024/12/caab04dc55404f4ca603732f30a3d4ac.docx,,docx,17016,b0a12d974545a2ee307984445eea36b879f5c73a41e350d6615a8c4a6ac77778,processed_then_deleted,2026-08-06T20:58:01+00:00,ok
daily_aqi,2023-07-15,AQI for 15 th July 2023,https://doe.gov.bd/pages/static-pages/6922dfba933eb65569e23b0a,https://objectstorage.ap-dcc-gazipur-1.oraclecloud15.com/n/axvjbnqprylg/b/V2Ministry/o/office-doe/2024/12/0170e98d2a644d558fca72ff5c0625ee.docx,,docx,17093,cf3714fb1f57b0f0cb44d6ed67894aaa83e53f3ea0746ed9f41d5ac3ee062a71,processed_then_deleted,2026-08-06T20:58:01+00:00,ok
daily_aqi,2023-07-16,AQI for 16 th July 2023,https://doe.gov.bd/pages/static-pages/6922dfba933eb65569e23b0a,https://objectstorage.ap-dcc-gazipur-1.oraclecloud15.com/n/axvjbnqprylg/b/V2Ministry/o/office-doe/2024/12/f85995f172d34c54b184703f2e6fb6ae.docx,,docx,16964,21aeb21947908e71c89340ec60e8efcca8c89543e7ee2beccb47daea377fa0f1,processed_then_deleted,2026-08-06T20:58:01+00:00,ok
daily_aqi,2023-07-17,AQI for 17 th July 2023,https://doe.gov.bd/pages/static-pages/6922dfba933eb65569e23b0a,https://objectstorage.ap-dcc-gazipur-1.oraclecloud15.com/n/axvjbnqprylg/b/V2Ministry/o/office-doe/2024/12/0950a64ac4674b05b35c7e0cb4bd85c1.docx,,docx,17075,015367f531f77991870e8217f1bb69de4123b3de7a1bcd1087dd7554eeb44781,processed_then_deleted,2026-08-06T20:58:01+00:00,ok
daily_aqi,2023-07-18,AQI for 18 th July 2023,https://doe.gov.bd/pages/static-pages/6922dfba933eb65569e23b0a,https://objectstorage.ap-dcc-gazipur-1.oraclecloud15.com/n/axvjbnqprylg/b/V2Ministry/o/office-doe/2024/12/61bb85c06d484702b3546c1ee4f8e541.docx,,docx,16936,9b7e6662cc6201d0c083b401f966435e1e47cf1f67ae95885a242040a887b25f,processed_then_deleted,2026-08-06T20:58:01+00:00,ok
daily_aqi,2023-07-19,AQI for 19 th July 2023,https://doe.gov.bd/pages/static-pages/6922dfba933eb65569e23b0a,https://objectstorage.ap-dcc-gazipur-1.oraclecloud15.com/n/axvjbnqprylg/b/V2Ministry/o/office-doe/2024/12/bc44b6eba24e4f52982b2fa3ffe1b209.docx,,docx,16918,a2e8fe60df680593ac9c2aaab175862a315eec9d3dc815ae50cf1181dd361fa5,processed_then_deleted,2026-08-06T20:58:01+00:00,ok
daily_aqi,2023-07-20,AQI for 20 th July 2023,https://doe.gov.bd/pages/static-pages/6922dfba933eb65569e23b0a,https://objectstorage.ap-dcc-gazipur-1.oraclecloud15.com/n/axvjbnqprylg/b/V2Ministry/o/office-doe/2024/12/79dc8756bc2e4de8a653560a8fb72baf.docx,,docx,17007,d5ff04e571a0ee2c3654277663dc02203681d71e6a181df38ea93399856e177f,processed_then_deleted,2026-08-06T20:58:01+00:00,ok
daily_aqi,2023-07-21,AQI for 21 th July 2023,https://doe.gov.bd/pages/static-pages/6922dfba933eb65569e23b0a,https://objectstorage.ap-dcc-gazipur-1.oraclecloud15.com/n/axvjbnqprylg/b/V2Ministry/o/office-doe/2024/12/ad06a0333ecd478b86626daa9505f790.docx,,docx,16978,1eb44d8346489a54cf09a7b05305629e7b31fcb295d758c7bcf1077d32a8618f,processed_then_deleted,2026-08-06T20:58:01+00:00,ok
daily_aqi,2023-07-22,AQI for 22 th July 2023,https://doe.gov.bd/pages/static-pages/6922dfba933eb65569e23b0a,https://objectstorage.ap-dcc-gazipur-1.oraclecloud15.com/n/axvjbnqprylg/b/V2Ministry/o/office-doe/2024/12/81a2d8f2e8e6469cb28eccb747485045.docx,,docx,17006,4895e5ceb4014aa885bea8bd03f1493e8dd181d3d7fbb89f24a3ca61b1723dde,processed_then_deleted,2026-08-06T20:58:01+00:00,ok
daily_aqi,2023-07-23,AQI for 23 th July 2023,https://doe.gov.bd/pages/static-pages/6922dfba933eb65569e23b0a,https://objectstorage.ap-dcc-gazipur-1.oraclecloud15.com/n/axvjbnqprylg/b/V2Ministry/o/office-doe/2024/12/8bd2d05da7c94eeaa46f1f246805b3d4.docx,,docx,16995,2842d86d3c5c9e09375f903651cc0d53d0fe545e2445b6aaeb70841ef6bc943b,processed_then_deleted,2026-08-06T20:58:01+00:00,ok
daily_aqi,2023-07-24,AQI for 24 th July 2023,https://doe.gov.bd/pages/static-pages/6922dfba933eb65569e23b0a,https://objectstorage.ap-dcc-gazipur-1.oraclecloud15.com/n/axvjbnqprylg/b/V2Ministry/o/office-doe/2024/12/566f1c3010ec401b8a8fe1391a8dbdaf.docx,,docx,17235,68f502b5f642297f30800c86b20967af2507c25445ee8546e929eec1fa6325be,processed_then_deleted,2026-08-06T20:58:01+00:00,ok
daily_aqi,2023-07-25,AQI for 25 th July 2023,https://doe.gov.bd/pages/static-pages/6922dfba933eb65569e23b0a,https://objectstorage.ap-dcc-gazipur-1.oraclecloud15.com/n/axvjbnqprylg/b/V2Ministry/o/office-doe/2024/12/c7712c9361f441b28f6795b371b95fef.docx,,docx,17227,00f09d9d7cfb3b4a430bce1968c077296c0251df424f6ac3924ab28bdf99eadc,processed_then_deleted,2026-08-06T20:58:01+00:00,ok
daily_aqi,2023-07-26,AQI for 26 th July 2023,https://doe.gov.bd/pages/static-pages/6922dfba933eb65569e23b0a,https://objectstorage.ap-dcc-gazipur-1.oraclecloud15.com/n/axvjbnqprylg/b/V2Ministry/o/office-doe/2024/12/b238bc22c8bb4f899793a027c3c6dd2e.docx,,docx,16563,48bb00490f1fe72af8dabca840be14f23e54c0cd47e5e30e381517d50c520711,processed_then_deleted,2026-08-06T20:58:01+00:00,ok
daily_aqi,2023-07-27,AQI for 27 th July 2023,https://doe.gov.bd/pages/static-pages/6922dfba933eb65569e23b0a,https://objectstorage.ap-dcc-gazipur-1.oraclecloud15.com/n/axvjbnqprylg/b/V2Ministry/o/office-doe/2024/12/f65e1104d62c49f19cd3a0d945f35fb1.docx,,docx,17100,ffe4d1883dbbe5dd56f3d6f8bf2113d051a86eb86bf167b101c040d2e17ba20c,processed_then_deleted,2026-08-06T20:58:01+00:00,ok
daily_aqi,2023-07-28,AQI for 28 th July 2023,https://doe.gov.bd/pages/static-pages/6922dfba933eb65569e23b0a,https://objectstorage.ap-dcc-gazipur-1.oraclecloud15.com/n/axvjbnqprylg/b/V2Ministry/o/office-doe/2024/12/9e91b32ef7a0443b81c7c2b711817be6.docx,,docx,17231,a923761c04bc5b655357756c37a387c3007c0d8a4839bdac7f013678ac0236be,processed_then_deleted,2026-08-06T20:58:01+00:00,ok
daily_aqi,2023-07-29,AQI for 29 th July 2023,https://doe.gov.bd/pages/static-pages/6922dfba933eb65569e23b0a,https://objectstorage.ap-dcc-gazipur-1.oraclecloud15.com/n/axvjbnqprylg/b/V2Ministry/o/office-doe/2024/12/6ef91b5408fe46bf9c9dc1981df3266c.docx,,docx,17235,ae66ad251cc1906098be2e36e0f7bde1f549186c0f50cead81db4df1edacf888,processed_then_deleted,2026-08-06T20:58:01+00:00,ok
daily_aqi,2023-07-30,AQI for 30 th July 2023,https://doe.gov.bd/pages/static-pages/6922dfba933eb65569e23b0a,https://objectstorage.ap-dcc-gazipur-1.oraclecloud15.com/n/axvjbnqprylg/b/V2Ministry/o/office-doe/2024/12/c72a99b71bf0437ca834099744c13080.docx,,docx,17140,f6710398bf88df2e2a28e293c0e29873adb8cef15a1cbcd11631e3717bc6b912,processed_then_deleted,2026-08-06T20:58:01+00:00,ok
daily_aqi,2023-08-01,AQI for 01 th August 2023,https://doe.gov.bd/pages/static-pages/6922dfba933eb65569e23b0a,https://objectstorage.ap-dcc-gazipur-1.oraclecloud15.com/n/axvjbnqprylg/b/V2Ministry/o/office-doe/2024/12/6f81ded20e764e5eba1318e2cb6e0b21.docx,,docx,16996,f9ac08bb1a679930b9df43b89b778b9ea641024223b73adc7280fb8893bcdd80,processed_then_deleted,2026-08-06T20:58:01+00:00,ok
daily_aqi,2023-08-02,AQI for 02 th August 2023,https://doe.gov.bd/pages/static-pages/6922dfba933eb65569e23b0a,https://objectstorage.ap-dcc-gazipur-1.oraclecloud15.com/n/axvjbnqprylg/b/V2Ministry/o/office-doe/2024/12/113d03eeabb340d080e0a3d06359eb12.docx,,docx,16364,e8cc57c8300d41bc03d95f7e74cc3bc7c9eeb8234d852e3a8549bec2368fb954,processed_then_deleted,2026-08-06T20:58:01+00:00,ok
daily_aqi,2023-08-03,AQI for 03 th August 2023,https://doe.gov.bd/pages/static-pages/6922dfba933eb65569e23b0a,https://objectstorage.ap-dcc-gazipur-1.oraclecloud15.com/n/axvjbnqprylg/b/V2Ministry/o/office-doe/2024/12/523f9e95926a452290eb603d3577fc4d.docx,,docx,16863,278673e522997f728e5588123a1c34f36be939da244f97804f528421a02796b7,processed_then_deleted,2026-08-06T20:58:01+00:00,ok
daily_aqi,2023-08-04,AQI for 04 th August 2023,https://doe.gov.bd/pages/static-pages/6922dfba933eb65569e23b0a,https://objectstorage.ap-dcc-gazipur-1.oraclecloud15.com/n/axvjbnqprylg/b/V2Ministry/o/office-doe/2024/12/1cfaffcea3aa4fc7a373b9bd9d4d43b1.docx,,docx,16941,6decce55081ab39ea28435fbc0505856739ecdbb7f77b5efb314a25f9d6f1117,processed_then_deleted,2026-08-06T20:58:01+00:00,ok
daily_aqi,2023-08-05,AQI for 05 th August 2023,https://doe.gov.bd/pages/static-pages/6922dfba933eb65569e23b0a,https://objectstorage.ap-dcc-gazipur-1.oraclecloud15.com/n/axvjbnqprylg/b/V2Ministry/o/office-doe/2024/12/7c93434617e843c9a9f052303764ec08.docx,,docx,16874,04e3193358cecc3c049dc11ff19e1dfc5c9892d3aa946ef6612ce0f0084f795e,processed_then_deleted,2026-08-06T20:58:01+00:00,ok
daily_aqi,2023-08-06,AQI for 06 th August 2023,https://doe.gov.bd/pages/static-pages/6922dfba933eb65569e23b0a,https://objectstorage.ap-dcc-gazipur-1.oraclecloud15.com/n/axvjbnqprylg/b/V2Ministry/o/office-doe/2024/12/28fd3e7e328b4226b4720e0f9a6464b2.docx,,docx,16886,c65f4a7711d512ec190dc6c56be9431a1473d9bd4833a24fbb619aee319ed724,processed_then_deleted,2026-08-06T20:58:01+00:00,ok
daily_aqi,2023-08-07,AQI for 07 th August 2023,https://doe.gov.bd/pages/static-pages/6922dfba933eb65569e23b0a,https://objectstorage.ap-dcc-gazipur-1.oraclecloud15.com/n/axvjbnqprylg/b/V2Ministry/o/office-doe/2024/12/5a83335b685a41a9ab67041ad1716c90.docx,,docx,16946,29c970bcbb760c8f6b64ead1800760715f1028296cfb87e94ee094607fd2ffa5,processed_then_deleted,2026-08-06T20:58:01+00:00,ok
daily_aqi,2023-08-08,AQI for 08 th August 2023,https://doe.gov.bd/pages/static-pages/6922dfba933eb65569e23b0a,https://objectstorage.ap-dcc-gazipur-1.oraclecloud15.com/n/axvjbnqprylg/b/V2Ministry/o/office-doe/2024/12/553f3fcc99a347babc70ed8434f9d9dc.docx,,docx,16840,203b0e81e7ec8c2c67b487df3fcb9707be94277406872423ebeb5804e368a24e,processed_then_deleted,2026-08-06T20:58:01+00:00,ok
daily_aqi,2023-08-09,AQI for 09 th August 2023,https://doe.gov.bd/pages/static-pages/6922dfba933eb65569e23b0a,https://objectstorage.ap-dcc-gazipur-1.oraclecloud15.com/n/axvjbnqprylg/b/V2Ministry/o/office-doe/2024/12/41410d92f3d5406fa3be34a4ecba2228.docx,,docx,16930,8edc33394d92258e41fa91fe2bfff3a1f72964a041447ac20e938d71f4d1888f,processed_then_deleted,2026-08-06T20:58:01+00:00,ok
daily_aqi,2023-08-10,AQI for 10 th August 2023,https://doe.gov.bd/pages/static-pages/6922dfba933eb65569e23b0a,https://objectstorage.ap-dcc-gazipur-1.oraclecloud15.com/n/axvjbnqprylg/b/V2Ministry/o/office-doe/2024/12/6426f9dc091f4e3fb04048c9005ea267.docx,,docx,16930,8edc33394d92258e41fa91fe2bfff3a1f72964a041447ac20e938d71f4d1888f,processed_then_deleted,2026-08-06T20:58:01+00:00,ok
daily_aqi,2023-08-11,AQI for 11 th August 2023,https://doe.gov.bd/pages/static-pages/6922dfba933eb65569e23b0a,https://objectstorage.ap-dcc-gazipur-1.oraclecloud15.com/n/axvjbnqprylg/b/V2Ministry/o/office-doe/2024/12/6f89168fa33442878a0fc8c469b4685a.docx,,docx,16951,230cd1dbe50c7d9fa28debaa63cfded5404cc2b7625ca2c1d988c318eab6bfe0,processed_then_deleted,2026-08-06T20:58:01+00:00,ok
daily_aqi,2023-08-12,AQI for 12 th August 2023,https://doe.gov.bd/pages/static-pages/6922dfba933eb65569e23b0a,https://objectstorage.ap-dcc-gazipur-1.oraclecloud15.com/n/axvjbnqprylg/b/V2Ministry/o/office-doe/2024/12/8ebf03ab75c04103b6871cc3fef8f589.docx,,docx,16958,5f8a0d11476c7d2a2dcebf820ea5072b192a906698e17e037104caa4319b6669,processed_then_deleted,2026-08-06T20:58:01+00:00,ok
daily_aqi,2023-08-13,AQI for 13 th August 2023,https://doe.gov.bd/pages/static-pages/6922dfba933eb65569e23b0a,https://objectstorage.ap-dcc-gazipur-1.oraclecloud15.com/n/axvjbnqprylg/b/V2Ministry/o/office-doe/2024/12/0def267241054de4aa4179171fde26f4.docx,,docx,16981,737174cc24aa8ad9859e68450efe729089e15d006c4eb6709fb95f0b58332e88,processed_then_deleted,2026-08-06T20:58:01+00:00,ok
daily_aqi,2023-08-14,AQI for 14 th August 2023,https://doe.gov.bd/pages/static-pages/6922dfba933eb65569e23b0a,https://objectstorage.ap-dcc-gazipur-1.oraclecloud15.com/n/axvjbnqprylg/b/V2Ministry/o/office-doe/2024/12/57b4c94df04c4f228cd669a5fab20de5.docx,,docx,17005,6be221b7d620407838a82e749bbde18a49f35587ed84e569c74e012e65ac10ff,processed_then_deleted,2026-08-06T20:58:01+00:00,ok
daily_aqi,2023-08-15,AQI for 15 th August 2023,https://doe.gov.bd/pages/static-pages/6922dfba933eb65569e23b0a,https://objectstorage.ap-dcc-gazipur-1.oraclecloud15.com/n/axvjbnqprylg/b/V2Ministry/o/office-doe/2024/12/f623a3fe92f1435587fa91a55faf2329.docx,,docx,17007,e28d6dc7a7eeb386cec9489d084e5e4683a4bf19a82d76459baaeed21f8d075e,processed_then_deleted,2026-08-06T20:58:01+00:00,ok
daily_aqi,2023-08-16,AQI for 16 th August 2023,https://doe.gov.bd/pages/static-pages/6922dfba933eb65569e23b0a,https://objectstorage.ap-dcc-gazipur-1.oraclecloud15.com/n/axvjbnqprylg/b/V2Ministry/o/office-doe/2024/12/75dc776f99534146bdd2a894ecf8ecd9.docx,,docx,16969,5eb00a503d409d2ce30e0ccaa83c43c9b348841004fe341fda3f9797d679fde5,processed_then_deleted,2026-08-06T20:58:01+00:00,ok
daily_aqi,2023-08-17,AQI for 17 th August 2023,https://doe.gov.bd/pages/static-pages/6922dfba933eb65569e23b0a,https://objectstorage.ap-dcc-gazipur-1.oraclecloud15.com/n/axvjbnqprylg/b/V2Ministry/o/office-doe/2024/12/24c48ed6e83448c3956eb20a8a2a1558.docx,,docx,16975,99ee1943d3f8c34fe16072697d7ca874940319b692a662ff050fad30647f999e,processed_then_deleted,2026-08-06T20:58:01+00:00,ok
daily_aqi,2023-08-18,AQI for 18 th August 2023,https://doe.gov.bd/pages/static-pages/6922dfba933eb65569e23b0a,https://objectstorage.ap-dcc-gazipur-1.oraclecloud15.com/n/axvjbnqprylg/b/V2Ministry/o/office-doe/2024/12/18d14a5572ad4cf48172de877b06fbe0.docx,,docx,17021,7cd2e4783432933d5a056021f7392f617967b14fa2e43956f9a64b5454387201,processed_then_deleted,2026-08-06T20:58:01+00:00,ok
daily_aqi,2023-08-19,AQI for 19 th August 2023,https://doe.gov.bd/pages/static-pages/6922dfba933eb65569e23b0a,https://objectstorage.ap-dcc-gazipur-1.oraclecloud15.com/n/axvjbnqprylg/b/V2Ministry/o/office-doe/2024/12/db3412cc3cd24caca491176c12c56327.docx,,docx,16963,2265192115de2138917581701593e50f899e071a898c4580807376e910a0cb4c,processed_then_deleted,2026-08-06T20:58:01+00:00,ok
daily_aqi,2023-08-20,AQI for 20 th August 2023,https://doe.gov.bd/pages/static-pages/6922dfba933eb65569e23b0a,https://objectstorage.ap-dcc-gazipur-1.oraclecloud15.com/n/axvjbnqprylg/b/V2Ministry/o/office-doe/2024/12/850164acffd2466a9f3ef83f52f2c353.docx,,docx,16914,3c369a0a88f61d6ac844916d41f49b4738381e3cf5012982491c53eea39c1c1b,processed_then_deleted,2026-08-06T20:58:01+00:00,ok
daily_aqi,2023-08-21,AQI for 21 th August 2023,https://doe.gov.bd/pages/static-pages/6922dfba933eb65569e23b0a,https://objectstorage.ap-dcc-gazipur-1.oraclecloud15.com/n/axvjbnqprylg/b/V2Ministry/o/office-doe/2024/12/923cafd6ff2b4920a4df552f5e28978c.docx,,docx,17061,08e65112e3350af0ea286c630c2beaefd7e741cd3996ded686b4f2cfef72f267,processed_then_deleted,2026-08-06T20:58:01+00:00,ok
daily_aqi,2023-08-22,AQI for 22 th August 2023,https://doe.gov.bd/pages/static-pages/6922dfba933eb65569e23b0a,https://objectstorage.ap-dcc-gazipur-1.oraclecloud15.com/n/axvjbnqprylg/b/V2Ministry/o/office-doe/2024/12/d5a3a501a65b4e46a9b2e187755459bd.docx,,docx,16941,c459e2c2a97bde1a5c082ee60ffd941e76baeb493df78d5235326c242c0ecf3c,processed_then_deleted,2026-08-06T20:58:01+00:00,ok
daily_aqi,2023-08-23,AQI for 23 th August 2023,https://doe.gov.bd/pages/static-pages/6922dfba933eb65569e23b0a,https://objectstorage.ap-dcc-gazipur-1.oraclecloud15.com/n/axvjbnqprylg/b/V2Ministry/o/office-doe/2024/12/82e79f75523a43b1a11b0ba543bec4b7.docx,,docx,17024,4ab777e7ee1d266f32477b136b8ffed7458912a8b94e781f9aa06a5ee2602164,processed_then_deleted,2026-08-06T20:58:01+00:00,ok
daily_aqi,2023-08-24,AQI for 24 th August 2023,https://doe.gov.bd/pages/static-pages/6922dfba933eb65569e23b0a,https://objectstorage.ap-dcc-gazipur-1.oraclecloud15.com/n/axvjbnqprylg/b/V2Ministry/o/office-doe/2024/12/015610a2a13847d2af8a28c9476e38b1.docx,,docx,17030,fef4fb21bac1e0b460de91b24f81c86c3c3860fef83c9fe8031b5ed3a3d6b0fe,processed_then_deleted,2026-08-06T20:58:01+00:00,ok
daily_aqi,2023-08-25,AQI for 25 th August 2023,https://doe.gov.bd/pages/static-pages/6922dfba933eb65569e23b0a,https://objectstorage.ap-dcc-gazipur-1.oraclecloud15.com/n/axvjbnqprylg/b/V2Ministry/o/office-doe/2024/12/d00604136e9342c6b3677d57b1fca5b2.docx,,docx,16979,e243af3e8191efd3c9faf5955fb017a8e9c32871361b1223d26861e5bc95b578,processed_then_deleted,2026-08-06T20:58:01+00:00,ok
daily_aqi,2023-08-26,AQI for 26 th August 2023,https://doe.gov.bd/pages/static-pages/6922dfba933eb65569e23b0a,https://objectstorage.ap-dcc-gazipur-1.oraclecloud15.com/n/axvjbnqprylg/b/V2Ministry/o/office-doe/2024/12/075aa4362175473499052a2aaeae5c89.docx,,docx,17005,579e4eae042cf86f7fc354890f0420b558cefdb02a74ca3cbb853e4b43d3bdec,processed_then_deleted,2026-08-06T20:58:01+00:00,ok
daily_aqi,2023-08-27,AQI for 27 th August 2023,https://doe.gov.bd/pages/static-pages/6922dfba933eb65569e23b0a,https://objectstorage.ap-dcc-gazipur-1.oraclecloud15.com/n/axvjbnqprylg/b/V2Ministry/o/office-doe/2024/12/235e817abd8147c48c501522e5ee6c39.docx,,docx,17029,65f71def6458a29b6e5b5f3d54e4642c2b5460d98bd2ad0d50a3be87fa719242,processed_then_deleted,2026-08-06T20:58:01+00:00,ok
daily_aqi,2023-08-28,AQI for 28 th August 2023,https://doe.gov.bd/pages/static-pages/6922dfba933eb65569e23b0a,https://objectstorage.ap-dcc-gazipur-1.oraclecloud15.com/n/axvjbnqprylg/b/V2Ministry/o/office-doe/2024/12/230bfa68e4c7458f95e14a3bbb45813c.docx,,docx,17082,3b10061f6293d808fc359c388ed2b46af16d2e51088426418c9aaa716bd28966,processed_then_deleted,2026-08-06T20:58:01+00:00,ok
daily_aqi,2023-08-29,AQI for 29 th August 2023,https://doe.gov.bd/pages/static-pages/6922dfba933eb65569e23b0a,https://objectstorage.ap-dcc-gazipur-1.oraclecloud15.com/n/axvjbnqprylg/b/V2Ministry/o/office-doe/2024/12/d1cc2f303a3440fdbe303fbbc754bc42.docx,,docx,17218,12ada5d5a990ba510198a579d8761e168996ec9c4f104ea08481002336c06bf0,processed_then_deleted,2026-08-06T20:58:01+00:00,ok
daily_aqi,2023-08-30,AQI for 30 th August 2023,https://doe.gov.bd/pages/static-pages/6922dfba933eb65569e23b0a,https://objectstorage.ap-dcc-gazipur-1.oraclecloud15.com/n/axvjbnqprylg/b/V2Ministry/o/office-doe/2024/12/b5dc2cc67f494fc4ae8845caf157d2d7.docx,,docx,17205,87bea19057bfe763de0d44c84eeecd37d418ff47b669a3085af1752ae4818bc1,processed_then_deleted,2026-08-06T20:58:01+00:00,ok
daily_aqi,2023-08-31,AQI for 31 th August 2023,https://doe.gov.bd/pages/static-pages/6922dfba933eb65569e23b0a,https://objectstorage.ap-dcc-gazipur-1.oraclecloud15.com/n/axvjbnqprylg/b/V2Ministry/o/office-doe/2024/12/5a58197aa21d4ddb9e66af18f67ff872.docx,,docx,17169,06a88f1814517412c7d0296a54f793361eec361d4e7b0176c66af44badb909a9,processed_then_deleted,2026-08-06T20:58:01+00:00,ok
daily_aqi,2023-09-01,AQI for 01 th September 2023,https://doe.gov.bd/pages/static-pages/6922dfba933eb65569e23b0a,https://objectstorage.ap-dcc-gazipur-1.oraclecloud15.com/n/axvjbnqprylg/b/V2Ministry/o/office-doe/2024/12/3393c598871d4c8a82c91f9bb665110b.docx,,docx,16923,4f839bfbc890e5de217954980b0029b1ce3ef5572caab4acc8784fa62ad730c6,processed_then_deleted,2026-08-06T20:58:01+00:00,ok
daily_aqi,2023-09-02,AQI for 02 th September 2023,https://doe.gov.bd/pages/static-pages/6922dfba933eb65569e23b0a,https://objectstorage.ap-dcc-gazipur-1.oraclecloud15.com/n/axvjbnqprylg/b/V2Ministry/o/office-doe/2024/12/23407579859341189b7dfb2488183abf.docx,,docx,16736,9ef8dd97ca217c5887e8380d3390b1e868776b9feed1ea653e310fbf36ec1d24,processed_then_deleted,2026-08-06T20:58:01+00:00,ok
daily_aqi,2023-09-03,AQI for 03 th September 2023,https://doe.gov.bd/pages/static-pages/6922dfba933eb65569e23b0a,https://objectstorage.ap-dcc-gazipur-1.oraclecloud15.com/n/axvjbnqprylg/b/V2Ministry/o/office-doe/2024/12/91dba752352b4173adf1f23c3807572d.docx,,docx,16665,7c8371388982c47f8cd7cd107b19b74bac34ab556e64f884dc22ed82d172572a,processed_then_deleted,2026-08-06T20:58:01+00:00,ok
daily_aqi,2023-09-04,AQI for 04 th September 2023,https://doe.gov.bd/pages/static-pages/6922dfba933eb65569e23b0a,https://objectstorage.ap-dcc-gazipur-1.oraclecloud15.com/n/axvjbnqprylg/b/V2Ministry/o/office-doe/2024/12/950646cfa0fa49bfbd85406e6b3e5eaf.docx,,docx,16883,a965850e8e2d2ef7c74dd15310c758008a758424a58156347650780146c37c10,processed_then_deleted,2026-08-06T20:58:01+00:00,ok
daily_aqi,2023-09-05,AQI for 05 th September 2023,https://doe.gov.bd/pages/static-pages/6922dfba933eb65569e23b0a,https://objectstorage.ap-dcc-gazipur-1.oraclecloud15.com/n/axvjbnqprylg/b/V2Ministry/o/office-doe/2024/12/48c02f6c535b403bb24dbdb11c8573c0.docx,,docx,16870,197b89becf5bd879ad4fbe95bb8ac4157367237e1ac0eb7fb4d74610b5303468,processed_then_deleted,2026-08-06T20:58:01+00:00,ok
daily_aqi,2023-09-06,AQI for 06 th September 2023,https://doe.gov.bd/pages/static-pages/6922dfba933eb65569e23b0a,https://objectstorage.ap-dcc-gazipur-1.oraclecloud15.com/n/axvjbnqprylg/b/V2Ministry/o/office-doe/2024/12/4d18182d2d6543fc95fa7330dc5584c1.docx,,docx,16870,197b89becf5bd879ad4fbe95bb8ac4157367237e1ac0eb7fb4d74610b5303468,processed_then_deleted,2026-08-06T20:58:01+00:00,ok
daily_aqi,2023-09-07,AQI for 07 th September 2023,https://doe.gov.bd/pages/static-pages/6922dfba933eb65569e23b0a,https://objectstorage.ap-dcc-gazipur-1.oraclecloud15.com/n/axvjbnqprylg/b/V2Ministry/o/office-doe/2024/12/0d1bfd497349417a91b2122c52c576c5.docx,,docx,16870,197b89becf5bd879ad4fbe95bb8ac4157367237e1ac0eb7fb4d74610b5303468,processed_then_deleted,2026-08-06T20:58:01+00:00,ok
daily_aqi,2023-09-08,AQI for 08 th September 2023,https://doe.gov.bd/pages/static-pages/6922dfba933eb65569e23b0a,https://objectstorage.ap-dcc-gazipur-1.oraclecloud15.com/n/axvjbnqprylg/b/V2Ministry/o/office-doe/2024/12/5d79c46e7a3244ac8c1d797a6cae93ad.docx,,docx,17061,b8bf76f2e248f4505c911b119a947b6f909413ccf5638604c236b3c86f44ed43,processed_then_deleted,2026-08-06T20:58:01+00:00,ok
daily_aqi,2023-09-09,AQI for 09 th September 2023,https://doe.gov.bd/pages/static-pages/6922dfba933eb65569e23b0a,https://objectstorage.ap-dcc-gazipur-1.oraclecloud15.com/n/axvjbnqprylg/b/V2Ministry/o/office-doe/2024/12/ea3fd6ec0ef94d19a64706bf6a9ef5e2.docx,,docx,16941,ca4ee29471658a262328fcbab4c67eab873fc962cb221950052b304013c7e842,processed_then_deleted,2026-08-06T20:58:01+00:00,ok
daily_aqi,2023-09-10,AQI for 10 th September 2023,https://doe.gov.bd/pages/static-pages/6922dfba933eb65569e23b0a,https://objectstorage.ap-dcc-gazipur-1.oraclecloud15.com/n/axvjbnqprylg/b/V2Ministry/o/office-doe/2024/12/38285f96e38c4b49bd4fe251aa008511.docx,,docx,16889,fbce2864e928f9fbbca01263b076e274ce6b3b9bae6b14b2a7c28fe36a308866,processed_then_deleted,2026-08-06T20:58:01+00:00,ok
daily_aqi,2023-09-11,AQI for 11 th September 2023,https://doe.gov.bd/pages/static-pages/6922dfba933eb65569e23b0a,https://objectstorage.ap-dcc-gazipur-1.oraclecloud15.com/n/axvjbnqprylg/b/V2Ministry/o/office-doe/2024/12/76d8729781ba4a7987f4f0d1535bcdaf.docx,,docx,16977,8d19c254b8661a84d3b756c2acea1ceb0bbac7d644f43c5617c4898aee460980,processed_then_deleted,2026-08-06T20:58:01+00:00,ok
daily_aqi,2023-09-12,AQI for 12 th September 2023,https://doe.gov.bd/pages/static-pages/6922dfba933eb65569e23b0a,https://objectstorage.ap-dcc-gazipur-1.oraclecloud15.com/n/axvjbnqprylg/b/V2Ministry/o/office-doe/2024/12/2c2de48107674588a0d351a9d74f6c3f.docx,,docx,16992,d13bf1546e6bee3a191cfb0f4492e165c2224f76fd8730e4519092a9c7e3843e,processed_then_deleted,2026-08-06T20:58:01+00:00,ok
daily_aqi,2023-09-13,AQI for 13 th September 2023,https://doe.gov.bd/pages/static-pages/6922dfba933eb65569e23b0a,https://objectstorage.ap-dcc-gazipur-1.oraclecloud15.com/n/axvjbnqprylg/b/V2Ministry/o/office-doe/2024/12/57188b38ca94498d97176802a31f6a73.docx,,docx,17026,250141d98417d00b4de20615f2bbfc94d86ecfd2de9a64bbdfc7ed83b3f9eb45,processed_then_deleted,2026-08-06T20:58:01+00:00,ok
daily_aqi,2023-09-14,AQI for 14 th September 2023,https://doe.gov.bd/pages/static-pages/6922dfba933eb65569e23b0a,https://objectstorage.ap-dcc-gazipur-1.oraclecloud15.com/n/axvjbnqprylg/b/V2Ministry/o/office-doe/2024/12/e436bbc9db7546fa85aa489b75275b87.docx,,docx,17035,ea92b562d06adda6687d7c87c30b352ad8c342155364c1a65806292da3cfa6c4,processed_then_deleted,2026-08-06T20:58:01+00:00,ok
daily_aqi,2023-09-15,AQI for 15 th September 2023,https://doe.gov.bd/pages/static-pages/6922dfba933eb65569e23b0a,https://objectstorage.ap-dcc-gazipur-1.oraclecloud15.com/n/axvjbnqprylg/b/V2Ministry/o/office-doe/2024/12/a84df2b701b84f9797b82958ea562c40.docx,,docx,16943,9d96acff0965335864a9a6aa58830b41e46db8d8007d3593bd1fe95200e016fa,processed_then_deleted,2026-08-06T20:58:01+00:00,ok
daily_aqi,2023-09-16,AQI for 16 th September 2023,https://doe.gov.bd/pages/static-pages/6922dfba933eb65569e23b0a,https://objectstorage.ap-dcc-gazipur-1.oraclecloud15.com/n/axvjbnqprylg/b/V2Ministry/o/office-doe/2024/12/47b10d2e91dd4c56850e4ffa118cbdb9.docx,,docx,16966,e5ac7c97b6efc0e8009689cb8d0b65c65e9610bd4151d73a2dab765f8aac2a86,processed_then_deleted,2026-08-06T20:58:01+00:00,ok
daily_aqi,2023-09-17,AQI for 17 th September 2023,https://doe.gov.bd/pages/static-pages/6922dfba933eb65569e23b0a,https://objectstorage.ap-dcc-gazipur-1.oraclecloud15.com/n/axvjbnqprylg/b/V2Ministry/o/office-doe/2024/12/5a63f2943f394a15a9b1be26e160a936.docx,,docx,17093,15181677cd3454da6843bc4089101ca41d73a1a1086f34a4d0e6dbce6020e7c0,processed_then_deleted,2026-08-06T20:58:01+00:00,ok
daily_aqi,2023-09-18,AQI for 18 th September 2023,https://doe.gov.bd/pages/static-pages/6922dfba933eb65569e23b0a,https://objectstorage.ap-dcc-gazipur-1.oraclecloud15.com/n/axvjbnqprylg/b/V2Ministry/o/office-doe/2024/12/f44c7d2db2ba456c846bd6323a81f310.docx,,docx,17091,cacdce231f3f995124677e1fd60bf5127f2bd40123e60f216902a1800612ae3c,processed_then_deleted,2026-08-06T20:58:01+00:00,ok
daily_aqi,2023-09-19,AQI for 19 th September 2023,https://doe.gov.bd/pages/static-pages/6922dfba933eb65569e23b0a,https://objectstorage.ap-dcc-gazipur-1.oraclecloud15.com/n/axvjbnqprylg/b/V2Ministry/o/office-doe/2024/12/991b7ec0771c4fa69dc486bf04d9793f.docx,,docx,17123,ce4e49dba167ccfdf9cedad14e65a010ad68f79639d6756e0f7c0fc142807076,processed_then_deleted,2026-08-06T20:58:01+00:00,ok
daily_aqi,2023-09-20,AQI for 20 th September 2023,https://doe.gov.bd/pages/static-pages/6922dfba933eb65569e23b0a,https://objectstorage.ap-dcc-gazipur-1.oraclecloud15.com/n/axvjbnqprylg/b/V2Ministry/o/office-doe/2024/12/0bae83b1162a46cda2bb07b615d3bf30.docx,,docx,17043,ade37913ebc4bef6dc517c2fb3c62133ec0079b89bb35fc16a46464d3ebaed2f,processed_then_deleted,2026-08-06T20:58:01+00:00,ok
daily_aqi,2023-09-21,AQI for 21 th September 2023,https://doe.gov.bd/pages/static-pages/6922dfba933eb65569e23b0a,https://objectstorage.ap-dcc-gazipur-1.oraclecloud15.com/n/axvjbnqprylg/b/V2Ministry/o/office-doe/2024/12/77f418faca9641949c4a72759db23b3c.docx,,docx,17082,d8134ca22f31c9da91612fff20cf9553b67994508361e7618b2e31081e74523c,processed_then_deleted,2026-08-06T20:58:01+00:00,ok
daily_aqi,2023-09-22,AQI for 22 th September 2023,https://doe.gov.bd/pages/static-pages/6922dfba933eb65569e23b0a,https://objectstorage.ap-dcc-gazipur-1.oraclecloud15.com/n/axvjbnqprylg/b/V2Ministry/o/office-doe/2024/12/bcdfb3ed0a6949fba24a6af37968ac30.docx,,docx,17061,87a8e7b84e3792fd9465265f48ffae08494b75740fc3d14c1e863dfed54a21d0,processed_then_deleted,2026-08-06T20:58:01+00:00,ok
daily_aqi,2023-09-23,AQI for 23 th September 2023,https://doe.gov.bd/pages/static-pages/6922dfba933eb65569e23b0a,https://objectstorage.ap-dcc-gazipur-1.oraclecloud15.com/n/axvjbnqprylg/b/V2Ministry/o/office-doe/2024/12/af413207fc38455292fb0b1f38ba7980.docx,,docx,17072,a68b70ff95f7224ef53b32de7b1504972d4e2c4fcade7f0aa932a5790d28fa58,processed_then_deleted,2026-08-06T20:58:01+00:00,ok
daily_aqi,2023-09-24,AQI for 24 th September 2023,https://doe.gov.bd/pages/static-pages/6922dfba933eb65569e23b0a,https://objectstorage.ap-dcc-gazipur-1.oraclecloud15.com/n/axvjbnqprylg/b/V2Ministry/o/office-doe/2024/12/e696a7150e7e4172afee1c1a182b4b47.docx,,docx,17074,47de72a77395e30f9ab85c8661fd545c037de2050624da8b569b45a37716bfa4,processed_then_deleted,2026-08-06T20:58:01+00:00,ok
daily_aqi,2023-09-25,AQI for 25 th September 2023,https://doe.gov.bd/pages/static-pages/6922dfba933eb65569e23b0a,https://objectstorage.ap-dcc-gazipur-1.oraclecloud15.com/n/axvjbnqprylg/b/V2Ministry/o/office-doe/2024/12/1f955874b72d47129906fdee13f4858a.docx,,docx,17135,900c333858d0eb3b033556864abd15ac871377b892086f642a2c87bef3b453e8,processed_then_deleted,2026-08-06T20:58:01+00:00,ok
daily_aqi,2023-09-26,AQI for 26 th September 2023,https://doe.gov.bd/pages/static-pages/6922dfba933eb65569e23b0a,https://objectstorage.ap-dcc-gazipur-1.oraclecloud15.com/n/axvjbnqprylg/b/V2Ministry/o/office-doe/2024/12/f8d50469cab445389dd130b3ee29e026.docx,,docx,17176,2530b33b6a44f036e3eff4ab261c140299127ea081b21c90d26d6594e1893300,processed_then_deleted,2026-08-06T20:58:01+00:00,ok
daily_aqi,2023-09-27,AQI for 27 th September 2023,https://doe.gov.bd/pages/static-pages/6922dfba933eb65569e23b0a,https://objectstorage.ap-dcc-gazipur-1.oraclecloud15.com/n/axvjbnqprylg/b/V2Ministry/o/office-doe/2024/12/293d0de7377a4d758fd2b53951421ca8.docx,,docx,17062,575202374004d5fd489aaea48465f537a3560ae5064d867cf3b1aeb1ab28f24b,processed_then_deleted,2026-08-06T20:58:01+00:00,ok
daily_aqi,2023-09-28,AQI for 28 th September 2023,https://doe.gov.bd/pages/static-pages/6922dfba933eb65569e23b0a,https://objectstorage.ap-dcc-gazipur-1.oraclecloud15.com/n/axvjbnqprylg/b/V2Ministry/o/office-doe/2024/12/cac2983c004244b0ae2d2ecf0cb78b00.docx,,docx,17157,71c22948db88e882c58eb59d3aea0cada9ef7b2635138f08a34419336ee27228,processed_then_deleted,2026-08-06T20:58:01+00:00,ok
daily_aqi,2023-09-29,AQI for 29 th September 2023,https://doe.gov.bd/pages/static-pages/6922dfba933eb65569e23b0a,https://objectstorage.ap-dcc-gazipur-1.oraclecloud15.com/n/axvjbnqprylg/b/V2Ministry/o/office-doe/2024/12/a7d57a8c864d40ad86a386031805839f.docx,,docx,17161,e7a467bcd681b99e8de2a9ad08135e4bd5ed7c24c7a32574eb522f72a4cb6344,processed_then_deleted,2026-08-06T20:58:01+00:00,ok
daily_aqi,2023-09-30,AQI for 30 th September 2023,https://doe.gov.bd/pages/static-pages/6922dfba933eb65569e23b0a,https://objectstorage.ap-dcc-gazipur-1.oraclecloud15.com/n/axvjbnqprylg/b/V2Ministry/o/office-doe/2024/12/7469a254091f47e688c69138fb4eba80.docx,,docx,17051,0b7c97922669425cc109c2d457de9176978241ba8193a5827c366a4bef11da32,processed_then_deleted,2026-08-06T20:58:01+00:00,ok
daily_aqi,2023-10-01,AQI for 01 th October 2023,https://doe.gov.bd/pages/static-pages/6922dfba933eb65569e23b0a,https://objectstorage.ap-dcc-gazipur-1.oraclecloud15.com/n/axvjbnqprylg/b/V2Ministry/o/office-doe/2024/12/8db239fb8aad4d69a2074289d40bd170.docx,,docx,16943,418c81604741d261ee8b0c354976ded969e6e521cebfc71b6368c485ed675288,processed_then_deleted,2026-08-06T20:58:01+00:00,ok
daily_aqi,2023-10-02,AQI for 02 th October 2023,https://doe.gov.bd/pages/static-pages/6922dfba933eb65569e23b0a,https://objectstorage.ap-dcc-gazipur-1.oraclecloud15.com/n/axvjbnqprylg/b/V2Ministry/o/office-doe/2024/12/ea103d807e4245ff97754e4c5acd061a.docx,,docx,16943,418c81604741d261ee8b0c354976ded969e6e521cebfc71b6368c485ed675288,processed_then_deleted,2026-08-06T20:58:01+00:00,ok
daily_aqi,2023-10-03,AQI for 03 th October 2023,https://doe.gov.bd/pages/static-pages/6922dfba933eb65569e23b0a,https://objectstorage.ap-dcc-gazipur-1.oraclecloud15.com/n/axvjbnqprylg/b/V2Ministry/o/office-doe/2024/12/abaff693b0a94462904564214a1d3370.docx,,docx,17068,06db155b026231e192e313beb0a782d7fedbdd7d74b0628d4d2ab6e7699a72e9,processed_then_deleted,2026-08-06T20:58:01+00:00,ok
daily_aqi,2023-10-04,AQI for 04 th October 2023,https://doe.gov.bd/pages/static-pages/6922dfba933eb65569e23b0a,https://objectstorage.ap-dcc-gazipur-1.oraclecloud15.com/n/axvjbnqprylg/b/V2Ministry/o/office-doe/2024/12/82e134c2f9854a04b83db81375c1c39b.docx,,docx,16965,4b3aa552fcc4dbee43427f50d87bd76ded52d9db295f24fc891bfdcccc82662c,processed_then_deleted,2026-08-06T20:58:01+00:00,ok
daily_aqi,2023-10-05,AQI for 05 th October 2023,https://doe.gov.bd/pages/static-pages/6922dfba933eb65569e23b0a,https://objectstorage.ap-dcc-gazipur-1.oraclecloud15.com/n/axvjbnqprylg/b/V2Ministry/o/office-doe/2024/12/47ef2f2370ff4a77beff3a628c824b67.docx,,docx,17078,bc60dc15725ce97493ec80b5cf350045b231bb9b369da78651d8f9cf65d69cb4,processed_then_deleted,2026-08-06T20:58:01+00:00,ok
daily_aqi,2023-10-06,AQI for 06 th October 2023,https://doe.gov.bd/pages/static-pages/6922dfba933eb65569e23b0a,https://objectstorage.ap-dcc-gazipur-1.oraclecloud15.com/n/axvjbnqprylg/b/V2Ministry/o/office-doe/2024/12/a4e449f00c9b4a60871ce30c08bdb5db.docx,,docx,16927,1020f0ebe887cf900673b28a6b233a54b88b7888402316e0b43ec343f839c662,processed_then_deleted,2026-08-06T20:58:01+00:00,ok
daily_aqi,2023-10-07,AQI for 07 th October 2023,https://doe.gov.bd/pages/static-pages/6922dfba933eb65569e23b0a,https://objectstorage.ap-dcc-gazipur-1.oraclecloud15.com/n/axvjbnqprylg/b/V2Ministry/o/office-doe/2024/12/8359ee97de3d44eb8545b5f3e9d640f7.docx,,docx,17053,e2f925a0865a99bec967205327fc2e32a97226d76a5039c51dfd848281da56a0,processed_then_deleted,2026-08-06T20:58:01+00:00,ok
daily_aqi,2023-10-08,AQI for 08 th October 2023,https://doe.gov.bd/pages/static-pages/6922dfba933eb65569e23b0a,https://objectstorage.ap-dcc-gazipur-1.oraclecloud15.com/n/axvjbnqprylg/b/V2Ministry/o/office-doe/2024/12/d9d518eec9e14dd6bac70ed60a0644d7.docx,,docx,16935,5eb03ae8121bae93c74656d0b594f2dfc4e33e8ccb52fa4cb7dc88c819d7a211,processed_then_deleted,2026-08-06T20:58:01+00:00,ok
daily_aqi,2023-10-09,AQI for 09 th October 2023,https://doe.gov.bd/pages/static-pages/6922dfba933eb65569e23b0a,https://objectstorage.ap-dcc-gazipur-1.oraclecloud15.com/n/axvjbnqprylg/b/V2Ministry/o/office-doe/2024/12/663b04ef19a0488595529846ba8f558e.docx,,docx,17038,35280211596397f61ec229a4166e9a5d770c09afbee1d645cc2530446981b630,processed_then_deleted,2026-08-06T20:58:01+00:00,ok
daily_aqi,2023-10-10,AQI for 10 th October 2023,https://doe.gov.bd/pages/static-pages/6922dfba933eb65569e23b0a,https://objectstorage.ap-dcc-gazipur-1.oraclecloud15.com/n/axvjbnqprylg/b/V2Ministry/o/office-doe/2024/12/ca77f4bf11b148069b9699698b60bc56.docx,,docx,17121,e49fbb6ac510ed63b7e836477340dd3027d3244c8aadf033e4e32a73bd8f21f3,processed_then_deleted,2026-08-06T20:58:01+00:00,ok
daily_aqi,2023-10-11,AQI for 11 th October 2023,https://doe.gov.bd/pages/static-pages/6922dfba933eb65569e23b0a,https://objectstorage.ap-dcc-gazipur-1.oraclecloud15.com/n/axvjbnqprylg/b/V2Ministry/o/office-doe/2024/12/65a536bc1a9c43fca9cc1ab35b2263b6.docx,,docx,17113,dda02cad8b68c4ba147a57199893b0f40571e99ed4bd2a0278327ee7c5972b2e,processed_then_deleted,2026-08-06T20:58:01+00:00,ok
daily_aqi,2023-10-12,AQI for 12 th October 2023,https://doe.gov.bd/pages/static-pages/6922dfba933eb65569e23b0a,https://objectstorage.ap-dcc-gazipur-1.oraclecloud15.com/n/axvjbnqprylg/b/V2Ministry/o/office-doe/2024/12/27bf722ff06447b38465332f9cf1f69e.docx,,docx,17012,cb2432cf4676e4c3fe9fac87b9a95028abd837e3094c4e058bac1c8d9acc213b,processed_then_deleted,2026-08-06T20:58:01+00:00,ok
daily_aqi,2023-10-13,AQI for 13 th October 2023,https://doe.gov.bd/pages/static-pages/6922dfba933eb65569e23b0a,https://objectstorage.ap-dcc-gazipur-1.oraclecloud15.com/n/axvjbnqprylg/b/V2Ministry/o/office-doe/2024/12/f91d7964fe7a4f1fb09161bbf263d2fc.docx,,docx,17037,3ac1ed2d7316b2d11b492de7f3e72526d0e1d32b7b0c4ef6a8f2d1a89e8777db,processed_then_deleted,2026-08-06T20:58:01+00:00,ok
daily_aqi,2023-10-14,AQI for 14 th October 2023,https://doe.gov.bd/pages/static-pages/6922dfba933eb65569e23b0a,https://objectstorage.ap-dcc-gazipur-1.oraclecloud15.com/n/axvjbnqprylg/b/V2Ministry/o/office-doe/2024/12/62cdd4fffa5543b18764e7c75eda5978.docx,,docx,16986,1ebb4f7ffdcc7bdfba05f648d1089918384d2c0923678117d859040d31d0df14,processed_then_deleted,2026-08-06T20:58:01+00:00,ok
daily_aqi,2023-10-15,AQI for 15 th October 2023,https://doe.gov.bd/pages/static-pages/6922dfba933eb65569e23b0a,https://objectstorage.ap-dcc-gazipur-1.oraclecloud15.com/n/axvjbnqprylg/b/V2Ministry/o/office-doe/2024/12/df01e5c59852425da29cd8cd9bc7a10c.docx,,docx,17041,92182c5e9feb3faa2b2a3bf34f8114fc7a47eddeed3af75305b83b4e639f58cd,processed_then_deleted,2026-08-06T20:58:01+00:00,ok
daily_aqi,2023-10-16,AQI for 16 th October 2023,https://doe.gov.bd/pages/static-pages/6922dfba933eb65569e23b0a,https://objectstorage.ap-dcc-gazipur-1.oraclecloud15.com/n/axvjbnqprylg/b/V2Ministry/o/office-doe/2024/12/83dc9c926cc34c348d7ddda26d8caba1.docx,,docx,17262,4cc9407cb5fa312b5dff93ecbb5087789bb0ced1f73fac79f9bfa0ae14cb1a83,processed_then_deleted,2026-08-06T20:58:01+00:00,ok
daily_aqi,2023-10-17,AQI for 17 th October 2023,https://doe.gov.bd/pages/static-pages/6922dfba933eb65569e23b0a,https://objectstorage.ap-dcc-gazipur-1.oraclecloud15.com/n/axvjbnqprylg/b/V2Ministry/o/office-doe/2024/12/078a65bde1c54b24b0f66cdee1f111c9.docx,,docx,17220,397823f7410b85e700b50933a966c28fe83b12e48701bbcaa11f6d753f1d5e02,processed_then_deleted,2026-08-06T20:58:01+00:00,ok
daily_aqi,2023-10-18,AQI for 18 th October 2023,https://doe.gov.bd/pages/static-pages/6922dfba933eb65569e23b0a,https://objectstorage.ap-dcc-gazipur-1.oraclecloud15.com/n/axvjbnqprylg/b/V2Ministry/o/office-doe/2024/12/32e033674038465db20e718072ee09b7.docx,,docx,17220,397823f7410b85e700b50933a966c28fe83b12e48701bbcaa11f6d753f1d5e02,processed_then_deleted,2026-08-06T20:58:01+00:00,ok
daily_aqi,2023-10-19,AQI for 19 th October 2023,https://doe.gov.bd/pages/static-pages/6922dfba933eb65569e23b0a,https://objectstorage.ap-dcc-gazipur-1.oraclecloud15.com/n/axvjbnqprylg/b/V2Ministry/o/office-doe/2024/12/675ca770bc13485a9a7f88c79b4918c2.docx,,docx,17210,f432851ce71a2c29027c3d4e0da57dca491a5467c49aebb7b35e3bca8c58af8f,processed_then_deleted,2026-08-06T20:58:01+00:00,ok
daily_aqi,2023-10-20,AQI for 20 th October 2023,https://doe.gov.bd/pages/static-pages/6922dfba933eb65569e23b0a,https://objectstorage.ap-dcc-gazipur-1.oraclecloud15.com/n/axvjbnqprylg/b/V2Ministry/o/office-doe/2024/12/269246af186648df890a95565d337c15.docx,,docx,17210,f432851ce71a2c29027c3d4e0da57dca491a5467c49aebb7b35e3bca8c58af8f,processed_then_deleted,2026-08-06T20:58:01+00:00,ok
daily_aqi,2023-10-21,AQI for 21 th October 2023,https://doe.gov.bd/pages/static-pages/6922dfba933eb65569e23b0a,https://objectstorage.ap-dcc-gazipur-1.oraclecloud15.com/n/axvjbnqprylg/b/V2Ministry/o/office-doe/2024/12/0bdffd77778945d3955f665b71477d39.docx,,docx,17208,9d940e1cba98b93b54b3e89cf767514f8ede27c0ca3266644a1c3c23d7a9ecdc,processed_then_deleted,2026-08-06T20:58:01+00:00,ok
daily_aqi,2023-10-22,AQI for 22 th October 2023,https://doe.gov.bd/pages/static-pages/6922dfba933eb65569e23b0a,https://objectstorage.ap-dcc-gazipur-1.oraclecloud15.com/n/axvjbnqprylg/b/V2Ministry/o/office-doe/2024/12/58f7f596a19545b0bb8ab5582b0d777b.docx,,docx,16796,8c98c9b84ca234bad3001bd1f11a0f7a7a2685063aa11ec2466ec06fb443c276,processed_then_deleted,2026-08-06T20:58:01+00:00,ok
daily_aqi,2023-10-23,AQI for 23 th October 2023,https://doe.gov.bd/pages/static-pages/6922dfba933eb65569e23b0a,https://objectstorage.ap-dcc-gazipur-1.oraclecloud15.com/n/axvjbnqprylg/b/V2Ministry/o/office-doe/2024/12/323eaea739e345c49aaec369cb2f5f6c.docx,,docx,17245,231e54853b092f92a7027c3ae825f85c335278bf9c9fec61baaaa801dd8c5192,processed_then_deleted,2026-08-06T20:58:01+00:00,ok
daily_aqi,2023-10-24,AQI for 24 th October 2023,https://doe.gov.bd/pages/static-pages/6922dfba933eb65569e23b0a,https://objectstorage.ap-dcc-gazipur-1.oraclecloud15.com/n/axvjbnqprylg/b/V2Ministry/o/office-doe/2024/12/8b2437334018438d9dff358531c19ef5.docx,,docx,17074,7fc0bc85a3a61b64ae8346a19f3437d655a84b21a063ebb9fb3d0e1f01f60f78,processed_then_deleted,2026-08-06T20:58:01+00:00,ok
daily_aqi,2023-10-25,AQI for 25 th October 2023,https://doe.gov.bd/pages/static-pages/6922dfba933eb65569e23b0a,https://objectstorage.ap-dcc-gazipur-1.oraclecloud15.com/n/axvjbnqprylg/b/V2Ministry/o/office-doe/2024/12/afaf7e3b69ba4f86982801daf5f56c06.docx,,docx,17089,49cf292280b0d241caba8090058667aaaaa1d34840234f4ec6a4549a65fedc00,processed_then_deleted,2026-08-06T20:58:01+00:00,ok
daily_aqi,2023-10-26,AQI for 26 th October 2023,https://doe.gov.bd/pages/static-pages/6922dfba933eb65569e23b0a,https://objectstorage.ap-dcc-gazipur-1.oraclecloud15.com/n/axvjbnqprylg/b/V2Ministry/o/office-doe/2024/12/625a8246e27243898085ebefdd70d66d.docx,,docx,17264,f92bd7869b8a09fde8d8950c3b621719fc5979a943645a85aa353bf863dd51ab,processed_then_deleted,2026-08-06T20:58:01+00:00,ok
daily_aqi,2023-10-27,AQI for 27 th October 2023,https://doe.gov.bd/pages/static-pages/6922dfba933eb65569e23b0a,https://objectstorage.ap-dcc-gazipur-1.oraclecloud15.com/n/axvjbnqprylg/b/V2Ministry/o/office-doe/2024/12/2463cec2e7314358b26bce540a0e9904.docx,,docx,17241,e9a9ba3a40bb1f23a7bd39f78e7bfef7b046ebb85c9613dd180732b453eeafd9,processed_then_deleted,2026-08-06T20:58:01+00:00,ok
daily_aqi,2023-10-28,AQI for 28 th October 2023,https://doe.gov.bd/pages/static-pages/6922dfba933eb65569e23b0a,https://objectstorage.ap-dcc-gazipur-1.oraclecloud15.com/n/axvjbnqprylg/b/V2Ministry/o/office-doe/2024/12/f39d634980d94510a844c30f260c1b78.docx,,docx,17157,a78eb1294317d9892fd580098d877d98a169e8298da8041132d916652540e8fa,processed_then_deleted,2026-08-06T20:58:01+00:00,ok
daily_aqi,2023-10-29,AQI for 29 th October 2023,https://doe.gov.bd/pages/static-pages/6922dfba933eb65569e23b0a,https://objectstorage.ap-dcc-gazipur-1.oraclecloud15.com/n/axvjbnqprylg/b/V2Ministry/o/office-doe/2024/12/bc502b3b69cf4d23be97e24aeb78903b.docx,,docx,17284,1062f0e069a7fb949901214862a307c8378383d462ecdc1fe20c4c9c7711b73b,processed_then_deleted,2026-08-06T20:58:01+00:00,ok
daily_aqi,2023-10-30,AQI for 30 th October 2023,https://doe.gov.bd/pages/static-pages/6922dfba933eb65569e23b0a,https://objectstorage.ap-dcc-gazipur-1.oraclecloud15.com/n/axvjbnqprylg/b/V2Ministry/o/office-doe/2024/12/49eea376191a43f8ae78882563219a2a.docx,,docx,17231,3b0ead59d83e6bf8b3c51e17504dba4acfdbf717a5a96e3c20b3e82c5d787b68,processed_then_deleted,2026-08-06T20:58:01+00:00,ok
daily_aqi,2023-10-31,AQI for 31 th October 2023,https://doe.gov.bd/pages/static-pages/6922dfba933eb65569e23b0a,https://objectstorage.ap-dcc-gazipur-1.oraclecloud15.com/n/axvjbnqprylg/b/V2Ministry/o/office-doe/2024/12/c00a178ab3f7499cbafcde8ee23c851f.docx,,docx,17225,ee0dead7a2d0cb274b9d0a4b4eda380f7ca0d004b593f1af9f857267a3a68ef6,processed_then_deleted,2026-08-06T20:58:01+00:00,ok
daily_aqi,2023-11-01,AQI for 01 th November 2023,https://doe.gov.bd/pages/static-pages/6922dfba933eb65569e23b0a,https://objectstorage.ap-dcc-gazipur-1.oraclecloud15.com/n/axvjbnqprylg/b/V2Ministry/o/office-doe/2024/12/1ef36839825942f3bcac147ad537bfea.docx,,docx,16979,8f5b0084663d5d09ec4f4ae8ef195ddb78a0afe1d6df95b55d7a6998e11c3780,processed_then_deleted,2026-08-06T20:58:01+00:00,ok
daily_aqi,2023-11-03,AQI for 03 th November 2023,https://doe.gov.bd/pages/static-pages/6922dfba933eb65569e23b0a,https://objectstorage.ap-dcc-gazipur-1.oraclecloud15.com/n/axvjbnqprylg/b/V2Ministry/o/office-doe/2024/12/99b4dd8b2c5f48b88a15e3bf976f3f58.docx,,docx,17080,38b23ea3a8bf228422bcfe0ad21df310c1fd918a14179f47b1cb97b6d2f000ca,processed_then_deleted,2026-08-06T20:58:01+00:00,ok
daily_aqi,2023-11-04,AQI for 02 th November 2023,https://doe.gov.bd/pages/static-pages/6922dfba933eb65569e23b0a,https://objectstorage.ap-dcc-gazipur-1.oraclecloud15.com/n/axvjbnqprylg/b/V2Ministry/o/office-doe/2024/12/bfeddbca77c648fdb27f103fbb9aa965.docx,,docx,17080,38b23ea3a8bf228422bcfe0ad21df310c1fd918a14179f47b1cb97b6d2f000ca,processed_then_deleted,2026-08-06T20:58:01+00:00,ok
daily_aqi,2023-11-04,AQI for 04 th November 2023,https://doe.gov.bd/pages/static-pages/6922dfba933eb65569e23b0a,https://objectstorage.ap-dcc-gazipur-1.oraclecloud15.com/n/axvjbnqprylg/b/V2Ministry/o/office-doe/2024/12/d89213323e804432937abf76d4b411e9.docx,,docx,16945,9f2bc00a9f04dcfd7e4cef68a8bc790a17684532df911691951d33bc273d66da,processed_then_deleted,2026-08-06T20:58:01+00:00,ok
daily_aqi,2023-11-05,AQI for 05 th November 2023,https://doe.gov.bd/pages/static-pages/6922dfba933eb65569e23b0a,https://objectstorage.ap-dcc-gazipur-1.oraclecloud15.com/n/axvjbnqprylg/b/V2Ministry/o/office-doe/2024/12/b6a52811354e4761b02ed08c139840d1.docx,,docx,17007,d658e76b56d5f06e7139527b38f5e4bc22867cbd0f3bb939f30c1d685e46a8c3,processed_then_deleted,2026-08-06T20:58:01+00:00,ok
daily_aqi,2023-11-06,AQI for 06 th November 2023,https://doe.gov.bd/pages/static-pages/6922dfba933eb65569e23b0a,https://objectstorage.ap-dcc-gazipur-1.oraclecloud15.com/n/axvjbnqprylg/b/V2Ministry/o/office-doe/2024/12/69e81759e5bf4b5ca07af61d98ff67b8.docx,,docx,17007,d658e76b56d5f06e7139527b38f5e4bc22867cbd0f3bb939f30c1d685e46a8c3,processed_then_deleted,2026-08-06T20:58:01+00:00,ok
daily_aqi,2023-11-07,AQI for 07 th November 2023,https://doe.gov.bd/pages/static-pages/6922dfba933eb65569e23b0a,https://objectstorage.ap-dcc-gazipur-1.oraclecloud15.com/n/axvjbnqprylg/b/V2Ministry/o/office-doe/2024/12/799423f35d16446082bc376ca8a625a7.docx,,docx,17019,be3450dc5f109ca5fbab1da0358a523ffd350b8e58025cb996595fb475609d5d,processed_then_deleted,2026-08-06T20:58:01+00:00,ok
daily_aqi,2023-11-08,AQI for 08 th November 2023,https://doe.gov.bd/pages/static-pages/6922dfba933eb65569e23b0a,https://objectstorage.ap-dcc-gazipur-1.oraclecloud15.com/n/axvjbnqprylg/b/V2Ministry/o/office-doe/2024/12/179f9f61a3954a8cad935aba1a1fc3d4.docx,,docx,17145,9bed85695ff06f4a14f8592a3a70a6837a040799800cd8077033942fc936009d,processed_then_deleted,2026-08-06T20:58:01+00:00,ok
daily_aqi,2023-11-09,AQI for 09 th November 2023,https://doe.gov.bd/pages/static-pages/6922dfba933eb65569e23b0a,https://objectstorage.ap-dcc-gazipur-1.oraclecloud15.com/n/axvjbnqprylg/b/V2Ministry/o/office-doe/2024/12/937aa73572b1409c8ddacc9cbe2827fd.docx,,docx,17105,29a30a5a4e6777784d614ab58107ba4820c1ca003740ee0c9d430eae3ac62028,processed_then_deleted,2026-08-06T20:58:01+00:00,ok
daily_aqi,2023-11-10,AQI for 10 th November 2023,https://doe.gov.bd/pages/static-pages/6922dfba933eb65569e23b0a,https://objectstorage.ap-dcc-gazipur-1.oraclecloud15.com/n/axvjbnqprylg/b/V2Ministry/o/office-doe/2024/12/1b4e2dafebe341ad84d8ed0190383d06.docx,,docx,17074,83a6931bb3b17dd787e86bbd353ada680a8c3dc0536c2cbf41cc8903d1ceb81d,processed_then_deleted,2026-08-06T20:58:01+00:00,ok
daily_aqi,2023-11-11,AQI for 11 th November 2023,https://doe.gov.bd/pages/static-pages/6922dfba933eb65569e23b0a,https://objectstorage.ap-dcc-gazipur-1.oraclecloud15.com/n/axvjbnqprylg/b/V2Ministry/o/office-doe/2024/12/08792eec01504ab7a84c957f9032d9a7.docx,,docx,17045,2e8a4664238e61c9ad5f0a0274f07ac9bfff4ff7fedae680ad93c854549ec033,processed_then_deleted,2026-08-06T20:58:01+00:00,ok
daily_aqi,2023-11-12,AQI for 12 th November 2023,https://doe.gov.bd/pages/static-pages/6922dfba933eb65569e23b0a,https://objectstorage.ap-dcc-gazipur-1.oraclecloud15.com/n/axvjbnqprylg/b/V2Ministry/o/office-doe/2024/12/c79b965e8af1469189de8e0a5ca82961.docx,,docx,17018,30dad0bdc71fe27ec16f1d508586238f6886df6ff0c4472abd1b35916aa79442,processed_then_deleted,2026-08-06T20:58:01+00:00,ok
daily_aqi,2023-11-13,AQI for 13 th November 2023,https://doe.gov.bd/pages/static-pages/6922dfba933eb65569e23b0a,https://objectstorage.ap-dcc-gazipur-1.oraclecloud15.com/n/axvjbnqprylg/b/V2Ministry/o/office-doe/2024/12/05ac981b0fe044948a68b4e99013a3f6.docx,,docx,17113,0c15f6aa17142094f461781fd03ddcbdea938800e5ca07f98f31c019b3e338a9,processed_then_deleted,2026-08-06T20:58:01+00:00,ok
daily_aqi,2023-11-14,AQI for 14 th November 2023,https://doe.gov.bd/pages/static-pages/6922dfba933eb65569e23b0a,https://objectstorage.ap-dcc-gazipur-1.oraclecloud15.com/n/axvjbnqprylg/b/V2Ministry/o/office-doe/2024/12/dca5c2c09dbd450eb40a254fd19fb99b.docx,,docx,17061,db02ea426e2c6796aacf20de84ce7ae813e61335e177c8c83b22cb8801ed8b07,processed_then_deleted,2026-08-06T20:58:01+00:00,ok
daily_aqi,2023-11-15,AQI for 15 th November 2023,https://doe.gov.bd/pages/static-pages/6922dfba933eb65569e23b0a,https://objectstorage.ap-dcc-gazipur-1.oraclecloud15.com/n/axvjbnqprylg/b/V2Ministry/o/office-doe/2024/12/75c7ae6c96fc4e1b9424524d9c24d5f3.docx,,docx,17151,1c85993962071754a9646c41bb80a7d9ed1f3945e9a856ad2ba6682f94e532a6,processed_then_deleted,2026-08-06T20:58:01+00:00,ok
daily_aqi,2023-11-16,AQI for 16 th November 2023,https://doe.gov.bd/pages/static-pages/6922dfba933eb65569e23b0a,https://objectstorage.ap-dcc-gazipur-1.oraclecloud15.com/n/axvjbnqprylg/b/V2Ministry/o/office-doe/2024/12/04a4254d6ba8410cb0500d90246c1222.docx,,docx,16957,644e51435bbacd553bdb78f72cb2e49d8d6224ae0e62009b74bf3220ebd28174,processed_then_deleted,2026-08-06T20:58:01+00:00,ok
daily_aqi,2023-11-17,AQI for 17 th November 2023,https://doe.gov.bd/pages/static-pages/6922dfba933eb65569e23b0a,https://objectstorage.ap-dcc-gazipur-1.oraclecloud15.com/n/axvjbnqprylg/b/V2Ministry/o/office-doe/2024/12/4928dd536ee84e85bcacd6668d55f104.docx,,docx,17025,c8d361d0561377e18ddd4b6e4842cc340b185155a73ed9337c70c1593e9d6560,processed_then_deleted,2026-08-06T20:58:01+00:00,ok
daily_aqi,2023-11-18,AQI for 18 th November 2023,https://doe.gov.bd/pages/static-pages/6922dfba933eb65569e23b0a,https://objectstorage.ap-dcc-gazipur-1.oraclecloud15.com/n/axvjbnqprylg/b/V2Ministry/o/office-doe/2024/12/7137dfdbf9eb42d5aa7f4555ae743459.docx,,docx,17145,ac7c6f1017d5a4db2fa818bcdd04abf53f5b1634717cbb6fc6bb4ceef03e839b,processed_then_deleted,2026-08-06T20:58:01+00:00,ok
daily_aqi,2023-11-19,AQI for 19 th November 2023,https://doe.gov.bd/pages/static-pages/6922dfba933eb65569e23b0a,https://objectstorage.ap-dcc-gazipur-1.oraclecloud15.com/n/axvjbnqprylg/b/V2Ministry/o/office-doe/2024/12/6adc11d14a5340e183f7c47aa7ba477d.docx,,docx,17010,2dbba09172aef77aef1bb86ff8fdecb0b59f222336e3b403766d1abd76f28ae1,processed_then_deleted,2026-08-06T20:58:01+00:00,ok
daily_aqi,2023-11-20,AQI for 20 th November 2023,https://doe.gov.bd/pages/static-pages/6922dfba933eb65569e23b0a,https://objectstorage.ap-dcc-gazipur-1.oraclecloud15.com/n/axvjbnqprylg/b/V2Ministry/o/office-doe/2024/12/53ae19ba865d44a292598920ce8c29c9.docx,,docx,16962,b00d5a2abc8ac819c4a3b6a2499c67858f31999fbd26490a57e1a0bb68355ada,processed_then_deleted,2026-08-06T20:58:01+00:00,ok
daily_aqi,2023-11-21,AQI for 21 th November 2023,https://doe.gov.bd/pages/static-pages/6922dfba933eb65569e23b0a,https://objectstorage.ap-dcc-gazipur-1.oraclecloud15.com/n/axvjbnqprylg/b/V2Ministry/o/office-doe/2024/12/3a54ecbbe1ae46528fee7008162c6439.docx,,docx,17084,6b23a633813e8c9e507180a32ab99f4020119db1ec60740d4998b14e65631160,processed_then_deleted,2026-08-06T20:58:01+00:00,ok
daily_aqi,2023-11-22,AQI for 22 th November 2023,https://doe.gov.bd/pages/static-pages/6922dfba933eb65569e23b0a,https://objectstorage.ap-dcc-gazipur-1.oraclecloud15.com/n/axvjbnqprylg/b/V2Ministry/o/office-doe/2024/12/4cccb0c6ea6c43f98ddf1d2784957972.docx,,docx,17030,89848f1f8fb1460d47d845baf38a4e8fbf98f8ba09a21644cd8efd7f0cd0dcdc,processed_then_deleted,2026-08-06T20:58:01+00:00,ok
daily_aqi,2023-11-23,AQI for 23 th November 2023,https://doe.gov.bd/pages/static-pages/6922dfba933eb65569e23b0a,https://objectstorage.ap-dcc-gazipur-1.oraclecloud15.com/n/axvjbnqprylg/b/V2Ministry/o/office-doe/2024/12/b611c506509249f0a669e150a05166ae.docx,,docx,17026,9a6d9e1340230b98c7814e453bd399b979e7db00744a8b673456996505066a04,processed_then_deleted,2026-08-06T20:58:01+00:00,ok
daily_aqi,2023-11-24,AQI for 24 th November 2023,https://doe.gov.bd/pages/static-pages/6922dfba933eb65569e23b0a,https://objectstorage.ap-dcc-gazipur-1.oraclecloud15.com/n/axvjbnqprylg/b/V2Ministry/o/office-doe/2024/12/7661f37aad67445ba88e8423b20fdfb3.docx,,docx,17092,be4b68be6b99f2393d45f88f9bc02b29e36267cfbb518de0cd51489c05c0f2f6,processed_then_deleted,2026-08-06T20:58:01+00:00,ok
daily_aqi,2023-11-25,AQI for 25 th November 2023,https://doe.gov.bd/pages/static-pages/6922dfba933eb65569e23b0a,https://objectstorage.ap-dcc-gazipur-1.oraclecloud15.com/n/axvjbnqprylg/b/V2Ministry/o/office-doe/2024/12/740ee7af37184612a4d2e5c3a9dcdfd9.docx,,docx,17045,3f05429ea791b05a9df6bf0e7bca575afaefd06c3de579beff80211f8a745d9a,processed_then_deleted,2026-08-06T20:58:01+00:00,ok
daily_aqi,2023-11-26,AQI for 26 th November 2023,https://doe.gov.bd/pages/static-pages/6922dfba933eb65569e23b0a,https://objectstorage.ap-dcc-gazipur-1.oraclecloud15.com/n/axvjbnqprylg/b/V2Ministry/o/office-doe/2024/12/5a6ff83e1f304d2ab4e5e699502ccc8c.docx,,docx,17100,5a3eefbf3bfff8d7a3680b43278fe4fecaf7c00763b9621c5ed6e6321697cedf,processed_then_deleted,2026-08-06T20:58:01+00:00,ok
daily_aqi,2023-11-27,AQI for 27 th November 2023,https://doe.gov.bd/pages/static-pages/6922dfba933eb65569e23b0a,https://objectstorage.ap-dcc-gazipur-1.oraclecloud15.com/n/axvjbnqprylg/b/V2Ministry/o/office-doe/2024/12/d612e8201d4741d29794099d8f91dd66.docx,,docx,16921,0545a082212f346e9856de27cfc53dcde5b1ec9e6e0c268818704b5ff9a541a8,processed_then_deleted,2026-08-06T20:58:01+00:00,ok
daily_aqi,2023-11-28,AQI for 28 th November 2023,https://doe.gov.bd/pages/static-pages/6922dfba933eb65569e23b0a,https://objectstorage.ap-dcc-gazipur-1.oraclecloud15.com/n/axvjbnqprylg/b/V2Ministry/o/office-doe/2024/12/aad93a79aca54d46a678f9d3ffc04792.docx,,docx,17067,461f64a28964d4ee53967696f9fe8abf197e3f8011be70e98673215b88e93048,processed_then_deleted,2026-08-06T20:58:01+00:00,ok
daily_aqi,2023-11-29,AQI for 29 th November 2023,https://doe.gov.bd/pages/static-pages/6922dfba933eb65569e23b0a,https://objectstorage.ap-dcc-gazipur-1.oraclecloud15.com/n/axvjbnqprylg/b/V2Ministry/o/office-doe/2024/12/de889d5c7ac04947abc9dfb67ca8770d.docx,,docx,17083,97f4fe5c4e3026e28170fc69e9147a02e956e923c5532a5d339b99b2d0a23e33,processed_then_deleted,2026-08-06T20:58:01+00:00,ok
daily_aqi,2023-11-30,AQI for 30 th November 2023,https://doe.gov.bd/pages/static-pages/6922dfba933eb65569e23b0a,https://objectstorage.ap-dcc-gazipur-1.oraclecloud15.com/n/axvjbnqprylg/b/V2Ministry/o/office-doe/2024/12/ced1f445fba04ad8be2e2e305e349955.docx,,docx,17152,b914252e7639d1cd05331651c770103fcf4ef1ecc42284b0b5b6c595952a75b0,processed_then_deleted,2026-08-06T20:58:01+00:00,ok
daily_aqi,2023-12-01,AQI for 01 th December 2023,https://doe.gov.bd/pages/static-pages/6922dfba933eb65569e23b0a,https://objectstorage.ap-dcc-gazipur-1.oraclecloud15.com/n/axvjbnqprylg/b/V2Ministry/o/office-doe/2024/12/588ba581633449d99cca824ef3cd579d.docx,,docx,17022,63d89eefc1be2fec1f722eeac14c06ae2c182c5192fd0f7f69716700ad6b3174,processed_then_deleted,2026-08-06T20:58:01+00:00,ok
daily_aqi,2023-12-02,AQI for 02 th December 2023,https://doe.gov.bd/pages/static-pages/6922dfba933eb65569e23b0a,https://objectstorage.ap-dcc-gazipur-1.oraclecloud15.com/n/axvjbnqprylg/b/V2Ministry/o/office-doe/2024/12/9436c0d96e3f48a4a621fb9483148c5e.docx,,docx,17093,ffe3db3afb49914d11273f86f6cc255f9253f4a21c6d9065f244f04c0815378e,processed_then_deleted,2026-08-06T20:58:01+00:00,ok
daily_aqi,2023-12-03,AQI for 03 th December 2023,https://doe.gov.bd/pages/static-pages/6922dfba933eb65569e23b0a,https://objectstorage.ap-dcc-gazipur-1.oraclecloud15.com/n/axvjbnqprylg/b/V2Ministry/o/office-doe/2024/12/8dfe8a3ea9e54f3db31f639c544ce030.docx,,docx,17080,38b23ea3a8bf228422bcfe0ad21df310c1fd918a14179f47b1cb97b6d2f000ca,processed_then_deleted,2026-08-06T20:58:01+00:00,ok
daily_aqi,2023-12-04,AQI for 04 th December 2023,https://doe.gov.bd/pages/static-pages/6922dfba933eb65569e23b0a,https://objectstorage.ap-dcc-gazipur-1.oraclecloud15.com/n/axvjbnqprylg/b/V2Ministry/o/office-doe/2024/12/cfee7e1cbd4c4bd9936635ad6194fc5b.docx,,docx,16916,92018420017204d37be8bdff39e5f959828c0cd6b57fbc34961116fc38451551,processed_then_deleted,2026-08-06T20:58:01+00:00,ok
daily_aqi,2023-12-05,AQI for 05 th December 2023,https://doe.gov.bd/pages/static-pages/6922dfba933eb65569e23b0a,https://objectstorage.ap-dcc-gazipur-1.oraclecloud15.com/n/axvjbnqprylg/b/V2Ministry/o/office-doe/2024/12/64d223992a9642ca9409449361adf51a.docx,,docx,17010,96124e5ca15b816b8ebc8ac1d936777376bbe4ca4801cc9b2353d5b28c13420e,processed_then_deleted,2026-08-06T20:58:01+00:00,ok
daily_aqi,2023-12-06,AQI for 06 th December 2023,https://doe.gov.bd/pages/static-pages/6922dfba933eb65569e23b0a,https://objectstorage.ap-dcc-gazipur-1.oraclecloud15.com/n/axvjbnqprylg/b/V2Ministry/o/office-doe/2024/12/96786047e779463794714553523d355c.docx,,docx,17005,4a108e63506aee054a1edc2d85ec2614d93480089e3b0fcdf159fd5d127ff494,processed_then_deleted,2026-08-06T20:58:01+00:00,ok
daily_aqi,2023-12-07,AQI for 07 th December 2023,https://doe.gov.bd/pages/static-pages/6922dfba933eb65569e23b0a,https://objectstorage.ap-dcc-gazipur-1.oraclecloud15.com/n/axvjbnqprylg/b/V2Ministry/o/office-doe/2024/12/a6c5cd75158344339f40c02c9e20c23c.docx,,docx,17049,33c3b2be2b93fbe0658bcaac713384d41992b496da295285b99e64dcf68ba11c,processed_then_deleted,2026-08-06T20:58:01+00:00,ok
daily_aqi,2023-12-08,AQI for 08 th December 2023,https://doe.gov.bd/pages/static-pages/6922dfba933eb65569e23b0a,https://objectstorage.ap-dcc-gazipur-1.oraclecloud15.com/n/axvjbnqprylg/b/V2Ministry/o/office-doe/2024/12/f4bb68e4580345f78d72bc3c5bdefa1d.docx,,docx,16997,57cc404f1550e3d1273b0759dca87dc85da0fdabcb373159b7a4aa7073837d9a,processed_then_deleted,2026-08-06T20:58:01+00:00,ok
daily_aqi,2023-12-09,AQI for 09 th December 2023,https://doe.gov.bd/pages/static-pages/6922dfba933eb65569e23b0a,https://objectstorage.ap-dcc-gazipur-1.oraclecloud15.com/n/axvjbnqprylg/b/V2Ministry/o/office-doe/2024/12/02553101528048b485d11544a9ac43b1.docx,,docx,16936,ecb673174b289f3f501a7439b4b949ded893b5783171238c095e08cf4d96c046,processed_then_deleted,2026-08-06T20:58:01+00:00,ok
daily_aqi,2023-12-10,AQI for 10 th December 2023,https://doe.gov.bd/pages/static-pages/6922dfba933eb65569e23b0a,https://objectstorage.ap-dcc-gazipur-1.oraclecloud15.com/n/axvjbnqprylg/b/V2Ministry/o/office-doe/2024/12/30a3614c9f8b410198d4695f3940b373.docx,,docx,17170,bb61f23a77cf5795146b828bd81688da17e6cbee016f2c34ba8c700e5fa2760b,processed_then_deleted,2026-08-06T20:58:01+00:00,ok
daily_aqi,2023-12-11,AQI for 11 th December 2023,https://doe.gov.bd/pages/static-pages/6922dfba933eb65569e23b0a,https://objectstorage.ap-dcc-gazipur-1.oraclecloud15.com/n/axvjbnqprylg/b/V2Ministry/o/office-doe/2024/12/0e7400c0e61d4b85acbeac617945bd67.docx,,docx,17235,475f4454a673ac1fc240333a56ff18006cba00275eae71db2038b2253a5cd059,processed_then_deleted,2026-08-06T20:58:01+00:00,ok
daily_aqi,2023-12-12,AQI for 12 th December 2023,https://doe.gov.bd/pages/static-pages/6922dfba933eb65569e23b0a,https://objectstorage.ap-dcc-gazipur-1.oraclecloud15.com/n/axvjbnqprylg/b/V2Ministry/o/office-doe/2024/12/2106257a0b6a499eaa35121537ff2e65.docx,,docx,17275,0c5e50c16e6024099e4a66c3ad305ac6da84babb4a226d7864a0139657ee3788,processed_then_deleted,2026-08-06T20:58:01+00:00,ok
daily_aqi,2023-12-13,AQI for 13 th December 2023,https://doe.gov.bd/pages/static-pages/6922dfba933eb65569e23b0a,https://objectstorage.ap-dcc-gazipur-1.oraclecloud15.com/n/axvjbnqprylg/b/V2Ministry/o/office-doe/2024/12/e8c69df85fbd4114a96673cae4717f0f.docx,,docx,17177,c9ffa976f5cef3aa14bb561823b863003382fc021765e040099d6ef948f54a03,processed_then_deleted,2026-08-06T20:58:01+00:00,ok
daily_aqi,2023-12-14,AQI for 14 th December 2023,https://doe.gov.bd/pages/static-pages/6922dfba933eb65569e23b0a,https://objectstorage.ap-dcc-gazipur-1.oraclecloud15.com/n/axvjbnqprylg/b/V2Ministry/o/office-doe/2024/12/fcfd334078c94e4aaff5685be11ecb9a.docx,,docx,17330,bfa6141e69287c36fba1b66118b5c5db0a436782f0cee9eca3a6dc9ebb1614b6,processed_then_deleted,2026-08-06T20:58:01+00:00,ok
daily_aqi,2023-12-15,AQI for 15 th December 2023,https://doe.gov.bd/pages/static-pages/6922dfba933eb65569e23b0a,https://objectstorage.ap-dcc-gazipur-1.oraclecloud15.com/n/axvjbnqprylg/b/V2Ministry/o/office-doe/2024/12/f7652a46a8554c1c8609f17631b39900.docx,,docx,17364,4e482acf5cb71db321531719081498bcaf5db84ed758e95f6a0031aa6ad4495e,processed_then_deleted,2026-08-06T20:58:01+00:00,ok
daily_aqi,2023-12-16,AQI for 16 th December 2023,https://doe.gov.bd/pages/static-pages/6922dfba933eb65569e23b0a,https://objectstorage.ap-dcc-gazipur-1.oraclecloud15.com/n/axvjbnqprylg/b/V2Ministry/o/office-doe/2024/12/22facd2b586f4f5987f7a85a9e1a09e4.docx,,docx,17346,c298be87d3a31614a67ef7b51af4af3c5e84a9e763c8d3fa5c5c30a0cce498ca,processed_then_deleted,2026-08-06T20:58:01+00:00,ok
daily_aqi,2023-12-17,AQI for 17 th December 2023,https://doe.gov.bd/pages/static-pages/6922dfba933eb65569e23b0a,https://objectstorage.ap-dcc-gazipur-1.oraclecloud15.com/n/axvjbnqprylg/b/V2Ministry/o/office-doe/2024/12/8625028014b44af9b78d47855957e4d9.docx,,docx,17315,b0ca0b7340213fa36b0e2b07e4bcd430cb784da5e7c7d2cda3006c88ebfdb2a0,processed_then_deleted,2026-08-06T20:58:01+00:00,ok
daily_aqi,2023-12-18,AQI for 18 th December 2023,https://doe.gov.bd/pages/static-pages/6922dfba933eb65569e23b0a,https://objectstorage.ap-dcc-gazipur-1.oraclecloud15.com/n/axvjbnqprylg/b/V2Ministry/o/office-doe/2024/12/98faa5a75a394b529d8cc33b75180a33.docx,,docx,17417,2fdc91de9c3053f57a662035f11791c912c08af8a132690af9304e1bb97cfbcf,processed_then_deleted,2026-08-06T20:58:01+00:00,ok
daily_aqi,2023-12-19,AQI for 19 th December 2023,https://doe.gov.bd/pages/static-pages/6922dfba933eb65569e23b0a,https://objectstorage.ap-dcc-gazipur-1.oraclecloud15.com/n/axvjbnqprylg/b/V2Ministry/o/office-doe/2024/12/a9946aa2847c47d29903fe0bcb265a85.docx,,docx,17391,9d9b01e42a0be3373cd871f8717cae0ebc2bd3a28483cf2023ac05b3427038da,processed_then_deleted,2026-08-06T20:58:01+00:00,ok
daily_aqi,2023-12-20,AQI for 20 th December 2023,https://doe.gov.bd/pages/static-pages/6922dfba933eb65569e23b0a,https://objectstorage.ap-dcc-gazipur-1.oraclecloud15.com/n/axvjbnqprylg/b/V2Ministry/o/office-doe/2024/12/4b4f7cee9310466288e2da332bcd62a5.docx,,docx,17431,c35e4dbe311a182a1893908e1ff98768a56fd52726d81bca6caa7fbda1692458,processed_then_deleted,2026-08-06T20:58:01+00:00,ok
daily_aqi,2023-12-21,AQI for 21 th December 2023,https://doe.gov.bd/pages/static-pages/6922dfba933eb65569e23b0a,https://objectstorage.ap-dcc-gazipur-1.oraclecloud15.com/n/axvjbnqprylg/b/V2Ministry/o/office-doe/2024/12/77c7a5bea0e24c4a99a7c6a9501e5821.docx,,docx,17359,e8cdca639b18827c04b2921d4aeace61ffec0b1409e5e991d8ec4fbea7016088,processed_then_deleted,2026-08-06T20:58:01+00:00,ok
daily_aqi,2023-12-22,AQI for 22 th December 2023,https://doe.gov.bd/pages/static-pages/6922dfba933eb65569e23b0a,https://objectstorage.ap-dcc-gazipur-1.oraclecloud15.com/n/axvjbnqprylg/b/V2Ministry/o/office-doe/2024/12/32f8bc677bb244529262ffd6f20aaf4d.docx,,docx,17305,fb38784774b8b7d988249d31d139c98844069f13c30601ea8291fea930860bd9,processed_then_deleted,2026-08-06T20:58:01+00:00,ok
daily_aqi,2023-12-23,AQI for 23 th December 2023,https://doe.gov.bd/pages/static-pages/6922dfba933eb65569e23b0a,https://objectstorage.ap-dcc-gazipur-1.oraclecloud15.com/n/axvjbnqprylg/b/V2Ministry/o/office-doe/2024/12/4ebd1666735744d491e1edeedab4e707.docx,,docx,17406,a630e0bdcd6941e71c85f62d85979489540b9083df7fba60cd1bf1f97c8416b6,processed_then_deleted,2026-08-06T20:58:01+00:00,ok
daily_aqi,2023-12-24,AQI for 24 th December 2023,https://doe.gov.bd/pages/static-pages/6922dfba933eb65569e23b0a,https://objectstorage.ap-dcc-gazipur-1.oraclecloud15.com/n/axvjbnqprylg/b/V2Ministry/o/office-doe/2024/12/2600cc142c5042f68f94a1220f0e277c.docx,,docx,17365,12ccc5e95c2bd8a0a43e77e1f6906328d90e2839983edb5f8914ef82cf97f1ab,processed_then_deleted,2026-08-06T20:58:01+00:00,ok
daily_aqi,2023-12-25,AQI for 25 th December 2023,https://doe.gov.bd/pages/static-pages/6922dfba933eb65569e23b0a,https://objectstorage.ap-dcc-gazipur-1.oraclecloud15.com/n/axvjbnqprylg/b/V2Ministry/o/office-doe/2024/12/bff5af837fa8419b961b4d9f6ae9dfbb.docx,,docx,17386,8b6233b696760a209ea69e10e3cb6cfaad597cdb2a749d7de0f3a5e73322e981,processed_then_deleted,2026-08-06T20:58:01+00:00,ok
daily_aqi,2023-12-26,AQI for 26 th December 2023,https://doe.gov.bd/pages/static-pages/6922dfba933eb65569e23b0a,https://objectstorage.ap-dcc-gazipur-1.oraclecloud15.com/n/axvjbnqprylg/b/V2Ministry/o/office-doe/2024/12/806a13c20d844bdd891175df9f22490d.docx,,docx,17327,23e8be80504fca8fcf40cdd94a35666a05a7e19d3975f42c4d24d01754f05d09,processed_then_deleted,2026-08-06T20:58:01+00:00,ok
daily_aqi,2023-12-27,AQI for 27 th December 2023,https://doe.gov.bd/pages/static-pages/6922dfba933eb65569e23b0a,https://objectstorage.ap-dcc-gazipur-1.oraclecloud15.com/n/axvjbnqprylg/b/V2Ministry/o/office-doe/2024/12/bafdb622ab674036b95885866bf92e39.docx,,docx,17315,aa8b6dff460c8bfbb6a7ff039161e3c86ab14c57923794b6868bde826406af0f,processed_then_deleted,2026-08-06T20:58:01+00:00,ok
daily_aqi,2023-12-28,AQI for 28 th December 2023,https://doe.gov.bd/pages/static-pages/6922dfba933eb65569e23b0a,https://objectstorage.ap-dcc-gazipur-1.oraclecloud15.com/n/axvjbnqprylg/b/V2Ministry/o/office-doe/2024/12/0fd546783dff44208ff0a5b4950a81e2.docx,,docx,17200,348177a48a6e9944c4a98c6a4e5354e75c57a90c95e03225fc3e9c0da14ebc4b,processed_then_deleted,2026-08-06T20:58:01+00:00,ok
daily_aqi,2023-12-29,AQI for 29 th December 2023,https://doe.gov.bd/pages/static-pages/6922dfba933eb65569e23b0a,https://objectstorage.ap-dcc-gazipur-1.oraclecloud15.com/n/axvjbnqprylg/b/V2Ministry/o/office-doe/2024/12/584c8a5eddf0415b9fac227ae6e6e171.docx,,docx,17353,36240ce46f771c297176486c14c8841cf6e8b0fe6812235467ecdf396afc606d,processed_then_deleted,2026-08-06T20:58:01+00:00,ok
daily_aqi,2023-12-30,AQI for 30 th December 2023,https://doe.gov.bd/pages/static-pages/6922dfba933eb65569e23b0a,https://objectstorage.ap-dcc-gazipur-1.oraclecloud15.com/n/axvjbnqprylg/b/V2Ministry/o/office-doe/2024/12/1191dab9968146c7b0f312c9f2683f50.docx,,docx,17307,cc1141b28c64f5bb8356e0391dd33eaeb15307743afeffaf68fa84b1d9f85dec,processed_then_deleted,2026-08-06T20:58:01+00:00,ok
daily_aqi,2023-12-31,AQI for 31 th December 2023,https://doe.gov.bd/pages/static-pages/6922dfba933eb65569e23b0a,https://objectstorage.ap-dcc-gazipur-1.oraclecloud15.com/n/axvjbnqprylg/b/V2Ministry/o/office-doe/2024/12/bbaf704309eb40ad908e642db9e3ebf1.docx,,docx,17234,5c302f417ea53d10d83b630f8767cb5c84cd3276b0cbc29391c188da47dfd4c1,processed_then_deleted,2026-08-06T20:58:01+00:00,ok
daily_aqi,2024-01-01,AQI for 01 th January 2024,https://doe.gov.bd/pages/static-pages/6922dfba933eb65569e23b0a,https://objectstorage.ap-dcc-gazipur-1.oraclecloud15.com/n/axvjbnqprylg/b/V2Ministry/o/office-doe/2024/12/01468707064c485b9e1d0b510c4af040.docx,,docx,16814,63a264d869b4c9acbe9251206532f8106b6fea0604b184fcdc154e4dce7ff4de,processed_then_deleted,2026-08-06T20:58:01+00:00,ok
daily_aqi,2024-01-02,AQI for 02 th January 2024,https://doe.gov.bd/pages/static-pages/6922dfba933eb65569e23b0a,https://objectstorage.ap-dcc-gazipur-1.oraclecloud15.com/n/axvjbnqprylg/b/V2Ministry/o/office-doe/2024/12/24de5e44d41f41c7b1bbb30ecd21c5eb.docx,,docx,17037,d2872cb4d1c54b357bfa19545c64e67913788b481504f5afba886412d3cde446,processed_then_deleted,2026-08-06T20:58:01+00:00,ok
daily_aqi,2024-01-03,AQI for 03 th January 2024,https://doe.gov.bd/pages/static-pages/6922dfba933eb65569e23b0a,https://objectstorage.ap-dcc-gazipur-1.oraclecloud15.com/n/axvjbnqprylg/b/V2Ministry/o/office-doe/2024/12/dfd486f723d94e299c74eadc8bc39df7.docx,,docx,17061,1785af46f77ee382b7d7f20ab94c2722ec6e8158563ce2eb7343696a286ac1f3,processed_then_deleted,2026-08-06T20:58:01+00:00,ok
daily_aqi,2024-01-04,AQI for 04 th January 2024,https://doe.gov.bd/pages/static-pages/6922dfba933eb65569e23b0a,https://objectstorage.ap-dcc-gazipur-1.oraclecloud15.com/n/axvjbnqprylg/b/V2Ministry/o/office-doe/2024/12/e7ccfd4f882740849b4eab02695615f8.docx,,docx,17225,85497f4a4acc43a6e3db62d088f661ba7af0a8d9d450aeaa5c301ebbe37a20de,processed_then_deleted,2026-08-06T20:58:01+00:00,ok
daily_aqi,2024-01-05,AQI for 05 th January 2024,https://doe.gov.bd/pages/static-pages/6922dfba933eb65569e23b0a,https://objectstorage.ap-dcc-gazipur-1.oraclecloud15.com/n/axvjbnqprylg/b/V2Ministry/o/office-doe/2024/12/161a1260c31b4fc4a652bd3cebef7898.docx,,docx,17130,95802f8b255e06adadad52a89eddaafe69ab0f67428d3424f6b6b88cd14a9b23,processed_then_deleted,2026-08-06T20:58:01+00:00,ok
daily_aqi,2024-01-06,AQI for 06 th January 2024,https://doe.gov.bd/pages/static-pages/6922dfba933eb65569e23b0a,https://objectstorage.ap-dcc-gazipur-1.oraclecloud15.com/n/axvjbnqprylg/b/V2Ministry/o/office-doe/2024/12/fab7f8824e4e429796791aba90aa252a.docx,,docx,17106,dfc55aad5e81c2faaeca1856863e3b02bc53958ee8e5b3effd3dd65dbae13d6b,processed_then_deleted,2026-08-06T20:58:01+00:00,ok
daily_aqi,2024-01-07,AQI for 07 th January 2024,https://doe.gov.bd/pages/static-pages/6922dfba933eb65569e23b0a,https://objectstorage.ap-dcc-gazipur-1.oraclecloud15.com/n/axvjbnqprylg/b/V2Ministry/o/office-doe/2024/12/1beceb4f6eec41aab2f8bcff8bb71fb1.docx,,docx,17182,60e64e1ee9e8a7a633e0fc5ffcf7595c3ba499ad053c05f72fd9180138f3a4ba,processed_then_deleted,2026-08-06T20:58:01+00:00,ok
daily_aqi,2024-01-08,AQI for 08 th January 2024,https://doe.gov.bd/pages/static-pages/6922dfba933eb65569e23b0a,https://objectstorage.ap-dcc-gazipur-1.oraclecloud15.com/n/axvjbnqprylg/b/V2Ministry/o/office-doe/2024/12/d1e1c31384f74097af4b17c4f3559396.docx,,docx,16913,4272d894dd21beee85733f763ebd6980e9bff5b7162c04e7400ae9344452c3e0,processed_then_deleted,2026-08-06T20:58:01+00:00,ok
daily_aqi,2024-01-09,AQI for 09 th January 2024,https://doe.gov.bd/pages/static-pages/6922dfba933eb65569e23b0a,https://objectstorage.ap-dcc-gazipur-1.oraclecloud15.com/n/axvjbnqprylg/b/V2Ministry/o/office-doe/2024/12/52ef1bbbee074962bf7f3ecc4f94132c.docx,,docx,17072,8f805476feb6e945678b8ebc672ba774d4e0a6ac2e12cc56ef4a56a8e7463d1e,processed_then_deleted,2026-08-06T20:58:01+00:00,ok
daily_aqi,2024-01-10,AQI for 10 th January 2024,https://doe.gov.bd/pages/static-pages/6922dfba933eb65569e23b0a,https://objectstorage.ap-dcc-gazipur-1.oraclecloud15.com/n/axvjbnqprylg/b/V2Ministry/o/office-doe/2024/12/567915d609ad42d2b69b648701bdab1d.docx,,docx,17048,915673c3cad6b387be374dffe757fd80278f0d25839f4c8e679ecf6929bc422d,processed_then_deleted,2026-08-06T20:58:01+00:00,ok
daily_aqi,2024-01-11,AQI for 11 th January 2024,https://doe.gov.bd/pages/static-pages/6922dfba933eb65569e23b0a,https://objectstorage.ap-dcc-gazipur-1.oraclecloud15.com/n/axvjbnqprylg/b/V2Ministry/o/office-doe/2024/12/e6d52bddd5d944e0ae373ffe5df699dc.docx,,docx,16985,6868839240e9e4d1d7050276657c6708235fe3c5e700b54331d57eb4a5c533c0,processed_then_deleted,2026-08-06T20:58:01+00:00,ok
daily_aqi,2024-01-12,AQI for 12 th January 2024,https://doe.gov.bd/pages/static-pages/6922dfba933eb65569e23b0a,https://objectstorage.ap-dcc-gazipur-1.oraclecloud15.com/n/axvjbnqprylg/b/V2Ministry/o/office-doe/2024/12/81af0a435d124c25a43ae73b630ef887.docx,,docx,17008,e3768c51b93003fa4484b27bfddf218235c3d493a945e1ffdb7af0140db4145d,processed_then_deleted,2026-08-06T20:58:01+00:00,ok
daily_aqi,2024-01-13,AQI for 13 th January 2024,https://doe.gov.bd/pages/static-pages/6922dfba933eb65569e23b0a,https://objectstorage.ap-dcc-gazipur-1.oraclecloud15.com/n/axvjbnqprylg/b/V2Ministry/o/office-doe/2024/12/9d2446d74d3046aa8ec6964f7e529d30.docx,,docx,17028,3aa4d5e4ffd8643490eb18527e7653f30155068189008782adca85e4b8cd0ce3,processed_then_deleted,2026-08-06T20:58:01+00:00,ok
daily_aqi,2024-01-14,AQI for 14 th January 2024,https://doe.gov.bd/pages/static-pages/6922dfba933eb65569e23b0a,https://objectstorage.ap-dcc-gazipur-1.oraclecloud15.com/n/axvjbnqprylg/b/V2Ministry/o/office-doe/2024/12/846e8e219dcf45e0b9db224da14de422.docx,,docx,17269,24e7d5805d8dbdee13fd1896069927a65612bbc3be15fdf5cad24f56704c6234,processed_then_deleted,2026-08-06T20:58:01+00:00,ok
daily_aqi,2024-01-15,AQI for 15 th January 2024,https://doe.gov.bd/pages/static-pages/6922dfba933eb65569e23b0a,https://objectstorage.ap-dcc-gazipur-1.oraclecloud15.com/n/axvjbnqprylg/b/V2Ministry/o/office-doe/2024/12/2d9dbd880371419d882664008d6b28d2.docx,,docx,17126,7de5fe5056ce312133c6572f60121f55b595653fd4e00da336f9f134400f194a,processed_then_deleted,2026-08-06T20:58:01+00:00,ok
daily_aqi,2024-01-16,AQI for 16 th January 2024,https://doe.gov.bd/pages/static-pages/6922dfba933eb65569e23b0a,https://objectstorage.ap-dcc-gazipur-1.oraclecloud15.com/n/axvjbnqprylg/b/V2Ministry/o/office-doe/2024/12/a06692e227e145eaafe8d3f1a2afeebc.docx,,docx,17346,5cba52a4779b4e230e8b97d6f9dec007ebafe9c97a225920bb963e94a3d99dbe,processed_then_deleted,2026-08-06T20:58:01+00:00,ok
daily_aqi,2024-01-17,AQI for 17 th January 2024,https://doe.gov.bd/pages/static-pages/6922dfba933eb65569e23b0a,https://objectstorage.ap-dcc-gazipur-1.oraclecloud15.com/n/axvjbnqprylg/b/V2Ministry/o/office-doe/2024/12/c9c2a0054e6347eaaf0a613a66beb395.docx,,docx,17296,7a3ab5775ac9c39ab9bed23f15cfd155f7927354be49bdc832199593d8082b26,processed_then_deleted,2026-08-06T20:58:01+00:00,ok
daily_aqi,2024-01-18,AQI for 18 th January 2024,https://doe.gov.bd/pages/static-pages/6922dfba933eb65569e23b0a,https://objectstorage.ap-dcc-gazipur-1.oraclecloud15.com/n/axvjbnqprylg/b/V2Ministry/o/office-doe/2024/12/31decd5f5bab450a8a35cfe12c18bc57.docx,,docx,17250,a5ac5ab558d96190922485a10b73b8d7f4b933c6966f7ddf50ffb292f84bd22a,processed_then_deleted,2026-08-06T20:58:01+00:00,ok
daily_aqi,2024-01-19,AQI for 19 th January 2024,https://doe.gov.bd/pages/static-pages/6922dfba933eb65569e23b0a,https://objectstorage.ap-dcc-gazipur-1.oraclecloud15.com/n/axvjbnqprylg/b/V2Ministry/o/office-doe/2024/12/f99cc45feccd40339c4bfdb4397caa37.docx,,docx,17165,fdfe7b071e74344c20b78be66212af4991e2dffe1c4bb1980611cc4a0d979d68,processed_then_deleted,2026-08-06T20:58:01+00:00,ok
daily_aqi,2024-01-20,AQI for 20 th January 2024,https://doe.gov.bd/pages/static-pages/6922dfba933eb65569e23b0a,https://objectstorage.ap-dcc-gazipur-1.oraclecloud15.com/n/axvjbnqprylg/b/V2Ministry/o/office-doe/2024/12/fa9a0314b66a4070bd2c146c90eb9aaa.docx,,docx,17146,4e6a190bc3c60c8ec7ec8dd934bdf3b3af66b16d44a64830ced32b84d2832752,processed_then_deleted,2026-08-06T20:58:01+00:00,ok
daily_aqi,2024-01-21,AQI for 21 th January 2024,https://doe.gov.bd/pages/static-pages/6922dfba933eb65569e23b0a,https://objectstorage.ap-dcc-gazipur-1.oraclecloud15.com/n/axvjbnqprylg/b/V2Ministry/o/office-doe/2024/12/88aee1509f0045938a57e6ec9eb8796b.docx,,docx,17172,7746f94d864e4f01a449d84531dad36a9f6779fc794f04c614553faed148730a,processed_then_deleted,2026-08-06T20:58:01+00:00,ok
daily_aqi,2024-01-22,AQI for 22 th January 2024,https://doe.gov.bd/pages/static-pages/6922dfba933eb65569e23b0a,https://objectstorage.ap-dcc-gazipur-1.oraclecloud15.com/n/axvjbnqprylg/b/V2Ministry/o/office-doe/2024/12/f04ddc1b15734706baafa8f7295c0d63.docx,,docx,17188,935e218c351d5e56b73a1dd3b10e246b05726cddd4464d7fe7b62ece05a7b524,processed_then_deleted,2026-08-06T20:58:01+00:00,ok
daily_aqi,2024-01-23,AQI for 23 th January 2024,https://doe.gov.bd/pages/static-pages/6922dfba933eb65569e23b0a,https://objectstorage.ap-dcc-gazipur-1.oraclecloud15.com/n/axvjbnqprylg/b/V2Ministry/o/office-doe/2024/12/75d2528bf0554475a7cf0da3f1c730eb.docx,,docx,17221,0dc36d72d7264c2a98117053216b8ffecb2a7a0ddeb835142ce790ebd07b3609,processed_then_deleted,2026-08-06T20:58:01+00:00,ok
daily_aqi,2024-01-24,AQI for 24 th January 2024,https://doe.gov.bd/pages/static-pages/6922dfba933eb65569e23b0a,https://objectstorage.ap-dcc-gazipur-1.oraclecloud15.com/n/axvjbnqprylg/b/V2Ministry/o/office-doe/2024/12/062d851acef44922bcc90a320e479ba4.docx,,docx,17403,e6af41958fe14730f1fd6c09c882f1f3b6a774e1864d945cae35727dd85d9314,processed_then_deleted,2026-08-06T20:58:01+00:00,ok
daily_aqi,2024-01-25,AQI for 25 th January 2024,https://doe.gov.bd/pages/static-pages/6922dfba933eb65569e23b0a,https://objectstorage.ap-dcc-gazipur-1.oraclecloud15.com/n/axvjbnqprylg/b/V2Ministry/o/office-doe/2024/12/6cfed45add1545d9953bdbf3658bcb0c.docx,,docx,17317,e7b973fef5141e5b1e4e9c64558b4ab7faf08895f9c37948bd564c3e9f7824a5,processed_then_deleted,2026-08-06T20:58:01+00:00,ok
daily_aqi,2024-01-26,AQI for 26 th January 2024,https://doe.gov.bd/pages/static-pages/6922dfba933eb65569e23b0a,https://objectstorage.ap-dcc-gazipur-1.oraclecloud15.com/n/axvjbnqprylg/b/V2Ministry/o/office-doe/2024/12/8369ec1734604768b815a1d9be23557e.docx,,docx,17111,47963d84ce2a70b3d24e693d9094054455b5d15eda901a3ed00f1fb8e7bade12,processed_then_deleted,2026-08-06T20:58:01+00:00,ok
daily_aqi,2024-01-27,AQI for 27 th January 2024,https://doe.gov.bd/pages/static-pages/6922dfba933eb65569e23b0a,https://objectstorage.ap-dcc-gazipur-1.oraclecloud15.com/n/axvjbnqprylg/b/V2Ministry/o/office-doe/2024/12/0abe24a687694d2287db1ccae755e806.docx,,docx,17363,4529d05fd07c7d157cd76b022e5583fa030428023a9d937e57747c599faf37d5,processed_then_deleted,2026-08-06T20:58:01+00:00,ok
daily_aqi,2024-01-28,AQI for 28 th January 2024,https://doe.gov.bd/pages/static-pages/6922dfba933eb65569e23b0a,https://objectstorage.ap-dcc-gazipur-1.oraclecloud15.com/n/axvjbnqprylg/b/V2Ministry/o/office-doe/2024/12/cf85c9dc5d0c43ada22b2ce48722a3ea.docx,,docx,17415,ee16ad78a2fe03663339558fd358dfafafc8f6a26f99027e04e068c1f8635ff3,processed_then_deleted,2026-08-06T20:58:01+00:00,ok
daily_aqi,2024-01-29,AQI for 29 th January 2024,https://doe.gov.bd/pages/static-pages/6922dfba933eb65569e23b0a,https://objectstorage.ap-dcc-gazipur-1.oraclecloud15.com/n/axvjbnqprylg/b/V2Ministry/o/office-doe/2024/12/e4c4f3a665ba44059b9d6aac5bfd63dd.docx,,docx,17372,54e5aca55a8098cbd36a9d5c387f2035930ec5439e0c254b12e5097a7f624d0b,processed_then_deleted,2026-08-06T20:58:01+00:00,ok
daily_aqi,2024-01-30,AQI for 30 th January 2024,https://doe.gov.bd/pages/static-pages/6922dfba933eb65569e23b0a,https://objectstorage.ap-dcc-gazipur-1.oraclecloud15.com/n/axvjbnqprylg/b/V2Ministry/o/office-doe/2024/12/b1d56cf5c9f7490bb4afb2c1e5911aec.docx,,docx,17253,16575f6819642c84f4c6e2178e287837b637c3a8fbef1c8365cb68c69178dc34,processed_then_deleted,2026-08-06T20:58:01+00:00,ok
daily_aqi,2024-01-31,AQI for 31 th January 2024,https://doe.gov.bd/pages/static-pages/6922dfba933eb65569e23b0a,https://objectstorage.ap-dcc-gazipur-1.oraclecloud15.com/n/axvjbnqprylg/b/V2Ministry/o/office-doe/2024/12/de6d44a7ede8474eb049f3b337e456a9.docx,,docx,17331,d58d20f107fa7c7088527b1126e31672594261f50dc5c8a325fdec1b5d8b5e62,processed_then_deleted,2026-08-06T20:58:01+00:00,ok
daily_aqi,2024-02-01,AQI for 01 th February 2024,https://doe.gov.bd/pages/static-pages/6922dfba933eb65569e23b0a,https://objectstorage.ap-dcc-gazipur-1.oraclecloud15.com/n/axvjbnqprylg/b/V2Ministry/o/office-doe/2024/12/570675af24494ebda2f015eab1aa2738.docx,,docx,17258,7a86aa4cc34e5853d36d3bffd73fa45b4055aa903af6c78bb631af5ef19d8f6a,processed_then_deleted,2026-08-06T20:58:01+00:00,ok
daily_aqi,2024-02-02,AQI for 02 nd February 2024,https://doe.gov.bd/pages/static-pages/6922dfba933eb65569e23b0a,https://objectstorage.ap-dcc-gazipur-1.oraclecloud15.com/n/axvjbnqprylg/b/V2Ministry/o/office-doe/2024/12/774df9c5b9284fd3924877e34b5d978e.docx,,docx,17184,68028da61f0e3aa39fd101c45d39b972e5ca7ea458c99c109127352b1a80e171,processed_then_deleted,2026-08-06T20:58:01+00:00,ok
daily_aqi,2024-02-03,AQI for 03 rd February 2024,https://doe.gov.bd/pages/static-pages/6922dfba933eb65569e23b0a,https://objectstorage.ap-dcc-gazipur-1.oraclecloud15.com/n/axvjbnqprylg/b/V2Ministry/o/office-doe/2024/12/955941658dc647209a1d87382c556258.docx,,docx,17216,7da02107f8df4898bf72f2ca39f6b5f04572070cdfa0a7a370eddada119171b3,processed_then_deleted,2026-08-06T20:58:01+00:00,ok
daily_aqi,2024-02-04,AQI for 04 rd February 2024,https://doe.gov.bd/pages/static-pages/6922dfba933eb65569e23b0a,https://objectstorage.ap-dcc-gazipur-1.oraclecloud15.com/n/axvjbnqprylg/b/V2Ministry/o/office-doe/2024/12/5554d3aec5334abc90cb3afa8a683968.docx,,docx,17241,bf767d697ded5c868037929f2ec438cdcc52b9df1a5c1461b06eeef25ffd376f,processed_then_deleted,2026-08-06T20:58:01+00:00,ok
daily_aqi,2024-02-05,AQI for 05 rd February 2024,https://doe.gov.bd/pages/static-pages/6922dfba933eb65569e23b0a,https://objectstorage.ap-dcc-gazipur-1.oraclecloud15.com/n/axvjbnqprylg/b/V2Ministry/o/office-doe/2024/12/1c308634cb9d4d8ba43050abe00db0de.docx,,docx,17246,de8c6c01879ea4016c525cfc0300978d1b6c540fa0fe9098434767ac0978383c,processed_then_deleted,2026-08-06T20:58:01+00:00,ok
daily_aqi,2024-02-06,AQI for 06 rd February 2024,https://doe.gov.bd/pages/static-pages/6922dfba933eb65569e23b0a,https://objectstorage.ap-dcc-gazipur-1.oraclecloud15.com/n/axvjbnqprylg/b/V2Ministry/o/office-doe/2024/12/c58638494af842b8845d3430c6d2dc83.docx,,docx,17307,f2b3bb70e02ee2156ddeace3fea8c267fa519c1daf3878bc760a23d4121c1419,processed_then_deleted,2026-08-06T20:58:01+00:00,ok
daily_aqi,2024-02-07,AQI for 07 rd February 2024,https://doe.gov.bd/pages/static-pages/6922dfba933eb65569e23b0a,https://objectstorage.ap-dcc-gazipur-1.oraclecloud15.com/n/axvjbnqprylg/b/V2Ministry/o/office-doe/2024/12/446a062346e9496eb5ccd6c63f9f6e1c.docx,,docx,17354,8797027aa664830dd83d2cf88764a57b582c380836c8a1cb1d10db9053b624eb,processed_then_deleted,2026-08-06T20:58:01+00:00,ok
daily_aqi,2024-02-08,AQI for 08 rd February 2024,https://doe.gov.bd/pages/static-pages/6922dfba933eb65569e23b0a,https://objectstorage.ap-dcc-gazipur-1.oraclecloud15.com/n/axvjbnqprylg/b/V2Ministry/o/office-doe/2024/12/6a230f1f0acc4fcda8cec91beefa6daa.docx,,docx,17313,f2bafccfff5462aaf56da024debfd86a16600dfb117fdf52f6c78dc4b8c0ac93,processed_then_deleted,2026-08-06T20:58:01+00:00,ok
daily_aqi,2024-02-09,AQI for 09 rd February 2024,https://doe.gov.bd/pages/static-pages/6922dfba933eb65569e23b0a,https://objectstorage.ap-dcc-gazipur-1.oraclecloud15.com/n/axvjbnqprylg/b/V2Ministry/o/office-doe/2024/12/14ac9063ddc94775905f118768c768fd.docx,,docx,17311,b4e1cfd3c28b1d529ca143548128a6a4cb4b3052d77abc9ba4a7f708bf83145f,processed_then_deleted,2026-08-06T20:58:01+00:00,ok
daily_aqi,2024-02-10,AQI for 10 th February 2024,https://doe.gov.bd/pages/static-pages/6922dfba933eb65569e23b0a,https://objectstorage.ap-dcc-gazipur-1.oraclecloud15.com/n/axvjbnqprylg/b/V2Ministry/o/office-doe/2024/12/c69f9978433b4b4db9b29ec4cff66fec.docx,,docx,17332,062138eae9cd835df020f244837328ea9fb246437a4238c3688c38ed48cd13cd,processed_then_deleted,2026-08-06T20:58:01+00:00,ok
daily_aqi,2024-02-11,AQI for 11 th February 2024,https://doe.gov.bd/pages/static-pages/6922dfba933eb65569e23b0a,https://objectstorage.ap-dcc-gazipur-1.oraclecloud15.com/n/axvjbnqprylg/b/V2Ministry/o/office-doe/2024/12/b8b9500592b5426cbdd3cb32b0e80137.docx,,docx,17297,3e2a0888d931671d83e98692dbfba037e4cc81fb0e763e1ea1cea7792af4f1b1,processed_then_deleted,2026-08-06T20:58:01+00:00,ok
daily_aqi,2024-02-12,AQI for 12 th February 2024,https://doe.gov.bd/pages/static-pages/6922dfba933eb65569e23b0a,https://objectstorage.ap-dcc-gazipur-1.oraclecloud15.com/n/axvjbnqprylg/b/V2Ministry/o/office-doe/2024/12/85542c5ee40c456180648e64719314d4.docx,,docx,17309,9062d29643b852b470ba67b2e6e83247b1bb1a2439e35ad18e80a1cd76bd77fc,processed_then_deleted,2026-08-06T20:58:01+00:00,ok
daily_aqi,2024-02-13,AQI for 13 th February 2024,https://doe.gov.bd/pages/static-pages/6922dfba933eb65569e23b0a,https://objectstorage.ap-dcc-gazipur-1.oraclecloud15.com/n/axvjbnqprylg/b/V2Ministry/o/office-doe/2024/12/1d7d5b079ff3496fbd920bd9c6e02491.docx,,docx,17384,231c3a231064babe87fd1a01756b93fcca523fcbf6b45d4f52bdce20a64e411c,processed_then_deleted,2026-08-06T20:58:01+00:00,ok
daily_aqi,2024-02-14,AQI for 14 th February 2024,https://doe.gov.bd/pages/static-pages/6922dfba933eb65569e23b0a,https://objectstorage.ap-dcc-gazipur-1.oraclecloud15.com/n/axvjbnqprylg/b/V2Ministry/o/office-doe/2024/12/e8d6799465df4b7bb2f495e1e4d6b45e.docx,,docx,17368,59f9d428ce360ac2d68977d694a7f9128488d4a8753ec713cb1d44a44ac89ec8,processed_then_deleted,2026-08-06T20:58:01+00:00,ok
daily_aqi,2024-02-15,AQI for 15 th February 2024,https://doe.gov.bd/pages/static-pages/6922dfba933eb65569e23b0a,https://objectstorage.ap-dcc-gazipur-1.oraclecloud15.com/n/axvjbnqprylg/b/V2Ministry/o/office-doe/2024/12/4838210107c04cb59c20a45d152e8a3d.docx,,docx,17371,3aecb1f3a7c0b4a39cbe67a8dac40225ea14f6e44f65e866b80c396b3d2ac934,processed_then_deleted,2026-08-06T20:58:01+00:00,ok
daily_aqi,2024-02-16,AQI for 16 th February 2024,https://doe.gov.bd/pages/static-pages/6922dfba933eb65569e23b0a,https://objectstorage.ap-dcc-gazipur-1.oraclecloud15.com/n/axvjbnqprylg/b/V2Ministry/o/office-doe/2024/12/0d96fd0a1c1c4882973e58aaaffaa08a.docx,,docx,17332,cb520a59c44f2e103f7d10d994df7fc7b08f6071415c76edf6861b212ab7fff3,processed_then_deleted,2026-08-06T20:58:01+00:00,ok
daily_aqi,2024-02-17,AQI for 17 th February 2024,https://doe.gov.bd/pages/static-pages/6922dfba933eb65569e23b0a,https://objectstorage.ap-dcc-gazipur-1.oraclecloud15.com/n/axvjbnqprylg/b/V2Ministry/o/office-doe/2024/12/20bbdbfa9320460098bf75e1a27f4c71.docx,,docx,17412,032562ca78e32459219be9ab403f52a4dc0fb82af89d3c7557c7f6537f727a34,processed_then_deleted,2026-08-06T20:58:01+00:00,ok
daily_aqi,2024-02-18,AQI for 18 th February 2024,https://doe.gov.bd/pages/static-pages/6922dfba933eb65569e23b0a,https://objectstorage.ap-dcc-gazipur-1.oraclecloud15.com/n/axvjbnqprylg/b/V2Ministry/o/office-doe/2024/12/f46dcaffc61d4788866506d19cd76a6e.docx,,docx,17369,7e279c865493a544bc5706c0b5aa8a3b095f33e87a5d90d200e7ed8b4c77d1a9,processed_then_deleted,2026-08-06T20:58:01+00:00,ok
daily_aqi,2024-02-19,AQI for 19 th February 2024,https://doe.gov.bd/pages/static-pages/6922dfba933eb65569e23b0a,https://objectstorage.ap-dcc-gazipur-1.oraclecloud15.com/n/axvjbnqprylg/b/V2Ministry/o/office-doe/2024/12/377e871e04ed4746818308638e24b159.docx,,docx,17418,33a7d3f61dbed59ec05c368f9e7510633858e9cbad5bfeb631734a662fe77ddf,processed_then_deleted,2026-08-06T20:58:01+00:00,ok
daily_aqi,2024-02-20,AQI for 20 th February 2024,https://doe.gov.bd/pages/static-pages/6922dfba933eb65569e23b0a,https://objectstorage.ap-dcc-gazipur-1.oraclecloud15.com/n/axvjbnqprylg/b/V2Ministry/o/office-doe/2024/12/101646a3579c435eb2827900321ab841.docx,,docx,17458,96c19dbe0faffd5d4b600a439d46b134349dd33a621432b7d3b12ce9d8624491,processed_then_deleted,2026-08-06T20:58:01+00:00,ok
daily_aqi,2024-02-21,AQI for 21 th February 2024,https://doe.gov.bd/pages/static-pages/6922dfba933eb65569e23b0a,https://objectstorage.ap-dcc-gazipur-1.oraclecloud15.com/n/axvjbnqprylg/b/V2Ministry/o/office-doe/2024/12/a080ffeb9fee42cebbf7652e04487743.docx,,docx,17449,79602ff032c7c289a2c2ab4a1309c52545a05726349e5956f249701965281c76,processed_then_deleted,2026-08-06T20:58:01+00:00,ok
daily_aqi,2024-02-22,AQI for 22 th February 2024,https://doe.gov.bd/pages/static-pages/6922dfba933eb65569e23b0a,https://objectstorage.ap-dcc-gazipur-1.oraclecloud15.com/n/axvjbnqprylg/b/V2Ministry/o/office-doe/2024/12/b6915894188141c1be283a388ec0e627.docx,,docx,17482,3d31465fcca19d5dcb14abfa859d2a65f3d14da4dcefe93fcaf888d487517ebb,processed_then_deleted,2026-08-06T20:58:01+00:00,ok
daily_aqi,2024-02-23,AQI for 23 th February 2024,https://doe.gov.bd/pages/static-pages/6922dfba933eb65569e23b0a,https://objectstorage.ap-dcc-gazipur-1.oraclecloud15.com/n/axvjbnqprylg/b/V2Ministry/o/office-doe/2024/12/088c1cd7939246f6b9b4f1caf6ca62e2.docx,,docx,17383,afadf8a3a0a011152b88645386e26e74ff49f3f246f2d2ca4fdbe7673945fe03,processed_then_deleted,2026-08-06T20:58:01+00:00,ok
daily_aqi,2024-02-24,AQI for 24 th February 2024,https://doe.gov.bd/pages/static-pages/6922dfba933eb65569e23b0a,https://objectstorage.ap-dcc-gazipur-1.oraclecloud15.com/n/axvjbnqprylg/b/V2Ministry/o/office-doe/2024/12/8a1c9c8763574e47aab6d5203597feb5.docx,,docx,17446,d0b51caeb196a52c9c780111b16666e9f073952139f05b9aaf8448624234b56c,processed_then_deleted,2026-08-06T20:58:01+00:00,ok
daily_aqi,2024-02-25,AQI for 25 th February 2024,https://doe.gov.bd/pages/static-pages/6922dfba933eb65569e23b0a,https://objectstorage.ap-dcc-gazipur-1.oraclecloud15.com/n/axvjbnqprylg/b/V2Ministry/o/office-doe/2024/12/41643651354c42d89c282c2760edbb5e.docx,,docx,17368,04443ec55fccd4f06cea6a45fc22fa18a6812e7f9c24b08330de2210a9b83c1e,processed_then_deleted,2026-08-06T20:58:01+00:00,ok
daily_aqi,2024-02-26,AQI for 26 th February 2024,https://doe.gov.bd/pages/static-pages/6922dfba933eb65569e23b0a,https://objectstorage.ap-dcc-gazipur-1.oraclecloud15.com/n/axvjbnqprylg/b/V2Ministry/o/office-doe/2024/12/2d482cbfad73469691fbff385a546ed1.docx,,docx,17393,f8dc9f9434774e1969b346afbf54cf870c2886376655b635e15688d8a9ed900d,processed_then_deleted,2026-08-06T20:58:01+00:00,ok
daily_aqi,2024-02-27,AQI for 27 th February 2024,https://doe.gov.bd/pages/static-pages/6922dfba933eb65569e23b0a,https://objectstorage.ap-dcc-gazipur-1.oraclecloud15.com/n/axvjbnqprylg/b/V2Ministry/o/office-doe/2024/12/c162619a07e54e328aced137d54d871b.docx,,docx,17440,4d077d617e6e8aa895be6487df323afb8ee6a31f36bb6347f8992a76716e2d33,processed_then_deleted,2026-08-06T20:58:01+00:00,ok
daily_aqi,2024-02-28,AQI for 28 th February 2024,https://doe.gov.bd/pages/static-pages/6922dfba933eb65569e23b0a,https://objectstorage.ap-dcc-gazipur-1.oraclecloud15.com/n/axvjbnqprylg/b/V2Ministry/o/office-doe/2024/12/a1702cc457974657928d5dbd991de318.docx,,docx,17474,8f2ce2524cc1a05ce1cfda5c0e509cc8eb3f6dfd7b3d70607ac53d5447799c63,processed_then_deleted,2026-08-06T20:58:01+00:00,ok
daily_aqi,2024-02-29,AQI for 29 th February 2024,https://doe.gov.bd/pages/static-pages/6922dfba933eb65569e23b0a,https://objectstorage.ap-dcc-gazipur-1.oraclecloud15.com/n/axvjbnqprylg/b/V2Ministry/o/office-doe/2024/12/2caa1c0082654e0abd33eb0d8283ee2d.docx,,docx,17421,a7cb5be7ffd469b2631792267af5fa4d3bf3553675b0b12f2fbea699a3a4d0c2,processed_then_deleted,2026-08-06T20:58:01+00:00,ok
daily_aqi,2024-03-01,AQI for 01 th March 2024,https://doe.gov.bd/pages/static-pages/6922dfba933eb65569e23b0a,https://objectstorage.ap-dcc-gazipur-1.oraclecloud15.com/n/axvjbnqprylg/b/V2Ministry/o/office-doe/2024/12/be2ae19adba8474187f30ea62f16e8bd.docx,,docx,17075,fbad17fc7eac141351c8083edf359f7b55878637f74e910a6f9f17286578bf0a,processed_then_deleted,2026-08-06T20:58:01+00:00,ok
daily_aqi,2024-03-02,AQI for 02 th March 2024,https://doe.gov.bd/pages/static-pages/6922dfba933eb65569e23b0a,https://objectstorage.ap-dcc-gazipur-1.oraclecloud15.com/n/axvjbnqprylg/b/V2Ministry/o/office-doe/2024/12/f5121f88ffe9473899ac509a130c8cc2.docx,,docx,17167,bfb36bfed4e49cfba6795d48e0141cc0ec30c0bddf860c61526158f6ba12dfe0,processed_then_deleted,2026-08-06T20:58:01+00:00,ok
daily_aqi,2024-03-03,AQI for 03 th March 2024,https://doe.gov.bd/pages/static-pages/6922dfba933eb65569e23b0a,https://objectstorage.ap-dcc-gazipur-1.oraclecloud15.com/n/axvjbnqprylg/b/V2Ministry/o/office-doe/2024/12/f5eeed75f56a402f9309f9439416b65a.docx,,docx,17251,1eb0c526e1ae6d6510378db3a7facdc98e9f947fe1f19c9d9e1990179ef7f997,processed_then_deleted,2026-08-06T20:58:01+00:00,ok
daily_aqi,2024-03-04,AQI for 04 th March 2024,https://doe.gov.bd/pages/static-pages/6922dfba933eb65569e23b0a,https://objectstorage.ap-dcc-gazipur-1.oraclecloud15.com/n/axvjbnqprylg/b/V2Ministry/o/office-doe/2024/12/01846b7304fd41869f8060739b85fc87.docx,,docx,17337,cf16a29e71cfeda84381ec0d209a47f1e848bf375ac1f4cd846d1c478c484528,processed_then_deleted,2026-08-06T20:58:01+00:00,ok
daily_aqi,2024-03-05,AQI for 05 th March 2024,https://doe.gov.bd/pages/static-pages/6922dfba933eb65569e23b0a,https://objectstorage.ap-dcc-gazipur-1.oraclecloud15.com/n/axvjbnqprylg/b/V2Ministry/o/office-doe/2024/12/01846b7304fd41869f8060739b85fc87.docx,,docx,17337,cf16a29e71cfeda84381ec0d209a47f1e848bf375ac1f4cd846d1c478c484528,processed_then_deleted,2026-08-06T20:58:01+00:00,ok
daily_aqi,2024-03-06,AQI for 06 th March 2024,https://doe.gov.bd/pages/static-pages/6922dfba933eb65569e23b0a,https://objectstorage.ap-dcc-gazipur-1.oraclecloud15.com/n/axvjbnqprylg/b/V2Ministry/o/office-doe/2024/12/01846b7304fd41869f8060739b85fc87.docx,,docx,17337,cf16a29e71cfeda84381ec0d209a47f1e848bf375ac1f4cd846d1c478c484528,processed_then_deleted,2026-08-06T20:58:01+00:00,ok
daily_aqi,2024-03-07,AQI for 07 th March 2024,https://doe.gov.bd/pages/static-pages/6922dfba933eb65569e23b0a,https://objectstorage.ap-dcc-gazipur-1.oraclecloud15.com/n/axvjbnqprylg/b/V2Ministry/o/office-doe/2024/12/40dd747ab2704e7898aa42c7f25d0565.docx,,docx,17313,8fb68ef0755a77f3c9c0c5453703714e2d05cef120d186da6d14171ab5fca811,processed_then_deleted,2026-08-06T20:58:01+00:00,ok
daily_aqi,2024-03-08,AQI for 08 th March 2024,https://doe.gov.bd/pages/static-pages/6922dfba933eb65569e23b0a,https://objectstorage.ap-dcc-gazipur-1.oraclecloud15.com/n/axvjbnqprylg/b/V2Ministry/o/office-doe/2024/12/3879e2d0f3d4445d874f531597feaa22.docx,,docx,17337,c3f9b73df7aa2448705790af4b619c1fefee5fd2172012789e4ee7e4964e121e,processed_then_deleted,2026-08-06T20:58:01+00:00,ok
daily_aqi,2024-03-09,AQI for 09 th March 2024,https://doe.gov.bd/pages/static-pages/6922dfba933eb65569e23b0a,https://objectstorage.ap-dcc-gazipur-1.oraclecloud15.com/n/axvjbnqprylg/b/V2Ministry/o/office-doe/2024/12/a31990ecb3d1416bbd59c96932a04797.docx,,docx,17357,23130cb38e22f6450c27ae4cf49d6ca5d1ed487691bada9334aefff3c5d0ffad,processed_then_deleted,2026-08-06T20:58:01+00:00,ok
daily_aqi,2024-03-10,AQI for 10 th March 2024,https://doe.gov.bd/pages/static-pages/6922dfba933eb65569e23b0a,https://objectstorage.ap-dcc-gazipur-1.oraclecloud15.com/n/axvjbnqprylg/b/V2Ministry/o/office-doe/2024/12/526c7a383c2d49beadb8bc7538f82575.docx,,docx,17290,c66e6a68d714575dd45892e304620af7d6ad7136defe26d3e586264558c5fe62,processed_then_deleted,2026-08-06T20:58:01+00:00,ok
daily_aqi,2024-03-11,AQI for 11 th March 2024,https://doe.gov.bd/pages/static-pages/6922dfba933eb65569e23b0a,https://objectstorage.ap-dcc-gazipur-1.oraclecloud15.com/n/axvjbnqprylg/b/V2Ministry/o/office-doe/2024/12/4d68b10aba7c40768c20314efe39d841.docx,,docx,17283,46c10f7967fbda4ce8f48281e78be2117879052840896a59b1f62074efc620ae,processed_then_deleted,2026-08-06T20:58:01+00:00,ok
daily_aqi,2024-03-12,AQI for 12 th March 2024,https://doe.gov.bd/pages/static-pages/6922dfba933eb65569e23b0a,https://objectstorage.ap-dcc-gazipur-1.oraclecloud15.com/n/axvjbnqprylg/b/V2Ministry/o/office-doe/2024/12/561aeb29fd6943fa8abeb7800a5bee06.docx,,docx,17246,928b6b3ae017d201b294c80247ba16633675d640408faa201ddcfed732ae2bfa,processed_then_deleted,2026-08-06T20:58:01+00:00,ok
daily_aqi,2024-03-13,AQI for 13 th March 2024,https://doe.gov.bd/pages/static-pages/6922dfba933eb65569e23b0a,https://objectstorage.ap-dcc-gazipur-1.oraclecloud15.com/n/axvjbnqprylg/b/V2Ministry/o/office-doe/2024/12/02815702e5c5482c9ff6ea558ba1b86b.docx,,docx,17372,eafd2b102e6739aa29e6adb161af808e3ac32575949bb856bc695e8efd592455,processed_then_deleted,2026-08-06T20:58:01+00:00,ok
daily_aqi,2024-03-14,AQI for 14 th March 2024,https://doe.gov.bd/pages/static-pages/6922dfba933eb65569e23b0a,https://objectstorage.ap-dcc-gazipur-1.oraclecloud15.com/n/axvjbnqprylg/b/V2Ministry/o/office-doe/2024/12/b071c86f55fe4804b3106d4c875cf500.docx,,docx,16973,27f26bc5fb3112a5aac00abbcbfb737edc273d1de675540419802f0ddb7a5f95,processed_then_deleted,2026-08-06T20:58:01+00:00,ok
daily_aqi,2024-03-15,AQI for 15 th March 2024,https://doe.gov.bd/pages/static-pages/6922dfba933eb65569e23b0a,https://objectstorage.ap-dcc-gazipur-1.oraclecloud15.com/n/axvjbnqprylg/b/V2Ministry/o/office-doe/2024/12/54184ac722a6440c905afea847b66acc.docx,,docx,16968,1cb70ed35f26c564d66422036f3ae0ced23449b32e74cdd5920375e2e721a6c5,processed_then_deleted,2026-08-06T20:58:01+00:00,ok
daily_aqi,2024-03-16,AQI for 16 th March 2024,https://doe.gov.bd/pages/static-pages/6922dfba933eb65569e23b0a,https://objectstorage.ap-dcc-gazipur-1.oraclecloud15.com/n/axvjbnqprylg/b/V2Ministry/o/office-doe/2024/12/6a612300eee34123930b9715850eee15.docx,,docx,17339,2d6ea2a2a03c3f7f2bb49f4f82f7f6e452f30b3d5d8ba2c5962a592f23d7c31b,processed_then_deleted,2026-08-06T20:58:01+00:00,ok
daily_aqi,2024-03-17,AQI for 17 th March 2024,https://doe.gov.bd/pages/static-pages/6922dfba933eb65569e23b0a,https://objectstorage.ap-dcc-gazipur-1.oraclecloud15.com/n/axvjbnqprylg/b/V2Ministry/o/office-doe/2024/12/984e18c74a914ed99f63f64f03bc026e.docx,,docx,17148,fc7112f98bcefba1aacef1f057f61b670136e368594f0bf3aadfee7f394d26f6,processed_then_deleted,2026-08-06T20:58:01+00:00,ok
daily_aqi,2024-03-18,AQI for 18 th March 2024,https://doe.gov.bd/pages/static-pages/6922dfba933eb65569e23b0a,https://objectstorage.ap-dcc-gazipur-1.oraclecloud15.com/n/axvjbnqprylg/b/V2Ministry/o/office-doe/2024/12/fc50de0905c5403bac03dc3a91992bdb.docx,,docx,17395,5fcace698402a516fe021c9d78027c4a2a9d85b580426947a9b3e168972710bc,processed_then_deleted,2026-08-06T20:58:01+00:00,ok
daily_aqi,2024-03-19,AQI for 19 th March 2024,https://doe.gov.bd/pages/static-pages/6922dfba933eb65569e23b0a,https://objectstorage.ap-dcc-gazipur-1.oraclecloud15.com/n/axvjbnqprylg/b/V2Ministry/o/office-doe/2024/12/0747560b9c314e4c9940aede6b111d00.docx,,docx,17478,22b32870671bf4c79ce50209ac1024f5a61fff46ac544ef1b3bb061ab606f979,processed_then_deleted,2026-08-06T20:58:01+00:00,ok
daily_aqi,2024-03-20,AQI for 20 th March 2024,https://doe.gov.bd/pages/static-pages/6922dfba933eb65569e23b0a,https://objectstorage.ap-dcc-gazipur-1.oraclecloud15.com/n/axvjbnqprylg/b/V2Ministry/o/office-doe/2024/12/ee58a169996f449d891acf4d0035f3ab.docx,,docx,17429,2a12736fad6e3f9912535b47e5cd23627532fb262a1f8b828ddea17043ddb9db,processed_then_deleted,2026-08-06T20:58:01+00:00,ok
daily_aqi,2024-03-21,AQI for 21 th March 2024,https://doe.gov.bd/pages/static-pages/6922dfba933eb65569e23b0a,https://objectstorage.ap-dcc-gazipur-1.oraclecloud15.com/n/axvjbnqprylg/b/V2Ministry/o/office-doe/2024/12/6282ee0d66e946fd804e0cea9cabc12a.docx,,docx,19461,87fa42d91d04125ed15e40f3b9ad93881312fd9fa785406218d20e2f43bdc33e,processed_then_deleted,2026-08-06T20:58:01+00:00,ok
daily_aqi,2024-03-22,AQI for 22 th March 2024,https://doe.gov.bd/pages/static-pages/6922dfba933eb65569e23b0a,https://objectstorage.ap-dcc-gazipur-1.oraclecloud15.com/n/axvjbnqprylg/b/V2Ministry/o/office-doe/2024/12/dc230d52c53b40df87fb7ea8e93158db.docx,,docx,19445,2f13e3ad7e13ec93bf75098a9936e943f37a237a2f7570eb4474670f31f07797,processed_then_deleted,2026-08-06T20:58:01+00:00,ok
daily_aqi,2024-03-23,AQI for 23 th March 2024,https://doe.gov.bd/pages/static-pages/6922dfba933eb65569e23b0a,https://objectstorage.ap-dcc-gazipur-1.oraclecloud15.com/n/axvjbnqprylg/b/V2Ministry/o/office-doe/2024/12/54969a1fe1ae436fb3c87294a9be88fe.docx,,docx,19629,fe42a017c5c56c2170576ca687d7d0e2b0b0793e49834d49d3c6beaf49fccbfb,processed_then_deleted,2026-08-06T20:58:01+00:00,ok
daily_aqi,2024-03-24,AQI for 24 th March 2024,https://doe.gov.bd/pages/static-pages/6922dfba933eb65569e23b0a,https://objectstorage.ap-dcc-gazipur-1.oraclecloud15.com/n/axvjbnqprylg/b/V2Ministry/o/office-doe/2024/12/9e8d9b012228480daca951f1837ca0ee.docx,,docx,17431,ec82928ac86126c8fe4f941e2c7650c52c2f9277adf9f0531d88d9c3f2364ee1,processed_then_deleted,2026-08-06T20:58:01+00:00,ok
daily_aqi,2024-03-25,AQI for 25 th March 2024,https://doe.gov.bd/pages/static-pages/6922dfba933eb65569e23b0a,https://objectstorage.ap-dcc-gazipur-1.oraclecloud15.com/n/axvjbnqprylg/b/V2Ministry/o/office-doe/2024/12/270bef458ba944548bbcb59f2e36de23.docx,,docx,17442,da484ef1de7a65cc42175d0efa1ba7c2086d541170ba86209ead5a18c2b6c3e8,processed_then_deleted,2026-08-06T20:58:01+00:00,ok
daily_aqi,2024-03-26,AQI for 26 th March 2024,https://doe.gov.bd/pages/static-pages/6922dfba933eb65569e23b0a,https://objectstorage.ap-dcc-gazipur-1.oraclecloud15.com/n/axvjbnqprylg/b/V2Ministry/o/office-doe/2024/12/143027ec254043f58502f57db9d06249.docx,,docx,17397,2122dd7bca0da709a13d2439910759db0fc089f4a5670525c8a7f5f52e5bc06f,processed_then_deleted,2026-08-06T20:58:01+00:00,ok
daily_aqi,2024-03-27,AQI for 27 th March 2024,https://doe.gov.bd/pages/static-pages/6922dfba933eb65569e23b0a,https://objectstorage.ap-dcc-gazipur-1.oraclecloud15.com/n/axvjbnqprylg/b/V2Ministry/o/office-doe/2024/12/2375859238a14db4ba07c437e95acecc.docx,,docx,17434,e4d10b06d2832c4c29fce5442720b7fb6087ba63b7bd6577e11d016376845ad6,processed_then_deleted,2026-08-06T20:58:01+00:00,ok
daily_aqi,2024-03-28,AQI for 28 th March 2024,https://doe.gov.bd/pages/static-pages/6922dfba933eb65569e23b0a,https://objectstorage.ap-dcc-gazipur-1.oraclecloud15.com/n/axvjbnqprylg/b/V2Ministry/o/office-doe/2024/12/5c480c55b7804b6abdf38e20149520a9.docx,,docx,17528,e047a40e614b693cbfc3323b264b63d9d40c812655bf815029c92d5eac8357d2,processed_then_deleted,2026-08-06T20:58:01+00:00,ok
daily_aqi,2024-03-29,AQI for 29 th March 2024,https://doe.gov.bd/pages/static-pages/6922dfba933eb65569e23b0a,https://objectstorage.ap-dcc-gazipur-1.oraclecloud15.com/n/axvjbnqprylg/b/V2Ministry/o/office-doe/2024/12/aff99ed583a84377b8b578b54830de4b.docx,,docx,17482,f6abb211abcf4d3248b811104623fd7bcaeff17cf7cfb565545e085f0cbe8055,processed_then_deleted,2026-08-06T20:58:01+00:00,ok
daily_aqi,2024-03-30,AQI for 30 th March 2024,https://doe.gov.bd/pages/static-pages/6922dfba933eb65569e23b0a,https://objectstorage.ap-dcc-gazipur-1.oraclecloud15.com/n/axvjbnqprylg/b/V2Ministry/o/office-doe/2024/12/6c51ce02a5384c54ab9ce4edae6aad15.docx,,docx,17525,6c7a823ee57f2eb7b4136c64d08a2a5f99e8c726a47b0ca96d4919fadcf4fb68,processed_then_deleted,2026-08-06T20:58:01+00:00,ok
daily_aqi,2024-03-31,AQI for 31 th March 2024,https://doe.gov.bd/pages/static-pages/6922dfba933eb65569e23b0a,https://objectstorage.ap-dcc-gazipur-1.oraclecloud15.com/n/axvjbnqprylg/b/V2Ministry/o/office-doe/2024/12/c2a17c7029bc4dc0bf2de3027db93130.docx,,docx,17536,4a09d65ec87fcf1e444eaf583759c2f69444d83bd57780452f61ba9aa0b40af3,processed_then_deleted,2026-08-06T20:58:01+00:00,ok
daily_aqi,2024-04-01,AQI for 01 th April 2024,https://doe.gov.bd/pages/static-pages/6922dfba933eb65569e23b0a,https://objectstorage.ap-dcc-gazipur-1.oraclecloud15.com/n/axvjbnqprylg/b/V2Ministry/o/office-doe/2024/12/991b5e721c1b464385262242ebcf60f2.docx,,docx,17216,92a5b5e376c0a0bcd659b661940b11deebf67c35e8a6090bf3c5f91f833691dd,processed_then_deleted,2026-08-06T20:58:01+00:00,ok
daily_aqi,2024-04-02,AQI for 02 th April 2024,https://doe.gov.bd/pages/static-pages/6922dfba933eb65569e23b0a,https://objectstorage.ap-dcc-gazipur-1.oraclecloud15.com/n/axvjbnqprylg/b/V2Ministry/o/office-doe/2024/12/186f292b21b74e86ba40dcb55faaad81.docx,,docx,17223,6c889fe02c5ec0240b1e569ed952d17247a7ea9f3da35df25828870f61c7f802,processed_then_deleted,2026-08-06T20:58:01+00:00,ok
daily_aqi,2024-04-03,AQI for 03 th April 2024,https://doe.gov.bd/pages/static-pages/6922dfba933eb65569e23b0a,https://objectstorage.ap-dcc-gazipur-1.oraclecloud15.com/n/axvjbnqprylg/b/V2Ministry/o/office-doe/2024/12/b1821da2f2e54ebc8f207b02ea4093e8.docx,,docx,17258,601a8d1d130e8651e256417e3c907b3c685efdd4c4e2f26bab5b4cfd6df2816a,processed_then_deleted,2026-08-06T20:58:01+00:00,ok
daily_aqi,2024-04-04,AQI for 04 th April 2024,https://doe.gov.bd/pages/static-pages/6922dfba933eb65569e23b0a,https://objectstorage.ap-dcc-gazipur-1.oraclecloud15.com/n/axvjbnqprylg/b/V2Ministry/o/office-doe/2024/12/fcedbd734bc84591a70ae3eec5078d85.docx,,docx,19507,7015ba26eaae56d89ca0a4a784e3634ef3ab0cb3abf50f60062c97cd268374d6,processed_then_deleted,2026-08-06T20:58:01+00:00,ok
daily_aqi,2024-04-05,AQI for 05 th April 2024,https://doe.gov.bd/pages/static-pages/6922dfba933eb65569e23b0a,https://objectstorage.ap-dcc-gazipur-1.oraclecloud15.com/n/axvjbnqprylg/b/V2Ministry/o/office-doe/2024/12/e7705d6503df4f05843d3126d0c93d43.docx,,docx,19534,d635c353da2a38c3556c5735db2974f897cbb77d7f2f16c1f61197182ee4be76,processed_then_deleted,2026-08-06T20:58:01+00:00,ok
daily_aqi,2024-04-06,AQI for 06 th April 2024,https://doe.gov.bd/pages/static-pages/6922dfba933eb65569e23b0a,https://objectstorage.ap-dcc-gazipur-1.oraclecloud15.com/n/axvjbnqprylg/b/V2Ministry/o/office-doe/2024/12/dda9a178197041bb91eb71b574d527a3.docx,,docx,19568,932d25a2c320c85eafe378d8330865c40e55fd1be1b52ae3d3fbbbb4450061cd,processed_then_deleted,2026-08-06T20:58:01+00:00,ok
daily_aqi,2024-04-07,AQI for 07 th April 2024,https://doe.gov.bd/pages/static-pages/6922dfba933eb65569e23b0a,https://objectstorage.ap-dcc-gazipur-1.oraclecloud15.com/n/axvjbnqprylg/b/V2Ministry/o/office-doe/2024/12/ac024c2c548c4146ae811a6d73703c62.docx,,docx,19711,5c2227c61fc637087e856e5914191d4f54973f12a676cb3cc61f40b7a8d4f520,processed_then_deleted,2026-08-06T20:58:01+00:00,ok
daily_aqi,2024-04-08,AQI for 08 th April 2024,https://doe.gov.bd/pages/static-pages/6922dfba933eb65569e23b0a,https://objectstorage.ap-dcc-gazipur-1.oraclecloud15.com/n/axvjbnqprylg/b/V2Ministry/o/office-doe/2024/12/bd7ed6828654456f97f82070163ca7a9.docx,,docx,19715,33c2c4de19f1b88ceffdc2ed77c0c65222ebf07bb272cdfcaef619d72ff04553,processed_then_deleted,2026-08-06T20:58:01+00:00,ok
daily_aqi,2024-04-09,AQI for 09 th April 2024,https://doe.gov.bd/pages/static-pages/6922dfba933eb65569e23b0a,https://objectstorage.ap-dcc-gazipur-1.oraclecloud15.com/n/axvjbnqprylg/b/V2Ministry/o/office-doe/2024/12/0e79efdd00394407b5379b7efc06b926.docx,,docx,19740,51485dc4897a64cf5d1b4eb22e18fd926e8cac01c52d3771ed7bb2828ceeb981,processed_then_deleted,2026-08-06T20:58:01+00:00,ok
daily_aqi,2024-04-10,AQI for 10 th April 2024,https://doe.gov.bd/pages/static-pages/6922dfba933eb65569e23b0a,https://objectstorage.ap-dcc-gazipur-1.oraclecloud15.com/n/axvjbnqprylg/b/V2Ministry/o/office-doe/2024/12/3eb8e6aad8ce4a51bf5406fad74fc215.docx,,docx,19672,9f89453229b8c45e6b45f792bfa463bb84640497944964c3661a1cc1cf826289,processed_then_deleted,2026-08-06T20:58:01+00:00,ok
daily_aqi,2024-04-11,AQI for 11 th April 2024,https://doe.gov.bd/pages/static-pages/6922dfba933eb65569e23b0a,https://objectstorage.ap-dcc-gazipur-1.oraclecloud15.com/n/axvjbnqprylg/b/V2Ministry/o/office-doe/2024/12/70837678ac8e4b8591939e7fb7f749b9.docx,,docx,19576,e82610cc294f3c1dd7ed9aaa18812a4c9223783da181b2f8242b76722abebf66,processed_then_deleted,2026-08-06T20:58:01+00:00,ok
daily_aqi,2024-04-12,AQI for 12 th April 2024,https://doe.gov.bd/pages/static-pages/6922dfba933eb65569e23b0a,https://objectstorage.ap-dcc-gazipur-1.oraclecloud15.com/n/axvjbnqprylg/b/V2Ministry/o/office-doe/2024/12/eea6efb506a041f389197c1648d962d4.docx,,docx,19539,1027b607afe6928ee270849a0830d294fdc60677967482bc403d1ff2d61fdacf,processed_then_deleted,2026-08-06T20:58:01+00:00,ok
daily_aqi,2024-04-13,AQI for 13 th April 2024,https://doe.gov.bd/pages/static-pages/6922dfba933eb65569e23b0a,https://objectstorage.ap-dcc-gazipur-1.oraclecloud15.com/n/axvjbnqprylg/b/V2Ministry/o/office-doe/2024/12/a15a5e3e4bdd4e02b0420fd1ca646c44.docx,,docx,19705,9daf276b6be85bbf558846f620275849b74bdb1d82546182ca9d952c030ce947,processed_then_deleted,2026-08-06T20:58:01+00:00,ok
daily_aqi,2024-04-14,AQI for 14 th April 2024,https://doe.gov.bd/pages/static-pages/6922dfba933eb65569e23b0a,https://objectstorage.ap-dcc-gazipur-1.oraclecloud15.com/n/axvjbnqprylg/b/V2Ministry/o/office-doe/2024/12/430ed82b6c7c4eab927440f3f17bc9f7.docx,,docx,17227,0704d1af35f1ccac617663e22a75c8a7141885e3091e023c695a84e23b3341dc,processed_then_deleted,2026-08-06T20:58:01+00:00,ok
daily_aqi,2024-04-15,AQI for 15 th April 2024,https://doe.gov.bd/pages/static-pages/6922dfba933eb65569e23b0a,https://objectstorage.ap-dcc-gazipur-1.oraclecloud15.com/n/axvjbnqprylg/b/V2Ministry/o/office-doe/2024/12/003550ed61c04fc6b19aea6a31db25bf.docx,,docx,17419,de6c19229f88972f218089553332eb8df41f0f1307f016e9c8a4a03ff29a05fe,processed_then_deleted,2026-08-06T20:58:01+00:00,ok
daily_aqi,2024-04-16,AQI for 16 th April 2024,https://doe.gov.bd/pages/static-pages/6922dfba933eb65569e23b0a,https://objectstorage.ap-dcc-gazipur-1.oraclecloud15.com/n/axvjbnqprylg/b/V2Ministry/o/office-doe/2024/12/2ae54de47b924552a6e62f5fb2aa7305.docx,,docx,17254,5cdcd2d3c2af6445f1edd310cfee4eef9e79f897ed200cf44bcbf545b65dc233,processed_then_deleted,2026-08-06T20:58:01+00:00,ok
daily_aqi,2024-04-17,AQI for 17 th April 2024,https://doe.gov.bd/pages/static-pages/6922dfba933eb65569e23b0a,https://objectstorage.ap-dcc-gazipur-1.oraclecloud15.com/n/axvjbnqprylg/b/V2Ministry/o/office-doe/2024/12/c8d4f651e0d54d38b65624bc0df748f9.docx,,docx,17312,aa24ee74f4ccaeb1d8532ed95b90e5f27fd1830fc8278c41bac52080398b9f67,processed_then_deleted,2026-08-06T20:58:01+00:00,ok
daily_aqi,2024-04-18,AQI for 18 th April 2024,https://doe.gov.bd/pages/static-pages/6922dfba933eb65569e23b0a,https://objectstorage.ap-dcc-gazipur-1.oraclecloud15.com/n/axvjbnqprylg/b/V2Ministry/o/office-doe/2024/12/ccec8e22706a4d2b94c1572df41e921f.docx,,docx,17344,fbb56d60ac5abd451adc099764a8ce09f406c6899682af4af89d16b874d305ab,processed_then_deleted,2026-08-06T20:58:01+00:00,ok
daily_aqi,2024-04-19,AQI for 19 th April 2024,https://doe.gov.bd/pages/static-pages/6922dfba933eb65569e23b0a,https://objectstorage.ap-dcc-gazipur-1.oraclecloud15.com/n/axvjbnqprylg/b/V2Ministry/o/office-doe/2024/12/bcbe105f75e04e73a206e63c1b9b05ee.docx,,docx,17389,5c5957d7eb36032b07479047b645e254ca29eb27b09cb610d7ab80cc4a5b34d1,processed_then_deleted,2026-08-06T20:58:01+00:00,ok
daily_aqi,2024-04-20,AQI for 20 th April 2024,https://doe.gov.bd/pages/static-pages/6922dfba933eb65569e23b0a,https://objectstorage.ap-dcc-gazipur-1.oraclecloud15.com/n/axvjbnqprylg/b/V2Ministry/o/office-doe/2024/12/de31c3cd1633402ab03703f48dd5b70b.docx,,docx,17364,8dbfa0c649ffa576abb9016d92495240dfebad7723bd6c8cd99fbf1d13afe467,processed_then_deleted,2026-08-06T20:58:01+00:00,ok
daily_aqi,2024-04-21,AQI for 21 th April 2024,https://doe.gov.bd/pages/static-pages/6922dfba933eb65569e23b0a,https://objectstorage.ap-dcc-gazipur-1.oraclecloud15.com/n/axvjbnqprylg/b/V2Ministry/o/office-doe/2024/12/15a7319454304a4482037b503a1898f3.docx,,docx,17388,5db286bbefb3aef148a52edb8600400b90d08ef9702ccd0fd52ec797d58ee127,processed_then_deleted,2026-08-06T20:58:01+00:00,ok
daily_aqi,2024-04-22,AQI for 22 th April 2024,https://doe.gov.bd/pages/static-pages/6922dfba933eb65569e23b0a,https://objectstorage.ap-dcc-gazipur-1.oraclecloud15.com/n/axvjbnqprylg/b/V2Ministry/o/office-doe/2024/12/13131b2b102340bbb21500c99942f700.docx,,docx,17404,5dec1de991caf645177219214b75d2886b1f5b8b08442449c91da5910dcefc8a,processed_then_deleted,2026-08-06T20:58:01+00:00,ok
daily_aqi,2024-04-23,AQI for 23 th April 2024,https://doe.gov.bd/pages/static-pages/6922dfba933eb65569e23b0a,https://objectstorage.ap-dcc-gazipur-1.oraclecloud15.com/n/axvjbnqprylg/b/V2Ministry/o/office-doe/2024/12/b86a89c1c8b348f387b6ea584ac20688.docx,,docx,17442,d3f9a2ef0359de5c700138d32e2213d851c4b4cdabc646a0672f0e6905d34074,processed_then_deleted,2026-08-06T20:58:01+00:00,ok
daily_aqi,2024-04-24,AQI for 24 th April 2024,https://doe.gov.bd/pages/static-pages/6922dfba933eb65569e23b0a,https://objectstorage.ap-dcc-gazipur-1.oraclecloud15.com/n/axvjbnqprylg/b/V2Ministry/o/office-doe/2024/12/e9b4e04f15cb48989e1beef9512bc847.docx,,docx,17368,875dd0efb189bce5b6bef0e532d1d4b9526267949a2a8d785ede4e9e2f419880,processed_then_deleted,2026-08-06T20:58:01+00:00,ok
daily_aqi,2024-04-25,AQI for 25 th April 2024,https://doe.gov.bd/pages/static-pages/6922dfba933eb65569e23b0a,https://objectstorage.ap-dcc-gazipur-1.oraclecloud15.com/n/axvjbnqprylg/b/V2Ministry/o/office-doe/2024/12/ee9a6f5347274de581be75eb87ab185b.docx,,docx,17457,3097cf25538d130434c4248777a90347a6b9b3ebfb9c43ee0d4a541d130a7bad,processed_then_deleted,2026-08-06T20:58:01+00:00,ok
daily_aqi,2024-04-26,AQI for 26 th April 2024,https://doe.gov.bd/pages/static-pages/6922dfba933eb65569e23b0a,https://objectstorage.ap-dcc-gazipur-1.oraclecloud15.com/n/axvjbnqprylg/b/V2Ministry/o/office-doe/2024/12/43614e384db14e6795a6f951f62db683.docx,,docx,17502,4a6e5a8d4da04636047c0eeb03dcf82ba491dc1d68e0deeefec09f8e82769fc8,processed_then_deleted,2026-08-06T20:58:01+00:00,ok
daily_aqi,2024-04-27,AQI for 27 th April 2024,https://doe.gov.bd/pages/static-pages/6922dfba933eb65569e23b0a,https://objectstorage.ap-dcc-gazipur-1.oraclecloud15.com/n/axvjbnqprylg/b/V2Ministry/o/office-doe/2024/12/29f9fd3d5bce41b58d9e52750d2cf166.docx,,docx,17473,2358dad849412346b7ad0a45f689a7cf20cb690e8b0312aec0cab511c4d4425c,processed_then_deleted,2026-08-06T20:58:01+00:00,ok
daily_aqi,2024-04-28,AQI for 28 th April 2024,https://doe.gov.bd/pages/static-pages/6922dfba933eb65569e23b0a,https://objectstorage.ap-dcc-gazipur-1.oraclecloud15.com/n/axvjbnqprylg/b/V2Ministry/o/office-doe/2024/12/c7af7dbd0de04b14b28ba6a60c336b5a.docx,,docx,17458,e0a4d8a1c5548d03dc448927af74dd326ff9b208e411d84efd21af3c2b095640,processed_then_deleted,2026-08-06T20:58:01+00:00,ok
daily_aqi,2024-04-29,AQI for 29 th April 2024,https://doe.gov.bd/pages/static-pages/6922dfba933eb65569e23b0a,https://objectstorage.ap-dcc-gazipur-1.oraclecloud15.com/n/axvjbnqprylg/b/V2Ministry/o/office-doe/2024/12/acdf41ec9a5c480c98ee8425a574f1fa.docx,,docx,17795,8cc9a96b534012eac9d2d9d8244412365988c7031598aedc42345e800fa9364e,processed_then_deleted,2026-08-06T20:58:01+00:00,ok
daily_aqi,2024-04-30,AQI for 30 th April 2024,https://doe.gov.bd/pages/static-pages/6922dfba933eb65569e23b0a,https://objectstorage.ap-dcc-gazipur-1.oraclecloud15.com/n/axvjbnqprylg/b/V2Ministry/o/office-doe/2024/12/97dca769697149649de84e90d67db78b.docx,,docx,17445,e0a876695b0512a5861d9f7d2b0e821ffb64a9188724f6e9fac03b1a3bdb997f,processed_then_deleted,2026-08-06T20:58:01+00:00,ok
daily_aqi,2024-05-01,AQI for 01 th May 2024,https://doe.gov.bd/pages/static-pages/6922dfba933eb65569e23b0a,https://objectstorage.ap-dcc-gazipur-1.oraclecloud15.com/n/axvjbnqprylg/b/V2Ministry/o/office-doe/2024/12/bab952a80c9b41f2963d38c453571a22.docx,,docx,17216,92a5b5e376c0a0bcd659b661940b11deebf67c35e8a6090bf3c5f91f833691dd,processed_then_deleted,2026-08-06T20:58:01+00:00,ok
daily_aqi,2024-05-02,AQI for 02 th May 2024,https://doe.gov.bd/pages/static-pages/6922dfba933eb65569e23b0a,https://objectstorage.ap-dcc-gazipur-1.oraclecloud15.com/n/axvjbnqprylg/b/V2Ministry/o/office-doe/2024/12/50fa4a199e5e4f6f917c8c89c834d4ad.docx,,docx,17492,5cea3dda83d3ec2f61ce8ef6b3b0b9f7520eb8448c20c7d44c8b0a0c2f0a46a0,processed_then_deleted,2026-08-06T20:58:01+00:00,ok
daily_aqi,2024-05-03,AQI for 03 th May 2024,https://doe.gov.bd/pages/static-pages/6922dfba933eb65569e23b0a,https://objectstorage.ap-dcc-gazipur-1.oraclecloud15.com/n/axvjbnqprylg/b/V2Ministry/o/office-doe/2024/12/c405f5469cd24ea6ae58a051cc0d7535.docx,,docx,17634,9f644904bd8d676bbc1e3dcf7d9b1db710812a83002c5e507eb4e7f2331be9f5,processed_then_deleted,2026-08-06T20:58:01+00:00,ok
daily_aqi,2024-05-04,AQI for 04 th May 2024,https://doe.gov.bd/pages/static-pages/6922dfba933eb65569e23b0a,https://objectstorage.ap-dcc-gazipur-1.oraclecloud15.com/n/axvjbnqprylg/b/V2Ministry/o/office-doe/2024/12/36504bf100ec40f5986c6924444fe5f8.docx,,docx,17537,e7da99d046a530556d298cc070d6139786eaf3088983cac818d1d13ab6fe1964,processed_then_deleted,2026-08-06T20:58:01+00:00,ok
daily_aqi,2024-05-05,AQI for 05 th May 2024,https://doe.gov.bd/pages/static-pages/6922dfba933eb65569e23b0a,https://objectstorage.ap-dcc-gazipur-1.oraclecloud15.com/n/axvjbnqprylg/b/V2Ministry/o/office-doe/2024/12/690caf97592249eb8f0abf212196066b.docx,,docx,17587,7cb87a2ea7dfa9f81c11813a62eb5c2ed8b522b75c7af10610802c810d15d06c,processed_then_deleted,2026-08-06T20:58:01+00:00,ok
daily_aqi,2024-05-06,AQI for 06 th May 2024,https://doe.gov.bd/pages/static-pages/6922dfba933eb65569e23b0a,https://objectstorage.ap-dcc-gazipur-1.oraclecloud15.com/n/axvjbnqprylg/b/V2Ministry/o/office-doe/2024/12/a6c248edcc944b0db81c52ea09b5e5f0.docx,,docx,17602,31f81bc1724c57dcdf2e63cd463dbc789cfee4105d4dd1fc351233d40444fa02,processed_then_deleted,2026-08-06T20:58:01+00:00,ok
daily_aqi,2024-05-07,AQI for 07 th May 2024,https://doe.gov.bd/pages/static-pages/6922dfba933eb65569e23b0a,https://objectstorage.ap-dcc-gazipur-1.oraclecloud15.com/n/axvjbnqprylg/b/V2Ministry/o/office-doe/2024/12/a73522c9e2fe49c1bfbd3081fbd0080c.docx,,docx,17650,d053f3b183f91256934d923bb5916cf9debda5c379a2caab9c13a2fffb07c0df,processed_then_deleted,2026-08-06T20:58:01+00:00,ok
daily_aqi,2024-05-08,AQI for 08 th May 2024,https://doe.gov.bd/pages/static-pages/6922dfba933eb65569e23b0a,https://objectstorage.ap-dcc-gazipur-1.oraclecloud15.com/n/axvjbnqprylg/b/V2Ministry/o/office-doe/2024/12/c9c0b1986eb242e3a34cbcdd6b93e28e.docx,,docx,17617,19c305375e91ba21e325b38135a3e3aac9949225b70cc34c9744e28a20981b48,processed_then_deleted,2026-08-06T20:58:01+00:00,ok
daily_aqi,2024-05-09,AQI for 09 th May 2024,https://doe.gov.bd/pages/static-pages/6922dfba933eb65569e23b0a,https://objectstorage.ap-dcc-gazipur-1.oraclecloud15.com/n/axvjbnqprylg/b/V2Ministry/o/office-doe/2024/12/fa4f60b55bf24e8da606a9a6881f5a72.docx,,docx,17684,29c50df94a1fffee1f56febaaaa352e3534de295a1f77d5bc4fb087be64213b4,processed_then_deleted,2026-08-06T20:58:01+00:00,ok
daily_aqi,2024-05-10,AQI for 10 th May 2024,https://doe.gov.bd/pages/static-pages/6922dfba933eb65569e23b0a,https://objectstorage.ap-dcc-gazipur-1.oraclecloud15.com/n/axvjbnqprylg/b/V2Ministry/o/office-doe/2024/12/7fa6892cdc974d5383ac3814357d6614.docx,,docx,17654,4274ecfd522caad2776588761568b4d758abb2b2d994ec33796a5f319e6bae5a,processed_then_deleted,2026-08-06T20:58:01+00:00,ok
daily_aqi,2024-05-11,AQI for 11 th May 2024,https://doe.gov.bd/pages/static-pages/6922dfba933eb65569e23b0a,https://objectstorage.ap-dcc-gazipur-1.oraclecloud15.com/n/axvjbnqprylg/b/V2Ministry/o/office-doe/2024/12/1cba0a067f624cdeab6601438f65203e.docx,,docx,17598,e9352c6f2e035fe7218b46ce685175d18e7222f058a4aa43db82d515396e15c2,processed_then_deleted,2026-08-06T20:58:01+00:00,ok
daily_aqi,2024-05-12,AQI for 12 th May 2024,https://doe.gov.bd/pages/static-pages/6922dfba933eb65569e23b0a,https://objectstorage.ap-dcc-gazipur-1.oraclecloud15.com/n/axvjbnqprylg/b/V2Ministry/o/office-doe/2024/12/286c456c2eb24ded955350b586adc500.docx,,docx,17758,8d091652e9b899419ef6440cc48722d1d087cb0f86bf4dfce6786c71f34d87b7,processed_then_deleted,2026-08-06T20:58:01+00:00,ok
daily_aqi,2024-05-13,AQI for 13 th May 2024,https://doe.gov.bd/pages/static-pages/6922dfba933eb65569e23b0a,https://objectstorage.ap-dcc-gazipur-1.oraclecloud15.com/n/axvjbnqprylg/b/V2Ministry/o/office-doe/2024/12/a05bfd100e4f44149cdc0f19838ce0f0.docx,,docx,17775,0f6deca4f58d3b2a7d43b4958b042901f6ed40b89a536aca7c63b39c7c2d50d7,processed_then_deleted,2026-08-06T20:58:01+00:00,ok
daily_aqi,2024-05-14,AQI for 14 th May 2024,https://doe.gov.bd/pages/static-pages/6922dfba933eb65569e23b0a,https://objectstorage.ap-dcc-gazipur-1.oraclecloud15.com/n/axvjbnqprylg/b/V2Ministry/o/office-doe/2024/12/208b57e70f24453bb0fd38c9887a8a99.docx,,docx,17712,07f3dfb0c44f17d7755c3e4fc6c05f58462303f4cb87ec5b3f662a80ca052d73,processed_then_deleted,2026-08-06T20:58:01+00:00,ok
daily_aqi,2024-05-15,AQI for 15 th May 2024,https://doe.gov.bd/pages/static-pages/6922dfba933eb65569e23b0a,https://objectstorage.ap-dcc-gazipur-1.oraclecloud15.com/n/axvjbnqprylg/b/V2Ministry/o/office-doe/2024/12/01f385e19638412e9cb1fbbfd34df688.docx,,docx,17799,8bd3b7afec87f836adabf41ba1e431882b7397d48ffa06d137a229c560b222fd,processed_then_deleted,2026-08-06T20:58:01+00:00,ok
daily_aqi,2024-05-16,AQI for 16 th May 2024,https://doe.gov.bd/pages/static-pages/6922dfba933eb65569e23b0a,https://objectstorage.ap-dcc-gazipur-1.oraclecloud15.com/n/axvjbnqprylg/b/V2Ministry/o/office-doe/2024/12/119d6e77a84647e289c6cf61bf4f9aab.docx,,docx,17786,87df72847fb3ab94063ed46e9c261339c45da5843e47a5be2fd8b6608ca7582f,processed_then_deleted,2026-08-06T20:58:01+00:00,ok
daily_aqi,2024-05-17,AQI for 17 th May 2024,https://doe.gov.bd/pages/static-pages/6922dfba933eb65569e23b0a,https://objectstorage.ap-dcc-gazipur-1.oraclecloud15.com/n/axvjbnqprylg/b/V2Ministry/o/office-doe/2024/12/ec5b2483c5c4463082c816d185920c20.docx,,docx,17404,9b5b910e5be4f0b17a3acae72729bcb91bf07e8589c631f07a819aba88fddf9a,processed_then_deleted,2026-08-06T20:58:01+00:00,ok
daily_aqi,2024-05-18,AQI for 18 th May 2024,https://doe.gov.bd/pages/static-pages/6922dfba933eb65569e23b0a,https://objectstorage.ap-dcc-gazipur-1.oraclecloud15.com/n/axvjbnqprylg/b/V2Ministry/o/office-doe/2024/12/f48d6f72bebf4820910126d14451b233.docx,,docx,17815,eda2dd85153041c832585a8a09f4131aae82bf16a981e0e7f23a0460f5c4dc16,processed_then_deleted,2026-08-06T20:58:01+00:00,ok
daily_aqi,2024-05-19,AQI for 19 th May 2024,https://doe.gov.bd/pages/static-pages/6922dfba933eb65569e23b0a,https://objectstorage.ap-dcc-gazipur-1.oraclecloud15.com/n/axvjbnqprylg/b/V2Ministry/o/office-doe/2024/12/67a9615d59c843658ac7fcf054a2e586.docx,,docx,17754,ccb62b6fd13c12a4c2116c5cb70674364b2bb000244e05965bda88353cd8a9b7,processed_then_deleted,2026-08-06T20:58:01+00:00,ok
daily_aqi,2024-05-20,AQI for 20 th May 2024,https://doe.gov.bd/pages/static-pages/6922dfba933eb65569e23b0a,https://objectstorage.ap-dcc-gazipur-1.oraclecloud15.com/n/axvjbnqprylg/b/V2Ministry/o/office-doe/2024/12/37972335e3614032b36cf6c59b93c8c4.docx,,docx,17746,9fce8286efebe7583dad3412ae4cd709d078409808a0530dc515e7a029fae8be,processed_then_deleted,2026-08-06T20:58:01+00:00,ok
daily_aqi,2024-05-21,AQI for 21 th May 2024,https://doe.gov.bd/pages/static-pages/6922dfba933eb65569e23b0a,https://objectstorage.ap-dcc-gazipur-1.oraclecloud15.com/n/axvjbnqprylg/b/V2Ministry/o/office-doe/2024/12/3c0ed00d49ef423aa90179620c744e30.docx,,docx,17769,214ee323b2fe70a3020b2d88ad00e22a6e4ec36c613347c58cb90687727e86d4,processed_then_deleted,2026-08-06T20:58:01+00:00,ok
daily_aqi,2024-05-22,AQI for 22 th May 2024,https://doe.gov.bd/pages/static-pages/6922dfba933eb65569e23b0a,https://objectstorage.ap-dcc-gazipur-1.oraclecloud15.com/n/axvjbnqprylg/b/V2Ministry/o/office-doe/2024/12/e0bbc4a7f287438bb5b6fdf59e9a07c1.docx,,docx,17933,c3a8321869957f171733bcbd143c643635b7739ea7a7929cfed199fe4fc11fbf,processed_then_deleted,2026-08-06T20:58:01+00:00,ok
daily_aqi,2024-05-23,AQI for 23 th May 2024,https://doe.gov.bd/pages/static-pages/6922dfba933eb65569e23b0a,https://objectstorage.ap-dcc-gazipur-1.oraclecloud15.com/n/axvjbnqprylg/b/V2Ministry/o/office-doe/2024/12/aa01d64cc6dd455daafcb69b4dd061fb.docx,,docx,17829,360f4316c170418c82b2d257690973db05bbeaa4dd881afea00e64c5d097ee47,processed_then_deleted,2026-08-06T20:58:01+00:00,ok
daily_aqi,2024-05-24,AQI for 24 th May 2024,https://doe.gov.bd/pages/static-pages/6922dfba933eb65569e23b0a,https://objectstorage.ap-dcc-gazipur-1.oraclecloud15.com/n/axvjbnqprylg/b/V2Ministry/o/office-doe/2024/12/538feb6809284661a5f4076b3d827e76.docx,,docx,17833,3d7f8dff0759f45f1c78f96b6da90367a5cd644235a9af2371b7aa701ad52909,processed_then_deleted,2026-08-06T20:58:01+00:00,ok
daily_aqi,2024-05-25,AQI for 25 th May 2024,https://doe.gov.bd/pages/static-pages/6922dfba933eb65569e23b0a,https://objectstorage.ap-dcc-gazipur-1.oraclecloud15.com/n/axvjbnqprylg/b/V2Ministry/o/office-doe/2024/12/8734f9c3f6c746a19b4387c8da1d8a36.docx,,docx,17754,12738ae12c1d1bfe097fa850da252a789954275aff5f37843f3db48f2ba6270a,processed_then_deleted,2026-08-06T20:58:01+00:00,ok
daily_aqi,2024-05-26,AQI for 26 th May 2024,https://doe.gov.bd/pages/static-pages/6922dfba933eb65569e23b0a,https://objectstorage.ap-dcc-gazipur-1.oraclecloud15.com/n/axvjbnqprylg/b/V2Ministry/o/office-doe/2024/12/36a06da4d23e419f98177d235859c8a2.docx,,docx,17810,65cb9fd9e9ea43c8d2c2039d303d8bf75247c20cd2ea4f8d80a13109648066b1,processed_then_deleted,2026-08-06T20:58:01+00:00,ok
daily_aqi,2024-05-27,AQI for 27 th May 2024,https://doe.gov.bd/pages/static-pages/6922dfba933eb65569e23b0a,https://objectstorage.ap-dcc-gazipur-1.oraclecloud15.com/n/axvjbnqprylg/b/V2Ministry/o/office-doe/2024/12/bf3499855a6f4457914db5e695f34418.docx,,docx,17862,e93d9a67ca276e067e920e90661c0dad587d8fb7cf87abeb4da7679fe08df9ce,processed_then_deleted,2026-08-06T20:58:01+00:00,ok
daily_aqi,2024-05-28,AQI for 28 th May 2024,https://doe.gov.bd/pages/static-pages/6922dfba933eb65569e23b0a,https://objectstorage.ap-dcc-gazipur-1.oraclecloud15.com/n/axvjbnqprylg/b/V2Ministry/o/office-doe/2024/12/ee0d1dc4856644009b3356dce899a3a9.docx,,docx,17812,e4253f25163821386b256a4cb67e5b6a624b494a79c2891863058e28ece0b718,processed_then_deleted,2026-08-06T20:58:01+00:00,ok
daily_aqi,2024-05-29,AQI for 29 th May 2024,https://doe.gov.bd/pages/static-pages/6922dfba933eb65569e23b0a,https://objectstorage.ap-dcc-gazipur-1.oraclecloud15.com/n/axvjbnqprylg/b/V2Ministry/o/office-doe/2024/12/e0133021993a4b2e8771e0c90c722069.docx,,docx,17728,a913f379394819068eb5b2299172ae7db6bb0eb8a2965f65953ffc1877051819,processed_then_deleted,2026-08-06T20:58:01+00:00,ok
daily_aqi,2024-05-30,AQI for 30 th May 2024,https://doe.gov.bd/pages/static-pages/6922dfba933eb65569e23b0a,https://objectstorage.ap-dcc-gazipur-1.oraclecloud15.com/n/axvjbnqprylg/b/V2Ministry/o/office-doe/2024/12/fe939b7d7f0444039274c64ebe89f527.docx,,docx,17560,dfe16f27c5b1c494cded938f7673909938e8fc725128f7f95b23fb5532b1bf3c,processed_then_deleted,2026-08-06T20:58:01+00:00,ok
daily_aqi,2024-05-31,AQI for 31 th May 2024,https://doe.gov.bd/pages/static-pages/6922dfba933eb65569e23b0a,https://objectstorage.ap-dcc-gazipur-1.oraclecloud15.com/n/axvjbnqprylg/b/V2Ministry/o/office-doe/2024/12/a644859ec4924e7287bb70d8fccd848c.docx,,docx,17743,cf35e43ccdc86bef0e7eb51943e7bd7d66a26e5636c74989d3e43101fed6b86d,processed_then_deleted,2026-08-06T20:58:01+00:00,ok
daily_aqi,2024-06-01,AQI for 01 th June 2024,https://doe.gov.bd/pages/static-pages/6922dfba933eb65569e23b0a,https://objectstorage.ap-dcc-gazipur-1.oraclecloud15.com/n/axvjbnqprylg/b/V2Ministry/o/office-doe/2024/12/113ded5dea8b431bb08c1deb7f6a7582.docx,,docx,17436,80a49be8b2c5338a46346e4f8becda965184e9f1225935c894779563e3693c1d,processed_then_deleted,2026-08-06T20:58:01+00:00,ok
daily_aqi,2024-06-02,AQI for 02 th June 2024,https://doe.gov.bd/pages/static-pages/6922dfba933eb65569e23b0a,https://objectstorage.ap-dcc-gazipur-1.oraclecloud15.com/n/axvjbnqprylg/b/V2Ministry/o/office-doe/2024/12/e49e631583e74835821f32a5622e7605.docx,,docx,17547,eb2efd108fdcd70eb3afa9030f56f1d89988a3600c4ff2a730d1d962060d7d31,processed_then_deleted,2026-08-06T20:58:01+00:00,ok
daily_aqi,2024-06-03,AQI for 03 th June 2024,https://doe.gov.bd/pages/static-pages/6922dfba933eb65569e23b0a,https://objectstorage.ap-dcc-gazipur-1.oraclecloud15.com/n/axvjbnqprylg/b/V2Ministry/o/office-doe/2024/12/fce1dc1b43c5448b8956a92f0ae7148c.docx,,docx,17561,8b22d81b63d83b10822f90a8598c70cddd6e0133c85a39eb41a0eda69418725f,processed_then_deleted,2026-08-06T20:58:01+00:00,ok
daily_aqi,2024-06-04,AQI for 04 th June 2024,https://doe.gov.bd/pages/static-pages/6922dfba933eb65569e23b0a,https://objectstorage.ap-dcc-gazipur-1.oraclecloud15.com/n/axvjbnqprylg/b/V2Ministry/o/office-doe/2024/12/b69f966e0d2f4f14b729494d0d312096.docx,,docx,17525,bdfb12e19b4542a2ec59a8911793eddab5fb84c1fd8146a45a048da6f16250bf,processed_then_deleted,2026-08-06T20:58:01+00:00,ok
daily_aqi,2024-06-05,AQI for 05 th June 2024,https://doe.gov.bd/pages/static-pages/6922dfba933eb65569e23b0a,https://objectstorage.ap-dcc-gazipur-1.oraclecloud15.com/n/axvjbnqprylg/b/V2Ministry/o/office-doe/2024/12/3850cab0ea1b4125992e6321be344d31.docx,,docx,17476,fff6fb7b71aaf31d2eb06916db261d48790fa888fca867c0fb1580ff062809a4,processed_then_deleted,2026-08-06T20:58:01+00:00,ok
daily_aqi,2024-06-06,AQI for 06 th June 2024,https://doe.gov.bd/pages/static-pages/6922dfba933eb65569e23b0a,https://objectstorage.ap-dcc-gazipur-1.oraclecloud15.com/n/axvjbnqprylg/b/V2Ministry/o/office-doe/2024/12/4c9a8e3650ec48dbb8848bb0b50810b6.docx,,docx,17467,8865b1ff11747b4b4128e4bae702d44d016f1634cf5d024adca8dc2b32bc0510,processed_then_deleted,2026-08-06T20:58:01+00:00,ok
daily_aqi,2024-06-07,AQI for 07 th June 2024,https://doe.gov.bd/pages/static-pages/6922dfba933eb65569e23b0a,https://objectstorage.ap-dcc-gazipur-1.oraclecloud15.com/n/axvjbnqprylg/b/V2Ministry/o/office-doe/2024/12/1ea0a6bbbe9045da8da109954f4c3e53.docx,,docx,17549,1114e345dc3f74241fba5903f178fca2bda0fdd484a8b42dd405bfa6a0b0083c,processed_then_deleted,2026-08-06T20:58:01+00:00,ok
daily_aqi,2024-06-08,AQI for 08 th June 2024,https://doe.gov.bd/pages/static-pages/6922dfba933eb65569e23b0a,https://objectstorage.ap-dcc-gazipur-1.oraclecloud15.com/n/axvjbnqprylg/b/V2Ministry/o/office-doe/2024/12/265614d8162a4a498725190a3d2dc6ca.docx,,docx,17496,8526ba85cfcbd67f3a4f5643c6efd6fa1f60bbb645b32fee9cf3178cf2565066,processed_then_deleted,2026-08-06T20:58:01+00:00,ok
daily_aqi,2024-06-09,AQI for 09 th June 2024,https://doe.gov.bd/pages/static-pages/6922dfba933eb65569e23b0a,https://objectstorage.ap-dcc-gazipur-1.oraclecloud15.com/n/axvjbnqprylg/b/V2Ministry/o/office-doe/2024/12/7f6a25852e4940a3bc53842f2dea68be.docx,,docx,17541,74f7dd4286dd2d5889d72b6524ca737906ef841e7441139330919956c47dc2e3,processed_then_deleted,2026-08-06T20:58:01+00:00,ok
daily_aqi,2024-06-10,AQI for 10 th June 2024,https://doe.gov.bd/pages/static-pages/6922dfba933eb65569e23b0a,https://objectstorage.ap-dcc-gazipur-1.oraclecloud15.com/n/axvjbnqprylg/b/V2Ministry/o/office-doe/2024/12/fc82bfd62289484ab62884b1e4e6d131.docx,,docx,17471,41127f7946c3430bdc5d5b0b8b8478b0e6281cc8f0bf80148547195dd73f01b9,processed_then_deleted,2026-08-06T20:58:01+00:00,ok
daily_aqi,2024-06-11,AQI for 11 th June 2024,https://doe.gov.bd/pages/static-pages/6922dfba933eb65569e23b0a,https://objectstorage.ap-dcc-gazipur-1.oraclecloud15.com/n/axvjbnqprylg/b/V2Ministry/o/office-doe/2024/12/225fd8fd2e844c38b63f6ed6474c426b.docx,,docx,17604,1f49accc1cedd588c67a7cedc7b0d1280faf873cb80c73d9dd074db13a7fe345,processed_then_deleted,2026-08-06T20:58:01+00:00,ok
daily_aqi,2024-06-12,AQI for 12 th June 2024,https://doe.gov.bd/pages/static-pages/6922dfba933eb65569e23b0a,https://objectstorage.ap-dcc-gazipur-1.oraclecloud15.com/n/axvjbnqprylg/b/V2Ministry/o/office-doe/2024/12/db6293441ffa4fc589ccd463aef47d06.docx,,docx,17645,9682f18457da9bd5c35485ebcd855c7b60ab6bb272316b1eab7b3240bb6220be,processed_then_deleted,2026-08-06T20:58:01+00:00,ok
daily_aqi,2024-06-13,AQI for 13 th June 2024,https://doe.gov.bd/pages/static-pages/6922dfba933eb65569e23b0a,https://objectstorage.ap-dcc-gazipur-1.oraclecloud15.com/n/axvjbnqprylg/b/V2Ministry/o/office-doe/2024/12/ad4173bd87624375935fb6ac25d6cff1.docx,,docx,17645,9682f18457da9bd5c35485ebcd855c7b60ab6bb272316b1eab7b3240bb6220be,processed_then_deleted,2026-08-06T20:58:01+00:00,ok
daily_aqi,2024-06-14,AQI for 14 th June 2024,https://doe.gov.bd/pages/static-pages/6922dfba933eb65569e23b0a,https://objectstorage.ap-dcc-gazipur-1.oraclecloud15.com/n/axvjbnqprylg/b/V2Ministry/o/office-doe/2024/12/d38c6de3b53346a096f244eb3584ad7d.docx,,docx,17613,bce1b686cd5dd8f31e8a6daf9c65fbb1653c73092c67d41abad29c03461e8e17,processed_then_deleted,2026-08-06T20:58:01+00:00,ok
daily_aqi,2024-06-15,AQI for 15 th June 2024,https://doe.gov.bd/pages/static-pages/6922dfba933eb65569e23b0a,https://objectstorage.ap-dcc-gazipur-1.oraclecloud15.com/n/axvjbnqprylg/b/V2Ministry/o/office-doe/2024/12/3591a99a9ab742b9a14e521b661021bd.docx,,docx,17681,a3b3261358665c6b7cd6220e2fc534d1ddb9a34ac85d64fd672beac4ea56d804,processed_then_deleted,2026-08-06T20:58:01+00:00,ok
daily_aqi,2024-06-16,AQI for 16 th June 2024,https://doe.gov.bd/pages/static-pages/6922dfba933eb65569e23b0a,https://objectstorage.ap-dcc-gazipur-1.oraclecloud15.com/n/axvjbnqprylg/b/V2Ministry/o/office-doe/2024/12/0198347e12cd422eb62b68b6f5d33bd3.docx,,docx,17280,4e87c54066aee1b702cdb1262f6488d1c0947f8af31c709f7b0c5b357084e7f1,processed_then_deleted,2026-08-06T20:58:01+00:00,ok
daily_aqi,2024-06-17,AQI for 17 th June 2024,https://doe.gov.bd/pages/static-pages/6922dfba933eb65569e23b0a,https://objectstorage.ap-dcc-gazipur-1.oraclecloud15.com/n/axvjbnqprylg/b/V2Ministry/o/office-doe/2024/12/9d2b6baeaa5445749270cb722a416469.docx,,docx,17618,c5b54ca0a42c40465f566035f85341ed5be5579c3af155c3d6d6973a5d086a54,processed_then_deleted,2026-08-06T20:58:01+00:00,ok
daily_aqi,2024-06-18,AQI for 18 th June 2024,https://doe.gov.bd/pages/static-pages/6922dfba933eb65569e23b0a,https://objectstorage.ap-dcc-gazipur-1.oraclecloud15.com/n/axvjbnqprylg/b/V2Ministry/o/office-doe/2024/12/afbe8e89463a4d69b6a0427dd4480b91.docx,,docx,17605,a4b2839ba2f2d1998a30813208e097bcf102f2476c59951debe77193c93bd771,processed_then_deleted,2026-08-06T20:58:01+00:00,ok
daily_aqi,2024-06-19,AQI for 19 th June 2024,https://doe.gov.bd/pages/static-pages/6922dfba933eb65569e23b0a,https://objectstorage.ap-dcc-gazipur-1.oraclecloud15.com/n/axvjbnqprylg/b/V2Ministry/o/office-doe/2024/12/4a51b672c6994da1b42dfd2aefdef611.docx,,docx,17590,e538494f6d8cf30b0828821537efb475a524a7fcadf32cda84213965f7b56eaa,processed_then_deleted,2026-08-06T20:58:01+00:00,ok
daily_aqi,2024-06-20,AQI for 20 th June 2024,https://doe.gov.bd/pages/static-pages/6922dfba933eb65569e23b0a,https://objectstorage.ap-dcc-gazipur-1.oraclecloud15.com/n/axvjbnqprylg/b/V2Ministry/o/office-doe/2024/12/c23040d9a23f42a1ae069eea8c2f88e7.docx,,docx,17687,243e712ae1a96a81883b42789468f527816d90717f7d6a7049236e497f16d7c1,processed_then_deleted,2026-08-06T20:58:01+00:00,ok
daily_aqi,2024-06-21,AQI for 21 th June 2024,https://doe.gov.bd/pages/static-pages/6922dfba933eb65569e23b0a,https://objectstorage.ap-dcc-gazipur-1.oraclecloud15.com/n/axvjbnqprylg/b/V2Ministry/o/office-doe/2024/12/d24d131bc60e4efcbfabcd7727132584.docx,,docx,17562,ec014280b612a158d95ef05886bbe26282afb3cf45a24306eb7dfd21a686b9a1,processed_then_deleted,2026-08-06T20:58:01+00:00,ok
daily_aqi,2024-06-22,AQI for 22 th June 2024,https://doe.gov.bd/pages/static-pages/6922dfba933eb65569e23b0a,https://objectstorage.ap-dcc-gazipur-1.oraclecloud15.com/n/axvjbnqprylg/b/V2Ministry/o/office-doe/2024/12/317266ac3da543fe98d68843c740e38c.docx,,docx,17664,1977d1de744065739beef6bb900f4d02f6eb00c88f4ff97fecff6c8fb2f6fb42,processed_then_deleted,2026-08-06T20:58:01+00:00,ok
daily_aqi,2024-06-23,AQI for 23 th June 2024,https://doe.gov.bd/pages/static-pages/6922dfba933eb65569e23b0a,https://objectstorage.ap-dcc-gazipur-1.oraclecloud15.com/n/axvjbnqprylg/b/V2Ministry/o/office-doe/2024/12/c1e19b0f10954182900580025dec959d.docx,,docx,17683,eefcc62dc2d5fd98f47c2bc361701221fd9913082130f6acf6e906a22ce61cb4,processed_then_deleted,2026-08-06T20:58:01+00:00,ok
daily_aqi,2024-06-24,AQI for 24 th June 2024,https://doe.gov.bd/pages/static-pages/6922dfba933eb65569e23b0a,https://objectstorage.ap-dcc-gazipur-1.oraclecloud15.com/n/axvjbnqprylg/b/V2Ministry/o/office-doe/2024/12/25f264274fdd4cea816764b527dafefa.docx,,docx,17694,92609e01a1e9d0969c691436b198f9ad90aa5ab84647b89481d13d10fc0174f3,processed_then_deleted,2026-08-06T20:58:01+00:00,ok
daily_aqi,2024-06-25,AQI for 25 th June 2024,https://doe.gov.bd/pages/static-pages/6922dfba933eb65569e23b0a,https://objectstorage.ap-dcc-gazipur-1.oraclecloud15.com/n/axvjbnqprylg/b/V2Ministry/o/office-doe/2024/12/40779dc089594d29ad81ff9dd3e7ae15.docx,,docx,17733,6d05baa0a9ef3a73b0bdaadd7eaa8e63377f7f0f4174cc6be3f56afebe6b112a,processed_then_deleted,2026-08-06T20:58:01+00:00,ok
daily_aqi,2024-06-26,AQI for 26 th June 2024,https://doe.gov.bd/pages/static-pages/6922dfba933eb65569e23b0a,https://objectstorage.ap-dcc-gazipur-1.oraclecloud15.com/n/axvjbnqprylg/b/V2Ministry/o/office-doe/2024/12/0c680a90956a480fa7119beb7f621d06.docx,,docx,17661,2a12d04b779c7d3f54a43d41d4b8072a22b5599ce8fa265dc4e1225d5422b46a,processed_then_deleted,2026-08-06T20:58:01+00:00,ok
daily_aqi,2024-06-27,AQI for 27 th June 2024,https://doe.gov.bd/pages/static-pages/6922dfba933eb65569e23b0a,https://objectstorage.ap-dcc-gazipur-1.oraclecloud15.com/n/axvjbnqprylg/b/V2Ministry/o/office-doe/2024/12/7507e52c49854d7186110b6060aa298b.docx,,docx,17372,3b28e2691efc31fcdb8020a615baeda35714a715f1eaf948d4830886ea1a81b4,processed_then_deleted,2026-08-06T20:58:01+00:00,ok
daily_aqi,2024-06-28,AQI for 28 th June 2024,https://doe.gov.bd/pages/static-pages/6922dfba933eb65569e23b0a,https://objectstorage.ap-dcc-gazipur-1.oraclecloud15.com/n/axvjbnqprylg/b/V2Ministry/o/office-doe/2024/12/eed427a7e8dd447f9470dc6f1bc86131.docx,,docx,17731,4e57c37327a21dbcbd13b0719bc7e853a4ad51b6c991ef1e5ae2c0419360ba8e,processed_then_deleted,2026-08-06T20:58:01+00:00,ok
daily_aqi,2024-06-29,AQI for 29 th June 2024,https://doe.gov.bd/pages/static-pages/6922dfba933eb65569e23b0a,https://objectstorage.ap-dcc-gazipur-1.oraclecloud15.com/n/axvjbnqprylg/b/V2Ministry/o/office-doe/2024/12/4d685882f8f94174bfa1d8dd7ec6ce33.docx,,docx,17782,9c397e7279f399cf0da67c41f01d4400d8322a76c03a583009bd72c66044b1aa,processed_then_deleted,2026-08-06T20:58:01+00:00,ok
daily_aqi,2024-06-30,AQI for 30 th June 2024,https://doe.gov.bd/pages/static-pages/6922dfba933eb65569e23b0a,https://objectstorage.ap-dcc-gazipur-1.oraclecloud15.com/n/axvjbnqprylg/b/V2Ministry/o/office-doe/2024/12/be2b7338b2e042f7a0094ca31caf99dc.docx,,docx,17772,d9c04254a1f21945a44928e8b08fcc5ad525a27abf988450f1ca4f873880015c,processed_then_deleted,2026-08-06T20:58:01+00:00,ok
daily_aqi,2024-07-01,AQI for 01 st July 2024,https://doe.gov.bd/pages/static-pages/6922dfba933eb65569e23b0a,https://objectstorage.ap-dcc-gazipur-1.oraclecloud15.com/n/axvjbnqprylg/b/V2Ministry/o/office-doe/2024/12/4e04a3502277469ea970c459b8dcf7f0.docx,,docx,17669,bba1c8c683854b38b0a3ef27d87726f6c71d4a0b27acbfd38cacac46ddf48677,processed_then_deleted,2026-08-06T20:58:01+00:00,ok
daily_aqi,2024-07-02,AQI for 02 nd July 2024,https://doe.gov.bd/pages/static-pages/6922dfba933eb65569e23b0a,https://objectstorage.ap-dcc-gazipur-1.oraclecloud15.com/n/axvjbnqprylg/b/V2Ministry/o/office-doe/2024/12/9d8e9e14978a4fd680d92b25fc475148.docx,,docx,17524,462f0453a0e18d60242241463d466df5274f019d64ebd1490ccac10e11de0dce,processed_then_deleted,2026-08-06T20:58:01+00:00,ok
daily_aqi,2024-07-03,AQI for 03 rd July 2024,https://doe.gov.bd/pages/static-pages/6922dfba933eb65569e23b0a,https://objectstorage.ap-dcc-gazipur-1.oraclecloud15.com/n/axvjbnqprylg/b/V2Ministry/o/office-doe/2024/12/bf9ff02ff6dc4398a7b2a15277ba8ed8.docx,,docx,17669,bba1c8c683854b38b0a3ef27d87726f6c71d4a0b27acbfd38cacac46ddf48677,processed_then_deleted,2026-08-06T20:58:01+00:00,ok
daily_aqi,2024-07-04,AQI for 04 th July 2024,https://doe.gov.bd/pages/static-pages/6922dfba933eb65569e23b0a,https://objectstorage.ap-dcc-gazipur-1.oraclecloud15.com/n/axvjbnqprylg/b/V2Ministry/o/office-doe/2024/12/989fb32e1bfb4cbf9a8084beb1414a90.docx,,docx,17663,9e38d2935ac953712585b7b292e344524374541f8c692457d2b36389488fd621,processed_then_deleted,2026-08-06T20:58:01+00:00,ok
daily_aqi,2024-07-05,AQI for 05 th July 2024,https://doe.gov.bd/pages/static-pages/6922dfba933eb65569e23b0a,https://objectstorage.ap-dcc-gazipur-1.oraclecloud15.com/n/axvjbnqprylg/b/V2Ministry/o/office-doe/2024/12/2d2835990e6448b98d2e118e517570e5.docx,,docx,17652,c4c0e85577b8834125f1e3060233a8d25ac3ef5909c2d62f58261ee04044d258,processed_then_deleted,2026-08-06T20:58:01+00:00,ok
daily_aqi,2024-07-06,AQI for 06 th July 2024,https://doe.gov.bd/pages/static-pages/6922dfba933eb65569e23b0a,https://objectstorage.ap-dcc-gazipur-1.oraclecloud15.com/n/axvjbnqprylg/b/V2Ministry/o/office-doe/2024/12/a9288b5858d14a24b8efbf483a1bbdde.docx,,docx,17601,e9499ba81671be9a9d2f83822e23e5cfa158ada53f1e887c774a526fd262521b,processed_then_deleted,2026-08-06T20:58:01+00:00,ok
daily_aqi,2024-07-07,AQI for 07 th July 2024,https://doe.gov.bd/pages/static-pages/6922dfba933eb65569e23b0a,https://objectstorage.ap-dcc-gazipur-1.oraclecloud15.com/n/axvjbnqprylg/b/V2Ministry/o/office-doe/2024/12/8c82af8b89014e45b0116de1a24c6682.docx,,docx,17635,4a25a29a24421391e07bfc19477dcace1494b6719171667dbb3d239a9418b96c,processed_then_deleted,2026-08-06T20:58:01+00:00,ok
daily_aqi,2024-07-08,AQI for 08 th July 2024,https://doe.gov.bd/pages/static-pages/6922dfba933eb65569e23b0a,https://objectstorage.ap-dcc-gazipur-1.oraclecloud15.com/n/axvjbnqprylg/b/V2Ministry/o/office-doe/2024/12/91ba5d1e9ceb4cc18ee6b840fd72dcf4.docx,,docx,17642,88dcdc584c46d784120b2fe46d2a862513e72339969e27071974a2fca1f95b4f,processed_then_deleted,2026-08-06T20:58:01+00:00,ok
daily_aqi,2024-07-09,AQI for 09 th July 2024,https://doe.gov.bd/pages/static-pages/6922dfba933eb65569e23b0a,https://objectstorage.ap-dcc-gazipur-1.oraclecloud15.com/n/axvjbnqprylg/b/V2Ministry/o/office-doe/2024/12/fc7655ed704645869baa905f0ea228f6.docx,,docx,17622,03d92d4e19b9e57c0b50051b7725b98f80ce6f0d3a304d1482d44b00c14a1aaf,processed_then_deleted,2026-08-06T20:58:01+00:00,ok
daily_aqi,2024-07-10,AQI for 10 th July 2024,https://doe.gov.bd/pages/static-pages/6922dfba933eb65569e23b0a,https://objectstorage.ap-dcc-gazipur-1.oraclecloud15.com/n/axvjbnqprylg/b/V2Ministry/o/office-doe/2024/12/3bc02313e79240bc879ca6b160fd5851.docx,,docx,17650,a347b0d5a27c0d6d5bf369805823e455bf7063497bf74f63234d4a9cd96675bc,processed_then_deleted,2026-08-06T20:58:01+00:00,ok
daily_aqi,2024-07-11,AQI for 11 th July 2024,https://doe.gov.bd/pages/static-pages/6922dfba933eb65569e23b0a,https://objectstorage.ap-dcc-gazipur-1.oraclecloud15.com/n/axvjbnqprylg/b/V2Ministry/o/office-doe/2024/12/951bb7b028974c67abc971a00696f99c.docx,,docx,17644,46bb7ba0f57a341c6d1e2c922c7a860237360509ee91163e0a52111ef4af1385,processed_then_deleted,2026-08-06T20:58:01+00:00,ok
daily_aqi,2024-07-12,AQI for 12 th July 2024,https://doe.gov.bd/pages/static-pages/6922dfba933eb65569e23b0a,https://objectstorage.ap-dcc-gazipur-1.oraclecloud15.com/n/axvjbnqprylg/b/V2Ministry/o/office-doe/2024/12/496bafbff8f34182bd5e659a34b95a35.docx,,docx,17660,f1b1d4a2f1e87db3a7438fe680e7d771f931e05226fd833561913b84aea2244a,processed_then_deleted,2026-08-06T20:58:01+00:00,ok
daily_aqi,2024-07-13,AQI for 13 th July 2024,https://doe.gov.bd/pages/static-pages/6922dfba933eb65569e23b0a,https://objectstorage.ap-dcc-gazipur-1.oraclecloud15.com/n/axvjbnqprylg/b/V2Ministry/o/office-doe/2024/12/478046475910484f9c6283064caf73a0.docx,,docx,17749,402e880d7cf26ee5c13cc1450110fa0e371b1f7ea7b0025a61df2cecce410f27,processed_then_deleted,2026-08-06T20:58:01+00:00,ok
daily_aqi,2024-07-14,AQI for 14 th July 2024,https://doe.gov.bd/pages/static-pages/6922dfba933eb65569e23b0a,https://objectstorage.ap-dcc-gazipur-1.oraclecloud15.com/n/axvjbnqprylg/b/V2Ministry/o/office-doe/2024/12/5d773758707c469a821b857c6b817fc3.docx,,docx,17749,1629cff89de1aa4cc047bb20e5c68a2d4743628184f2d482075bb545a1203fba,processed_then_deleted,2026-08-06T20:58:01+00:00,ok
daily_aqi,2024-07-15,AQI for 15 th July 2024,https://doe.gov.bd/pages/static-pages/6922dfba933eb65569e23b0a,https://objectstorage.ap-dcc-gazipur-1.oraclecloud15.com/n/axvjbnqprylg/b/V2Ministry/o/office-doe/2024/12/3a1edddd412b4755a5d629fb364a225a.docx,,docx,17714,e20a9da03a8bc45fac4ca339a88f9210bdf5cad1d477fd315b5a0b7616a80456,processed_then_deleted,2026-08-06T20:58:01+00:00,ok
daily_aqi,2024-07-16,AQI for 16 th July 2024,https://doe.gov.bd/pages/static-pages/6922dfba933eb65569e23b0a,https://objectstorage.ap-dcc-gazipur-1.oraclecloud15.com/n/axvjbnqprylg/b/V2Ministry/o/office-doe/2024/12/f7de6849e8eb41828cc7cd77ac00f702.docx,,docx,17646,0c7118facbd383d7eaea80f2e67fe9e233349f94a5b3c793cc4ceeab6f7aa377,processed_then_deleted,2026-08-06T20:58:01+00:00,ok
daily_aqi,2024-07-17,AQI for 17 th July 2024,https://doe.gov.bd/pages/static-pages/6922dfba933eb65569e23b0a,https://objectstorage.ap-dcc-gazipur-1.oraclecloud15.com/n/axvjbnqprylg/b/V2Ministry/o/office-doe/2024/12/d486e3dafb9e4da28f1408ef285d37a2.docx,,docx,17743,26e36eaba43f709390e1a92f449067f7fc7ce9fcf7694ad2e4a2b63aa0c7406b,processed_then_deleted,2026-08-06T20:58:01+00:00,ok
daily_aqi,2024-07-18,AQI for 18 th July 2024,https://doe.gov.bd/pages/static-pages/6922dfba933eb65569e23b0a,https://objectstorage.ap-dcc-gazipur-1.oraclecloud15.com/n/axvjbnqprylg/b/V2Ministry/o/office-doe/2024/12/32329426936d4c859311e1675b5eaf1c.docx,,docx,17711,9bb3181b9310b3b0f84e9ab503608d96338cffba48f5f2d401f3252c306a58ce,processed_then_deleted,2026-08-06T20:58:01+00:00,ok
daily_aqi,2024-07-19,AQI for 19 th July 2024,https://doe.gov.bd/pages/static-pages/6922dfba933eb65569e23b0a,https://objectstorage.ap-dcc-gazipur-1.oraclecloud15.com/n/axvjbnqprylg/b/V2Ministry/o/office-doe/2024/12/24c6b5b6d3a2413fb1cd3527bc8e0d57.docx,,docx,17719,58256ab1ce208ade6445f9e38c6d3d203f0a97f6b2a48c3d22d97c75d7c81b33,processed_then_deleted,2026-08-06T20:58:01+00:00,ok
daily_aqi,2024-07-20,AQI for 20 th July 2024,https://doe.gov.bd/pages/static-pages/6922dfba933eb65569e23b0a,https://objectstorage.ap-dcc-gazipur-1.oraclecloud15.com/n/axvjbnqprylg/b/V2Ministry/o/office-doe/2024/12/0c8a7578de0a413ea3f699ca33a54a88.docx,,docx,17681,3afd1373c8f5233922c4658dabf3403ef6a706812ae8521dc204147938a939c7,processed_then_deleted,2026-08-06T20:58:01+00:00,ok
daily_aqi,2024-07-21,AQI for 21 th July 2024,https://doe.gov.bd/pages/static-pages/6922dfba933eb65569e23b0a,https://objectstorage.ap-dcc-gazipur-1.oraclecloud15.com/n/axvjbnqprylg/b/V2Ministry/o/office-doe/2024/12/233638d48f4a435e87ec8961e83ce56a.docx,,docx,17640,e0914a2c5c5cf5eb3c239b07f8e237e2878261956a1119b87010ed5797ea3ae2,processed_then_deleted,2026-08-06T20:58:01+00:00,ok
daily_aqi,2024-07-22,AQI for 22 th July 2024,https://doe.gov.bd/pages/static-pages/6922dfba933eb65569e23b0a,https://objectstorage.ap-dcc-gazipur-1.oraclecloud15.com/n/axvjbnqprylg/b/V2Ministry/o/office-doe/2024/12/061b619e8ac64b4ca93684e1149e23f2.docx,,docx,17765,2fa658c735f29cf62d12f923f4d470ab6ffeaf03ce371ffa9b25380870dd7321,processed_then_deleted,2026-08-06T20:58:01+00:00,ok
daily_aqi,2024-07-23,AQI for 23 th July 2024,https://doe.gov.bd/pages/static-pages/6922dfba933eb65569e23b0a,https://objectstorage.ap-dcc-gazipur-1.oraclecloud15.com/n/axvjbnqprylg/b/V2Ministry/o/office-doe/2024/12/18c32e3f076c4e9898e99b1ec0cf0173.docx,,docx,17678,6e1e35f73f6908379c603724c0414c13d4fb59aa5ff332e52045a6651ee255a5,processed_then_deleted,2026-08-06T20:58:01+00:00,ok
daily_aqi,2024-07-24,AQI for 24 th July 2024,https://doe.gov.bd/pages/static-pages/6922dfba933eb65569e23b0a,https://objectstorage.ap-dcc-gazipur-1.oraclecloud15.com/n/axvjbnqprylg/b/V2Ministry/o/office-doe/2024/12/3a1edddd412b4755a5d629fb364a225a.docx,,docx,17714,e20a9da03a8bc45fac4ca339a88f9210bdf5cad1d477fd315b5a0b7616a80456,processed_then_deleted,2026-08-06T20:58:01+00:00,ok
daily_aqi,2024-07-25,AQI for 25 th July 2024,https://doe.gov.bd/pages/static-pages/6922dfba933eb65569e23b0a,https://objectstorage.ap-dcc-gazipur-1.oraclecloud15.com/n/axvjbnqprylg/b/V2Ministry/o/office-doe/2024/12/9da4bb32e6244c859c7bf69610a47389.docx,,docx,17745,8c3533a2b4141268cb42478e196a3b03b7dd02a028df5d52c962b55fe5a86d01,processed_then_deleted,2026-08-06T20:58:01+00:00,ok
daily_aqi,2024-07-26,AQI for 26 th July 2024,https://doe.gov.bd/pages/static-pages/6922dfba933eb65569e23b0a,https://objectstorage.ap-dcc-gazipur-1.oraclecloud15.com/n/axvjbnqprylg/b/V2Ministry/o/office-doe/2024/12/c8117d0ec81b4bf28cf7757a0b1c310f.docx,,docx,17719,a78fb590ee91dffb9a037f1f1c5e1a0a8efa429c3ead38bae596154adfe3998d,processed_then_deleted,2026-08-06T20:58:01+00:00,ok
daily_aqi,2024-07-27,AQI for 27 th July 2024,https://doe.gov.bd/pages/static-pages/6922dfba933eb65569e23b0a,https://objectstorage.ap-dcc-gazipur-1.oraclecloud15.com/n/axvjbnqprylg/b/V2Ministry/o/office-doe/2024/12/9e82750f98054a39aafe6c546794126d.docx,,docx,17688,e4eed13b5e515439e74852ec11693cf33e8ef759f2530f745a4a8d3ec9ec5a9f,processed_then_deleted,2026-08-06T20:58:01+00:00,ok
daily_aqi,2024-07-28,AQI for 28 th July 2024,https://doe.gov.bd/pages/static-pages/6922dfba933eb65569e23b0a,https://objectstorage.ap-dcc-gazipur-1.oraclecloud15.com/n/axvjbnqprylg/b/V2Ministry/o/office-doe/2024/12/f93f9d3249564916864aa0172792a448.docx,,docx,17776,7990c73c80fd0ef5bd42f8a30e771721d1ac4f3aded0218cd7cd231332820dec,processed_then_deleted,2026-08-06T20:58:01+00:00,ok
daily_aqi,2024-07-29,AQI for 29 th July 2024,https://doe.gov.bd/pages/static-pages/6922dfba933eb65569e23b0a,https://objectstorage.ap-dcc-gazipur-1.oraclecloud15.com/n/axvjbnqprylg/b/V2Ministry/o/office-doe/2024/12/ecf8bfa2e81140c7b5332e373b23db06.docx,,docx,17811,de5d7e089e71be3c98690ecc92aea2cddc682750ccc3d04b5b3348308c669436,processed_then_deleted,2026-08-06T20:58:01+00:00,ok
daily_aqi,2024-07-30,AQI for 30 th July 2024,https://doe.gov.bd/pages/static-pages/6922dfba933eb65569e23b0a,https://objectstorage.ap-dcc-gazipur-1.oraclecloud15.com/n/axvjbnqprylg/b/V2Ministry/o/office-doe/2024/12/362a7acc4de94951b4cd322a9dab986e.docx,,docx,17808,8f21f4a58ec1c4dbd8af2c588e752cf337d49826374c163930949d5ec2b0eac2,processed_then_deleted,2026-08-06T20:58:01+00:00,ok
daily_aqi,2024-07-31,AQI for 31 th July 2024,https://doe.gov.bd/pages/static-pages/6922dfba933eb65569e23b0a,https://objectstorage.ap-dcc-gazipur-1.oraclecloud15.com/n/axvjbnqprylg/b/V2Ministry/o/office-doe/2024/12/2d75bb2d37a6426e969b336cb453a880.docx,,docx,17800,58eed1166a7166f717032e65b0f77a09d0362683ab0f796b3074284b7e00f84d,processed_then_deleted,2026-08-06T20:58:01+00:00,ok
daily_aqi,2024-08-01,AQI for 01 th August 2024,https://doe.gov.bd/pages/static-pages/6922dfba933eb65569e23b0a,https://objectstorage.ap-dcc-gazipur-1.oraclecloud15.com/n/axvjbnqprylg/b/V2Ministry/o/office-doe/2024/12/2285a6220b884d0bae130d1a15790e6d.docx,,docx,17800,394d51f5752e8e5ba6222d6ee585d86e4026cd830ad731efb5830d7f817d4301,processed_then_deleted,2026-08-06T20:58:01+00:00,ok
daily_aqi,2024-08-02,AQI for 02 th August 2024,https://doe.gov.bd/pages/static-pages/6922dfba933eb65569e23b0a,https://objectstorage.ap-dcc-gazipur-1.oraclecloud15.com/n/axvjbnqprylg/b/V2Ministry/o/office-doe/2024/12/46f6d84ed83c481bbea336cbae29e33b.docx,,docx,17700,5d7c46f169e564db884d5f5e437e5e5f919bec5e6232e0c8fad5922bea32207d,processed_then_deleted,2026-08-06T20:58:01+00:00,ok
daily_aqi,2024-08-03,AQI for 03 th August 2024,https://doe.gov.bd/pages/static-pages/6922dfba933eb65569e23b0a,https://objectstorage.ap-dcc-gazipur-1.oraclecloud15.com/n/axvjbnqprylg/b/V2Ministry/o/office-doe/2024/12/2f42939e7cc74393afdd9900de9886e8.docx,,docx,17700,5d7c46f169e564db884d5f5e437e5e5f919bec5e6232e0c8fad5922bea32207d,processed_then_deleted,2026-08-06T20:58:01+00:00,ok
daily_aqi,2024-08-04,AQI for 04 th August 2024,https://doe.gov.bd/pages/static-pages/6922dfba933eb65569e23b0a,https://objectstorage.ap-dcc-gazipur-1.oraclecloud15.com/n/axvjbnqprylg/b/V2Ministry/o/office-doe/2024/12/840731c7a51a4055ae6b89423bc777ce.docx,,docx,17743,bc8728b33ff5ad588f86bffadbc740a7a32edb521e6f5c1add35712b6a1efbaf,processed_then_deleted,2026-08-06T20:58:01+00:00,ok
daily_aqi,2024-08-05,AQI for 05 th August 2024,https://doe.gov.bd/pages/static-pages/6922dfba933eb65569e23b0a,https://objectstorage.ap-dcc-gazipur-1.oraclecloud15.com/n/axvjbnqprylg/b/V2Ministry/o/office-doe/2024/12/f327207363c949ab9b0b74d5012512b9.docx,,docx,17790,0f24602d99fdd6ec6a40de9316f7865a77ae0aa09ee5de5c9f9d9dc039a20178,processed_then_deleted,2026-08-06T20:58:01+00:00,ok
daily_aqi,2024-08-06,AQI for 06 th August 2024,https://doe.gov.bd/pages/static-pages/6922dfba933eb65569e23b0a,https://objectstorage.ap-dcc-gazipur-1.oraclecloud15.com/n/axvjbnqprylg/b/V2Ministry/o/office-doe/2024/12/6a37546313404435a05c754e30a75ed2.docx,,docx,17780,9aa6c8f9633edc5ee89160a6977b7e2b11164a2dbde5076b0dcde6af11913a66,processed_then_deleted,2026-08-06T20:58:01+00:00,ok
daily_aqi,2024-08-07,AQI for 07 th August 2024,https://doe.gov.bd/pages/static-pages/6922dfba933eb65569e23b0a,https://objectstorage.ap-dcc-gazipur-1.oraclecloud15.com/n/axvjbnqprylg/b/V2Ministry/o/office-doe/2024/12/9a0d5287bb9e4026b958a9642c33550d.docx,,docx,17764,7a215243a2598a4460a01b7de8138681a512bd071140840736a603b8f9fb8d4a,processed_then_deleted,2026-08-06T20:58:01+00:00,ok
daily_aqi,2024-08-08,AQI for 08 th August 2024,https://doe.gov.bd/pages/static-pages/6922dfba933eb65569e23b0a,https://objectstorage.ap-dcc-gazipur-1.oraclecloud15.com/n/axvjbnqprylg/b/V2Ministry/o/office-doe/2024/12/f014e0bd9c904fba93fd98b327bab1c6.docx,,docx,17785,e252987e7ef5a9da47e6aa4352bffd73add35236f8de988b9c5ee3d83f55e655,processed_then_deleted,2026-08-06T20:58:01+00:00,ok
daily_aqi,2024-08-09,AQI for 09 th August 2024,https://doe.gov.bd/pages/static-pages/6922dfba933eb65569e23b0a,https://objectstorage.ap-dcc-gazipur-1.oraclecloud15.com/n/axvjbnqprylg/b/V2Ministry/o/office-doe/2024/12/82059e67418e465da150ab6de19c15a4.docx,,docx,17732,6c67c5767342223c06b7f93a72e05f48f440e39fe9ceed9805a57718d11691e5,processed_then_deleted,2026-08-06T20:58:01+00:00,ok
daily_aqi,2024-08-10,AQI for 10 th August 2024,https://doe.gov.bd/pages/static-pages/6922dfba933eb65569e23b0a,https://objectstorage.ap-dcc-gazipur-1.oraclecloud15.com/n/axvjbnqprylg/b/V2Ministry/o/office-doe/2024/12/b99bebb01752444a95c5a67f91e54a50.docx,,docx,17744,da6dff08cf9c88eaa2fed66eef83cc9ce897a09165b075d85e4a38689cad8f08,processed_then_deleted,2026-08-06T20:58:01+00:00,ok
daily_aqi,2024-08-11,AQI for 11 th August 2024,https://doe.gov.bd/pages/static-pages/6922dfba933eb65569e23b0a,https://objectstorage.ap-dcc-gazipur-1.oraclecloud15.com/n/axvjbnqprylg/b/V2Ministry/o/office-doe/2024/12/bea995997f7a48e19509d49698797b82.docx,,docx,17644,46bb7ba0f57a341c6d1e2c922c7a860237360509ee91163e0a52111ef4af1385,processed_then_deleted,2026-08-06T20:58:01+00:00,ok
daily_aqi,2024-08-12,AQI for 12 th August 2024,https://doe.gov.bd/pages/static-pages/6922dfba933eb65569e23b0a,https://objectstorage.ap-dcc-gazipur-1.oraclecloud15.com/n/axvjbnqprylg/b/V2Ministry/o/office-doe/2024/12/eb8d78727dda49c8a6b4e61769a7e637.docx,,docx,17807,b1cddae93a431253283ea8a1fcd3670c3b824af1d88660b55351a09f10616877,processed_then_deleted,2026-08-06T20:58:01+00:00,ok
daily_aqi,2024-08-13,AQI for 13 th August 2024,https://doe.gov.bd/pages/static-pages/6922dfba933eb65569e23b0a,https://objectstorage.ap-dcc-gazipur-1.oraclecloud15.com/n/axvjbnqprylg/b/V2Ministry/o/office-doe/2024/12/1ff7c1e3320f448cb7ef205788d96c78.docx,,docx,19503,75cdc6bbb2a5b335d87c2501175ab624516b5d435593786a4409007ed86ca369,processed_then_deleted,2026-08-06T20:58:01+00:00,ok
daily_aqi,2024-08-14,AQI for 14 th August 2024,https://doe.gov.bd/pages/static-pages/6922dfba933eb65569e23b0a,https://objectstorage.ap-dcc-gazipur-1.oraclecloud15.com/n/axvjbnqprylg/b/V2Ministry/o/office-doe/2024/12/3603ce2909354eb69bb39318b15069d2.docx,,docx,17855,b411370de787d10f3148520aa4ef19e2468ee13b1b59d9947fe6d8d072de66ca,processed_then_deleted,2026-08-06T20:58:01+00:00,ok
daily_aqi,2024-08-15,AQI for 15 th August 2024,https://doe.gov.bd/pages/static-pages/6922dfba933eb65569e23b0a,https://objectstorage.ap-dcc-gazipur-1.oraclecloud15.com/n/axvjbnqprylg/b/V2Ministry/o/office-doe/2024/12/f41724912e82407fbc1db154255f5065.docx,,docx,17795,bfb2669840f804779ccf393142c266abc661e78e042192ba400506c6c8d41de1,processed_then_deleted,2026-08-06T20:58:01+00:00,ok
daily_aqi,2024-08-16,AQI for 16 th August 2024,https://doe.gov.bd/pages/static-pages/6922dfba933eb65569e23b0a,https://objectstorage.ap-dcc-gazipur-1.oraclecloud15.com/n/axvjbnqprylg/b/V2Ministry/o/office-doe/2024/12/148676b8cbf64b5aa2d54e773de4aa67.docx,,docx,17851,6a00ec2172b84ae72b5112313e48f110325dc44412a5a959c7cc9ac997d2ed75,processed_then_deleted,2026-08-06T20:58:01+00:00,ok
daily_aqi,2024-08-17,AQI for 17 th August 2024,https://doe.gov.bd/pages/static-pages/6922dfba933eb65569e23b0a,https://objectstorage.ap-dcc-gazipur-1.oraclecloud15.com/n/axvjbnqprylg/b/V2Ministry/o/office-doe/2024/12/0add2367aaf24b9094379a2ae07f6c5e.docx,,docx,17817,2e414b67f38acabf8b9e016df4bf9dde46519eb6eec590db001cb16b9465d97a,processed_then_deleted,2026-08-06T20:58:01+00:00,ok
daily_aqi,2024-08-18,AQI for 18 th August 2024,https://doe.gov.bd/pages/static-pages/6922dfba933eb65569e23b0a,https://objectstorage.ap-dcc-gazipur-1.oraclecloud15.com/n/axvjbnqprylg/b/V2Ministry/o/office-doe/2024/12/0077cbf0c82e42f9bd4a45523e2ead6c.docx,,docx,18059,14cc63a0f83159296d9171dd0a5f089320a0e06f170bce4d92015fe7e14e4357,processed_then_deleted,2026-08-06T20:58:01+00:00,ok
daily_aqi,2024-08-19,AQI for 19 th August 2024,https://doe.gov.bd/pages/static-pages/6922dfba933eb65569e23b0a,https://objectstorage.ap-dcc-gazipur-1.oraclecloud15.com/n/axvjbnqprylg/b/V2Ministry/o/office-doe/2024/12/9a235b9200914399b5dd095b84bb4cee.docx,,docx,17933,e15940cdec2d7d3fb5d2cb8f6cd5b609b2cb96fd1d4e1b75fb29fee35feb0595,processed_then_deleted,2026-08-06T20:58:01+00:00,ok
daily_aqi,2024-08-20,AQI for 20 th August 2024,https://doe.gov.bd/pages/static-pages/6922dfba933eb65569e23b0a,https://objectstorage.ap-dcc-gazipur-1.oraclecloud15.com/n/axvjbnqprylg/b/V2Ministry/o/office-doe/2024/12/252c5fd9d6cf4e318f11b314e8f25525.docx,,docx,17838,aaea734ce0d830fe4ef68d3a64818ae867362d826dbe0d3e53e1c97c265b20d6,processed_then_deleted,2026-08-06T20:58:01+00:00,ok
daily_aqi,2024-08-21,AQI for 21 th August 2024,https://doe.gov.bd/pages/static-pages/6922dfba933eb65569e23b0a,https://objectstorage.ap-dcc-gazipur-1.oraclecloud15.com/n/axvjbnqprylg/b/V2Ministry/o/office-doe/2024/12/21fad518a682493b9a89717c04ff5faa.docx,,docx,17923,d42e0c8fbaa0fe1b5a9dd6f79b42b5b31a57256d267521f718faf45ff286bd14,processed_then_deleted,2026-08-06T20:58:01+00:00,ok
daily_aqi,2024-08-22,AQI for 22 th August 2024,https://doe.gov.bd/pages/static-pages/6922dfba933eb65569e23b0a,https://objectstorage.ap-dcc-gazipur-1.oraclecloud15.com/n/axvjbnqprylg/b/V2Ministry/o/office-doe/2024/12/25edfdefe2554cdfaa398dd8c8fe5ad7.docx,,docx,17893,6272f72098ecd292b9638eb012c69d25e55e9f5c92e59f41147e889418287503,processed_then_deleted,2026-08-06T20:58:01+00:00,ok
daily_aqi,2024-08-23,AQI for 23 th August 2024,https://doe.gov.bd/pages/static-pages/6922dfba933eb65569e23b0a,https://objectstorage.ap-dcc-gazipur-1.oraclecloud15.com/n/axvjbnqprylg/b/V2Ministry/o/office-doe/2024/12/f45f327a9436463ca9b4c2812b46c2c1.docx,,docx,17890,9690999ef1574f7267c82cc00b2e452b5768caf496e93747907c8696f68e2c1f,processed_then_deleted,2026-08-06T20:58:01+00:00,ok
daily_aqi,2024-08-24,AQI for 24 th August 2024,https://doe.gov.bd/pages/static-pages/6922dfba933eb65569e23b0a,https://objectstorage.ap-dcc-gazipur-1.oraclecloud15.com/n/axvjbnqprylg/b/V2Ministry/o/office-doe/2024/12/09574659138245f09299fbee66dc2957.docx,,docx,17905,2ef26578cb9e513d42d0f2217630a2c47ff030256607b0dbf000da4e6d0e20b7,processed_then_deleted,2026-08-06T20:58:01+00:00,ok
daily_aqi,2024-08-25,AQI for 25 th August 2024,https://doe.gov.bd/pages/static-pages/6922dfba933eb65569e23b0a,https://objectstorage.ap-dcc-gazipur-1.oraclecloud15.com/n/axvjbnqprylg/b/V2Ministry/o/office-doe/2024/12/56cbc671a81142e394e64f9f826a5282.docx,,docx,17913,3a9eb08ec324244d47efa3823dd41d817db2eb70c5fd7bded4596b5bb466b6fb,processed_then_deleted,2026-08-06T20:58:01+00:00,ok
daily_aqi,2024-08-26,AQI for 26 th August 2024,https://doe.gov.bd/pages/static-pages/6922dfba933eb65569e23b0a,https://objectstorage.ap-dcc-gazipur-1.oraclecloud15.com/n/axvjbnqprylg/b/V2Ministry/o/office-doe/2024/12/ec0be479457d4864bf53d615fc2b92fc.docx,,docx,17836,d633bd5131b29dcc13f83261c53f6a60c83cd3b1fd7a3fe993111614be705223,processed_then_deleted,2026-08-06T20:58:01+00:00,ok
daily_aqi,2024-08-27,AQI for 27 th August 2024,https://doe.gov.bd/pages/static-pages/6922dfba933eb65569e23b0a,https://objectstorage.ap-dcc-gazipur-1.oraclecloud15.com/n/axvjbnqprylg/b/V2Ministry/o/office-doe/2024/12/2e05a87823a84fa6b4f89eb3201f20af.docx,,docx,17886,9dc8c84cbcb848c84e7b03977a595b721c31c3dcb015858859e95ff62e3d2025,processed_then_deleted,2026-08-06T20:58:01+00:00,ok
daily_aqi,2024-08-28,AQI for 28 th August 2024,https://doe.gov.bd/pages/static-pages/6922dfba933eb65569e23b0a,https://objectstorage.ap-dcc-gazipur-1.oraclecloud15.com/n/axvjbnqprylg/b/V2Ministry/o/office-doe/2024/12/74fc15aec54f485698185db4f8cf8ac6.docx,,docx,17984,3d981d900588e7b6d6dde3c73070249949b034596cf81170ea4f3378b594d160,processed_then_deleted,2026-08-06T20:58:01+00:00,ok
daily_aqi,2024-08-29,AQI for 29 th August 2024,https://doe.gov.bd/pages/static-pages/6922dfba933eb65569e23b0a,https://objectstorage.ap-dcc-gazipur-1.oraclecloud15.com/n/axvjbnqprylg/b/V2Ministry/o/office-doe/2024/12/15727a9629bb4d8e868d34a6f62b9f24.docx,,docx,18001,7f11443c27a4f367cab12147808bd587bd7b4c24b4722886887126e434714e68,processed_then_deleted,2026-08-06T20:58:01+00:00,ok
daily_aqi,2024-08-30,AQI for 30 th August 2024,https://doe.gov.bd/pages/static-pages/6922dfba933eb65569e23b0a,https://objectstorage.ap-dcc-gazipur-1.oraclecloud15.com/n/axvjbnqprylg/b/V2Ministry/o/office-doe/2024/12/618d5ef076294883a6f6c312c2cbfb15.docx,,docx,17952,7731c6b9f9f6aad0a6f8d774d0e12e09e0a917594ff5d511226062e5ec237c62,processed_then_deleted,2026-08-06T20:58:01+00:00,ok
daily_aqi,2024-08-31,AQI for 31 th August 2024,https://doe.gov.bd/pages/static-pages/6922dfba933eb65569e23b0a,https://objectstorage.ap-dcc-gazipur-1.oraclecloud15.com/n/axvjbnqprylg/b/V2Ministry/o/office-doe/2024/12/756f407600544da38030e921b6901060.docx,,docx,17925,8f107a39a1a4481e09f4b0dec5bf77ca28029681b94553bc3511e634f89c9494,processed_then_deleted,2026-08-06T20:58:01+00:00,ok
daily_aqi,2024-09-01,AQI for 01 th September 2024,https://doe.gov.bd/pages/static-pages/6922dfba933eb65569e23b0a,https://objectstorage.ap-dcc-gazipur-1.oraclecloud15.com/n/axvjbnqprylg/b/V2Ministry/o/office-doe/2024/12/40af92723c2540c791a1a7a65f4880c2.docx,,docx,17846,e1f2021b6cc884711c6548607fbd2a91dac64a9f0b9c3fed43c3e5fe21052bdf,processed_then_deleted,2026-08-06T20:58:01+00:00,ok
daily_aqi,2024-09-02,AQI for 02 th September 2024,https://doe.gov.bd/pages/static-pages/6922dfba933eb65569e23b0a,https://objectstorage.ap-dcc-gazipur-1.oraclecloud15.com/n/axvjbnqprylg/b/V2Ministry/o/office-doe/2024/12/cc637a1de20e4495a44b0055129efc8e.docx,,docx,17914,566600299f959830bc8871d7813c8be84cd93304c6adee6a8e83f5b85d2085d1,processed_then_deleted,2026-08-06T20:58:01+00:00,ok
daily_aqi,2024-09-03,AQI for 03 th September 2024,https://doe.gov.bd/pages/static-pages/6922dfba933eb65569e23b0a,https://objectstorage.ap-dcc-gazipur-1.oraclecloud15.com/n/axvjbnqprylg/b/V2Ministry/o/office-doe/2024/12/f68a11f2fed54d9cb9d206f12a5ea8d4.docx,,docx,17876,9cd48f4e56a2c0d82fc8e553de9c128fc9f52af003c3192db8f16df023269e84,processed_then_deleted,2026-08-06T20:58:01+00:00,ok
daily_aqi,2024-09-04,AQI for 04 th September 2024,https://doe.gov.bd/pages/static-pages/6922dfba933eb65569e23b0a,https://objectstorage.ap-dcc-gazipur-1.oraclecloud15.com/n/axvjbnqprylg/b/V2Ministry/o/office-doe/2024/12/c3dfad7dea6e409f9be691fc5c3ef7b0.docx,,docx,17863,bc9a820ceb3d589217421f62dbb77fc66f9796cb4bc22059b0cd1babfaef3272,processed_then_deleted,2026-08-06T20:58:01+00:00,ok
daily_aqi,2024-09-05,AQI for 05 th September 2024,https://doe.gov.bd/pages/static-pages/6922dfba933eb65569e23b0a,https://objectstorage.ap-dcc-gazipur-1.oraclecloud15.com/n/axvjbnqprylg/b/V2Ministry/o/office-doe/2024/12/70a610f3ce374aa794d89c019eabe2c1.docx,,docx,17914,2e5a70fa44e3eec628c6eff2361ab76a303ce376755bf4836758050fc4356d6c,processed_then_deleted,2026-08-06T20:58:01+00:00,ok
daily_aqi,2024-09-06,AQI for 06 th September 2024,https://doe.gov.bd/pages/static-pages/6922dfba933eb65569e23b0a,https://objectstorage.ap-dcc-gazipur-1.oraclecloud15.com/n/axvjbnqprylg/b/V2Ministry/o/office-doe/2024/12/28c0570e9e034b41b0f113fb07a275dc.docx,,docx,17833,5970e4e84df111c5656015f5cf0ae8b6d9c4d153e61477a7ea59880ef54957f3,processed_then_deleted,2026-08-06T20:58:01+00:00,ok
daily_aqi,2024-09-07,AQI for 07 th September 2024,https://doe.gov.bd/pages/static-pages/6922dfba933eb65569e23b0a,https://objectstorage.ap-dcc-gazipur-1.oraclecloud15.com/n/axvjbnqprylg/b/V2Ministry/o/office-doe/2024/12/cabe193f14b54e2cb653dd1968062489.docx,,docx,17862,3d12e0de7e7a7ed0808d9fed18066aad3677406f9b10a6e0560a2adbb13873f0,processed_then_deleted,2026-08-06T20:58:01+00:00,ok
daily_aqi,2024-09-08,AQI for 08 th September 2024,https://doe.gov.bd/pages/static-pages/6922dfba933eb65569e23b0a,https://objectstorage.ap-dcc-gazipur-1.oraclecloud15.com/n/axvjbnqprylg/b/V2Ministry/o/office-doe/2024/12/9c75c1f56be047a2b4d55f047ae27911.docx,,docx,17881,7cd23d1609753d7f9690000b15b99a66855f0edf50625ab466c58ee848b8f8ed,processed_then_deleted,2026-08-06T20:58:01+00:00,ok
daily_aqi,2024-09-09,AQI for 09 th September 2024,https://doe.gov.bd/pages/static-pages/6922dfba933eb65569e23b0a,https://objectstorage.ap-dcc-gazipur-1.oraclecloud15.com/n/axvjbnqprylg/b/V2Ministry/o/office-doe/2024/12/33fed5cb72b24c4cbbb2dc7875c50b3a.docx,,docx,17864,2fb66566e8fe3c1ae07679af9c35ffadf821206a743ed994ce6ec70eca51a59c,processed_then_deleted,2026-08-06T20:58:01+00:00,ok
daily_aqi,2024-09-10,AQI for 10 th September 2024,https://doe.gov.bd/pages/static-pages/6922dfba933eb65569e23b0a,https://objectstorage.ap-dcc-gazipur-1.oraclecloud15.com/n/axvjbnqprylg/b/V2Ministry/o/office-doe/2024/12/b3a59ae666a74df4af0ca89db3e2a0e9.docx,,docx,17911,06c6acf763b9a854655fc0364972412c4abd3bc9a6e94bcea62b284e79c254ae,processed_then_deleted,2026-08-06T20:58:01+00:00,ok
daily_aqi,2024-09-11,AQI for 11 th September 2024,https://doe.gov.bd/pages/static-pages/6922dfba933eb65569e23b0a,https://objectstorage.ap-dcc-gazipur-1.oraclecloud15.com/n/axvjbnqprylg/b/V2Ministry/o/office-doe/2024/12/30024efba7c64d7aa7d802c50f375334.docx,,docx,17921,2466527bf49a0c7a2cfc3437dcf3580cb47aac773ef2fabf825a36e02dc32475,processed_then_deleted,2026-08-06T20:58:01+00:00,ok
daily_aqi,2024-09-12,AQI for 12 th September 2024,https://doe.gov.bd/pages/static-pages/6922dfba933eb65569e23b0a,https://objectstorage.ap-dcc-gazipur-1.oraclecloud15.com/n/axvjbnqprylg/b/V2Ministry/o/office-doe/2024/12/af60117917e442b7bc6f319a2268e34d.docx,,docx,17894,09e0dd107082d646305dd0c8e3a6006366b09213953ee0eccd0f782993b3ba1b,processed_then_deleted,2026-08-06T20:58:01+00:00,ok
daily_aqi,2024-09-13,AQI for 13 th September 2024,https://doe.gov.bd/pages/static-pages/6922dfba933eb65569e23b0a,https://objectstorage.ap-dcc-gazipur-1.oraclecloud15.com/n/axvjbnqprylg/b/V2Ministry/o/office-doe/2024/12/e256911b4f8346aaa53031cd86644792.docx,,docx,17834,f7ae5cd8d5a284cc40dc90878464fae6924b44748d34d592dcfd1c906e38e0a9,processed_then_deleted,2026-08-06T20:58:01+00:00,ok
daily_aqi,2024-09-14,AQI for 14 th September 2024,https://doe.gov.bd/pages/static-pages/6922dfba933eb65569e23b0a,https://objectstorage.ap-dcc-gazipur-1.oraclecloud15.com/n/axvjbnqprylg/b/V2Ministry/o/office-doe/2024/12/32d83d67f5134713b01eb1e59141b7a6.docx,,docx,17872,e781d81da58e33dd546c179f06c473cee7e48b5004800c2c8eb96d781a68b025,processed_then_deleted,2026-08-06T20:58:01+00:00,ok
daily_aqi,2024-09-15,AQI for 15 th September 2024,https://doe.gov.bd/pages/static-pages/6922dfba933eb65569e23b0a,https://objectstorage.ap-dcc-gazipur-1.oraclecloud15.com/n/axvjbnqprylg/b/V2Ministry/o/office-doe/2024/12/52985db5459d4146b411aab545dd7eff.docx,,docx,18007,33bef34d8b8af7443386d731b2ce5beffc0f1b0c904ebdc1e60d63d7510d326f,processed_then_deleted,2026-08-06T20:58:01+00:00,ok
daily_aqi,2024-09-16,AQI for 16 th September 2024,https://doe.gov.bd/pages/static-pages/6922dfba933eb65569e23b0a,https://objectstorage.ap-dcc-gazipur-1.oraclecloud15.com/n/axvjbnqprylg/b/V2Ministry/o/office-doe/2024/12/69a967fbefa243a1b4effcd814e9d559.docx,,docx,17981,c9efd6f4e02500cb84632e6a22253b620c9e7d54c0e14e4cb8163940385ca429,processed_then_deleted,2026-08-06T20:58:01+00:00,ok
daily_aqi,2024-09-17,AQI for 17 th September 2024,https://doe.gov.bd/pages/static-pages/6922dfba933eb65569e23b0a,https://objectstorage.ap-dcc-gazipur-1.oraclecloud15.com/n/axvjbnqprylg/b/V2Ministry/o/office-doe/2024/12/e4ca730cbbc945b58c90d6bb09502b97.docx,,docx,18435,089b31900419e6760c8759a752e874214264be3350645fb550bc9b71aec6d7d3,processed_then_deleted,2026-08-06T20:58:01+00:00,ok
daily_aqi,2024-09-18,AQI for 18 th September 2024,https://doe.gov.bd/pages/static-pages/6922dfba933eb65569e23b0a,https://objectstorage.ap-dcc-gazipur-1.oraclecloud15.com/n/axvjbnqprylg/b/V2Ministry/o/office-doe/2024/12/4512647bc88c4afe8c825fc42132c359.docx,,docx,17889,1af908a5e2c9b1558ddfef6e48baa829a1bc5600a0b27cc0fe47c8d75f474d20,processed_then_deleted,2026-08-06T20:58:01+00:00,ok
daily_aqi,2024-09-19,AQI for 19 th September 2024,https://doe.gov.bd/pages/static-pages/6922dfba933eb65569e23b0a,https://objectstorage.ap-dcc-gazipur-1.oraclecloud15.com/n/axvjbnqprylg/b/V2Ministry/o/office-doe/2024/12/284f052f390b4286b7bbd71cd9bad1af.docx,,docx,19707,f3510382e3c5cef73b9960c742bb55651ebaedd1dfaeda6859f8134b6bc59b26,processed_then_deleted,2026-08-06T20:58:01+00:00,ok
daily_aqi,2024-09-20,AQI for 20 th September 2024,https://doe.gov.bd/pages/static-pages/6922dfba933eb65569e23b0a,https://objectstorage.ap-dcc-gazipur-1.oraclecloud15.com/n/axvjbnqprylg/b/V2Ministry/o/office-doe/2024/12/7df85b060e4d42b998ecff166473efe5.docx,,docx,19699,28d37ffd0e3788e5c0d4e0bbe4f44c06a58d0676e295a40e79a5ff87c007a72b,processed_then_deleted,2026-08-06T20:58:01+00:00,ok
daily_aqi,2024-09-21,AQI for 21 th September 2024,https://doe.gov.bd/pages/static-pages/6922dfba933eb65569e23b0a,https://objectstorage.ap-dcc-gazipur-1.oraclecloud15.com/n/axvjbnqprylg/b/V2Ministry/o/office-doe/2024/12/4f530feacccb4571936396bb8c10377e.docx,,docx,19730,aeea3ebedd5482a23cb7c412113ebd768423fa27ef8af24597656ad65b63a08c,processed_then_deleted,2026-08-06T20:58:01+00:00,ok
daily_aqi,2024-09-22,AQI for 22 th September 2024,https://doe.gov.bd/pages/static-pages/6922dfba933eb65569e23b0a,https://objectstorage.ap-dcc-gazipur-1.oraclecloud15.com/n/axvjbnqprylg/b/V2Ministry/o/office-doe/2024/12/5463e038bc814586b9932080f4d00322.docx,,docx,17993,fdb18299752ff03dd59eacfecf4986f5d4f7abf5f74a9ca5e005f35952874383,processed_then_deleted,2026-08-06T20:58:01+00:00,ok
daily_aqi,2024-09-23,AQI for 23 th September 2024,https://doe.gov.bd/pages/static-pages/6922dfba933eb65569e23b0a,https://objectstorage.ap-dcc-gazipur-1.oraclecloud15.com/n/axvjbnqprylg/b/V2Ministry/o/office-doe/2024/12/a8675f3c21ff4525843b334d4ed62159.docx,,docx,17599,c582c967e72fcb4b13a28c0cdb456f5a5da5b7881a24c162871e62d5e46b8c55,processed_then_deleted,2026-08-06T20:58:01+00:00,ok
daily_aqi,2024-09-24,AQI for 24 th September 2024,https://doe.gov.bd/pages/static-pages/6922dfba933eb65569e23b0a,https://objectstorage.ap-dcc-gazipur-1.oraclecloud15.com/n/axvjbnqprylg/b/V2Ministry/o/office-doe/2024/12/5265c62773224d1e882c44f542b3e501.docx,,docx,18042,1b6ca1b5812c6d65502cf01ec8981a0c8b112898dc21aeb3bd1b12eb65c3fd71,processed_then_deleted,2026-08-06T20:58:01+00:00,ok
daily_aqi,2024-09-25,AQI for 25 th September 2024,https://doe.gov.bd/pages/static-pages/6922dfba933eb65569e23b0a,https://objectstorage.ap-dcc-gazipur-1.oraclecloud15.com/n/axvjbnqprylg/b/V2Ministry/o/office-doe/2024/12/52ca53a9268d48bca01f2c032e3868e1.docx,,docx,18685,25fb9a593a67f0e7d71086682fde001ab455b213d11a1c7e0ef77000df99ef86,processed_then_deleted,2026-08-06T20:58:01+00:00,ok
daily_aqi,2024-09-26,AQI for 26 th September 2024,https://doe.gov.bd/pages/static-pages/6922dfba933eb65569e23b0a,https://objectstorage.ap-dcc-gazipur-1.oraclecloud15.com/n/axvjbnqprylg/b/V2Ministry/o/office-doe/2024/12/fbf82758e69142e791693d902cef7e43.docx,,docx,19967,390b34583de7f8fe2381879cac0d91653e63d676316464a2ffb627d72743793e,processed_then_deleted,2026-08-06T20:58:01+00:00,ok
daily_aqi,2024-09-27,AQI for 27 th September 2024,https://doe.gov.bd/pages/static-pages/6922dfba933eb65569e23b0a,https://objectstorage.ap-dcc-gazipur-1.oraclecloud15.com/n/axvjbnqprylg/b/V2Ministry/o/office-doe/2024/12/c3d30d01051043b6b80e539ebe1a9bef.docx,,docx,19886,a84b9e1bd4e3163b758e7365d6d3e4d470f13d3198e9bfe176c8eedd3811d52e,processed_then_deleted,2026-08-06T20:58:01+00:00,ok
daily_aqi,2024-09-28,AQI for 28 th September 2024,https://doe.gov.bd/pages/static-pages/6922dfba933eb65569e23b0a,https://objectstorage.ap-dcc-gazipur-1.oraclecloud15.com/n/axvjbnqprylg/b/V2Ministry/o/office-doe/2024/12/e28580dc97c743f78334c5170260e9b8.docx,,docx,19872,f4d2e7f1fdc2429caf385cb763ab604f1c65ba9fb8f604077f5b35dec9f4bda3,processed_then_deleted,2026-08-06T20:58:01+00:00,ok
daily_aqi,2024-09-29,AQI for 29 th September 2024,https://doe.gov.bd/pages/static-pages/6922dfba933eb65569e23b0a,https://objectstorage.ap-dcc-gazipur-1.oraclecloud15.com/n/axvjbnqprylg/b/V2Ministry/o/office-doe/2024/12/04254fa113704e2aa220fb23c8a23691.docx,,docx,17822,672bd8d0219cd633a4ad388475a581766fbdac660418308656350d2868635879,processed_then_deleted,2026-08-06T20:58:01+00:00,ok
daily_aqi,2024-09-30,AQI for 30 th September 2024,https://doe.gov.bd/pages/static-pages/6922dfba933eb65569e23b0a,https://objectstorage.ap-dcc-gazipur-1.oraclecloud15.com/n/axvjbnqprylg/b/V2Ministry/o/office-doe/2024/12/a492630530f0458a88e8edd7acab6bd0.docx,,docx,17914,5f9413fc13ab4916cd7c0d35eddbe31618c6c715703d85b667b92cc973e15a44,processed_then_deleted,2026-08-06T20:58:01+00:00,ok
daily_aqi,2024-10-01,AQI for 01 th October 2024,https://doe.gov.bd/pages/static-pages/6922dfba933eb65569e23b0a,https://objectstorage.ap-dcc-gazipur-1.oraclecloud15.com/n/axvjbnqprylg/b/V2Ministry/o/office-doe/2024/12/6d727fb8058a421987153ac2f0a75a3c.pdf,,pdf,633005,685629c4f61bfd463cbea67b88f2161b265624f9603945dc8ec678112255722f,processed_then_deleted,2026-08-06T20:58:01+00:00,ok
daily_aqi,2024-10-02,AQI for 02 th October 2024,https://doe.gov.bd/pages/static-pages/6922dfba933eb65569e23b0a,https://objectstorage.ap-dcc-gazipur-1.oraclecloud15.com/n/axvjbnqprylg/b/V2Ministry/o/office-doe/2024/12/2b1f054947d3490a8ff64f1a2499ff86.pdf,,pdf,633016,3218a58947e0195d83f434cc0a32bc2bce863b371eb1c6ae109b2eb440111c5f,processed_then_deleted,2026-08-06T20:58:01+00:00,ok
daily_aqi,2024-10-03,AQI for 03 th October 2024,https://doe.gov.bd/pages/static-pages/6922dfba933eb65569e23b0a,https://objectstorage.ap-dcc-gazipur-1.oraclecloud15.com/n/axvjbnqprylg/b/V2Ministry/o/office-doe/2024/12/57c82f46c10746219627753f5846d215.pdf,,pdf,632348,2efc84b5ee622679cea3c34956d73fe719d1df50f20d1f19b2da1b07fc8dad51,processed_then_deleted,2026-08-06T20:58:01+00:00,ok
daily_aqi,2024-10-04,AQI for 04 th October 2024,https://doe.gov.bd/pages/static-pages/6922dfba933eb65569e23b0a,https://objectstorage.ap-dcc-gazipur-1.oraclecloud15.com/n/axvjbnqprylg/b/V2Ministry/o/office-doe/2024/12/7bbaeffa4ff24d96ac76ef394ea68c97.pdf,,pdf,631886,2b6726fa997612c39ca9d76adddea92f2d46806f8097ff0e5d557abb656e379a,processed_then_deleted,2026-08-06T20:58:01+00:00,ok
daily_aqi,2024-10-05,AQI for 05 th October 2024,https://doe.gov.bd/pages/static-pages/6922dfba933eb65569e23b0a,https://objectstorage.ap-dcc-gazipur-1.oraclecloud15.com/n/axvjbnqprylg/b/V2Ministry/o/office-doe/2024/12/07370510a1c04430a834afa3bfe1af8f.pdf,,pdf,632478,9ae9a7ae9fd589d885a235c0c66e72eb6e71ba93fc512869813ef19960673e97,processed_then_deleted,2026-08-06T20:58:01+00:00,ok
daily_aqi,2024-10-06,AQI for 06 th October 2024,https://doe.gov.bd/pages/static-pages/6922dfba933eb65569e23b0a,https://objectstorage.ap-dcc-gazipur-1.oraclecloud15.com/n/axvjbnqprylg/b/V2Ministry/o/office-doe/2024/12/547f5c34c5ac439ebb51818f311129a7.pdf,,pdf,632357,bc44a1dd1e467206e2620f1a2ca2ab108ac95937587153eb7a8ec366511eb488,processed_then_deleted,2026-08-06T20:58:01+00:00,ok
daily_aqi,2024-10-07,AQI for 07 th October 2024,https://doe.gov.bd/pages/static-pages/6922dfba933eb65569e23b0a,https://objectstorage.ap-dcc-gazipur-1.oraclecloud15.com/n/axvjbnqprylg/b/V2Ministry/o/office-doe/2024/12/8cc70add1ea34191bd933cda070018b0.pdf,,pdf,634097,fbd5039960cdcdcf993efbeda90a9864e9bf0202b09af13057dd837926cff91d,processed_then_deleted,2026-08-06T20:58:01+00:00,ok
daily_aqi,2024-10-08,AQI for 08 th October 2024,https://doe.gov.bd/pages/static-pages/6922dfba933eb65569e23b0a,https://objectstorage.ap-dcc-gazipur-1.oraclecloud15.com/n/axvjbnqprylg/b/V2Ministry/o/office-doe/2024/12/3a98afecaf384c7d9e6a2960da275c42.pdf,,pdf,633061,7c1869b39e91ddf3784bbbdcee11ab6ad0a87d073ee7249e002d8380f6d39dfa,processed_then_deleted,2026-08-06T20:58:01+00:00,ok
daily_aqi,2024-10-09,AQI for 09 th October 2024,https://doe.gov.bd/pages/static-pages/6922dfba933eb65569e23b0a,https://objectstorage.ap-dcc-gazipur-1.oraclecloud15.com/n/axvjbnqprylg/b/V2Ministry/o/office-doe/2024/12/988f94396f9c456b97ee28afb26d4203.pdf,,pdf,633608,dc216a5c37eec6395aa32c6ef400a5013e16980677d7c9c9f61fc3a132c79efa,processed_then_deleted,2026-08-06T20:58:01+00:00,ok
daily_aqi,2024-10-10,AQI for 10 th October 2024,https://doe.gov.bd/pages/static-pages/6922dfba933eb65569e23b0a,https://objectstorage.ap-dcc-gazipur-1.oraclecloud15.com/n/axvjbnqprylg/b/V2Ministry/o/office-doe/2024/12/fc8825783cd6438e94122916f79a60cb.pdf,,pdf,633047,58f82e64b214d1f086f5e27d19dcd39d33ff3a5389c39afa422b546dc6c02425,processed_then_deleted,2026-08-06T20:58:01+00:00,ok
daily_aqi,2024-10-11,AQI for 11 th October 2024,https://doe.gov.bd/pages/static-pages/6922dfba933eb65569e23b0a,https://objectstorage.ap-dcc-gazipur-1.oraclecloud15.com/n/axvjbnqprylg/b/V2Ministry/o/office-doe/2024/12/4ddfbd81389949d08ea06b5bb489f567.pdf,,pdf,633041,8896ea52d2f35723bd8d8f270af28255123993e94f1143159a6690b8fbf1dcc1,processed_then_deleted,2026-08-06T20:58:01+00:00,ok
daily_aqi,2024-10-12,AQI for 12 th October 2024,https://doe.gov.bd/pages/static-pages/6922dfba933eb65569e23b0a,https://objectstorage.ap-dcc-gazipur-1.oraclecloud15.com/n/axvjbnqprylg/b/V2Ministry/o/office-doe/2024/12/8d9bfc2c07b04c44a20957b5b78d11f9.pdf,,pdf,633049,5176ce15ce9af5363206923ffeebcbf8d745db940c76ea9b498c1fa03bd12716,processed_then_deleted,2026-08-06T20:58:01+00:00,ok
daily_aqi,2024-10-13,AQI for 13 th October 2024,https://doe.gov.bd/pages/static-pages/6922dfba933eb65569e23b0a,https://objectstorage.ap-dcc-gazipur-1.oraclecloud15.com/n/axvjbnqprylg/b/V2Ministry/o/office-doe/2024/12/897c7654e4af416098d954d67e6e3197.pdf,,pdf,631978,61883660b125df884468b6c514e18f8c96b542420885a11073e39a57b5e2572f,processed_then_deleted,2026-08-06T20:58:01+00:00,ok
daily_aqi,2024-10-14,AQI for 14 th October 2024,https://doe.gov.bd/pages/static-pages/6922dfba933eb65569e23b0a,https://objectstorage.ap-dcc-gazipur-1.oraclecloud15.com/n/axvjbnqprylg/b/V2Ministry/o/office-doe/2024/12/cecd70252ea74d1f840305f0fb4d5383.pdf,,pdf,633502,a53c956acd5262736f01b7ccf4569a6660c0da784186c17ad5cc040cd8aee037,processed_then_deleted,2026-08-06T20:58:01+00:00,ok
daily_aqi,2024-10-15,AQI for 15 th October 2024,https://doe.gov.bd/pages/static-pages/6922dfba933eb65569e23b0a,https://objectstorage.ap-dcc-gazipur-1.oraclecloud15.com/n/axvjbnqprylg/b/V2Ministry/o/office-doe/2024/12/10a53b6801f24a8188f5a89ab2daf69d.pdf,,pdf,634098,1d1a4d42346a82a4420fcc1ade258a65484cff46d1672dbb3f62f435b6221daa,processed_then_deleted,2026-08-06T20:58:01+00:00,ok
daily_aqi,2024-10-16,AQI for 16 th October 2024,https://doe.gov.bd/pages/static-pages/6922dfba933eb65569e23b0a,https://objectstorage.ap-dcc-gazipur-1.oraclecloud15.com/n/axvjbnqprylg/b/V2Ministry/o/office-doe/2024/12/91c91d0b8f284b9ab3325aa4ef8a2b32.pdf,,pdf,634019,4efa02e85bffc79a7dc7fd5a413a33d62b460c36ea8cac8c3687be0ce83b3af2,processed_then_deleted,2026-08-06T20:58:01+00:00,ok
daily_aqi,2024-10-17,AQI for 17 th October 2024,https://doe.gov.bd/pages/static-pages/6922dfba933eb65569e23b0a,https://objectstorage.ap-dcc-gazipur-1.oraclecloud15.com/n/axvjbnqprylg/b/V2Ministry/o/office-doe/2024/12/4dbe61bf381a4119877f540673ffc99a.pdf,,pdf,633949,96566aec0e90d1d8db786b2124a18a12b5e53437d80cd1e50f065084ecb383c0,processed_then_deleted,2026-08-06T20:58:01+00:00,ok
daily_aqi,2024-10-18,AQI for 18 th October 2024,https://doe.gov.bd/pages/static-pages/6922dfba933eb65569e23b0a,https://objectstorage.ap-dcc-gazipur-1.oraclecloud15.com/n/axvjbnqprylg/b/V2Ministry/o/office-doe/2024/12/879cf47c2cb3467891675e0a91fb3a49.pdf,,pdf,633720,01bc4c4ea0d51b4ef3f27f7584a52dd01214e1f1c50e8bee46743871bcda8c69,processed_then_deleted,2026-08-06T20:58:01+00:00,ok
daily_aqi,2024-10-19,AQI for 19 th October 2024,https://doe.gov.bd/pages/static-pages/6922dfba933eb65569e23b0a,https://objectstorage.ap-dcc-gazipur-1.oraclecloud15.com/n/axvjbnqprylg/b/V2Ministry/o/office-doe/2024/12/ce799f49513748ee92bc77b42bee50f9.pdf,,pdf,633583,33b5b4ecc8d01cde23195fa1cdda79b110595f89f4d914342da5403c6785b56f,processed_then_deleted,2026-08-06T20:58:01+00:00,ok
daily_aqi,2024-10-20,AQI for 20 th October 2024,https://doe.gov.bd/pages/static-pages/6922dfba933eb65569e23b0a,https://objectstorage.ap-dcc-gazipur-1.oraclecloud15.com/n/axvjbnqprylg/b/V2Ministry/o/office-doe/2024/12/b2b4b2cb5bf34481a804af313d202b13.docx,,docx,18483,6249aa4db755d7a05905244d324ad534ee02e4cec0d80a31af5de260930d57de,processed_then_deleted,2026-08-06T20:58:01+00:00,ok
daily_aqi,2024-10-21,AQI for 21 th October 2024,https://doe.gov.bd/pages/static-pages/6922dfba933eb65569e23b0a,https://objectstorage.ap-dcc-gazipur-1.oraclecloud15.com/n/axvjbnqprylg/b/V2Ministry/o/office-doe/2024/12/25a6fe9da6914d4c809a9d58c25c6d37.docx,,docx,18434,2b3db9900b6d950cc11d3715752b46700d12ac0ea86af54d0dd2e151b1d976a6,processed_then_deleted,2026-08-06T20:58:01+00:00,ok
daily_aqi,2024-10-22,AQI for 22 th October 2024,https://doe.gov.bd/pages/static-pages/6922dfba933eb65569e23b0a,https://objectstorage.ap-dcc-gazipur-1.oraclecloud15.com/n/axvjbnqprylg/b/V2Ministry/o/office-doe/2024/12/69682b4c061e4417a8cc870be3770988.pdf,,pdf,633014,90002f96336ea4d4e25d47741f35bec86ba1b2ddc51dbc2a90cc8d8ae5b85e0d,processed_then_deleted,2026-08-06T20:58:01+00:00,ok
daily_aqi,2024-10-23,AQI for 23 th October 2024,https://doe.gov.bd/pages/static-pages/6922dfba933eb65569e23b0a,https://objectstorage.ap-dcc-gazipur-1.oraclecloud15.com/n/axvjbnqprylg/b/V2Ministry/o/office-doe/2024/12/b58e294e0a5a4a1ab070eb8fb9a65118.pdf,,pdf,633523,0555452ea229c6ba21a72813d7bebb106fc1184c5646673524474d021c8b0878,processed_then_deleted,2026-08-06T20:58:01+00:00,ok
daily_aqi,2024-10-24,AQI for 24 th October 2024,https://doe.gov.bd/pages/static-pages/6922dfba933eb65569e23b0a,https://objectstorage.ap-dcc-gazipur-1.oraclecloud15.com/n/axvjbnqprylg/b/V2Ministry/o/office-doe/2024/12/36be0a7814a34aee9ac841892a24fe95.pdf,,pdf,631416,3505e5ca2d4409868f90d674d538bdbeb3cb03bd6547d8e8b3fd279d555e17b4,processed_then_deleted,2026-08-06T20:58:01+00:00,ok
daily_aqi,2024-10-25,AQI for 25 th October 2024,https://doe.gov.bd/pages/static-pages/6922dfba933eb65569e23b0a,https://objectstorage.ap-dcc-gazipur-1.oraclecloud15.com/n/axvjbnqprylg/b/V2Ministry/o/office-doe/2024/12/ec5f294c033d4ee79b56e22066a51a1b.pdf,,pdf,630825,5d4f4a9d4782fb81a27784cfb2bb5a8fd99231e0bd39c4d0ab1d9461e72bd582,processed_then_deleted,2026-08-06T20:58:01+00:00,ok
daily_aqi,2024-10-26,AQI for 26 th October 2024,https://doe.gov.bd/pages/static-pages/6922dfba933eb65569e23b0a,https://objectstorage.ap-dcc-gazipur-1.oraclecloud15.com/n/axvjbnqprylg/b/V2Ministry/o/office-doe/2024/12/2f6e2f97409345da972b1e91ce9a7e06.pdf,,pdf,631952,26666834ec90fdf88dadc0e4841f832dd38923769e6d97c0788590abbba1bb7a,processed_then_deleted,2026-08-06T20:58:01+00:00,ok
daily_aqi,2024-10-27,AQI for 27 th October 2024,https://doe.gov.bd/pages/static-pages/6922dfba933eb65569e23b0a,https://objectstorage.ap-dcc-gazipur-1.oraclecloud15.com/n/axvjbnqprylg/b/V2Ministry/o/office-doe/2024/12/5b61c70f1fbf4638a363b6fc1db7eaf6.pdf,,pdf,630873,eff9cd3f9bf2fc8ecda4710315866cef3cb406397fe3fce56c15c25a2d800fde,processed_then_deleted,2026-08-06T20:58:01+00:00,ok
daily_aqi,2024-10-28,AQI for 28 th October 2024,https://doe.gov.bd/pages/static-pages/6922dfba933eb65569e23b0a,https://objectstorage.ap-dcc-gazipur-1.oraclecloud15.com/n/axvjbnqprylg/b/V2Ministry/o/office-doe/2024/12/1653cfbdd372422f881248439aedf624.pdf,,pdf,634267,f700ed98b3998622c1ef48c9914967875405d327c7d44e127894d937f11d0f90,processed_then_deleted,2026-08-06T20:58:01+00:00,ok
daily_aqi,2024-10-29,AQI for 29 th October 2024,https://doe.gov.bd/pages/static-pages/6922dfba933eb65569e23b0a,https://objectstorage.ap-dcc-gazipur-1.oraclecloud15.com/n/axvjbnqprylg/b/V2Ministry/o/office-doe/2024/12/9ae6edb097124d40a6528d19c7055f81.pdf,,pdf,634087,938ba41061fa95f3366a0348f09a4513c56e970202b7b1875daea51b4a1e963e,processed_then_deleted,2026-08-06T20:58:01+00:00,ok
daily_aqi,2024-10-30,AQI for 30 th October 2024,https://doe.gov.bd/pages/static-pages/6922dfba933eb65569e23b0a,https://objectstorage.ap-dcc-gazipur-1.oraclecloud15.com/n/axvjbnqprylg/b/V2Ministry/o/office-doe/2024/12/31f3f4cc4859475f9b1426e02ffcb5d1.pdf,,pdf,633478,53a1f3677d3f35c66ebaca0c750efd35513eaf7a5a9747d248db1c88444c60df,processed_then_deleted,2026-08-06T20:58:01+00:00,ok
daily_aqi,2024-10-31,AQI for 31 th October 2024,https://doe.gov.bd/pages/static-pages/6922dfba933eb65569e23b0a,https://objectstorage.ap-dcc-gazipur-1.oraclecloud15.com/n/axvjbnqprylg/b/V2Ministry/o/office-doe/2024/12/eb5df4cedd2f47a38ac3db4b2eefbc2e.pdf,,pdf,633495,2014e1f359de516e402f5287284327efe232d3adda01526e92aa582788ec5e02,processed_then_deleted,2026-08-06T20:58:01+00:00,ok
daily_aqi,2024-11-01,AQI for 01 th November 2024,https://doe.gov.bd/pages/static-pages/6922dfba933eb65569e23b0a,https://objectstorage.ap-dcc-gazipur-1.oraclecloud15.com/n/axvjbnqprylg/b/V2Ministry/o/office-doe/2024/12/0175f8fc49144fbab79a8deb42880422.pdf,,pdf,628938,8de1ac0fe77f3f335d57ed17ef9ac25f4c5424da177e681e86a0bd12e73e3609,processed_then_deleted,2026-08-06T20:58:01+00:00,ok
daily_aqi,2024-11-02,AQI for 02 th November 2024,https://doe.gov.bd/pages/static-pages/6922dfba933eb65569e23b0a,https://objectstorage.ap-dcc-gazipur-1.oraclecloud15.com/n/axvjbnqprylg/b/V2Ministry/o/office-doe/2024/12/2f7554454556482d94694c8dbaa0e702.pdf,,pdf,633461,8fef3d646dd5b1d2b17eb0f6d2a840f0a6c7c043eb3567cc7167a23fd230e5c2,processed_then_deleted,2026-08-06T20:58:01+00:00,ok
daily_aqi,2024-11-03,AQI for 03 th November 2024,https://doe.gov.bd/pages/static-pages/6922dfba933eb65569e23b0a,https://objectstorage.ap-dcc-gazipur-1.oraclecloud15.com/n/axvjbnqprylg/b/V2Ministry/o/office-doe/2024/12/5d980462121f40f68433b0077d131928.pdf,,pdf,633858,b51a4c43530fbe18b60d568b466941dfa3b5de2e0dba4b74620b863eaad3df25,processed_then_deleted,2026-08-06T20:58:01+00:00,ok
daily_aqi,2024-11-04,AQI for 04 th November 2024,https://doe.gov.bd/pages/static-pages/6922dfba933eb65569e23b0a,https://objectstorage.ap-dcc-gazipur-1.oraclecloud15.com/n/axvjbnqprylg/b/V2Ministry/o/office-doe/2024/12/4a6f978119484cbe9c65f87bbd022264.pdf,,pdf,633442,7635d07c1424ef1cc8b518e697a53513ab42218fe083ba3deb42c725611198a4,processed_then_deleted,2026-08-06T20:58:01+00:00,ok
daily_aqi,2024-11-05,AQI for 05 th November 2024,https://doe.gov.bd/pages/static-pages/6922dfba933eb65569e23b0a,https://objectstorage.ap-dcc-gazipur-1.oraclecloud15.com/n/axvjbnqprylg/b/V2Ministry/o/office-doe/2024/12/4e03b08e37ee4bb39e9e33740e1c2db6.pdf,,pdf,632540,450ad92404c541f22fbff17b514126efdae7fcb72906460b1c4fbc47c7f9b51b,processed_then_deleted,2026-08-06T20:58:01+00:00,ok
daily_aqi,2024-11-06,AQI for 06 th November 2024,https://doe.gov.bd/pages/static-pages/6922dfba933eb65569e23b0a,https://objectstorage.ap-dcc-gazipur-1.oraclecloud15.com/n/axvjbnqprylg/b/V2Ministry/o/office-doe/2024/12/6a1e291054d94c05be800aeb4f7f339d.pdf,,pdf,634013,d8445e42e51c753abce18ea8006da072d1370f991ba0367ae3afc2046365c1e2,processed_then_deleted,2026-08-06T20:58:01+00:00,ok
daily_aqi,2024-11-07,AQI for 07 th November 2024,https://doe.gov.bd/pages/static-pages/6922dfba933eb65569e23b0a,https://objectstorage.ap-dcc-gazipur-1.oraclecloud15.com/n/axvjbnqprylg/b/V2Ministry/o/office-doe/2024/12/91b39dfadd3748f4a972f7a112c96b36.pdf,,pdf,633963,87bae5a6af0081d90fd205da1e6a1729d47a8f70357335ce4f2bff20ed470fb7,processed_then_deleted,2026-08-06T20:58:01+00:00,ok
daily_aqi,2024-11-08,AQI for 08 th November 2024,https://doe.gov.bd/pages/static-pages/6922dfba933eb65569e23b0a,https://objectstorage.ap-dcc-gazipur-1.oraclecloud15.com/n/axvjbnqprylg/b/V2Ministry/o/office-doe/2024/12/ad19215130d745828506e75f60f5c171.pdf,,pdf,633001,32c90bf6f6e38021ce3b6c61fb2e74eafb5eebae776b153ca31feb4be7c9b911,processed_then_deleted,2026-08-06T20:58:01+00:00,ok
daily_aqi,2024-11-09,AQI for 09 th November 2024,https://doe.gov.bd/pages/static-pages/6922dfba933eb65569e23b0a,https://objectstorage.ap-dcc-gazipur-1.oraclecloud15.com/n/axvjbnqprylg/b/V2Ministry/o/office-doe/2024/12/6e4b01606e1a4e42ba78f705f2ee6995.pdf,,pdf,632860,4f045862d32d5d3316e663e940834fa9789616316171c4ff1fe9d59ec0cdd607,processed_then_deleted,2026-08-06T20:58:01+00:00,ok
daily_aqi,2024-11-10,AQI for 10 th November 2024,https://doe.gov.bd/pages/static-pages/6922dfba933eb65569e23b0a,https://objectstorage.ap-dcc-gazipur-1.oraclecloud15.com/n/axvjbnqprylg/b/V2Ministry/o/office-doe/2024/12/055ac949ed4d441397a73524c1e3dbae.pdf,,pdf,633443,3d57100845083dbe72f05f57447cfd3cfcaa79e5f449030e44ae03cb4699c3c1,processed_then_deleted,2026-08-06T20:58:01+00:00,ok
daily_aqi,2024-11-11,AQI for 11 th November 2024,https://doe.gov.bd/pages/static-pages/6922dfba933eb65569e23b0a,https://objectstorage.ap-dcc-gazipur-1.oraclecloud15.com/n/axvjbnqprylg/b/V2Ministry/o/office-doe/2024/12/74276e5464cb4f6f8cc00e568a2aaa24.pdf,,pdf,633450,50c9d2ba934f9a1342077500f0754832a519662f4ef9acc1569cf8043304da71,processed_then_deleted,2026-08-06T20:58:01+00:00,ok
daily_aqi,2024-11-12,AQI for 12 th November 2024,https://doe.gov.bd/pages/static-pages/6922dfba933eb65569e23b0a,https://objectstorage.ap-dcc-gazipur-1.oraclecloud15.com/n/axvjbnqprylg/b/V2Ministry/o/office-doe/2024/12/269eeacce6e745e0b34b2b7957858ca7.pdf,,pdf,633421,84c481ed605e00f45cdae000563524a84d839e17f71e5d113d9dc787b4562bbf,processed_then_deleted,2026-08-06T20:58:01+00:00,ok
daily_aqi,2024-11-13,AQI for 13 th November 2024,https://doe.gov.bd/pages/static-pages/6922dfba933eb65569e23b0a,https://objectstorage.ap-dcc-gazipur-1.oraclecloud15.com/n/axvjbnqprylg/b/V2Ministry/o/office-doe/2024/12/aeda8ad2fd0b457db686e48560ec801d.pdf,,pdf,633935,5e0ba18670eeedabe3c53903c0272a50acb10540ce5fecc20de41b475f4abc12,processed_then_deleted,2026-08-06T20:58:01+00:00,ok
daily_aqi,2024-11-14,AQI for 14 th November 2024,https://doe.gov.bd/pages/static-pages/6922dfba933eb65569e23b0a,https://objectstorage.ap-dcc-gazipur-1.oraclecloud15.com/n/axvjbnqprylg/b/V2Ministry/o/office-doe/2024/12/2e45b2891abc442b94ce14d93c4de2c3.pdf,,pdf,632400,8591bf23903873e90226a654bc3be3109ad1b06f8c8200762fea53f4de0261e9,processed_then_deleted,2026-08-06T20:58:01+00:00,ok
daily_aqi,2024-11-15,AQI for 15 th November 2024,https://doe.gov.bd/pages/static-pages/6922dfba933eb65569e23b0a,https://objectstorage.ap-dcc-gazipur-1.oraclecloud15.com/n/axvjbnqprylg/b/V2Ministry/o/office-doe/2024/12/2619f2416f834703a9ee8e22b9540c07.pdf,,pdf,634589,6c0c69f7b6111619da4afcfc88094b4bdc650230c4952fc8bd63872ccb55112f,processed_then_deleted,2026-08-06T20:58:01+00:00,ok
daily_aqi,2024-11-16,AQI for 16 th November 2024,https://doe.gov.bd/pages/static-pages/6922dfba933eb65569e23b0a,https://objectstorage.ap-dcc-gazipur-1.oraclecloud15.com/n/axvjbnqprylg/b/V2Ministry/o/office-doe/2024/12/b5676e7be4584bf8b8740580b22487f8.pdf,,pdf,634489,894e4e44e95249c20369bd3e00f96e95cf1af23583339e249e10e5a030e8c3aa,processed_then_deleted,2026-08-06T20:58:01+00:00,ok
daily_aqi,2024-11-17,AQI for 17 th November 2024,https://doe.gov.bd/pages/static-pages/6922dfba933eb65569e23b0a,https://objectstorage.ap-dcc-gazipur-1.oraclecloud15.com/n/axvjbnqprylg/b/V2Ministry/o/office-doe/2024/12/9d9e724870474eb8b22291092dd4082d.pdf,,pdf,634963,2b18ae547c131f9c37a5b07a676539c0372e9844a176b58bb652ccb43759d513,processed_then_deleted,2026-08-06T20:58:01+00:00,ok
daily_aqi,2024-11-18,AQI for 18 th November 2024,https://doe.gov.bd/pages/static-pages/6922dfba933eb65569e23b0a,https://objectstorage.ap-dcc-gazipur-1.oraclecloud15.com/n/axvjbnqprylg/b/V2Ministry/o/office-doe/2024/12/6e8f624eb4b64742a0270d92b089fb52.pdf,,pdf,635164,402168a3385b32a8080b3da1d6745b0fe13b437c3bc55d20a95cdbaf48811b25,processed_then_deleted,2026-08-06T20:58:01+00:00,ok
daily_aqi,2024-11-19,AQI for 19 th November 2024,https://doe.gov.bd/pages/static-pages/6922dfba933eb65569e23b0a,https://objectstorage.ap-dcc-gazipur-1.oraclecloud15.com/n/axvjbnqprylg/b/V2Ministry/o/office-doe/2024/12/588d994580794ec6b5b10062e5ff964d.pdf,,pdf,634497,7165f1e39cb6c5cfd5f2f29da9a0e6cb4cbc6310166fa39179754f0779fd3cd7,processed_then_deleted,2026-08-06T20:58:01+00:00,ok
daily_aqi,2024-11-20,AQI for 20 th November 2024,https://doe.gov.bd/pages/static-pages/6922dfba933eb65569e23b0a,https://objectstorage.ap-dcc-gazipur-1.oraclecloud15.com/n/axvjbnqprylg/b/V2Ministry/o/office-doe/2024/12/85fa8c576c074ec693917af0ab5ffc2a.pdf,,pdf,632014,ee5ab090cab72f2c32a6e7ced4272186bc9ee77fdff8e5588e61865831a37dfd,processed_then_deleted,2026-08-06T20:58:01+00:00,ok
daily_aqi,2024-11-21,AQI for 21 th November 2024,https://doe.gov.bd/pages/static-pages/6922dfba933eb65569e23b0a,https://objectstorage.ap-dcc-gazipur-1.oraclecloud15.com/n/axvjbnqprylg/b/V2Ministry/o/office-doe/2024/12/710ad7cd6bb7424294794b5931fffa53.pdf,,pdf,633875,92e9178942522fa10a0071874fd5f040a7bb12e62d13ac7fc85080b0453d054f,processed_then_deleted,2026-08-06T20:58:01+00:00,ok
daily_aqi,2024-11-22,AQI for 22 th November 2024,https://doe.gov.bd/pages/static-pages/6922dfba933eb65569e23b0a,https://objectstorage.ap-dcc-gazipur-1.oraclecloud15.com/n/axvjbnqprylg/b/V2Ministry/o/office-doe/2024/12/92b43fc933b0461285f4820774f13c67.pdf,,pdf,632308,384f556907c81596c50007a9113823755e720340cf6950e61587a79cea5f47d1,processed_then_deleted,2026-08-06T20:58:01+00:00,ok
daily_aqi,2024-11-23,AQI for 23 th November 2024,https://doe.gov.bd/pages/static-pages/6922dfba933eb65569e23b0a,https://objectstorage.ap-dcc-gazipur-1.oraclecloud15.com/n/axvjbnqprylg/b/V2Ministry/o/office-doe/2024/12/e8ba027d181a4a30a9fc6bbd406439ab.pdf,,pdf,634437,a1fab6f64a0c402782ae63695da1b64112a393a1c0f88ba2b28700eb98cd8df5,processed_then_deleted,2026-08-06T20:58:01+00:00,ok
daily_aqi,2024-11-24,AQI for 24 th November 2024,https://doe.gov.bd/pages/static-pages/6922dfba933eb65569e23b0a,https://objectstorage.ap-dcc-gazipur-1.oraclecloud15.com/n/axvjbnqprylg/b/V2Ministry/o/office-doe/2024/12/b897e797224744649750ea8eff7ed635.pdf,,pdf,634352,29db83b75b2fe3f95479e34e6841be70a9b3a1ccfd6c31900f101d6b8e213023,processed_then_deleted,2026-08-06T20:58:01+00:00,ok
daily_aqi,2024-11-25,AQI for 25 th November 2024,https://doe.gov.bd/pages/static-pages/6922dfba933eb65569e23b0a,https://objectstorage.ap-dcc-gazipur-1.oraclecloud15.com/n/axvjbnqprylg/b/V2Ministry/o/office-doe/2024/12/bbeb838cdba04a14a8a5ee69fd8b153f.pdf,,pdf,634550,fecb80dfcedf664dc6586508316390af45138434bf6f75618e68764d98c2185d,processed_then_deleted,2026-08-06T20:58:01+00:00,ok
daily_aqi,2024-11-26,AQI for 26 th November 2024,https://doe.gov.bd/pages/static-pages/6922dfba933eb65569e23b0a,https://objectstorage.ap-dcc-gazipur-1.oraclecloud15.com/n/axvjbnqprylg/b/V2Ministry/o/office-doe/2024/12/6da301b478084d4882ed1cc28b56af8a.pdf,,pdf,634470,04fc3c48c54be16cdd2d3f254915611b93419d3bc0c344d39a37b65fb1e44b5e,processed_then_deleted,2026-08-06T20:58:01+00:00,ok
daily_aqi,2024-11-27,AQI for 27 th November 2024,https://doe.gov.bd/pages/static-pages/6922dfba933eb65569e23b0a,https://objectstorage.ap-dcc-gazipur-1.oraclecloud15.com/n/axvjbnqprylg/b/V2Ministry/o/office-doe/2024/12/cf9acbf06dc2495e9747ce377298024a.pdf,,pdf,635065,a1f298941d0763da90d49294d57e268d5aa1007aa6d001d7a265651ae5da39d0,processed_then_deleted,2026-08-06T20:58:01+00:00,ok
daily_aqi,2024-11-28,AQI for 28 th November 2024,https://doe.gov.bd/pages/static-pages/6922dfba933eb65569e23b0a,https://objectstorage.ap-dcc-gazipur-1.oraclecloud15.com/n/axvjbnqprylg/b/V2Ministry/o/office-doe/2024/12/f797f05c05374ed88642b1b33c4ae51a.pdf,,pdf,634651,4c9e3bf725735f560f6dd65158a827fa7e530d4c8e75cbf0bb8f4c126fa7f7b4,processed_then_deleted,2026-08-06T20:58:01+00:00,ok
daily_aqi,2024-11-29,AQI for 29 th November 2024,https://doe.gov.bd/pages/static-pages/6922dfba933eb65569e23b0a,https://objectstorage.ap-dcc-gazipur-1.oraclecloud15.com/n/axvjbnqprylg/b/V2Ministry/o/office-doe/2024/12/89ca4c20bfa8444bbf747cd579341d6c.pdf,,pdf,634031,c7e45934129ab8e280faa7583ebbacc9016a703e5a35dfc63b1854eb2d5b8a2a,processed_then_deleted,2026-08-06T20:58:01+00:00,ok
daily_aqi,2024-11-30,AQI for 30 th November 2024,https://doe.gov.bd/pages/static-pages/6922dfba933eb65569e23b0a,https://objectstorage.ap-dcc-gazipur-1.oraclecloud15.com/n/axvjbnqprylg/b/V2Ministry/o/office-doe/2024/12/0faa8f680d7b4a21b1a1f2750b59ecd1.pdf,,pdf,633952,ea05711a09a7a47c6b146f5ac483f7afc9930a53343045a2a1979b6ecd33ef22,processed_then_deleted,2026-08-06T20:58:01+00:00,ok
daily_aqi,2024-12-01,AQI for 01 th December 2024,https://doe.gov.bd/pages/static-pages/6922dfba933eb65569e23b0a,https://objectstorage.ap-dcc-gazipur-1.oraclecloud15.com/n/axvjbnqprylg/b/V2Ministry/o/office-doe/2024/12/ec5106ad106f4b459c2769df62d20199.pdf,,pdf,633929,2553c9e2094bc2c0708f65a8e2507af2af38031389c248638508eabdf211252c,processed_then_deleted,2026-08-06T20:58:01+00:00,ok
daily_aqi,2024-12-02,AQI for 02 th December 2024,https://doe.gov.bd/pages/static-pages/6922dfba933eb65569e23b0a,https://objectstorage.ap-dcc-gazipur-1.oraclecloud15.com/n/axvjbnqprylg/b/V2Ministry/o/office-doe/2024/12/8cf8cb39ed6644f9ab243c67956e6bfc.pdf,,pdf,633941,7b92537d5dce7c9e6840131a9d66a763b75aa23fc8b35e39a160900a1537681b,processed_then_deleted,2026-08-06T20:58:01+00:00,ok
daily_aqi,2024-12-03,AQI for 03 th December 2024,https://doe.gov.bd/pages/static-pages/6922dfba933eb65569e23b0a,https://objectstorage.ap-dcc-gazipur-1.oraclecloud15.com/n/axvjbnqprylg/b/V2Ministry/o/office-doe/2024/12/4353d093efcb4154ad550c2d437489d0.pdf,,pdf,632388,0736d9edca84b94482b5bd4d1f65fcb5131a0408f61eccd16a90179006a51d97,processed_then_deleted,2026-08-06T20:58:01+00:00,ok
daily_aqi,2024-12-04,AQI for 04 th December 2024,https://doe.gov.bd/pages/static-pages/6922dfba933eb65569e23b0a,https://objectstorage.ap-dcc-gazipur-1.oraclecloud15.com/n/axvjbnqprylg/b/V2Ministry/o/office-doe/2024/12/bde041278b2447edaabfab3b040b940c.pdf,,pdf,634394,85a4ea28dbfa7103318d29efe944f74c86599f06e3530c47331789d06d06d918,processed_then_deleted,2026-08-06T20:58:01+00:00,ok
daily_aqi,2024-12-05,AQI for 05 th December 2024,https://doe.gov.bd/pages/static-pages/6922dfba933eb65569e23b0a,https://objectstorage.ap-dcc-gazipur-1.oraclecloud15.com/n/axvjbnqprylg/b/V2Ministry/o/office-doe/2024/12/dcfd563a187f4c75bda7a3a791032495.pdf,,pdf,601412,6c782ae00ce94053b32a7c500d61c0eaea07de26692aed6911f9138cf32b2782,processed_then_deleted,2026-08-06T20:58:01+00:00,ok
daily_aqi,2024-12-06,AQI for 06 th December 2024,https://doe.gov.bd/pages/static-pages/6922dfba933eb65569e23b0a,https://objectstorage.ap-dcc-gazipur-1.oraclecloud15.com/n/axvjbnqprylg/b/V2Ministry/o/office-doe/2024/12/24b1dc7718ef44288dfa3957777aa2a5.pdf,,pdf,601443,7d68b444673356660e29d35bb99d69b5ad23014e7be0f0798ce4571cfdd19d9f,processed_then_deleted,2026-08-06T20:58:01+00:00,ok
daily_aqi,2024-12-07,AQI for 07 th December 2024,https://doe.gov.bd/pages/static-pages/6922dfba933eb65569e23b0a,https://objectstorage.ap-dcc-gazipur-1.oraclecloud15.com/n/axvjbnqprylg/b/V2Ministry/o/office-doe/2024/12/1c811727ac8f4fe69259b0310ab21836.pdf,,pdf,599445,240c847f17d417af69dc1c88a02bfaf35c4b728501f1ebe31ec5823b87a1c39b,processed_then_deleted,2026-08-06T20:58:01+00:00,ok
daily_aqi,2024-12-08,AQI for 08 th December 2024,https://doe.gov.bd/pages/static-pages/6922dfba933eb65569e23b0a,https://objectstorage.ap-dcc-gazipur-1.oraclecloud15.com/n/axvjbnqprylg/b/V2Ministry/o/office-doe/2024/12/1d8bb25fc3c6442bb106c4cbf2abdd13.pdf,,pdf,601424,e8e47be9c693e786af2066d64ae953620d44a2d429a150a90e75278f476fac85,processed_then_deleted,2026-08-06T20:58:01+00:00,ok
daily_aqi,2024-12-09,AQI for 09 th December 2024,https://doe.gov.bd/pages/static-pages/6922dfba933eb65569e23b0a,https://objectstorage.ap-dcc-gazipur-1.oraclecloud15.com/n/axvjbnqprylg/b/V2Ministry/o/office-doe/2024/12/773be5e3cea5459ea57fc18245d444c2.pdf,,pdf,601213,0f66d4ac89ae4f14aae3c11ff65b1e7e26a393e81fe744af233b1b10f371a10e,processed_then_deleted,2026-08-06T20:58:01+00:00,ok
daily_aqi,2024-12-10,AQI for 10 th December 2024,https://doe.gov.bd/pages/static-pages/6922dfba933eb65569e23b0a,https://objectstorage.ap-dcc-gazipur-1.oraclecloud15.com/n/axvjbnqprylg/b/V2Ministry/o/office-doe/2024/12/394734ee1138428f8ac8a1970081d25e.pdf,,pdf,599629,6466cb5079ca31b1598642781d78fc99f26d17759a7a15cf915a5644502ca650,processed_then_deleted,2026-08-06T20:58:01+00:00,ok
daily_aqi,2024-12-11,AQI for 11 th December 2024,https://doe.gov.bd/pages/static-pages/6922dfba933eb65569e23b0a,https://objectstorage.ap-dcc-gazipur-1.oraclecloud15.com/n/axvjbnqprylg/b/V2Ministry/o/office-doe/2024/12/2a0dd0c725194570a5fbd046b5204e3a.pdf,,pdf,600059,85f0b335a8807701e67c658f925730eb1a411cfc5045268d3657cab293491a8b,processed_then_deleted,2026-08-06T20:58:01+00:00,ok
daily_aqi,2024-12-12,AQI for 12 th December 2024,https://doe.gov.bd/pages/static-pages/6922dfba933eb65569e23b0a,https://objectstorage.ap-dcc-gazipur-1.oraclecloud15.com/n/axvjbnqprylg/b/V2Ministry/o/office-doe/2024/12/9e2e70ac71dd4e3a8ad103f32d74cbd6.pdf,,pdf,599531,4fb6c7067bfb0e3cc8bd894f4e9b1b485fecd9fd65a5204fca8bc08eb2bad09e,processed_then_deleted,2026-08-06T20:58:01+00:00,ok
daily_aqi,2024-12-13,AQI for 13 th December 2024,https://doe.gov.bd/pages/static-pages/6922dfba933eb65569e23b0a,https://objectstorage.ap-dcc-gazipur-1.oraclecloud15.com/n/axvjbnqprylg/b/V2Ministry/o/office-doe/2024/12/a6f27ff16f6a4c02881316825b8e1729.pdf,,pdf,600069,6436e739d55f45b0b677510874caafff51cdc58664a73ee6f962ca00496114c5,processed_then_deleted,2026-08-06T20:58:01+00:00,ok
daily_aqi,2024-12-14,AQI for 14 th December 2024,https://doe.gov.bd/pages/static-pages/6922dfba933eb65569e23b0a,https://objectstorage.ap-dcc-gazipur-1.oraclecloud15.com/n/axvjbnqprylg/b/V2Ministry/o/office-doe/2024/12/5d036b5b5eae4ae7a70f8326c931c410.pdf,,pdf,600073,b6f5b52c2aa29f073f1de27be2332c87edbb2784e1a066194a932c732e315b60,processed_then_deleted,2026-08-06T20:58:01+00:00,ok
daily_aqi,2024-12-15,AQI for 15 th December 2024,https://doe.gov.bd/pages/static-pages/6922dfba933eb65569e23b0a,https://objectstorage.ap-dcc-gazipur-1.oraclecloud15.com/n/axvjbnqprylg/b/V2Ministry/o/office-doe/2024/12/c35700d505104b60b7252fb7d6d600ab.pdf,,pdf,600271,71f13949bebe2918795a3fcaae8eae34463ff4d43fcac1d2927ec00b09d30bad,processed_then_deleted,2026-08-06T20:58:01+00:00,ok
daily_aqi,2024-12-16,AQI for 16 th December 2024,https://doe.gov.bd/pages/static-pages/6922dfba933eb65569e23b0a,https://objectstorage.ap-dcc-gazipur-1.oraclecloud15.com/n/axvjbnqprylg/b/V2Ministry/o/office-doe/2024/12/476e960d84324ef0be5add93bd95e14a.pdf,,pdf,600533,9bccf0e5c06e12ff469e36fa91eec4cead0d285ffd2a7830ad59b33c34f39383,processed_then_deleted,2026-08-06T20:58:01+00:00,ok
daily_aqi,2024-12-17,AQI for 17 th December 2024,https://doe.gov.bd/pages/static-pages/6922dfba933eb65569e23b0a,https://objectstorage.ap-dcc-gazipur-1.oraclecloud15.com/n/axvjbnqprylg/b/V2Ministry/o/office-doe/2024/12/5ac763e769094ac4a5d43c73a77f3bf0.pdf,,pdf,600113,d09b7e51572ea27e0961cda63eaec5d9c352192cf35193947d8786ae11ad43c4,processed_then_deleted,2026-08-06T20:58:01+00:00,ok
daily_aqi,2024-12-18,AQI for 18 th December 2024,https://doe.gov.bd/pages/static-pages/6922dfba933eb65569e23b0a,https://objectstorage.ap-dcc-gazipur-1.oraclecloud15.com/n/axvjbnqprylg/b/V2Ministry/o/office-doe/2024/12/5863ece560264481900dc9c3993f2d51.pdf,,pdf,601324,0a95b418b196d9353ceb4c6dfeb81271727dc71c2ce5930abacf774faede4cdc,processed_then_deleted,2026-08-06T20:58:01+00:00,ok
daily_aqi,2024-12-19,AQI for 19 th December 2024,https://doe.gov.bd/pages/static-pages/6922dfba933eb65569e23b0a,https://objectstorage.ap-dcc-gazipur-1.oraclecloud15.com/n/axvjbnqprylg/b/V2Ministry/o/office-doe/2024/12/39ab443c26b84257bc75d866c6abc7c4.pdf,,pdf,599135,a8a30c898feff351d54ec2c2203783a2eb9089ff7c45ea5e11cce8be553892f1,processed_then_deleted,2026-08-06T20:58:01+00:00,ok
daily_aqi,2024-12-20,AQI for 20 th December 2024,https://doe.gov.bd/pages/static-pages/6922dfba933eb65569e23b0a,https://objectstorage.ap-dcc-gazipur-1.oraclecloud15.com/n/axvjbnqprylg/b/V2Ministry/o/office-doe/2024/12/a5b70609a242468281324d0e495f3fd7.pdf,,pdf,599940,6e24b7c80c93c5f3260a70b5d00354b8ef7f34ef5d937e23295a0c8367ea692d,processed_then_deleted,2026-08-06T20:58:01+00:00,ok
daily_aqi,2024-12-21,AQI for 21 th December 2024,https://doe.gov.bd/pages/static-pages/6922dfba933eb65569e23b0a,https://objectstorage.ap-dcc-gazipur-1.oraclecloud15.com/n/axvjbnqprylg/b/V2Ministry/o/office-doe/2024/12/c2eb609cd1df4c39a59083760cde69eb.pdf,,pdf,599941,27269e4aa130982483ddf17e43eb04e87c1646b6e909b7fd96a6e90cb63282a8,processed_then_deleted,2026-08-06T20:58:01+00:00,ok
daily_aqi,2024-12-22,AQI for 22 th December 2024,https://doe.gov.bd/pages/static-pages/6922dfba933eb65569e23b0a,https://objectstorage.ap-dcc-gazipur-1.oraclecloud15.com/n/axvjbnqprylg/b/V2Ministry/o/office-doe/2024/12/e2f314565fac4d06b3b92dd1903fd3d4.pdf,,pdf,599916,58962de6efcc9206b5cfc0c72d794f77418c87fde9b362fa947046c40bcc9ff4,processed_then_deleted,2026-08-06T20:58:01+00:00,ok
daily_aqi,2024-12-23,AQI for 23 th December 2024,https://doe.gov.bd/pages/static-pages/6922dfba933eb65569e23b0a,https://objectstorage.ap-dcc-gazipur-1.oraclecloud15.com/n/axvjbnqprylg/b/V2Ministry/o/office-doe/2024/12/7ead3816735f4fe9ac0b4ea47308e4b5.pdf,,pdf,599968,452a5a737c3aa2708becf94f8ce7a150e4557ab3d560b6c471a13ab06a352759,processed_then_deleted,2026-08-06T20:58:01+00:00,ok
daily_aqi,2024-12-24,AQI for 24 th December 2024,https://doe.gov.bd/pages/static-pages/6922dfba933eb65569e23b0a,https://objectstorage.ap-dcc-gazipur-1.oraclecloud15.com/n/axvjbnqprylg/b/V2Ministry/o/office-doe/2024/12/88fbea8fb55549dc87a1c7461d409e10.pdf,,pdf,597429,db44740951c2418a4493d3da5c290ff006c42734cf33fce6b978fe75c1bedfb0,processed_then_deleted,2026-08-06T20:58:01+00:00,ok
daily_aqi,2024-12-25,AQI for 25 th December 2024,https://doe.gov.bd/pages/static-pages/6922dfba933eb65569e23b0a,https://objectstorage.ap-dcc-gazipur-1.oraclecloud15.com/n/axvjbnqprylg/b/V2Ministry/o/office-doe/2024/12/af45390318ac4eca88acdcc69dcfa1aa.pdf,,pdf,599708,be59f822fc19c57e58e862a485b7d7ad0731d57577a3b7bfe7745c3ada4dd9e7,processed_then_deleted,2026-08-06T20:58:01+00:00,ok
daily_aqi,2024-12-26,AQI for 26 th December 2024,https://doe.gov.bd/pages/static-pages/6922dfba933eb65569e23b0a,https://objectstorage.ap-dcc-gazipur-1.oraclecloud15.com/n/axvjbnqprylg/b/V2Ministry/o/office-doe/2024/12/1d2d8c0d7ffd45e490e91585147c0b81.pdf,,pdf,600226,1dc2cb5c66a92d5ee6e28ea8345164824980c870433f60ba2c3bb724c341b4c2,processed_then_deleted,2026-08-06T20:58:01+00:00,ok
daily_aqi,2024-12-27,AQI for 27 th December 2024,https://doe.gov.bd/pages/static-pages/6922dfba933eb65569e23b0a,https://objectstorage.ap-dcc-gazipur-1.oraclecloud15.com/n/axvjbnqprylg/b/V2Ministry/o/office-doe/2024/12/e55a743a450b4f2ba466c9e9aa703625.pdf,,pdf,600074,5de3db48b7f4049b2151968647a30e1ff41d502696a6c3f23d3842709e335a87,processed_then_deleted,2026-08-06T20:58:01+00:00,ok
daily_aqi,2024-12-28,AQI for 28 th December 2024,https://doe.gov.bd/pages/static-pages/6922dfba933eb65569e23b0a,https://objectstorage.ap-dcc-gazipur-1.oraclecloud15.com/n/axvjbnqprylg/b/V2Ministry/o/office-doe/2024/12/c439d67ab040453880d93306b7383ea5.pdf,,pdf,599527,359fcf49e446ef911974f7a1b4df2c2c2a80082ac001ad1660caa62e70e55348,processed_then_deleted,2026-08-06T20:58:01+00:00,ok
daily_aqi,2024-12-29,AQI for 29 th December 2024,https://doe.gov.bd/pages/static-pages/6922dfba933eb65569e23b0a,https://objectstorage.ap-dcc-gazipur-1.oraclecloud15.com/n/axvjbnqprylg/b/V2Ministry/o/office-doe/2024/12/13238a73a19b47bb81b989aa3c34bd83.pdf,,pdf,600047,a2ef19d062e36251f2864cf7a38447976a6acf916e9ed0ca748dedcaa7234aa3,processed_then_deleted,2026-08-06T20:58:01+00:00,ok
daily_aqi,2024-12-30,AQI for 30 th December 2024,https://doe.gov.bd/pages/static-pages/6922dfba933eb65569e23b0a,https://objectstorage.ap-dcc-gazipur-1.oraclecloud15.com/n/axvjbnqprylg/b/V2Ministry/o/office-doe/2024/12/37d36520ed4b4f33ade9501f7e1480d1.pdf,,pdf,599481,c317cbdc9e620d5ec9e84bc7ba8aacb831be8108f3a5700f2b892c9d120ec032,processed_then_deleted,2026-08-06T20:58:01+00:00,ok
daily_aqi,2024-12-31,AQI for 31 th December 2024,https://doe.gov.bd/pages/static-pages/6922dfba933eb65569e23b0a,https://objectstorage.ap-dcc-gazipur-1.oraclecloud15.com/n/axvjbnqprylg/b/V2Ministry/o/office-doe/2024/12/355e7484fa3948e3bbcff07d7d57bb05.pdf,,pdf,599518,a25bfb4598a3525d1e04e33d087351e77bf0d7c7cebab72fe8320ae79f3d95b2,processed_then_deleted,2026-08-06T20:58:01+00:00,ok
daily_aqi,2025-01-01,AQI for 01 th January 2025,https://doe.gov.bd/pages/static-pages/6922dfba933eb65569e23b0a,https://objectstorage.ap-dcc-gazipur-1.oraclecloud15.com/n/axvjbnqprylg/b/V2Ministry/o/office-doe/2024/12/bccb3208a54d45cdab56c62333a1d9f0.pdf,,pdf,597665,278083d0ba961c464086b7af50a0f5d8529661ab0a842636bb6013cf05b3610a,processed_then_deleted,2026-08-06T20:58:01+00:00,ok
daily_aqi,2025-01-02,AQI for 02 th January 2025,https://doe.gov.bd/pages/static-pages/6922dfba933eb65569e23b0a,https://objectstorage.ap-dcc-gazipur-1.oraclecloud15.com/n/axvjbnqprylg/b/V2Ministry/o/office-doe/2024/12/3846195d2d9e4079a4cf799df9cddc70.pdf,,pdf,597388,a8035a0571f14f0e454c71927a8cc32d1244627ff61ce8b41566198f727bc084,processed_then_deleted,2026-08-06T20:58:01+00:00,ok
daily_aqi,2025-01-03,AQI for 03 th January 2025,https://doe.gov.bd/pages/static-pages/6922dfba933eb65569e23b0a,https://objectstorage.ap-dcc-gazipur-1.oraclecloud15.com/n/axvjbnqprylg/b/V2Ministry/o/office-doe/2024/12/a767f5e488f14a1f954f5682b8c6314e.pdf,,pdf,599233,3ee211bd6a8fab74d3e60d4646aefe4dadf6bcf80fb411b7ba1a99bd1b836a68,processed_then_deleted,2026-08-06T20:58:01+00:00,ok
daily_aqi,2025-01-04,AQI for 04 th January 2025,https://doe.gov.bd/pages/static-pages/6922dfba933eb65569e23b0a,https://objectstorage.ap-dcc-gazipur-1.oraclecloud15.com/n/axvjbnqprylg/b/V2Ministry/o/office-doe/2024/12/25f28bf3afdb4729a675954a94677d1f.pdf,,pdf,598048,dd6b42ac31b5142bff2628be341c0bbad6cbe3f84377d0ea8b2798ce5977bd36,processed_then_deleted,2026-08-06T20:58:01+00:00,ok
daily_aqi,2025-01-05,AQI for 05 th January 2025,https://doe.gov.bd/pages/static-pages/6922dfba933eb65569e23b0a,https://objectstorage.ap-dcc-gazipur-1.oraclecloud15.com/n/axvjbnqprylg/b/V2Ministry/o/office-doe/2024/12/7020c28f36ea41a29509f5fb056f9638.pdf,,pdf,599675,fb07a46505bd9f3a667cea660f8142ec30e0d06237d7a39e11d5704dc7944edf,processed_then_deleted,2026-08-06T20:58:01+00:00,ok
daily_aqi,2025-01-06,AQI for 06 th January 2025,https://doe.gov.bd/pages/static-pages/6922dfba933eb65569e23b0a,https://objectstorage.ap-dcc-gazipur-1.oraclecloud15.com/n/axvjbnqprylg/b/V2Ministry/o/office-doe/2024/12/a92356e8a65641eaad1192b614498497.pdf,,pdf,599869,bff64263f8a040d27997c1a134f0819dde562d3ef9ba9b4e4826017a957267a5,processed_then_deleted,2026-08-06T20:58:01+00:00,ok
daily_aqi,2025-01-07,AQI for 07 th January 2025,https://doe.gov.bd/pages/static-pages/6922dfba933eb65569e23b0a,https://objectstorage.ap-dcc-gazipur-1.oraclecloud15.com/n/axvjbnqprylg/b/V2Ministry/o/office-doe/2024/12/c558051d070d485c88776193cba3638b.pdf,,pdf,598476,f1cee093d834ae492cdca1a705ba7cb1fbd301fec214876da891a0d9d523e42a,processed_then_deleted,2026-08-06T20:58:01+00:00,ok
daily_aqi,2025-01-08,AQI for 08 th January 2025,https://doe.gov.bd/pages/static-pages/6922dfba933eb65569e23b0a,https://objectstorage.ap-dcc-gazipur-1.oraclecloud15.com/n/axvjbnqprylg/b/V2Ministry/o/office-doe/2024/12/01e7570e87fb41b3996715c36fd60fb9.pdf,,pdf,600570,3315d45c32e2d4d2aa5a2cd81f511552a63ee2e4de28006df09f30cfd4aa6fee,processed_then_deleted,2026-08-06T20:58:01+00:00,ok
daily_aqi,2025-01-09,AQI for 09 th January 2025,https://doe.gov.bd/pages/static-pages/6922dfba933eb65569e23b0a,https://objectstorage.ap-dcc-gazipur-1.oraclecloud15.com/n/axvjbnqprylg/b/V2Ministry/o/office-doe/2024/12/2b0879eb47fc4bb6b5d9224f9377f6d1.docx,,docx,18797,060d70c5038cf7c7a54b32b6f5a442613504bbfdc6d3c6b405b8a2f837a5489e,processed_then_deleted,2026-08-06T20:58:01+00:00,ok
daily_aqi,2025-01-10,AQI for 10 th January 2025,https://doe.gov.bd/pages/static-pages/6922dfba933eb65569e23b0a,https://objectstorage.ap-dcc-gazipur-1.oraclecloud15.com/n/axvjbnqprylg/b/V2Ministry/o/office-doe/2024/12/82ecd596e72849dcacea1c32a91f5b75.docx,,docx,19300,8744a2f96f783915f5fe8ef119327b4a4952af66519d44d5108b26e1741074d0,processed_then_deleted,2026-08-06T20:58:01+00:00,ok
daily_aqi,2025-01-11,AQI for 11 th January 2025,https://doe.gov.bd/pages/static-pages/6922dfba933eb65569e23b0a,https://objectstorage.ap-dcc-gazipur-1.oraclecloud15.com/n/axvjbnqprylg/b/V2Ministry/o/office-doe/2024/12/e977a78787684aada6357e01cc36da6c.docx,,docx,19418,9ffdd4d394ba8156883e303a6aeb921d9b2643ff6dbd4e4a024fbce62e8f41da,processed_then_deleted,2026-08-06T20:58:01+00:00,ok
daily_aqi,2025-01-12,AQI for 12 th January 2025,https://doe.gov.bd/pages/static-pages/6922dfba933eb65569e23b0a,https://objectstorage.ap-dcc-gazipur-1.oraclecloud15.com/n/axvjbnqprylg/b/V2Ministry/o/office-doe/2024/12/a4a2b7fc7f0c4d22bf51534f4fa992d3.pdf,,pdf,599357,35d8b580bebd4a39285cc100d81a1242c63366c9020a1b3d024147387f811c9b,processed_then_deleted,2026-08-06T20:58:01+00:00,ok
daily_aqi,2025-01-13,AQI for 13 th January 2025,https://doe.gov.bd/pages/static-pages/6922dfba933eb65569e23b0a,https://objectstorage.ap-dcc-gazipur-1.oraclecloud15.com/n/axvjbnqprylg/b/V2Ministry/o/office-doe/2024/12/c9c396b14adf453a816aba5de782b455.pdf,,pdf,724507,9e3461afc7b6332e2fb1942366d1980712d34a69799adad017097aa1aef6e06b,processed_then_deleted,2026-08-06T20:58:01+00:00,ok
daily_aqi,2025-01-14,AQI for 14 th January 2025,https://doe.gov.bd/pages/static-pages/6922dfba933eb65569e23b0a,https://objectstorage.ap-dcc-gazipur-1.oraclecloud15.com/n/axvjbnqprylg/b/V2Ministry/o/office-doe/2024/12/a2bcb92a37154c3d96dcebe6ea894b53.pdf,,pdf,599745,da205788eaf9292ce30a909b0f1af361cda62cfdc9e38407e00675abc59f91ae,processed_then_deleted,2026-08-06T20:58:01+00:00,ok
daily_aqi,2025-01-15,AQI for 15 th January 2025,https://doe.gov.bd/pages/static-pages/6922dfba933eb65569e23b0a,https://objectstorage.ap-dcc-gazipur-1.oraclecloud15.com/n/axvjbnqprylg/b/V2Ministry/o/office-doe/2024/12/84d3f07c4d7643e5ad6e881920d4c489.pdf,,pdf,599268,1be81d51301f66ab6a0cf94a9cb18f6c01bc1cae23bc79c50069caeb9683c41f,processed_then_deleted,2026-08-06T20:58:01+00:00,ok
daily_aqi,2025-01-16,AQI for 16 th January 2025,https://doe.gov.bd/pages/static-pages/6922dfba933eb65569e23b0a,https://objectstorage.ap-dcc-gazipur-1.oraclecloud15.com/n/axvjbnqprylg/b/V2Ministry/o/office-doe/2024/12/b1f16e4ec20b42dbaabbd28c4d0b0874.pdf,,pdf,598417,a4c5737e2a57f52b52445509ec4e2d96402d81180bde1aedb75122a5cc6afabf,processed_then_deleted,2026-08-06T20:58:01+00:00,ok
daily_aqi,2025-01-17,AQI for 17 th January 2025,https://doe.gov.bd/pages/static-pages/6922dfba933eb65569e23b0a,https://objectstorage.ap-dcc-gazipur-1.oraclecloud15.com/n/axvjbnqprylg/b/V2Ministry/o/office-doe/2024/12/87e76dacb01a4e5989e41f25b3866bb0.pdf,,pdf,599729,5b68cf562991b847844cb9bde6921dd261127addedb948fbd8be3925f2669815,processed_then_deleted,2026-08-06T20:58:01+00:00,ok
daily_aqi,2025-01-18,AQI for 18 th January 2025,https://doe.gov.bd/pages/static-pages/6922dfba933eb65569e23b0a,https://objectstorage.ap-dcc-gazipur-1.oraclecloud15.com/n/axvjbnqprylg/b/V2Ministry/o/office-doe/2024/12/15151ad86a8747cd8f05be2b7e853f68.pdf,,pdf,600531,7bb853c62b5ab96fea5cac83908bcc7e692a377223cff9d9c33174b0143b8792,processed_then_deleted,2026-08-06T20:58:01+00:00,ok
daily_aqi,2025-01-19,AQI for 19 th January 2025,https://doe.gov.bd/pages/static-pages/6922dfba933eb65569e23b0a,https://objectstorage.ap-dcc-gazipur-1.oraclecloud15.com/n/axvjbnqprylg/b/V2Ministry/o/office-doe/2024/12/bd4960474ad24482bf2c05c623b90e01.pdf,,pdf,599396,d85fbf2c5ba6cd24fddcc5b67d7f2143c0298876d2ce685daf2eb3b40651ca26,processed_then_deleted,2026-08-06T20:58:01+00:00,ok
daily_aqi,2025-01-20,AQI for 20 th January 2025,https://doe.gov.bd/pages/static-pages/6922dfba933eb65569e23b0a,https://objectstorage.ap-dcc-gazipur-1.oraclecloud15.com/n/axvjbnqprylg/b/V2Ministry/o/office-doe/2024/12/6eeca2963efa4552be78b8d5ea3e8cd2.pdf,,pdf,618449,906d11f6adfa74aad38ebda49083816ada2ea9c192353d9461cbb8fc26dea2a1,processed_then_deleted,2026-08-06T20:58:01+00:00,ok
daily_aqi,2025-01-21,AQI for 21 th January 2025,https://doe.gov.bd/pages/static-pages/6922dfba933eb65569e23b0a,https://objectstorage.ap-dcc-gazipur-1.oraclecloud15.com/n/axvjbnqprylg/b/V2Ministry/o/office-doe/2024/12/167062f759744a0cb65f44cc4b7bde5c.pdf,,pdf,619302,3d168e4c42ed2920ea1d770c9b4d382bc1aef21feeaffcf3ab2b1a466a1cac2c,processed_then_deleted,2026-08-06T20:58:01+00:00,ok
daily_aqi,2025-01-22,AQI for 22 th January 2025,https://doe.gov.bd/pages/static-pages/6922dfba933eb65569e23b0a,https://objectstorage.ap-dcc-gazipur-1.oraclecloud15.com/n/axvjbnqprylg/b/V2Ministry/o/office-doe/2024/12/f60199c3b49248aa88972be95f5b7eb6.pdf,,pdf,619244,6383a8974ea5f014198c639ef9041cf45ae9a180149930c041d852e181dc8242,processed_then_deleted,2026-08-06T20:58:01+00:00,ok
daily_aqi,2025-01-23,AQI for 23 th January 2025,https://doe.gov.bd/pages/static-pages/6922dfba933eb65569e23b0a,https://objectstorage.ap-dcc-gazipur-1.oraclecloud15.com/n/axvjbnqprylg/b/V2Ministry/o/office-doe/2024/12/aa66db401120453bb1a7d22744e3fa81.pdf,,pdf,581720,fff61778f54f5cd79384b3adfe290d8be0c8f3e178937f45740d3db58547e473,processed_then_deleted,2026-08-06T20:58:01+00:00,ok
daily_aqi,2025-01-24,AQI for 24 th January 2025,https://doe.gov.bd/pages/static-pages/6922dfba933eb65569e23b0a,https://objectstorage.ap-dcc-gazipur-1.oraclecloud15.com/n/axvjbnqprylg/b/V2Ministry/o/office-doe/2024/12/cb730601fc2241ec8975a9f500c6a90d.pdf,,pdf,581630,0c0bc726c323ec63173c204d65b3c58ea1d5d665d8b83f2a1b85b85ab671a85b,processed_then_deleted,2026-08-06T20:58:01+00:00,ok
daily_aqi,2025-01-25,AQI for 25 th January 2025,https://doe.gov.bd/pages/static-pages/6922dfba933eb65569e23b0a,https://objectstorage.ap-dcc-gazipur-1.oraclecloud15.com/n/axvjbnqprylg/b/V2Ministry/o/office-doe/2024/12/75405f76237f4833a41ad80b3d6f91df.pdf,,pdf,581161,54ec1051d92eca8ef9bce5817ec09fdc8080ad1393c908dc8c1430294ef6c1ed,processed_then_deleted,2026-08-06T20:58:01+00:00,ok
daily_aqi,2025-01-26,AQI for 26 th January 2025,https://doe.gov.bd/pages/static-pages/6922dfba933eb65569e23b0a,https://objectstorage.ap-dcc-gazipur-1.oraclecloud15.com/n/axvjbnqprylg/b/V2Ministry/o/office-doe/2024/12/9bce1c66cb6842eb9f609ae1d9700a24.pdf,,pdf,581767,64ea968a5b541f588dd8628772ed304adb63ef520a2206bbdcea8a3a50aca02a,processed_then_deleted,2026-08-06T20:58:01+00:00,ok
daily_aqi,2025-01-27,AQI for 27 th January 2025,https://doe.gov.bd/pages/static-pages/6922dfba933eb65569e23b0a,https://objectstorage.ap-dcc-gazipur-1.oraclecloud15.com/n/axvjbnqprylg/b/V2Ministry/o/office-doe/2024/12/e73b21fd434d4f48bb8d818dc2d7bbc9.pdf,,pdf,573544,fc744c6c4e957cb952c149afd8b996f4b41f4e3bde40356368d1b0b425472924,processed_then_deleted,2026-08-06T20:58:01+00:00,ok
daily_aqi,2025-01-28,AQI for 28 th January 2025,https://doe.gov.bd/pages/static-pages/6922dfba933eb65569e23b0a,https://objectstorage.ap-dcc-gazipur-1.oraclecloud15.com/n/axvjbnqprylg/b/V2Ministry/o/office-doe/2024/12/83c2b253fb48430e9e5274ded944b05f.pdf,,pdf,582504,d8d932dcb5b513efc69b14c17b71dc84c06639a355ca8d3c6432cec9aefec4ea,processed_then_deleted,2026-08-06T20:58:01+00:00,ok
daily_aqi,2025-01-29,AQI for 29 th January 2025,https://doe.gov.bd/pages/static-pages/6922dfba933eb65569e23b0a,https://objectstorage.ap-dcc-gazipur-1.oraclecloud15.com/n/axvjbnqprylg/b/V2Ministry/o/office-doe/2024/12/2e3b31b134a7427ab3715af5f8e5062f.pdf,,pdf,580548,c8aa01d4a8a862beda692ef3e6c021e31a6f98f45afa64f3142ba6a154e60951,processed_then_deleted,2026-08-06T20:58:01+00:00,ok
daily_aqi,2025-01-30,AQI for 30 th January 2025,https://doe.gov.bd/pages/static-pages/6922dfba933eb65569e23b0a,https://objectstorage.ap-dcc-gazipur-1.oraclecloud15.com/n/axvjbnqprylg/b/V2Ministry/o/office-doe/2024/12/317171e9484a4750848e47f989c0f6a7.pdf,,pdf,573384,055dc168bcf7f8ecb38c3e451bd84f7e84616e5a5b63d6ce0bb2cb60ce3610fa,processed_then_deleted,2026-08-06T20:58:01+00:00,ok
daily_aqi,2025-01-31,AQI for 31 th January 2025,https://doe.gov.bd/pages/static-pages/6922dfba933eb65569e23b0a,https://objectstorage.ap-dcc-gazipur-1.oraclecloud15.com/n/axvjbnqprylg/b/V2Ministry/o/office-doe/2024/12/712db5d448414801b6ae5633aec46291.pdf,,pdf,581805,d6be44118f69a1daf38ae3c1422cab5dfbd20f89cbda5e490e772da17c9e2311,processed_then_deleted,2026-08-06T20:58:01+00:00,ok
daily_aqi,2025-02-01,AQI for 01 st February 2025,https://doe.gov.bd/pages/static-pages/6922dfba933eb65569e23b0a,https://objectstorage.ap-dcc-gazipur-1.oraclecloud15.com/n/axvjbnqprylg/b/V2Ministry/o/office-doe/2024/12/862202221dc44d94a97169aff546fd69.pdf,,pdf,581349,fe0662c62359fff45d11b47edb89c1aa4c9d1625ade1499b297a53956c47a60f,processed_then_deleted,2026-08-06T20:58:01+00:00,ok
daily_aqi,2025-02-02,AQI for 02 nd February 2025,https://doe.gov.bd/pages/static-pages/6922dfba933eb65569e23b0a,https://objectstorage.ap-dcc-gazipur-1.oraclecloud15.com/n/axvjbnqprylg/b/V2Ministry/o/office-doe/2024/12/d279512fcd59410c970b7d35cc48667f.pdf,,pdf,580904,4a59dff7353e9c451ba4c3ff52072ef272e49fee7851b7e8bf10d6cab27c7d0d,processed_then_deleted,2026-08-06T20:58:01+00:00,ok
daily_aqi,2025-02-03,AQI for 03 rd February 2025,https://doe.gov.bd/pages/static-pages/6922dfba933eb65569e23b0a,https://objectstorage.ap-dcc-gazipur-1.oraclecloud15.com/n/axvjbnqprylg/b/V2Ministry/o/office-doe/2024/12/bde01bc808d24158b838dc9d17998e9e.pdf,,pdf,581762,f0a5119e94d9dd0a7f31642bed4bf6f127520700ef17d597506c486ebc8c65eb,processed_then_deleted,2026-08-06T20:58:01+00:00,ok
daily_aqi,2025-02-04,AQI for 04 th February 2025,https://doe.gov.bd/pages/static-pages/6922dfba933eb65569e23b0a,https://objectstorage.ap-dcc-gazipur-1.oraclecloud15.com/n/axvjbnqprylg/b/V2Ministry/o/office-doe/2024/12/931c5a0b511e4754adef997cfa6fa8b2.pdf,,pdf,581012,478af7631a0d15ae09e7fbcdab4f6fde4a76f99701543762df9bea3c41560de3,processed_then_deleted,2026-08-06T20:58:01+00:00,ok
daily_aqi,2025-02-05,AQI for 05 th February 2025,https://doe.gov.bd/pages/static-pages/6922dfba933eb65569e23b0a,https://objectstorage.ap-dcc-gazipur-1.oraclecloud15.com/n/axvjbnqprylg/b/V2Ministry/o/office-doe/2024/12/174f88392635413ca05171f0ec44e559.pdf,,pdf,572617,81c55a3e15e05fde75f3f5e082c0cd0b17fc69f9f4a28f7340f8cac250deb275,processed_then_deleted,2026-08-06T20:58:01+00:00,ok
daily_aqi,2025-02-06,AQI for 06 th February 2025,https://doe.gov.bd/pages/static-pages/6922dfba933eb65569e23b0a,https://objectstorage.ap-dcc-gazipur-1.oraclecloud15.com/n/axvjbnqprylg/b/V2Ministry/o/office-doe/2024/12/9f0482dda17e48e9b7065ef709dba632.pdf,,pdf,573043,06ad37580972e02a6f2f2cdead5e07b2b31ee5444798990361bbb847731ff899,processed_then_deleted,2026-08-06T20:58:01+00:00,ok
daily_aqi,2025-02-07,AQI for 07 th February 2025,https://doe.gov.bd/pages/static-pages/6922dfba933eb65569e23b0a,https://objectstorage.ap-dcc-gazipur-1.oraclecloud15.com/n/axvjbnqprylg/b/V2Ministry/o/office-doe/2024/12/520037ea03a34d62bb793eb1c9f21706.pdf,,pdf,572563,45f223134218cfeefbde5560663ce87743953c03d0bbbcc2d539a90915d39eb4,processed_then_deleted,2026-08-06T20:58:01+00:00,ok
daily_aqi,2025-02-08,AQI for 08 th February 2025,https://doe.gov.bd/pages/static-pages/6922dfba933eb65569e23b0a,https://objectstorage.ap-dcc-gazipur-1.oraclecloud15.com/n/axvjbnqprylg/b/V2Ministry/o/office-doe/2024/12/1c6a4a8acf004dd39e945b0295a0f1f5.pdf,,pdf,572512,1da6adce42e0d06cf4beea765684498c473ab39149ba3dcb098c2de96f0ca2a2,processed_then_deleted,2026-08-06T20:58:01+00:00,ok
daily_aqi,2025-02-09,AQI for 09 th February 2025,https://doe.gov.bd/pages/static-pages/6922dfba933eb65569e23b0a,https://objectstorage.ap-dcc-gazipur-1.oraclecloud15.com/n/axvjbnqprylg/b/V2Ministry/o/office-doe/2024/12/f336aae6bd5d4f2ba104481871f5f30d.pdf,,pdf,573060,11033e9ad05ea97f3fc06ddc1daad1031cdd65b832844454372654ca2378c2ef,processed_then_deleted,2026-08-06T20:58:01+00:00,ok
daily_aqi,2025-02-10,AQI for 10 th February 2025,https://doe.gov.bd/pages/static-pages/6922dfba933eb65569e23b0a,https://objectstorage.ap-dcc-gazipur-1.oraclecloud15.com/n/axvjbnqprylg/b/V2Ministry/o/office-doe/2024/12/1ece4e996b8f41d1a210b9a6af58eebf.pdf,,pdf,577298,30483377d308e417524e62e73283705baac3ce65f7ff32590c8aabbca87f7c33,processed_then_deleted,2026-08-06T20:58:01+00:00,ok
daily_aqi,2025-02-11,AQI for 11 th February 2025,https://doe.gov.bd/pages/static-pages/6922dfba933eb65569e23b0a,https://objectstorage.ap-dcc-gazipur-1.oraclecloud15.com/n/axvjbnqprylg/b/V2Ministry/o/office-doe/2024/12/b2da5c5ba1b84c6fb8e3c2b0b063929f.pdf,,pdf,583220,ac4f6ee2bed89f3a36259c1d27ca1da26ea7723f3fe8ebc64741046b1c0fb9e4,processed_then_deleted,2026-08-06T20:58:01+00:00,ok
daily_aqi,2025-02-12,AQI for 12 th February 2025,https://doe.gov.bd/pages/static-pages/6922dfba933eb65569e23b0a,https://objectstorage.ap-dcc-gazipur-1.oraclecloud15.com/n/axvjbnqprylg/b/V2Ministry/o/office-doe/2024/12/a0bab81266ce4187b254e78423f20622.pdf,,pdf,573028,55005fbe54cda39d4a2783085f26245490b7570bdae22d20bb2bbc5d85ee1697,processed_then_deleted,2026-08-06T20:58:01+00:00,ok
daily_aqi,2025-02-13,AQI for 13 th February 2025,https://doe.gov.bd/pages/static-pages/6922dfba933eb65569e23b0a,https://objectstorage.ap-dcc-gazipur-1.oraclecloud15.com/n/axvjbnqprylg/b/V2Ministry/o/office-doe/2024/12/7c09f63e2a584d7c88065655635c8395.pdf,,pdf,573566,7c0b9e10d606e1f33517f7eafc34d93dc794096759601f1e9ba7cd8c6dd6450a,processed_then_deleted,2026-08-06T20:58:01+00:00,ok
daily_aqi,2025-02-14,AQI for 14 th February 2025,https://doe.gov.bd/pages/static-pages/6922dfba933eb65569e23b0a,https://objectstorage.ap-dcc-gazipur-1.oraclecloud15.com/n/axvjbnqprylg/b/V2Ministry/o/office-doe/2024/12/92f10c0996fe47e3a868e8c7766ca376.pdf,,pdf,572819,6f0525b383fd3d549518824b46054e1c4ba70554e4522c2b13b2856912dc16d8,processed_then_deleted,2026-08-06T20:58:01+00:00,ok
daily_aqi,2025-02-15,AQI for 15 th February 2025,https://doe.gov.bd/pages/static-pages/6922dfba933eb65569e23b0a,https://objectstorage.ap-dcc-gazipur-1.oraclecloud15.com/n/axvjbnqprylg/b/V2Ministry/o/office-doe/2024/12/e183715832df4e3dbc2477f3cb85d21e.pdf,,pdf,573000,e95e99aefd3f130d62c3f0fe6e32c4ddcaae49013bae6a79f1abb62c2ded89a5,processed_then_deleted,2026-08-06T20:58:01+00:00,ok
daily_aqi,2025-02-16,AQI for 16 th February 2025,https://doe.gov.bd/pages/static-pages/6922dfba933eb65569e23b0a,https://objectstorage.ap-dcc-gazipur-1.oraclecloud15.com/n/axvjbnqprylg/b/V2Ministry/o/office-doe/2024/12/eaa0d06e8ec84e1195275eef55c2191e.pdf,,pdf,573209,d871a97e2b333455c202b1c7c9abfd133f4007b9d09ebedaaf47a345ec034a95,processed_then_deleted,2026-08-06T20:58:01+00:00,ok
daily_aqi,2025-02-17,AQI for 17 th February 2025,https://doe.gov.bd/pages/static-pages/6922dfba933eb65569e23b0a,https://objectstorage.ap-dcc-gazipur-1.oraclecloud15.com/n/axvjbnqprylg/b/V2Ministry/o/office-doe/2024/12/8409d21e28734e1e84512ad695713bec.pdf,,pdf,572758,67ee9237f8b9ac85ec31362de090f6bcb89b8eb6af7bc99ac9c4ece5ce13eec2,processed_then_deleted,2026-08-06T20:58:01+00:00,ok
daily_aqi,2025-02-18,AQI for 18 th February 2025,https://doe.gov.bd/pages/static-pages/6922dfba933eb65569e23b0a,https://objectstorage.ap-dcc-gazipur-1.oraclecloud15.com/n/axvjbnqprylg/b/V2Ministry/o/office-doe/2024/12/dd5dce7397b04f9fbe3e9fc201cbfea1.pdf,,pdf,573694,faaee065fc6454ba6b8683744634faacd99cc6a962aef00bbb2ccde5394929ae,processed_then_deleted,2026-08-06T20:58:01+00:00,ok
daily_aqi,2025-02-19,AQI for 19 th February 2025,https://doe.gov.bd/pages/static-pages/6922dfba933eb65569e23b0a,https://objectstorage.ap-dcc-gazipur-1.oraclecloud15.com/n/axvjbnqprylg/b/V2Ministry/o/office-doe/2024/12/6159c2520f1a485394cfe87a58eb41f9.pdf,,pdf,573294,ac0ef1397808fb1f47a6ff035271ae6ae4e1aafd50196cc506826e7cf12b5ae5,processed_then_deleted,2026-08-06T20:58:01+00:00,ok
daily_aqi,2025-02-20,AQI for 20 th February 2025,https://doe.gov.bd/pages/static-pages/6922dfba933eb65569e23b0a,https://objectstorage.ap-dcc-gazipur-1.oraclecloud15.com/n/axvjbnqprylg/b/V2Ministry/o/office-doe/2024/12/7f9c08bb075c4363a7bbfe320813a1b1.pdf,,pdf,572307,504c3a3005288ca5fc3723fa26ea96a7552f0347ffb9245b91d799ba9c9035bd,processed_then_deleted,2026-08-06T20:58:01+00:00,ok
daily_aqi,2025-02-21,AQI for 21 th February 2025,https://doe.gov.bd/pages/static-pages/6922dfba933eb65569e23b0a,https://objectstorage.ap-dcc-gazipur-1.oraclecloud15.com/n/axvjbnqprylg/b/V2Ministry/o/office-doe/2024/12/5c8c498e79734b6fa8d6be98a5444021.pdf,,pdf,572659,da2c325d1dc66179859c466748c11cb3ba17f0ec3bc2ae8baebc0eb7b1fa58ca,processed_then_deleted,2026-08-06T20:58:01+00:00,ok
daily_aqi,2025-02-22,AQI for 22 th February 2025,https://doe.gov.bd/pages/static-pages/6922dfba933eb65569e23b0a,https://objectstorage.ap-dcc-gazipur-1.oraclecloud15.com/n/axvjbnqprylg/b/V2Ministry/o/office-doe/2024/12/8927a031a38f48c8b038b1256f9f756b.pdf,,pdf,572532,a233851252fa180a3f5c9939d267722fb47d3f8191882bd3e17a2f864c0c7886,processed_then_deleted,2026-08-06T20:58:01+00:00,ok
daily_aqi,2025-02-23,AQI for 23 th February 2025,https://doe.gov.bd/pages/static-pages/6922dfba933eb65569e23b0a,https://objectstorage.ap-dcc-gazipur-1.oraclecloud15.com/n/axvjbnqprylg/b/V2Ministry/o/office-doe/2024/12/219c209117b94cb2959357e9bf43e345.pdf,,pdf,572744,4f4b46f7be0e94a8372e44ede3796792f4876244e032c88dfbdc621d828460ed,processed_then_deleted,2026-08-06T20:58:01+00:00,ok
daily_aqi,2025-02-24,AQI for 24 th February 2025,https://doe.gov.bd/pages/static-pages/6922dfba933eb65569e23b0a,https://objectstorage.ap-dcc-gazipur-1.oraclecloud15.com/n/axvjbnqprylg/b/V2Ministry/o/office-doe/2024/12/2b752c2a41bb470dbdfefd7ef5700014.pdf,,pdf,572665,f93047e9fb7cb2d290f438a625818a23b36fa8009b9ff3f331b235c20faef6b9,processed_then_deleted,2026-08-06T20:58:01+00:00,ok
daily_aqi,2025-02-25,AQI for 25 th February 2025,https://doe.gov.bd/pages/static-pages/6922dfba933eb65569e23b0a,https://objectstorage.ap-dcc-gazipur-1.oraclecloud15.com/n/axvjbnqprylg/b/V2Ministry/o/office-doe/2024/12/dba2ef98cdf4440db3720c95657352f5.pdf,,pdf,572646,0b7d88808ae4d1367fa8aeda29f06675235ec4175bdd6a647634eda2303a5556,processed_then_deleted,2026-08-06T20:58:01+00:00,ok
daily_aqi,2025-02-26,AQI for 26 th February 2025,https://doe.gov.bd/pages/static-pages/6922dfba933eb65569e23b0a,https://objectstorage.ap-dcc-gazipur-1.oraclecloud15.com/n/axvjbnqprylg/b/V2Ministry/o/office-doe/2024/12/3edfd617fa044487ad7a833bba16343d.pdf,,pdf,572738,d916415461c6c5933f16112599c01eb798f3f84004b9c71f4976190247cc1c68,processed_then_deleted,2026-08-06T20:58:01+00:00,ok
daily_aqi,2025-02-27,AQI for 27 th February 2025,https://doe.gov.bd/pages/static-pages/6922dfba933eb65569e23b0a,https://objectstorage.ap-dcc-gazipur-1.oraclecloud15.com/n/axvjbnqprylg/b/V2Ministry/o/office-doe/2024/12/2e1ddfcbd156432a8567683365d82921.pdf,,pdf,572547,2f56b362c29a6c48344dec1b66a328b72809bf3713ead449ea46bd6475b18747,processed_then_deleted,2026-08-06T20:58:01+00:00,ok
daily_aqi,2025-02-28,AQI for 28 th February 2025,https://doe.gov.bd/pages/static-pages/6922dfba933eb65569e23b0a,https://objectstorage.ap-dcc-gazipur-1.oraclecloud15.com/n/axvjbnqprylg/b/V2Ministry/o/office-doe/2024/12/cf68d976b28d497a8f763d61c53ac217.pdf,,pdf,572937,1015d68182cf60a2ad0d3d8962b07c804eb1035f736dd0dd77cfc0de2ba49fa9,processed_then_deleted,2026-08-06T20:58:01+00:00,ok
daily_aqi,2025-03-01,AQI for 01 st March 2025,https://doe.gov.bd/pages/static-pages/6922dfba933eb65569e23b0a,https://objectstorage.ap-dcc-gazipur-1.oraclecloud15.com/n/axvjbnqprylg/b/V2Ministry/o/office-doe/2024/12/262daddeeb3a4eeb9fb7b9c7ee5ca4c9.pdf,,pdf,573394,eb2ea046bcbfb0a2ae5e66a66d64a6ef1f131d0f600393b68aac028a590d461e,processed_then_deleted,2026-08-06T20:58:01+00:00,ok
daily_aqi,2025-03-02,AQI for 02 nd March 2025,https://doe.gov.bd/pages/static-pages/6922dfba933eb65569e23b0a,https://objectstorage.ap-dcc-gazipur-1.oraclecloud15.com/n/axvjbnqprylg/b/V2Ministry/o/office-doe/2024/12/9d90b1996f444958bc149cf5cb3a34f7.pdf,,pdf,572705,be89cedc38df168317fa470edb6f8f3d4442ef52e3f59e667f0b80773b4e9e8a,processed_then_deleted,2026-08-06T20:58:01+00:00,ok
daily_aqi,2025-03-03,AQI for 03 rd March 2025,https://doe.gov.bd/pages/static-pages/6922dfba933eb65569e23b0a,https://objectstorage.ap-dcc-gazipur-1.oraclecloud15.com/n/axvjbnqprylg/b/V2Ministry/o/office-doe/2024/12/7f3faef976404f9cadfc4fa89ba147db.pdf,,pdf,573371,b5d6851bf20d2a83edebf4ecb40896fb7d893bad203c4580c7a9d826a9d3641b,processed_then_deleted,2026-08-06T20:58:01+00:00,ok
daily_aqi,2025-03-04,AQI for 04 th March 2025,https://doe.gov.bd/pages/static-pages/6922dfba933eb65569e23b0a,https://objectstorage.ap-dcc-gazipur-1.oraclecloud15.com/n/axvjbnqprylg/b/V2Ministry/o/office-doe/2024/12/4f98de4ee7514695aa25a3684b481ca2.pdf,,pdf,573420,10ef124701bc9f4282e33cb93730505aa6131350bd1f3ed60ae1bece0df82402,processed_then_deleted,2026-08-06T20:58:01+00:00,ok
daily_aqi,2025-03-05,AQI for 05 th March 2025,https://doe.gov.bd/pages/static-pages/6922dfba933eb65569e23b0a,https://objectstorage.ap-dcc-gazipur-1.oraclecloud15.com/n/axvjbnqprylg/b/V2Ministry/o/office-doe/2024/12/a184a67acbec410fb82eeff08f212676.pdf,,pdf,572982,47dcfad5a9235eef5fa96e83c3c766441aec356131222806b6841c25c4f9c30a,processed_then_deleted,2026-08-06T20:58:01+00:00,ok
daily_aqi,2025-03-06,AQI for 06 th March 2025,https://doe.gov.bd/pages/static-pages/6922dfba933eb65569e23b0a,https://objectstorage.ap-dcc-gazipur-1.oraclecloud15.com/n/axvjbnqprylg/b/V2Ministry/o/office-doe/2024/12/7dfad8dcd0ae469280c6034091d722cf.pdf,,pdf,573467,c9f35cb6f619180c6e75e32fd71d0c33029c6ffd9278ee02fc2392bc427e4cc7,processed_then_deleted,2026-08-06T20:58:01+00:00,ok
daily_aqi,2025-03-07,AQI for 07 th March 2025,https://doe.gov.bd/pages/static-pages/6922dfba933eb65569e23b0a,https://objectstorage.ap-dcc-gazipur-1.oraclecloud15.com/n/axvjbnqprylg/b/V2Ministry/o/office-doe/2024/12/049d35757aaa48f7aa020c1309360027.pdf,,pdf,573728,f0a8cff7e65c03b00d3cb4e0efb4e5520df217a48d8f8898599ffc7ec938469d,processed_then_deleted,2026-08-06T20:58:01+00:00,ok
daily_aqi,2025-03-08,AQI for 08 th March 2025,https://doe.gov.bd/pages/static-pages/6922dfba933eb65569e23b0a,https://objectstorage.ap-dcc-gazipur-1.oraclecloud15.com/n/axvjbnqprylg/b/V2Ministry/o/office-doe/2024/12/c5e29cb7d3ac477ea4adb69056408469.pdf,,pdf,574069,277ac66b472a6ecd17aa0de28a2ff84ebbd232236bfb2df92d87161b6cd63e7f,processed_then_deleted,2026-08-06T20:58:01+00:00,ok
daily_aqi,2025-03-09,AQI for 09 th March 2025,https://doe.gov.bd/pages/static-pages/6922dfba933eb65569e23b0a,https://objectstorage.ap-dcc-gazipur-1.oraclecloud15.com/n/axvjbnqprylg/b/V2Ministry/o/office-doe/2024/12/8c551fae36074fdb8a4622e95f37630e.pdf,,pdf,573536,44bef0707f144cc0e2c5a2fd44fc07acbb04b25ecc0c996c880f6298586f2452,processed_then_deleted,2026-08-06T20:58:01+00:00,ok
daily_aqi,2025-03-10,AQI for 10 th March 2025,https://doe.gov.bd/pages/static-pages/6922dfba933eb65569e23b0a,https://objectstorage.ap-dcc-gazipur-1.oraclecloud15.com/n/axvjbnqprylg/b/V2Ministry/o/office-doe/2024/12/cdbac80dd48d4860bcaf498832dbcc0e.pdf,,pdf,573402,e04c4a6d181e1caaaf7a8349475b6348b02fd9e3934b2a6b3b7b35ca16c39b76,processed_then_deleted,2026-08-06T20:58:01+00:00,ok
daily_aqi,2025-03-11,AQI for 11 th March 2025,https://doe.gov.bd/pages/static-pages/6922dfba933eb65569e23b0a,https://objectstorage.ap-dcc-gazipur-1.oraclecloud15.com/n/axvjbnqprylg/b/V2Ministry/o/office-doe/2024/12/d95efcfef8f34a00ac78ab83e233493f.pdf,,pdf,573057,f81ba241c138eebfdd45ec976bb4bfa5bfe0608bd4f7b3f87b470f877f8e73a5,processed_then_deleted,2026-08-06T20:58:01+00:00,ok
daily_aqi,2025-03-12,AQI for 12 th March 2025,https://doe.gov.bd/pages/static-pages/6922dfba933eb65569e23b0a,https://objectstorage.ap-dcc-gazipur-1.oraclecloud15.com/n/axvjbnqprylg/b/V2Ministry/o/office-doe/2024/12/8319be95e790465398243a0c59561b8c.pdf,,pdf,573374,5168b488b594f22a06c209ecbc7a65848d11e15cd8d19c095d3789eaf9608c1f,processed_then_deleted,2026-08-06T20:58:01+00:00,ok
daily_aqi,2025-03-13,AQI for 13 th March 2025,https://doe.gov.bd/pages/static-pages/6922dfba933eb65569e23b0a,https://objectstorage.ap-dcc-gazipur-1.oraclecloud15.com/n/axvjbnqprylg/b/V2Ministry/o/office-doe/2024/12/08624e22d2eb4d9a9d72c12468366772.pdf,,pdf,573068,ccacf6c85ca8bd3d265dc6fc8f1c22f406d8daa2a38b4aa4cd5be8a3bf0bf773,processed_then_deleted,2026-08-06T20:58:01+00:00,ok
daily_aqi,2025-03-14,AQI for 14 th March 2025,https://doe.gov.bd/pages/static-pages/6922dfba933eb65569e23b0a,https://objectstorage.ap-dcc-gazipur-1.oraclecloud15.com/n/axvjbnqprylg/b/V2Ministry/o/office-doe/2024/12/b7e1d1c7065244428d60dd8995b30c49.pdf,,pdf,573744,99f874038e52403dea715e1e009f136307637c1af4776c5950f242ed094ab110,processed_then_deleted,2026-08-06T20:58:01+00:00,ok
daily_aqi,2025-03-15,AQI for 15 th March 2025,https://doe.gov.bd/pages/static-pages/6922dfba933eb65569e23b0a,https://objectstorage.ap-dcc-gazipur-1.oraclecloud15.com/n/axvjbnqprylg/b/V2Ministry/o/office-doe/2024/12/998dbc1755ac4741ac38a79a5f65ab00.pdf,,pdf,573453,6a87c29edd4599cc6060d56ab58ab86320bd9596abd854480f0ea1615d206712,processed_then_deleted,2026-08-06T20:58:01+00:00,ok
daily_aqi,2025-03-16,AQI for 16 th March 2025,https://doe.gov.bd/pages/static-pages/6922dfba933eb65569e23b0a,https://objectstorage.ap-dcc-gazipur-1.oraclecloud15.com/n/axvjbnqprylg/b/V2Ministry/o/office-doe/2024/12/957f74e8585a454eb9614db3de1a5066.pdf,,pdf,573934,e616f1d464dbce584aa83e17298ee30a893b1f0ebb377f700be9c38b69e02a71,processed_then_deleted,2026-08-06T20:58:01+00:00,ok
daily_aqi,2025-03-17,AQI for 17 th March 2025,https://doe.gov.bd/pages/static-pages/6922dfba933eb65569e23b0a,https://objectstorage.ap-dcc-gazipur-1.oraclecloud15.com/n/axvjbnqprylg/b/V2Ministry/o/office-doe/2024/12/05ec859db45c4fdea09ea6f57aa25fc8.pdf,,pdf,573757,0fa9fdd84be32ed51a90f6aee6e1d606d422eed13255d04365c1e9b97b41c124,processed_then_deleted,2026-08-06T20:58:01+00:00,ok
daily_aqi,2025-03-18,AQI for 18 th March 2025,https://doe.gov.bd/pages/static-pages/6922dfba933eb65569e23b0a,https://objectstorage.ap-dcc-gazipur-1.oraclecloud15.com/n/axvjbnqprylg/b/V2Ministry/o/office-doe/2024/12/49f1e4db7484482fa41d9cbd0c70ccc5.pdf,,pdf,574167,7bb62df9680accf7878cd19b0001a319e15a68e5ba63e87fddf60f985341c9fe,processed_then_deleted,2026-08-06T20:58:01+00:00,ok
daily_aqi,2025-03-19,AQI for 19 th March 2025,https://doe.gov.bd/pages/static-pages/6922dfba933eb65569e23b0a,https://objectstorage.ap-dcc-gazipur-1.oraclecloud15.com/n/axvjbnqprylg/b/V2Ministry/o/office-doe/2024/12/80550e7c5fa3438b991bba9ad61d22fb.pdf,,pdf,573969,ef73aaa1d24886acbce141745f8698397985f64fc2625a01a1383583b0964796,processed_then_deleted,2026-08-06T20:58:01+00:00,ok
daily_aqi,2025-03-20,AQI for 20 th March 2025,https://doe.gov.bd/pages/static-pages/6922dfba933eb65569e23b0a,https://objectstorage.ap-dcc-gazipur-1.oraclecloud15.com/n/axvjbnqprylg/b/V2Ministry/o/office-doe/2024/12/1ba80ac5da6d408492d13a764b5b2fb1.pdf,,pdf,581749,a91565925d382323056d3e51f1fed35194e0520e7d3c95c016f9be1867d5d630,processed_then_deleted,2026-08-06T20:58:01+00:00,ok
daily_aqi,2025-03-21,AQI for 21 th March 2025,https://doe.gov.bd/pages/static-pages/6922dfba933eb65569e23b0a,https://objectstorage.ap-dcc-gazipur-1.oraclecloud15.com/n/axvjbnqprylg/b/V2Ministry/o/office-doe/2024/12/44383e1ae8ac427d8576f2ffc6e15d00.pdf,,pdf,581861,9d81358def393f3cf71cc8ea3607ff052a5b312567a296d58954ef551e65974d,processed_then_deleted,2026-08-06T20:58:01+00:00,ok
daily_aqi,2025-03-22,AQI for 22 th March 2025,https://doe.gov.bd/pages/static-pages/6922dfba933eb65569e23b0a,https://objectstorage.ap-dcc-gazipur-1.oraclecloud15.com/n/axvjbnqprylg/b/V2Ministry/o/office-doe/2024/12/1547c5c440f9427dbb4ff070d5dc4eb5.pdf,,pdf,581469,004fb928ed7df0aa272f93271b424f764813480ff927b89f017fb140f3e30f8e,processed_then_deleted,2026-08-06T20:58:01+00:00,ok
daily_aqi,2025-03-23,AQI for 23 th March 2025,https://doe.gov.bd/pages/static-pages/6922dfba933eb65569e23b0a,https://objectstorage.ap-dcc-gazipur-1.oraclecloud15.com/n/axvjbnqprylg/b/V2Ministry/o/office-doe/2024/12/711fa45284434886821841d314cdb93c.pdf,,pdf,573039,cdf8919f294f156df59141106b00407d359d015c682a2e2834df7fc0f97eddc2,processed_then_deleted,2026-08-06T20:58:01+00:00,ok
daily_aqi,2025-03-24,AQI for 24 th March 2025,https://doe.gov.bd/pages/static-pages/6922dfba933eb65569e23b0a,https://objectstorage.ap-dcc-gazipur-1.oraclecloud15.com/n/axvjbnqprylg/b/V2Ministry/o/office-doe/2024/12/ef2db6ed29f84186a1a6e71aba3a6561.pdf,,pdf,573433,c3f5d4a6321d937fc259fe80f28678335f9a84bd707e4d1e5b2441d98b08b8d8,processed_then_deleted,2026-08-06T20:58:01+00:00,ok
daily_aqi,2025-03-25,AQI for 25 th March 2025,https://doe.gov.bd/pages/static-pages/6922dfba933eb65569e23b0a,https://objectstorage.ap-dcc-gazipur-1.oraclecloud15.com/n/axvjbnqprylg/b/V2Ministry/o/office-doe/2024/12/6c67163e95a24da0a88ca200e9f92de8.pdf,,pdf,560094,c35e8d4cadad6e0d29ac0aefc689b61b0bb2cb7539174fe30988bdc7ac3980ca,processed_then_deleted,2026-08-06T20:58:01+00:00,ok
daily_aqi,2025-03-26,AQI for 26 th March 2025,https://doe.gov.bd/pages/static-pages/6922dfba933eb65569e23b0a,https://objectstorage.ap-dcc-gazipur-1.oraclecloud15.com/n/axvjbnqprylg/b/V2Ministry/o/office-doe/2024/12/1487c1e6192b4deca69b08d13ba9fc27.pdf,,pdf,560912,b26501be3cd9a0dab00c69bf2dd09533b172fa9fe806abb6884722bb04b5ce2c,processed_then_deleted,2026-08-06T20:58:01+00:00,ok
daily_aqi,2025-03-27,AQI for 27 th March 2025,https://doe.gov.bd/pages/static-pages/6922dfba933eb65569e23b0a,https://objectstorage.ap-dcc-gazipur-1.oraclecloud15.com/n/axvjbnqprylg/b/V2Ministry/o/office-doe/2024/12/023b0f8a50fd47429a1d6b39290229ae.pdf,,pdf,560561,57814b90563b1048d7c6bfd693fc89839698207d2bedfd244d9965c9f20245eb,processed_then_deleted,2026-08-06T20:58:01+00:00,ok
daily_aqi,2025-03-28,AQI for 28 th March 2025,https://doe.gov.bd/pages/static-pages/6922dfba933eb65569e23b0a,https://objectstorage.ap-dcc-gazipur-1.oraclecloud15.com/n/axvjbnqprylg/b/V2Ministry/o/office-doe/2024/12/d2e7a9b336a74cc8be833046c0e9b041.pdf,,pdf,560950,e62dded5d7df8b60beca12ee42585a09a02546a6f7df09e0a0d149cd5c5b9c45,processed_then_deleted,2026-08-06T20:58:01+00:00,ok
daily_aqi,2025-03-29,AQI for 29 th March 2025,https://doe.gov.bd/pages/static-pages/6922dfba933eb65569e23b0a,https://objectstorage.ap-dcc-gazipur-1.oraclecloud15.com/n/axvjbnqprylg/b/V2Ministry/o/office-doe/2024/12/6e2069801d104534b4c8c23e9185cdf2.pdf,,pdf,568946,4690106272529cd030535c29f2f98dc3830febff12ed3de84f82a249aea18e40,processed_then_deleted,2026-08-06T20:58:01+00:00,ok
daily_aqi,2025-03-30,AQI for 30 th March 2025,https://doe.gov.bd/pages/static-pages/6922dfba933eb65569e23b0a,https://objectstorage.ap-dcc-gazipur-1.oraclecloud15.com/n/axvjbnqprylg/b/V2Ministry/o/office-doe/2024/12/2ec4891c3dd8459089d95f489a891eb1.pdf,,pdf,568214,6114068455a265d441ef471ffe750bc81401840a2b8d1107c26eecb9d070de7c,processed_then_deleted,2026-08-06T20:58:01+00:00,ok
daily_aqi,2025-03-31,AQI for 31 th March 2025,https://doe.gov.bd/pages/static-pages/6922dfba933eb65569e23b0a,https://objectstorage.ap-dcc-gazipur-1.oraclecloud15.com/n/axvjbnqprylg/b/V2Ministry/o/office-doe/2024/12/95e228ef591b40d7a0dea7fe68b9f6ea.pdf,,pdf,581801,93b5e9898543cd8782060a58a2fc63806295ed53cecbb148bf196b9b9497d4b0,processed_then_deleted,2026-08-06T20:58:01+00:00,ok
daily_aqi,2025-04-01,AQI for 01 st April 2025,https://doe.gov.bd/pages/static-pages/6922dfba933eb65569e23b0a,https://objectstorage.ap-dcc-gazipur-1.oraclecloud15.com/n/axvjbnqprylg/b/V2Ministry/o/office-doe/2024/12/5833d34cee614f0f8e4295b6334a87a2.pdf,,pdf,568466,180692cd6efc0f8d452e79c31e99025f0a36257e185acdbc9fec96212bc60902,processed_then_deleted,2026-08-06T20:58:01+00:00,ok
daily_aqi,2025-04-02,AQI for 02 nd April 2025,https://doe.gov.bd/pages/static-pages/6922dfba933eb65569e23b0a,https://objectstorage.ap-dcc-gazipur-1.oraclecloud15.com/n/axvjbnqprylg/b/V2Ministry/o/office-doe/2024/12/eddbe16e77a846d6821926d89f838c98.pdf,,pdf,568151,036d3e40c0ebff68c858fde245778357c5ed3d9418d4eee0c7339aec948137d7,processed_then_deleted,2026-08-06T20:58:01+00:00,ok
daily_aqi,2025-04-03,AQI for 03 rd April 2025,https://doe.gov.bd/pages/static-pages/6922dfba933eb65569e23b0a,https://objectstorage.ap-dcc-gazipur-1.oraclecloud15.com/n/axvjbnqprylg/b/V2Ministry/o/office-doe/2024/12/80323ac873204e45b15c4e4513ee08cf.pdf,,pdf,560511,0dd380a2aa709923c043ebcfeef1c12a1b4b4fccb9dd420a7037710dd1e6b038,processed_then_deleted,2026-08-06T20:58:01+00:00,ok
daily_aqi,2025-04-04,AQI for 04 th April 2025,https://doe.gov.bd/pages/static-pages/6922dfba933eb65569e23b0a,https://objectstorage.ap-dcc-gazipur-1.oraclecloud15.com/n/axvjbnqprylg/b/V2Ministry/o/office-doe/2024/12/f14d40d78e3244d093238a0e86a9a8d6.pdf,,pdf,569780,e226d0d94284e7566a85f3d424acddd23f82ece53dad64fa386f750d4dbd62fc,processed_then_deleted,2026-08-06T20:58:01+00:00,ok
daily_aqi,2025-04-05,AQI for 05 th April 2025,https://doe.gov.bd/pages/static-pages/6922dfba933eb65569e23b0a,https://objectstorage.ap-dcc-gazipur-1.oraclecloud15.com/n/axvjbnqprylg/b/V2Ministry/o/office-doe/2024/12/beb991cf890e4122bf2509c03bb0bcec.pdf,,pdf,560066,d35e7475405abca77969a0714191c8df22ec4025412f7ef6d8e77fce05ed62e0,processed_then_deleted,2026-08-06T20:58:01+00:00,ok
daily_aqi,2025-04-06,AQI for 06 th April 2025,https://doe.gov.bd/pages/static-pages/6922dfba933eb65569e23b0a,https://objectstorage.ap-dcc-gazipur-1.oraclecloud15.com/n/axvjbnqprylg/b/V2Ministry/o/office-doe/2024/12/b2dd8e7d9d5b4aa2bc38c02b3bd498cc.pdf,,pdf,591525,e5b0954c02c9a38c84d1cc32a678ee961d1a4257d7cd9c46521ddb217c29fc3e,processed_then_deleted,2026-08-06T20:58:01+00:00,ok
daily_aqi,2025-04-07,AQI for 07 th April 2025,https://doe.gov.bd/pages/static-pages/6922dfba933eb65569e23b0a,https://objectstorage.ap-dcc-gazipur-1.oraclecloud15.com/n/axvjbnqprylg/b/V2Ministry/o/office-doe/2024/12/6d9c6f4cf1764659aebfae7f346e9ea2.pdf,,pdf,600507,f90c07782456cfef98d4caf7521aeae3e6af5cb5d7dfec5d0c55e17d213f92df,processed_then_deleted,2026-08-06T20:58:01+00:00,ok
daily_aqi,2025-04-08,AQI for 08 th April 2025,https://doe.gov.bd/pages/static-pages/6922dfba933eb65569e23b0a,https://objectstorage.ap-dcc-gazipur-1.oraclecloud15.com/n/axvjbnqprylg/b/V2Ministry/o/office-doe/2024/12/7147e96b0acc4c0e9d89678a67d73afa.pdf,,pdf,591702,b55bf7dae3c665d91857682af2c5937a1ad29ed163d23a84b1598849991d46e2,processed_then_deleted,2026-08-06T20:58:01+00:00,ok
daily_aqi,2025-04-09,AQI for 09 th April 2025,https://doe.gov.bd/pages/static-pages/6922dfba933eb65569e23b0a,https://objectstorage.ap-dcc-gazipur-1.oraclecloud15.com/n/axvjbnqprylg/b/V2Ministry/o/office-doe/2024/12/e2ac62679e99440ca3aa5ceeb4e0ff3b.pdf,,pdf,591614,4c4bf8ad155c9a33cd15d1e9dd714dcfc273d273791f5ac8143d32ea8f7ced78,processed_then_deleted,2026-08-06T20:58:01+00:00,ok
daily_aqi,2025-04-10,AQI for 10 th April 2025,https://doe.gov.bd/pages/static-pages/6922dfba933eb65569e23b0a,https://objectstorage.ap-dcc-gazipur-1.oraclecloud15.com/n/axvjbnqprylg/b/V2Ministry/o/office-doe/2024/12/260e48f0bac24a628fc82d4564abb1c3.pdf,,pdf,591133,c75b6fc1a2d5c3b96225c3f20ade00f928200b550fb7d6de99fd557a07d68b36,processed_then_deleted,2026-08-06T20:58:01+00:00,ok
daily_aqi,2025-04-11,AQI for 11 th April 2025,https://doe.gov.bd/pages/static-pages/6922dfba933eb65569e23b0a,https://objectstorage.ap-dcc-gazipur-1.oraclecloud15.com/n/axvjbnqprylg/b/V2Ministry/o/office-doe/2024/12/18ad68da61c14fd9930ac9a8259b8a10.pdf,,pdf,591498,6583064deb723d7f4ba758cb9c7cec7fb34b96baafdb859c8291da0c10accde0,processed_then_deleted,2026-08-06T20:58:01+00:00,ok
daily_aqi,2025-04-12,AQI for 12 th April 2025,https://doe.gov.bd/pages/static-pages/6922dfba933eb65569e23b0a,https://objectstorage.ap-dcc-gazipur-1.oraclecloud15.com/n/axvjbnqprylg/b/V2Ministry/o/office-doe/2024/12/66082545a6544983b9354fc775588465.pdf,,pdf,591588,281473683559c91cb0056477d5486d95cfc518e1bc5ae68abade679e67b99c45,processed_then_deleted,2026-08-06T20:58:01+00:00,ok
daily_aqi,2025-04-13,AQI for 13 th April 2025,https://doe.gov.bd/pages/static-pages/6922dfba933eb65569e23b0a,https://objectstorage.ap-dcc-gazipur-1.oraclecloud15.com/n/axvjbnqprylg/b/V2Ministry/o/office-doe/2024/12/84ed3c7304144e7091dc9335d99c1dfb.pdf,,pdf,591382,41ec3f97974e8b9e3ed4993f10673d45b96f8343d6f739d2651a635b46869b44,processed_then_deleted,2026-08-06T20:58:01+00:00,ok
daily_aqi,2025-04-14,AQI for 14 th April 2025,https://doe.gov.bd/pages/static-pages/6922dfba933eb65569e23b0a,https://objectstorage.ap-dcc-gazipur-1.oraclecloud15.com/n/axvjbnqprylg/b/V2Ministry/o/office-doe/2024/12/627449a56dbf4dbe896296cb63ce6b33.pdf,,pdf,591473,3d78d52ba75e55a329abff53c431645b61950c0c04d06263a24e21945b87767a,processed_then_deleted,2026-08-06T20:58:01+00:00,ok
daily_aqi,2025-04-15,AQI for 15 th April 2025,https://doe.gov.bd/pages/static-pages/6922dfba933eb65569e23b0a,https://objectstorage.ap-dcc-gazipur-1.oraclecloud15.com/n/axvjbnqprylg/b/V2Ministry/o/office-doe/2024/12/8a8aa9d346884f64b480453b6876b555.pdf,,pdf,591577,e4ba2334a9f77fd1b48de3c6ff73f42972eb0d54122d04d28d29abb98c4d3956,processed_then_deleted,2026-08-06T20:58:01+00:00,ok
daily_aqi,2025-04-16,AQI for 16 th April 2025,https://doe.gov.bd/pages/static-pages/6922dfba933eb65569e23b0a,https://objectstorage.ap-dcc-gazipur-1.oraclecloud15.com/n/axvjbnqprylg/b/V2Ministry/o/office-doe/2024/12/6b86dfb0deed4def8ebf49f1b06d3d0b.pdf,,pdf,591957,b3bca584ac045193684951659ed01af3214ed5bd1032308a2e4c59733d3c7658,processed_then_deleted,2026-08-06T20:58:01+00:00,ok
daily_aqi,2025-04-17,AQI for 17 th April 2025,https://doe.gov.bd/pages/static-pages/6922dfba933eb65569e23b0a,https://objectstorage.ap-dcc-gazipur-1.oraclecloud15.com/n/axvjbnqprylg/b/V2Ministry/o/office-doe/2024/12/016b8e95013a41eea55fa8337f2364be.pdf,,pdf,591992,4341b35ab2c935292464c5ddac7ec62248fac72bf478a1eaae9601aa5370f562,processed_then_deleted,2026-08-06T20:58:01+00:00,ok
daily_aqi,2025-04-18,AQI for 18 th April 2025,https://doe.gov.bd/pages/static-pages/6922dfba933eb65569e23b0a,https://objectstorage.ap-dcc-gazipur-1.oraclecloud15.com/n/axvjbnqprylg/b/V2Ministry/o/office-doe/2024/12/aadb994fd31648c5ba2b8489aeb3b8e0.pdf,,pdf,582139,84643673ba36e18b7735a2b190897cffe0079ca0fd9c108ab172d0810445d1a9,processed_then_deleted,2026-08-06T20:58:01+00:00,ok
daily_aqi,2025-04-19,AQI for 19 th April 2025,https://doe.gov.bd/pages/static-pages/6922dfba933eb65569e23b0a,https://objectstorage.ap-dcc-gazipur-1.oraclecloud15.com/n/axvjbnqprylg/b/V2Ministry/o/office-doe/2024/12/155fdc3882e2464aab5cfecb9fd284af.pdf,,pdf,581883,da61b5ecd0d16d2c2781ed0e4e72af58a663adda3ce4b2d4b5a7ae3b2f1dd2d4,processed_then_deleted,2026-08-06T20:58:01+00:00,ok
daily_aqi,2025-04-20,AQI for 20 th April 2025,https://doe.gov.bd/pages/static-pages/6922dfba933eb65569e23b0a,https://objectstorage.ap-dcc-gazipur-1.oraclecloud15.com/n/axvjbnqprylg/b/V2Ministry/o/office-doe/2024/12/cdb9cfd8e02a4f14b100c934be191811.pdf,,pdf,572776,b528ac49309a1ec759a4a9c4c37eaa6bd10a63b36cc480c5fe5e5849b6e08b11,processed_then_deleted,2026-08-06T20:58:01+00:00,ok
daily_aqi,2025-04-21,AQI for 21 th April 2025,https://doe.gov.bd/pages/static-pages/6922dfba933eb65569e23b0a,https://objectstorage.ap-dcc-gazipur-1.oraclecloud15.com/n/axvjbnqprylg/b/V2Ministry/o/office-doe/2024/12/b3050e93856f45c19752ebfd0020e0cd.pdf,,pdf,573278,216c3a010f5159754e6f024d22db4bad62261a48d7786f361949b1ed95b06b0a,processed_then_deleted,2026-08-06T20:58:01+00:00,ok
daily_aqi,2025-04-22,AQI for 22 th April 2025,https://doe.gov.bd/pages/static-pages/6922dfba933eb65569e23b0a,https://objectstorage.ap-dcc-gazipur-1.oraclecloud15.com/n/axvjbnqprylg/b/V2Ministry/o/office-doe/2024/12/8218dbe20efa4c118fac8255eac098d0.pdf,,pdf,572745,dda26945cf49eba2b2d858f90c361f9799fcbd6dd110b44b9738a46b78434824,processed_then_deleted,2026-08-06T20:58:01+00:00,ok
daily_aqi,2025-04-23,AQI for 23 th April 2025,https://doe.gov.bd/pages/static-pages/6922dfba933eb65569e23b0a,https://objectstorage.ap-dcc-gazipur-1.oraclecloud15.com/n/axvjbnqprylg/b/V2Ministry/o/office-doe/2024/12/595b264e2cbd4c8ca28f5bf4607b310c.pdf,,pdf,573359,370717811066d007498bd2a51864806d0ab5669ec6814bb157861ea5c06c12d5,processed_then_deleted,2026-08-06T20:58:01+00:00,ok
daily_aqi,2025-04-24,AQI for 24 th April 2025,https://doe.gov.bd/pages/static-pages/6922dfba933eb65569e23b0a,https://objectstorage.ap-dcc-gazipur-1.oraclecloud15.com/n/axvjbnqprylg/b/V2Ministry/o/office-doe/2024/12/8a42ebfb1f744b9eb9cce7d76a65fecf.pdf,,pdf,572396,cf0ebc95f70968f21db956e02d7b9a08c5960dd23a97d2baf718385f301ad83d,processed_then_deleted,2026-08-06T20:58:01+00:00,ok
daily_aqi,2025-04-25,AQI for 25 th April 2025,https://doe.gov.bd/pages/static-pages/6922dfba933eb65569e23b0a,https://objectstorage.ap-dcc-gazipur-1.oraclecloud15.com/n/axvjbnqprylg/b/V2Ministry/o/office-doe/2024/12/9bd5d93e0f594865aaa1b10107d8c15f.pdf,,pdf,572460,65101ebcf3890cf79c4817d2270f23bb22fd599f8709be6128513283f30be546,processed_then_deleted,2026-08-06T20:58:01+00:00,ok
daily_aqi,2025-04-26,AQI for 26 th April 2025,https://doe.gov.bd/pages/static-pages/6922dfba933eb65569e23b0a,https://objectstorage.ap-dcc-gazipur-1.oraclecloud15.com/n/axvjbnqprylg/b/V2Ministry/o/office-doe/2024/12/344e0d5c2388497da62efb85d018c599.pdf,,pdf,573412,d36d868f5f9351437ce5b159e9d516c089bfe5bc926249761577d295d3e5c06c,processed_then_deleted,2026-08-06T20:58:01+00:00,ok
daily_aqi,2025-04-27,AQI for 27 th April 2025,https://doe.gov.bd/pages/static-pages/6922dfba933eb65569e23b0a,https://objectstorage.ap-dcc-gazipur-1.oraclecloud15.com/n/axvjbnqprylg/b/V2Ministry/o/office-doe/2024/12/1167c8ea216a4cdf83c2051dbc47c0fe.pdf,,pdf,573150,68d40c67667ca847f4e49e2303cd70e098b2ef3dd7276432f7d8551f9600fb35,processed_then_deleted,2026-08-06T20:58:01+00:00,ok
daily_aqi,2025-04-28,AQI for 28 th April 2025,https://doe.gov.bd/pages/static-pages/6922dfba933eb65569e23b0a,https://objectstorage.ap-dcc-gazipur-1.oraclecloud15.com/n/axvjbnqprylg/b/V2Ministry/o/office-doe/2024/12/7d49873ed8a340d0aaf208b34652d084.pdf,,pdf,573453,0c41e50c4b91a5163d0594b475b0044f7e10a17b7472452b991a6375c9aa72d2,processed_then_deleted,2026-08-06T20:58:01+00:00,ok
daily_aqi,2025-04-29,AQI for 29 th April 2025,https://doe.gov.bd/pages/static-pages/6922dfba933eb65569e23b0a,https://objectstorage.ap-dcc-gazipur-1.oraclecloud15.com/n/axvjbnqprylg/b/V2Ministry/o/office-doe/2024/12/6bebb0da1e58496abf38e948b8329640.pdf,,pdf,573328,ee309f9923e66fadc58e0ace379b22d12c8d4f6a8b675abae6105e3dfd4f1d5d,processed_then_deleted,2026-08-06T20:58:01+00:00,ok
daily_aqi,2025-04-30,AQI for 30 th April 2025,https://doe.gov.bd/pages/static-pages/6922dfba933eb65569e23b0a,https://objectstorage.ap-dcc-gazipur-1.oraclecloud15.com/n/axvjbnqprylg/b/V2Ministry/o/office-doe/2024/12/e6dc76b697154beca732cab9d07f89b3.pdf,,pdf,573302,74a340b65a75c471d861583a9b2dde523840b6eb1d61daa35188ab8fde923a09,processed_then_deleted,2026-08-06T20:58:01+00:00,ok
daily_aqi,2025-05-01,AQI for 01 st May 2025,https://doe.gov.bd/pages/static-pages/6922dfba933eb65569e23b0a,https://objectstorage.ap-dcc-gazipur-1.oraclecloud15.com/n/axvjbnqprylg/b/V2Ministry/o/office-doe/2024/12/fc719b5f5b7c44f3aad235aba5f4c984.pdf,,pdf,573245,ff47330af2a3bf6cb6d8b486dfe8f736b6c2b545baf9ac4d22a7aa184117b48f,processed_then_deleted,2026-08-06T20:58:01+00:00,ok
daily_aqi,2025-05-02,AQI for 02 nd May 2025,https://doe.gov.bd/pages/static-pages/6922dfba933eb65569e23b0a,https://objectstorage.ap-dcc-gazipur-1.oraclecloud15.com/n/axvjbnqprylg/b/V2Ministry/o/office-doe/2024/12/d5567e33f4674274b47569b4c3e9bda6.pdf,,pdf,572696,2324c5292dcbb93f698af5b28245db704e3a8d7d6fa9cd20b08159395647a6ac,processed_then_deleted,2026-08-06T20:58:01+00:00,ok
daily_aqi,2025-05-03,AQI for 03 rd May 2025,https://doe.gov.bd/pages/static-pages/6922dfba933eb65569e23b0a,https://objectstorage.ap-dcc-gazipur-1.oraclecloud15.com/n/axvjbnqprylg/b/V2Ministry/o/office-doe/2024/12/be76392516db4fe1ba8911f49438fad8.pdf,,pdf,581657,f49afb02f0f26b7afb0ae70d928701b6003ed3bd60cbda4e0c82bdf0a9e00277,processed_then_deleted,2026-08-06T20:58:01+00:00,ok
daily_aqi,2025-05-04,AQI for 04 th may 2025,https://doe.gov.bd/pages/static-pages/6922dfba933eb65569e23b0a,https://objectstorage.ap-dcc-gazipur-1.oraclecloud15.com/n/axvjbnqprylg/b/V2Ministry/o/office-doe/2024/12/0d411fc2a5044e2399a1f51588e68aec.pdf,,pdf,572848,2394b58f67e2897f18174c9ee97d86746f9053d76151391649e9761303164241,processed_then_deleted,2026-08-06T20:58:01+00:00,ok
daily_aqi,2025-05-05,AQI for 05 th may 2025,https://doe.gov.bd/pages/static-pages/6922dfba933eb65569e23b0a,https://objectstorage.ap-dcc-gazipur-1.oraclecloud15.com/n/axvjbnqprylg/b/V2Ministry/o/office-doe/2024/12/d3e166fe7b194c84ac11f862ac78e641.pdf,,pdf,572376,c2f4229ad8042ca5da261bd499d38416119b33f734e3e639519073652130af97,processed_then_deleted,2026-08-06T20:58:01+00:00,ok
daily_aqi,2025-05-06,AQI for 06 th may 2025,https://doe.gov.bd/pages/static-pages/6922dfba933eb65569e23b0a,https://objectstorage.ap-dcc-gazipur-1.oraclecloud15.com/n/axvjbnqprylg/b/V2Ministry/o/office-doe/2024/12/e96d5075792d40f49a75045e6c2277c9.pdf,,pdf,573360,ab06851a79a4114ded42da8604869a8040379e419e0edfbb312ab1097dd39da1,processed_then_deleted,2026-08-06T20:58:01+00:00,ok
daily_aqi,2025-05-07,AQI for 07 th may 2025,https://doe.gov.bd/pages/static-pages/6922dfba933eb65569e23b0a,https://objectstorage.ap-dcc-gazipur-1.oraclecloud15.com/n/axvjbnqprylg/b/V2Ministry/o/office-doe/2024/12/72cf728c419c40229af3beecc2aa6c0a.pdf,,pdf,573001,34ff7c3e8cf38b6c99b09c6279c02863dbbe85d8a730db062fdfc5eb7786835d,processed_then_deleted,2026-08-06T20:58:01+00:00,ok
daily_aqi,2025-05-08,AQI for 08 th may 2025,https://doe.gov.bd/pages/static-pages/6922dfba933eb65569e23b0a,https://objectstorage.ap-dcc-gazipur-1.oraclecloud15.com/n/axvjbnqprylg/b/V2Ministry/o/office-doe/2024/12/4c7b5a8cd5824810872c1ae2f0e5cc43.pdf,,pdf,573519,31ed7e8669479ee55ee37fb9aef3664149914674c79fe4bedda84be559a5558c,processed_then_deleted,2026-08-06T20:58:01+00:00,ok
daily_aqi,2025-05-09,AQI for 09 th may 2025,https://doe.gov.bd/pages/static-pages/6922dfba933eb65569e23b0a,https://objectstorage.ap-dcc-gazipur-1.oraclecloud15.com/n/axvjbnqprylg/b/V2Ministry/o/office-doe/2024/12/b4ed3dd4a3ca4d94a073d335354a7636.pdf,,pdf,573260,bcc89822dd0ba36d286eac810395d3cac8d2770d622d255a248bf4b6ea576265,processed_then_deleted,2026-08-06T20:58:01+00:00,ok
daily_aqi,2025-05-10,AQI for 10 th may 2025,https://doe.gov.bd/pages/static-pages/6922dfba933eb65569e23b0a,https://objectstorage.ap-dcc-gazipur-1.oraclecloud15.com/n/axvjbnqprylg/b/V2Ministry/o/office-doe/2024/12/8460010e729446c0a7e7657c49a6aee4.pdf,,pdf,573265,c78c0f299a4f0a10d3a5cf334bb943bf1a45c4bc7bb8af0f445140dcdba37b2d,processed_then_deleted,2026-08-06T20:58:01+00:00,ok
daily_aqi,2025-05-11,AQI for 11 th may 2025,https://doe.gov.bd/pages/static-pages/6922dfba933eb65569e23b0a,https://objectstorage.ap-dcc-gazipur-1.oraclecloud15.com/n/axvjbnqprylg/b/V2Ministry/o/office-doe/2024/12/b5868a0ec9be4c8aa050f45b1ba3393f.pdf,,pdf,573277,b16dfb4b61a9ed73eb3f6f36c68e8df6f2b2cc840e861f65a21d42707fa55059,processed_then_deleted,2026-08-06T20:58:01+00:00,ok
daily_aqi,2025-05-12,AQI for 12 th may 2025,https://doe.gov.bd/pages/static-pages/6922dfba933eb65569e23b0a,https://objectstorage.ap-dcc-gazipur-1.oraclecloud15.com/n/axvjbnqprylg/b/V2Ministry/o/office-doe/2024/12/d2da118b057a44738f1d49dd4039c032.pdf,,pdf,573246,e61dc5538c990e0293504c5885018f3fc244e6577d6fdd32f982b94f6de3827a,processed_then_deleted,2026-08-06T20:58:01+00:00,ok
daily_aqi,2025-05-13,AQI for 13 th may 2025,https://doe.gov.bd/pages/static-pages/6922dfba933eb65569e23b0a,https://objectstorage.ap-dcc-gazipur-1.oraclecloud15.com/n/axvjbnqprylg/b/V2Ministry/o/office-doe/2024/12/c960ca98273b41778a58740f2a68b3de.pdf,,pdf,573737,3b0ddd5fef325ef904058565ebfba5f1e067f3b699b5d547267341b09f040504,processed_then_deleted,2026-08-06T20:58:01+00:00,ok
daily_aqi,2025-05-14,AQI for 14 th may 2025,https://doe.gov.bd/pages/static-pages/6922dfba933eb65569e23b0a,https://objectstorage.ap-dcc-gazipur-1.oraclecloud15.com/n/axvjbnqprylg/b/V2Ministry/o/office-doe/2024/12/15006764f4134c248be44fe498dc3b61.pdf,,pdf,573194,e490193699441f4e6fc80e34cc7377f903c47204e49fe6d5980483fbfc7a9f90,processed_then_deleted,2026-08-06T20:58:01+00:00,ok
daily_aqi,2025-05-15,AQI for 15 th may 2025,https://doe.gov.bd/pages/static-pages/6922dfba933eb65569e23b0a,https://objectstorage.ap-dcc-gazipur-1.oraclecloud15.com/n/axvjbnqprylg/b/V2Ministry/o/office-doe/2024/12/348038141d4f4c8cacdf05bb43539a85.pdf,,pdf,572908,98eda89a08c4f3374f7f07e28741998f5800a7822df37b3ec4dd16bdb9c5b42a,processed_then_deleted,2026-08-06T20:58:01+00:00,ok
daily_aqi,2025-05-16,AQI for 16 th may 2025,https://doe.gov.bd/pages/static-pages/6922dfba933eb65569e23b0a,https://objectstorage.ap-dcc-gazipur-1.oraclecloud15.com/n/axvjbnqprylg/b/V2Ministry/o/office-doe/2024/12/c2f5a2b411ed401694e91f46aee9d3df.pdf,,pdf,573662,7a87873e90a700dbd48aaa5a1a1b89a6c4f3d6605a4cd93661e6c9cd606b1095,processed_then_deleted,2026-08-06T20:58:01+00:00,ok
daily_aqi,2025-05-17,AQI for 17 th may 2025,https://doe.gov.bd/pages/static-pages/6922dfba933eb65569e23b0a,https://objectstorage.ap-dcc-gazipur-1.oraclecloud15.com/n/axvjbnqprylg/b/V2Ministry/o/office-doe/2024/12/f917fd093d3e43f284beb33956b582db.pdf,,pdf,573170,1a8ed49de90e4de1ed1e2493e479a3c25347d15b255471b03c129479f19ecb41,processed_then_deleted,2026-08-06T20:58:01+00:00,ok
daily_aqi,2025-05-18,AQI for 18 th may 2025,https://doe.gov.bd/pages/static-pages/6922dfba933eb65569e23b0a,https://objectstorage.ap-dcc-gazipur-1.oraclecloud15.com/n/axvjbnqprylg/b/V2Ministry/o/office-doe/2024/12/e9402e8f6752492697ed591f10250115.pdf,,pdf,573442,61f54e327a5c553501f85b3eb102bab12383f893b2a796a696395759647d3ef2,processed_then_deleted,2026-08-06T20:58:01+00:00,ok
daily_aqi,2025-05-19,AQI for 19 th may 2025,https://doe.gov.bd/pages/static-pages/6922dfba933eb65569e23b0a,https://objectstorage.ap-dcc-gazipur-1.oraclecloud15.com/n/axvjbnqprylg/b/V2Ministry/o/office-doe/2024/12/e2f0f26e99434c7f99ff1fde68ba0af6.pdf,,pdf,573413,6dbe906806de59469247ad775d9d631493c3d6b30c85d9b07c7f05af3c3c2a99,processed_then_deleted,2026-08-06T20:58:01+00:00,ok
daily_aqi,2025-05-20,AQI for 20 th may 2025,https://doe.gov.bd/pages/static-pages/6922dfba933eb65569e23b0a,https://objectstorage.ap-dcc-gazipur-1.oraclecloud15.com/n/axvjbnqprylg/b/V2Ministry/o/office-doe/2024/12/5d566d8ac84747a888c35781c9ed94a1.pdf,,pdf,572365,6626eeacc702976ba0decc5137f2f53009a17eb86eb50c7ae7bdb9b3fab3fad2,processed_then_deleted,2026-08-06T20:58:01+00:00,ok
daily_aqi,2025-05-21,AQI for 21 th may 2025,https://doe.gov.bd/pages/static-pages/6922dfba933eb65569e23b0a,https://objectstorage.ap-dcc-gazipur-1.oraclecloud15.com/n/axvjbnqprylg/b/V2Ministry/o/office-doe/2024/12/e9dd17ee45644c30856ce16390635d7c.pdf,,pdf,572796,904f7fb9202edfac678697de2ba76bcc905c54472544617dde8d40038b184f30,processed_then_deleted,2026-08-06T20:58:01+00:00,ok
daily_aqi,2025-05-22,AQI for 22 th may 2025,https://doe.gov.bd/pages/static-pages/6922dfba933eb65569e23b0a,https://objectstorage.ap-dcc-gazipur-1.oraclecloud15.com/n/axvjbnqprylg/b/V2Ministry/o/office-doe/2024/12/49794886d83a420bac20d58e3df40b3a.pdf,,pdf,572391,42889bfecfa6a41798c718fc93a38d7a38abec97aa3af4d2f34aa211fa5c8869,processed_then_deleted,2026-08-06T20:58:01+00:00,ok
daily_aqi,2025-05-23,AQI for 23 th may 2025,https://doe.gov.bd/pages/static-pages/6922dfba933eb65569e23b0a,https://objectstorage.ap-dcc-gazipur-1.oraclecloud15.com/n/axvjbnqprylg/b/V2Ministry/o/office-doe/2024/12/908d3bf121cc40c1b73a6d859fb18737.pdf,,pdf,572890,d65dc87689323a7d8f6741bbcbc9e61db4db226446c687329d0d6c0e239578d5,processed_then_deleted,2026-08-06T20:58:01+00:00,ok
daily_aqi,2025-05-24,AQI for 24 th may 2025,https://doe.gov.bd/pages/static-pages/6922dfba933eb65569e23b0a,https://objectstorage.ap-dcc-gazipur-1.oraclecloud15.com/n/axvjbnqprylg/b/V2Ministry/o/office-doe/2024/12/b26498c4deca435a9c4fdb9429256346.pdf,,pdf,572697,06201eb83de6528c54bead26110575a579184abb43b24de606d7184797d7b632,processed_then_deleted,2026-08-06T20:58:01+00:00,ok
daily_aqi,2025-05-25,AQI for 25 th may 2025,https://doe.gov.bd/pages/static-pages/6922dfba933eb65569e23b0a,https://objectstorage.ap-dcc-gazipur-1.oraclecloud15.com/n/axvjbnqprylg/b/V2Ministry/o/office-doe/2024/12/e14f5d1a09854897a26bf7d8e7fc1c21.pdf,,pdf,572326,ea2d88b0f1dc7fc202961cc41019c9af18a45ee1e6c3fcbb5eb6b7950670aa62,processed_then_deleted,2026-08-06T20:58:01+00:00,ok
daily_aqi,2025-05-26,AQI for 26 th may 2025,https://doe.gov.bd/pages/static-pages/6922dfba933eb65569e23b0a,https://objectstorage.ap-dcc-gazipur-1.oraclecloud15.com/n/axvjbnqprylg/b/V2Ministry/o/office-doe/2024/12/a5ea2271e1dc4c77addd22a71c48f631.pdf,,pdf,572734,e1c084d044a8cc731d7b61fe0fcffa8f105031436bfd0d4430cf9575f88ee35f,processed_then_deleted,2026-08-06T20:58:01+00:00,ok
daily_aqi,2025-05-29,AQI for 29 th may 2025,https://doe.gov.bd/pages/static-pages/6922dfba933eb65569e23b0a,https://objectstorage.ap-dcc-gazipur-1.oraclecloud15.com/n/axvjbnqprylg/b/V2Ministry/o/office-doe/2024/12/d8139fb65f814adb8541542ecf3e8c00.pdf,,pdf,572299,d44a05fef60140be29aa1ffee0fc5ac4606a30a906ad2208ca3a7055fc1cd1da,processed_then_deleted,2026-08-06T20:58:01+00:00,ok
daily_aqi,2025-05-30,AQI for 30 th may 2025,https://doe.gov.bd/pages/static-pages/6922dfba933eb65569e23b0a,https://objectstorage.ap-dcc-gazipur-1.oraclecloud15.com/n/axvjbnqprylg/b/V2Ministry/o/office-doe/2024/12/04cec9f339cf430ba10df4d3f2b43805.pdf,,pdf,572070,0409f4f0006e6bf72a07a42da311ed4bc00f2783c94d6d1e5e4ba7664ccb5348,processed_then_deleted,2026-08-06T20:58:01+00:00,ok
daily_aqi,2025-05-31,AQI for 31 th may 2025,https://doe.gov.bd/pages/static-pages/6922dfba933eb65569e23b0a,https://objectstorage.ap-dcc-gazipur-1.oraclecloud15.com/n/axvjbnqprylg/b/V2Ministry/o/office-doe/2024/12/e62e9bddfab84bf885a782f620c778cf.pdf,,pdf,573307,fb1ce5ebcc98414e50c766ef571a917af535e4161be6abbfae7ddd48cc3ed566,processed_then_deleted,2026-08-06T20:58:01+00:00,ok
daily_aqi,2025-06-01,AQI for 01 st jun 2025,https://doe.gov.bd/pages/static-pages/6922dfba933eb65569e23b0a,https://objectstorage.ap-dcc-gazipur-1.oraclecloud15.com/n/axvjbnqprylg/b/V2Ministry/o/office-doe/2024/12/449a5e9a49e6496ea0d297dee7d1b39a.pdf,,pdf,573323,4b97d25c83b7bac7471ccec2ed0d3b1b8eac397d628407c29a213cfc868ab272,processed_then_deleted,2026-08-06T20:58:01+00:00,ok
daily_aqi,2025-06-02,AQI for 02 nd jun 2025,https://doe.gov.bd/pages/static-pages/6922dfba933eb65569e23b0a,https://objectstorage.ap-dcc-gazipur-1.oraclecloud15.com/n/axvjbnqprylg/b/V2Ministry/o/office-doe/2024/12/273befc007364faa8c9ab9b4f3e77207.pdf,,pdf,572129,be395d147a3d74b38530320cb3e49e2f13f07f616fb0792a4a3251e2a6091cc7,processed_then_deleted,2026-08-06T20:58:01+00:00,ok
daily_aqi,2025-06-03,AQI for 03 rd jun 2025,https://doe.gov.bd/pages/static-pages/6922dfba933eb65569e23b0a,https://objectstorage.ap-dcc-gazipur-1.oraclecloud15.com/n/axvjbnqprylg/b/V2Ministry/o/office-doe/2024/12/2337192c0c1746c88ab0f5e64b102d98.pdf,,pdf,573392,50916f87973068636fd1262ee5887120d404352d296a6efb7652f493eafcd02e,processed_then_deleted,2026-08-06T20:58:01+00:00,ok
daily_aqi,2025-06-04,AQI for 04 th jun 2025,https://doe.gov.bd/pages/static-pages/6922dfba933eb65569e23b0a,https://objectstorage.ap-dcc-gazipur-1.oraclecloud15.com/n/axvjbnqprylg/b/V2Ministry/o/office-doe/2024/12/e3c71b4682674af08ab7938713349e73.pdf,,pdf,573308,90bb6ec058dedc1a5c375ad5dc7d8be88aa0311f693c6412edd1a29d75b69b5c,processed_then_deleted,2026-08-06T20:58:01+00:00,ok
daily_aqi,2025-06-05,AQI for 05 th jun 2025,https://doe.gov.bd/pages/static-pages/6922dfba933eb65569e23b0a,https://objectstorage.ap-dcc-gazipur-1.oraclecloud15.com/n/axvjbnqprylg/b/V2Ministry/o/office-doe/2024/12/8315acd6bf674627b860cc6c65aa73b1.pdf,,pdf,572855,fa0c73c895aa796e152edd2879c5bdef19cc2eeace37e42d0ed5070cd5a48360,processed_then_deleted,2026-08-06T20:58:01+00:00,ok
daily_aqi,2025-06-06,AQI for 06 th jun 2025,https://doe.gov.bd/pages/static-pages/6922dfba933eb65569e23b0a,https://objectstorage.ap-dcc-gazipur-1.oraclecloud15.com/n/axvjbnqprylg/b/V2Ministry/o/office-doe/2024/12/fb1ecaa2d31b4129ba89459864bdc458.pdf,,pdf,572880,317244ae9c97dfaea8206fd029727618f7d155612e2a5a15a19f83a1c0ec517e,processed_then_deleted,2026-08-06T20:58:01+00:00,ok
daily_aqi,2025-06-07,AQI for 07 th jun 2025,https://doe.gov.bd/pages/static-pages/6922dfba933eb65569e23b0a,https://objectstorage.ap-dcc-gazipur-1.oraclecloud15.com/n/axvjbnqprylg/b/V2Ministry/o/office-doe/2024/12/96cd0e00b1b74d718130bbcf6ee77596.pdf,,pdf,573271,65e3f4d4f5c05670fb46af3c13e4868694e99c8eef1142a11f83345495991ada,processed_then_deleted,2026-08-06T20:58:01+00:00,ok
daily_aqi,2025-06-08,AQI for 08 th jun 2025,https://doe.gov.bd/pages/static-pages/6922dfba933eb65569e23b0a,https://objectstorage.ap-dcc-gazipur-1.oraclecloud15.com/n/axvjbnqprylg/b/V2Ministry/o/office-doe/2024/12/e8e35efb9b1545ac9c4d4649a059c351.pdf,,pdf,573585,c981381618b5e38c754a782d775398395e625764c12265bc3cee34d517329bd6,processed_then_deleted,2026-08-06T20:58:01+00:00,ok
daily_aqi,2025-06-09,AQI for 09 th jun 2025,https://doe.gov.bd/pages/static-pages/6922dfba933eb65569e23b0a,https://objectstorage.ap-dcc-gazipur-1.oraclecloud15.com/n/axvjbnqprylg/b/V2Ministry/o/office-doe/2024/12/5458206e993a4d29ab088c9328c6724d.pdf,,pdf,573287,eb218b7826882fd6c783088b181df0413547fc516cb6194f4358b46820e47b83,processed_then_deleted,2026-08-06T20:58:01+00:00,ok
daily_aqi,2025-06-10,AQI for 10 th jun 2025,https://doe.gov.bd/pages/static-pages/6922dfba933eb65569e23b0a,https://objectstorage.ap-dcc-gazipur-1.oraclecloud15.com/n/axvjbnqprylg/b/V2Ministry/o/office-doe/2024/12/e6872becb9ee4cc299fb9930c33ffb4c.pdf,,pdf,573274,ed66378372f23819904843ce96cbc072fc2a35884b3ff1bcd5c219efe725521c,processed_then_deleted,2026-08-06T20:58:01+00:00,ok
daily_aqi,2025-06-11,AQI for 11 th jun 2025,https://doe.gov.bd/pages/static-pages/6922dfba933eb65569e23b0a,https://objectstorage.ap-dcc-gazipur-1.oraclecloud15.com/n/axvjbnqprylg/b/V2Ministry/o/office-doe/2024/12/3ef7254f8f8b412bbd01b3c45601acef.pdf,,pdf,573293,5bee1935bc963bf6ba9d8ea512046206202b392b7b43af87cc33b0fcec925633,processed_then_deleted,2026-08-06T20:58:01+00:00,ok
daily_aqi,2025-06-12,AQI for 12 th jun 2025,https://doe.gov.bd/pages/static-pages/6922dfba933eb65569e23b0a,https://objectstorage.ap-dcc-gazipur-1.oraclecloud15.com/n/axvjbnqprylg/b/V2Ministry/o/office-doe/2024/12/3dad8a71458d490bb1c85650d32b7eea.pdf,,pdf,581026,9ab13f5357eea20dfdfac233fc76434975754d6fbf939c55a35ddced8ca9c871,processed_then_deleted,2026-08-06T20:58:01+00:00,ok
daily_aqi,2025-06-13,AQI for 13 th jun 2025,https://doe.gov.bd/pages/static-pages/6922dfba933eb65569e23b0a,https://objectstorage.ap-dcc-gazipur-1.oraclecloud15.com/n/axvjbnqprylg/b/V2Ministry/o/office-doe/2024/12/5e4aca8918a84e9c9cb2e4c884d328c1.pdf,,pdf,568904,73dcaa8e2a73ca7696a23385040d73ce8acee7d0235e5671079cd2aefa5fa992,processed_then_deleted,2026-08-06T20:58:01+00:00,ok
daily_aqi,2025-06-14,AQI for 14 th jun 2025,https://doe.gov.bd/pages/static-pages/6922dfba933eb65569e23b0a,https://objectstorage.ap-dcc-gazipur-1.oraclecloud15.com/n/axvjbnqprylg/b/V2Ministry/o/office-doe/2024/12/91ca26a8b73346efac52fba63a1d40d6.pdf,,pdf,569034,276350c35eadfe5d008d680a0803d1e3d80d382b5e45d6186a46b60300cdbc41,processed_then_deleted,2026-08-06T20:58:01+00:00,ok
daily_aqi,2025-06-15,AQI for 15 th jun 2025,https://doe.gov.bd/pages/static-pages/6922dfba933eb65569e23b0a,https://objectstorage.ap-dcc-gazipur-1.oraclecloud15.com/n/axvjbnqprylg/b/V2Ministry/o/office-doe/2024/12/6d8c43f0415e44f5bcc7fb454af18fd3.pdf,,pdf,580978,8cc7b65e7ac3c9fb49cf2ae13aa04bb83cfe6fbee1e6275c405c74dec4090749,processed_then_deleted,2026-08-06T20:58:01+00:00,ok
daily_aqi,2025-06-16,AQI for 16 th jun 2025,https://doe.gov.bd/pages/static-pages/6922dfba933eb65569e23b0a,https://objectstorage.ap-dcc-gazipur-1.oraclecloud15.com/n/axvjbnqprylg/b/V2Ministry/o/office-doe/2024/12/6f6872ffad1e4e11a1585039eb84ae57.pdf,,pdf,580779,8c59b4a538fc8cbff351c2e6cba0c68048341d6ff7b9bc20d715d898e75a4ff7,processed_then_deleted,2026-08-06T20:58:01+00:00,ok
daily_aqi,2025-06-17,AQI for 17 th jun 2025,https://doe.gov.bd/pages/static-pages/6922dfba933eb65569e23b0a,https://objectstorage.ap-dcc-gazipur-1.oraclecloud15.com/n/axvjbnqprylg/b/V2Ministry/o/office-doe/2024/12/d1ab741e07b245c4b1dddcfe89bae4d0.pdf,,pdf,560643,d5668c4ff5c21a7599eb7043480bfb0c6418bdd12fb1ac3a7fb2fd72cd96429e,processed_then_deleted,2026-08-06T20:58:01+00:00,ok
daily_aqi,2025-06-18,AQI for 18 th jun 2025,https://doe.gov.bd/pages/static-pages/6922dfba933eb65569e23b0a,https://objectstorage.ap-dcc-gazipur-1.oraclecloud15.com/n/axvjbnqprylg/b/V2Ministry/o/office-doe/2024/12/d4affe283d024529a3ab66b81d645b1e.pdf,,pdf,561027,8ba06dcf4e0875c9a50b1666c9f835dea785aef13fc96913d377fd35c9d1682a,processed_then_deleted,2026-08-06T20:58:01+00:00,ok
daily_aqi,2025-06-19,AQI for 19 th jun 2025,https://doe.gov.bd/pages/static-pages/6922dfba933eb65569e23b0a,https://objectstorage.ap-dcc-gazipur-1.oraclecloud15.com/n/axvjbnqprylg/b/V2Ministry/o/office-doe/2024/12/11ae1dbfba4d467cbeb26d5f280e6c86.pdf,,pdf,560727,0a1779294bd35a6e9db4c1a8d89b1504461ab3d8f9daeb2469a08dfe05451e0b,processed_then_deleted,2026-08-06T20:58:01+00:00,ok
daily_aqi,2025-06-20,AQI for 20 th jun 2025,https://doe.gov.bd/pages/static-pages/6922dfba933eb65569e23b0a,https://objectstorage.ap-dcc-gazipur-1.oraclecloud15.com/n/axvjbnqprylg/b/V2Ministry/o/office-doe/2024/12/c18fec14f7ce4acfb27ade8ea18762cd.pdf,,pdf,559758,b1a6d71c440966fceccdeb9f743ebd3482283ead53f62ba321ba214f9e1d1fab,processed_then_deleted,2026-08-06T20:58:01+00:00,ok
daily_aqi,2025-06-21,AQI for 21 th jun 2025,https://doe.gov.bd/pages/static-pages/6922dfba933eb65569e23b0a,https://objectstorage.ap-dcc-gazipur-1.oraclecloud15.com/n/axvjbnqprylg/b/V2Ministry/o/office-doe/2024/12/0c087cf50c5442d8b6e5756718333d8c.pdf,,pdf,560382,983511227f5eaa66cf5cc2abc5e5a2fbfa50101c7569a0d2dc9a6995bd475d44,processed_then_deleted,2026-08-06T20:58:01+00:00,ok
daily_aqi,2025-06-22,AQI for 22 th jun 2025,https://doe.gov.bd/pages/static-pages/6922dfba933eb65569e23b0a,https://objectstorage.ap-dcc-gazipur-1.oraclecloud15.com/n/axvjbnqprylg/b/V2Ministry/o/office-doe/2024/12/a0908e958ad241d19d70d0cdf1ea2857.pdf,,pdf,559941,78cf89e114c5f3f218c1e34984bcd4231c5a2598784b496eea61dd02dd3c1b85,processed_then_deleted,2026-08-06T20:58:01+00:00,ok
daily_aqi,2025-06-23,AQI for 23 th jun 2025,https://doe.gov.bd/pages/static-pages/6922dfba933eb65569e23b0a,https://objectstorage.ap-dcc-gazipur-1.oraclecloud15.com/n/axvjbnqprylg/b/V2Ministry/o/office-doe/2024/12/0a4a96fde2a044bdb4c8de6b6e34c54c.pdf,,pdf,560623,f52ba68790c9a7dfece7da633490f61fccbe4ce3fc097c22a38a522fcbf0f371,processed_then_deleted,2026-08-06T20:58:01+00:00,ok
daily_aqi,2025-06-24,AQI for 24 th jun 2025,https://doe.gov.bd/pages/static-pages/6922dfba933eb65569e23b0a,https://objectstorage.ap-dcc-gazipur-1.oraclecloud15.com/n/axvjbnqprylg/b/V2Ministry/o/office-doe/2024/12/3a94768705544546b076089f2138419e.pdf,,pdf,580862,ccf77a4c8e359e865affeeec7ae99f0c6d43621ff5bfa3610400454f18a71317,processed_then_deleted,2026-08-06T20:58:01+00:00,ok
daily_aqi,2025-06-25,AQI for 25 th jun 2025,https://doe.gov.bd/pages/static-pages/6922dfba933eb65569e23b0a,https://objectstorage.ap-dcc-gazipur-1.oraclecloud15.com/n/axvjbnqprylg/b/V2Ministry/o/office-doe/2024/12/ef7cbf36c6cd4055973e69cf346490b6.pdf,,pdf,572893,4f45a7773ec8b44ffaf1aab9e30c9c9c4035490216c2d62eacffd28db36addaf,processed_then_deleted,2026-08-06T20:58:01+00:00,ok
daily_aqi,2025-06-26,AQI for 26 th jun 2025,https://doe.gov.bd/pages/static-pages/6922dfba933eb65569e23b0a,https://objectstorage.ap-dcc-gazipur-1.oraclecloud15.com/n/axvjbnqprylg/b/V2Ministry/o/office-doe/2024/12/20b4551337c5491f83a8a96da2692fe4.pdf,,pdf,572692,117451edcffb4cbb83ab84bdb892f0e29ff48f97a8f9ad7843eac7c3a3fe842f,processed_then_deleted,2026-08-06T20:58:01+00:00,ok
daily_aqi,2025-06-27,AQI for 27 th jun 2025,https://doe.gov.bd/pages/static-pages/6922dfba933eb65569e23b0a,https://objectstorage.ap-dcc-gazipur-1.oraclecloud15.com/n/axvjbnqprylg/b/V2Ministry/o/office-doe/2024/12/2a9942595b3a428698e446660aaf447e.pdf,,pdf,572587,2247552cf86d0d9ec837860fc36738528ba180de9d4e6d9edcd09beb660cb6c3,processed_then_deleted,2026-08-06T20:58:01+00:00,ok
daily_aqi,2025-06-28,AQI for 28 th jun 2025,https://doe.gov.bd/pages/static-pages/6922dfba933eb65569e23b0a,https://objectstorage.ap-dcc-gazipur-1.oraclecloud15.com/n/axvjbnqprylg/b/V2Ministry/o/office-doe/2024/12/409ddab7d6114c9785f9f3c5d067df9b.pdf,,pdf,573398,139c9b678eb5f4dc64e07030529e782bccf4527543cc3c80673cd61df2b578c9,processed_then_deleted,2026-08-06T20:58:01+00:00,ok
daily_aqi,2025-06-29,AQI for 29 th jun 2025,https://doe.gov.bd/pages/static-pages/6922dfba933eb65569e23b0a,https://objectstorage.ap-dcc-gazipur-1.oraclecloud15.com/n/axvjbnqprylg/b/V2Ministry/o/office-doe/2024/12/4edde058f5c149769a26b7aa453363cc.pdf,,pdf,573335,e78f7a83d0987f482ae6cd790f9d713e8a30911df22cb30c664cb1084843e77f,processed_then_deleted,2026-08-06T20:58:01+00:00,ok
daily_aqi,2025-06-30,AQI for 30 th jun 2025,https://doe.gov.bd/pages/static-pages/6922dfba933eb65569e23b0a,https://objectstorage.ap-dcc-gazipur-1.oraclecloud15.com/n/axvjbnqprylg/b/V2Ministry/o/office-doe/2024/12/f912749edade4af8977ee70eaa05bd61.pdf,,pdf,573331,ca8875dbe4da155733035f39c0b9e090a4b9299a93aa73d10e96bd971bda379a,processed_then_deleted,2026-08-06T20:58:01+00:00,ok
daily_aqi,2025-07-01,AQI for 01 st July 2025,https://doe.gov.bd/pages/static-pages/6922dfba933eb65569e23b0a,https://objectstorage.ap-dcc-gazipur-1.oraclecloud15.com/n/axvjbnqprylg/b/V2Ministry/o/office-doe/2024/12/2ca2d4fc40f34326ae67d4c9d6efd1bd.pdf,,pdf,573196,7b77866fda2406edb8667ff2b4dbc00399ac197f04d4a61c2db3c81f79f97f65,processed_then_deleted,2026-08-06T20:58:01+00:00,ok
daily_aqi,2025-07-02,AQI for 02 nd July 2025,https://doe.gov.bd/pages/static-pages/6922dfba933eb65569e23b0a,https://objectstorage.ap-dcc-gazipur-1.oraclecloud15.com/n/axvjbnqprylg/b/V2Ministry/o/office-doe/2024/12/9329f10659d04e41991740d02df9f3d0.pdf,,pdf,572656,21709b009cd974bfdae3771c706812b9035de646110522bd18d382e8900a1994,processed_then_deleted,2026-08-06T20:58:01+00:00,ok
daily_aqi,2025-07-03,AQI for 03 rd July 2025,https://doe.gov.bd/pages/static-pages/6922dfba933eb65569e23b0a,https://objectstorage.ap-dcc-gazipur-1.oraclecloud15.com/n/axvjbnqprylg/b/V2Ministry/o/office-doe/2024/12/b2cedea7da5b4343b5b2259a15f61ef1.pdf,,pdf,573272,037a777770312eba8ce59916305c4a7b8b084101a20678df84d9752622d2d239,processed_then_deleted,2026-08-06T20:58:01+00:00,ok
daily_aqi,2025-07-04,AQI for 04 th July 2025,https://doe.gov.bd/pages/static-pages/6922dfba933eb65569e23b0a,https://objectstorage.ap-dcc-gazipur-1.oraclecloud15.com/n/axvjbnqprylg/b/V2Ministry/o/office-doe/2024/12/5ac5e24b5dcf425fa7d7d548d76486e7.pdf,,pdf,573060,b155e8dc413c6b401a2e324682609456e29a7ea693ec77fca38946665a75ca89,processed_then_deleted,2026-08-06T20:58:01+00:00,ok
daily_aqi,2025-07-05,AQI for 05 th July 2025,https://doe.gov.bd/pages/static-pages/6922dfba933eb65569e23b0a,https://objectstorage.ap-dcc-gazipur-1.oraclecloud15.com/n/axvjbnqprylg/b/V2Ministry/o/office-doe/2024/12/f48b3a987974439eb6064dbef1ce6a37.pdf,,pdf,572668,06a897b19f10eadf8a5d6f6283cf48bd86ed85ce81fe3de366063c2d8c991cce,processed_then_deleted,2026-08-06T20:58:01+00:00,ok
daily_aqi,2025-07-06,AQI for 06 th July 2025,https://doe.gov.bd/pages/static-pages/6922dfba933eb65569e23b0a,https://objectstorage.ap-dcc-gazipur-1.oraclecloud15.com/n/axvjbnqprylg/b/V2Ministry/o/office-doe/2024/12/50165f26318d4576bcedbbf67cf3f2d9.pdf,,pdf,573252,fb1a7f968246966f4e347a5754b590d25a9a287f8f7a4d03f85a09a00f6d3000,processed_then_deleted,2026-08-06T20:58:01+00:00,ok
daily_aqi,2025-07-07,AQI for 07 th July 2025,https://doe.gov.bd/pages/static-pages/6922dfba933eb65569e23b0a,https://objectstorage.ap-dcc-gazipur-1.oraclecloud15.com/n/axvjbnqprylg/b/V2Ministry/o/office-doe/2024/12/958b62b9519544aabb8c70795fa28465.pdf,,pdf,559401,fa5c1584979f30485785943799bcc8bba35047fa0881ae6a5fada3bd81ff3820,processed_then_deleted,2026-08-06T20:58:01+00:00,ok
daily_aqi,2025-07-08,AQI for 08 th July 2025,https://doe.gov.bd/pages/static-pages/6922dfba933eb65569e23b0a,https://objectstorage.ap-dcc-gazipur-1.oraclecloud15.com/n/axvjbnqprylg/b/V2Ministry/o/office-doe/2024/12/80b518960e934615a4b54b61bcd171e1.pdf,,pdf,560435,c46a06abd02db9400f642acc8730b91329b0c8ad727ac8b0db05230f85aed5f8,processed_then_deleted,2026-08-06T20:58:01+00:00,ok
daily_aqi,2025-07-09,AQI for 09 th July 2025,https://doe.gov.bd/pages/static-pages/6922dfba933eb65569e23b0a,https://objectstorage.ap-dcc-gazipur-1.oraclecloud15.com/n/axvjbnqprylg/b/V2Ministry/o/office-doe/2024/12/de67d482874144a29a5fe9f1a4d8c11e.pdf,,pdf,560232,a5def4939e8159fd43e10080a57d127492fc4554d1398256a31316328e06f82d,processed_then_deleted,2026-08-06T20:58:01+00:00,ok
daily_aqi,2025-07-10,AQI for 10 th July 2025,https://doe.gov.bd/pages/static-pages/6922dfba933eb65569e23b0a,https://objectstorage.ap-dcc-gazipur-1.oraclecloud15.com/n/axvjbnqprylg/b/V2Ministry/o/office-doe/2024/12/a30033674dc34c538f9243374a803373.pdf,,pdf,560329,bd0d1de35bfd9d875abb131c6e26485fd49af5d391576d5fb75880273295969c,processed_then_deleted,2026-08-06T20:58:01+00:00,ok
daily_aqi,2025-07-11,AQI for 11 th July 2025,https://doe.gov.bd/pages/static-pages/6922dfba933eb65569e23b0a,https://objectstorage.ap-dcc-gazipur-1.oraclecloud15.com/n/axvjbnqprylg/b/V2Ministry/o/office-doe/2024/12/e9ccda59c9d64c9d8a0f50ca1bff513c.pdf,,pdf,560350,973fc237f2f507a8c67f3f4d91a6b1cec7c8528767c5dcd7f1d1a7980ac60658,processed_then_deleted,2026-08-06T20:58:01+00:00,ok
daily_aqi,2025-07-13,AQI for 13 th July 2025,https://doe.gov.bd/pages/static-pages/6922dfba933eb65569e23b0a,https://objectstorage.ap-dcc-gazipur-1.oraclecloud15.com/n/axvjbnqprylg/b/V2Ministry/o/office-doe/2024/12/7b77233f12d04826bf80b3ebe8aaf01b.pdf,,pdf,560790,fb35376d4ea19ca8e349133ccaf589672b22b415937809cd44d564e90139b2ad,processed_then_deleted,2026-08-06T20:58:01+00:00,ok
daily_aqi,2025-07-14,AQI for 14 th July 2025,https://doe.gov.bd/pages/static-pages/6922dfba933eb65569e23b0a,https://objectstorage.ap-dcc-gazipur-1.oraclecloud15.com/n/axvjbnqprylg/b/V2Ministry/o/office-doe/2024/12/bcb1530c6a8448f6a29e2d3c14c9b27f.pdf,,pdf,560704,709cd874e51ba4cfaef7d52bf65252fee0fd8928da56241003203f09be9832ba,processed_then_deleted,2026-08-06T20:58:01+00:00,ok
daily_aqi,2025-07-15,AQI for 15 th July 2025,https://doe.gov.bd/pages/static-pages/6922dfba933eb65569e23b0a,https://objectstorage.ap-dcc-gazipur-1.oraclecloud15.com/n/axvjbnqprylg/b/V2Ministry/o/office-doe/2024/12/cd19950302d04c3e9db624074fb29962.pdf,,pdf,560238,34fc23853d1705250c396226e3b5c4cc7768ed08c6011df48d3c76a31332706d,processed_then_deleted,2026-08-06T20:58:01+00:00,ok
daily_aqi,2025-07-16,AQI for 16 th July 2025,https://doe.gov.bd/pages/static-pages/6922dfba933eb65569e23b0a,https://objectstorage.ap-dcc-gazipur-1.oraclecloud15.com/n/axvjbnqprylg/b/V2Ministry/o/office-doe/2024/12/7c78fb03731448948c2874e398c43705.pdf,,pdf,573136,6b93c538af880259465447f9dca54356dab1e252509f5ce7f4227699d932950e,processed_then_deleted,2026-08-06T20:58:01+00:00,ok
daily_aqi,2025-07-17,AQI for 17 th July 2025,https://doe.gov.bd/pages/static-pages/6922dfba933eb65569e23b0a,https://objectstorage.ap-dcc-gazipur-1.oraclecloud15.com/n/axvjbnqprylg/b/V2Ministry/o/office-doe/2024/12/7cfd19f25e4541f2925739e2e014b57e.pdf,,pdf,573220,7ba1eedb20e67092fc83df6ae7fd034fc299c08cad3a21e6b7eb15fa5b234322,processed_then_deleted,2026-08-06T20:58:01+00:00,ok
daily_aqi,2025-07-18,AQI for 18 th July 2025,https://doe.gov.bd/pages/static-pages/6922dfba933eb65569e23b0a,https://objectstorage.ap-dcc-gazipur-1.oraclecloud15.com/n/axvjbnqprylg/b/V2Ministry/o/office-doe/2024/12/4e23c867b7c24e83934ced2fb941ba6d.pdf,,pdf,582269,5bee02fa57cbea51d5be1e26ca7207b3c106e7b0e02dc7202b3536474ad47d3b,processed_then_deleted,2026-08-06T20:58:01+00:00,ok
daily_aqi,2025-07-19,AQI for 19 th July 2025,https://doe.gov.bd/pages/static-pages/6922dfba933eb65569e23b0a,https://objectstorage.ap-dcc-gazipur-1.oraclecloud15.com/n/axvjbnqprylg/b/V2Ministry/o/office-doe/2024/12/af18a03f53294430b43a4c7edf4080b1.pdf,,pdf,573673,76f78c1d1201643d4f2504635b4e60cb86915407c59a225f6aaa979ac6319b89,processed_then_deleted,2026-08-06T20:58:01+00:00,ok
daily_aqi,2025-07-20,AQI for 20 th July 2025,https://doe.gov.bd/pages/static-pages/6922dfba933eb65569e23b0a,https://objectstorage.ap-dcc-gazipur-1.oraclecloud15.com/n/axvjbnqprylg/b/V2Ministry/o/office-doe/2024/12/e6c9d08e2b414850aee923c92f267c81.pdf,,pdf,572630,52e71b24488225be2bbbbab0ee668f848ec09d8150a87f36a6575530bd679004,processed_then_deleted,2026-08-06T20:58:01+00:00,ok
daily_aqi,2025-07-21,AQI for 21 th July 2025,https://doe.gov.bd/pages/static-pages/6922dfba933eb65569e23b0a,https://objectstorage.ap-dcc-gazipur-1.oraclecloud15.com/n/axvjbnqprylg/b/V2Ministry/o/office-doe/2024/12/af62c94053fd43cea33ea4f096b70794.pdf,,pdf,572038,7d5039edcccb5c12c5a6b030d48526eb873c27bc084052bcd4586a90728bb85e,processed_then_deleted,2026-08-06T20:58:01+00:00,ok
daily_aqi,2025-07-22,AQI for 22 th July 2025,https://doe.gov.bd/pages/static-pages/6922dfba933eb65569e23b0a,https://objectstorage.ap-dcc-gazipur-1.oraclecloud15.com/n/axvjbnqprylg/b/V2Ministry/o/office-doe/2024/12/d671bfb0c0634be8a773c423c2a97984.pdf,,pdf,572566,74b2fa836247b307918a5a697b44ff4d7dfce226f5f38d7e37365ad8c2d8e740,processed_then_deleted,2026-08-06T20:58:01+00:00,ok
daily_aqi,2025-07-23,AQI for 23 th July 2025,https://doe.gov.bd/pages/static-pages/6922dfba933eb65569e23b0a,https://objectstorage.ap-dcc-gazipur-1.oraclecloud15.com/n/axvjbnqprylg/b/V2Ministry/o/office-doe/2024/12/cfef31e08c7748b7ac641da7342c868d.pdf,,pdf,573176,6871295e3eb6836c97cff785a5955d2b36ec37af00bcb7618ffeee530bf34d72,processed_then_deleted,2026-08-06T20:58:01+00:00,ok
daily_aqi,2025-07-24,AQI for 24 th July 2025,https://doe.gov.bd/pages/static-pages/6922dfba933eb65569e23b0a,https://objectstorage.ap-dcc-gazipur-1.oraclecloud15.com/n/axvjbnqprylg/b/V2Ministry/o/office-doe/2024/12/79e9e3a0136e4b0589de4c97127986d2.pdf,,pdf,573150,fe1ea8c9f6df667a60b6388cf64bbcbf8b603cae7535cbd9c7ce8ab64cce66b6,processed_then_deleted,2026-08-06T20:58:01+00:00,ok
daily_aqi,2025-07-25,AQI for 25 th July 2025,https://doe.gov.bd/pages/static-pages/6922dfba933eb65569e23b0a,https://objectstorage.ap-dcc-gazipur-1.oraclecloud15.com/n/axvjbnqprylg/b/V2Ministry/o/office-doe/2024/12/3f8f949c4e154907aa87b2d8cc687863.pdf,,pdf,571818,8f7e305aae140bfa2c16b67ca251bdd74a8485156cdc1beb23e8f12d606df1d1,processed_then_deleted,2026-08-06T20:58:01+00:00,ok
daily_aqi,2025-07-26,AQI for 26 th July 2025,https://doe.gov.bd/pages/static-pages/6922dfba933eb65569e23b0a,https://objectstorage.ap-dcc-gazipur-1.oraclecloud15.com/n/axvjbnqprylg/b/V2Ministry/o/office-doe/2024/12/13cd5c12e1084e86a7dff4dff0da2210.pdf,,pdf,580779,01bb1b705b4f0cb1c47fd41130a7162f19ad625563bddb9608a53f3b23c2cf48,processed_then_deleted,2026-08-06T20:58:01+00:00,ok
daily_aqi,2025-07-27,AQI for 27 th July 2025,https://doe.gov.bd/pages/static-pages/6922dfba933eb65569e23b0a,https://objectstorage.ap-dcc-gazipur-1.oraclecloud15.com/n/axvjbnqprylg/b/V2Ministry/o/office-doe/2024/12/408c858a37ad49739c85d6b5911be071.pdf,,pdf,572694,6d3b182f15a96c16cdd42c1cdee978360907e2aebb583a268dcc9c1849f00f82,processed_then_deleted,2026-08-06T20:58:01+00:00,ok
daily_aqi,2025-07-28,AQI for 28 th July 2025,https://doe.gov.bd/pages/static-pages/6922dfba933eb65569e23b0a,https://objectstorage.ap-dcc-gazipur-1.oraclecloud15.com/n/axvjbnqprylg/b/V2Ministry/o/office-doe/2024/12/93bdf7b6c47e4e1ca6d0fc74ef44dc3c.pdf,,pdf,573517,dc4eda990191c0d517046429bd56c01885d07e8a1a73a1b73ca041587b2d5cf2,processed_then_deleted,2026-08-06T20:58:01+00:00,ok
daily_aqi,2025-07-29,AQI for 29 th July 2025,https://doe.gov.bd/pages/static-pages/6922dfba933eb65569e23b0a,https://objectstorage.ap-dcc-gazipur-1.oraclecloud15.com/n/axvjbnqprylg/b/V2Ministry/o/office-doe/2024/12/3a3aeb6124b2470bb96f17cb82dbaee6.pdf,,pdf,573290,c704e5e264880bc7c06ecacd50c272f5fb7cd1b512249dded26fb84226d43dbb,processed_then_deleted,2026-08-06T20:58:01+00:00,ok
daily_aqi,2025-07-31,AQI for 31 th July 2025,https://doe.gov.bd/pages/static-pages/6922dfba933eb65569e23b0a,https://objectstorage.ap-dcc-gazipur-1.oraclecloud15.com/n/axvjbnqprylg/b/V2Ministry/o/office-doe/2024/12/51000d5bc48c40df8c9c653dcab93502.pdf,,pdf,573485,dea45342709f9817cb936921081cd90099779c889b2a60be5f1577888aaeee36,processed_then_deleted,2026-08-06T20:58:01+00:00,ok
daily_aqi,2025-08-01,AQI for 01 st August 2025,https://doe.gov.bd/pages/static-pages/6922dfba933eb65569e23b0a,https://objectstorage.ap-dcc-gazipur-1.oraclecloud15.com/n/axvjbnqprylg/b/V2Ministry/o/office-doe/2024/12/083e749079774885bd4388a7644cd9f9.pdf,,pdf,573559,d68c92098e427fe39a913d1dde8aeb10b760c8f95d96d903c9261347b5a212b4,processed_then_deleted,2026-08-06T20:58:01+00:00,ok
daily_aqi,2025-08-02,AQI for 02 nd August 2025,https://doe.gov.bd/pages/static-pages/6922dfba933eb65569e23b0a,https://objectstorage.ap-dcc-gazipur-1.oraclecloud15.com/n/axvjbnqprylg/b/V2Ministry/o/office-doe/2024/12/c5c2cb493e9e4c7e91fb91b7da6891fb.pdf,,pdf,568492,1f9bfddc06c163523d20f5864ecb2241d84685906b4444a7840431a63e1782b6,processed_then_deleted,2026-08-06T20:58:01+00:00,ok
daily_aqi,2025-08-03,AQI for 03 rd August 2025,https://doe.gov.bd/pages/static-pages/6922dfba933eb65569e23b0a,https://objectstorage.ap-dcc-gazipur-1.oraclecloud15.com/n/axvjbnqprylg/b/V2Ministry/o/office-doe/2024/12/be6a165f1b7a4c0fa2b46e454d765c68.pdf,,pdf,569038,1d76996b1a70550d810a0c125a4f0eeaec7f1d62e02d75cfe094cb9816e79262,processed_then_deleted,2026-08-06T20:58:01+00:00,ok
daily_aqi,2025-08-04,AQI for 04 th August 2025,https://doe.gov.bd/pages/static-pages/6922dfba933eb65569e23b0a,https://objectstorage.ap-dcc-gazipur-1.oraclecloud15.com/n/axvjbnqprylg/b/V2Ministry/o/office-doe/2024/12/49ac054480604993a6da93fac266b14b.pdf,,pdf,573477,96cbb97bc5b96c6b6b65ebad5ece4957a97b1ce24620d49b61725bd8a3ae4da7,processed_then_deleted,2026-08-06T20:58:01+00:00,ok
daily_aqi,2025-08-05,AQI for 05 th August 2025,https://doe.gov.bd/pages/static-pages/6922dfba933eb65569e23b0a,https://objectstorage.ap-dcc-gazipur-1.oraclecloud15.com/n/axvjbnqprylg/b/V2Ministry/o/office-doe/2024/12/686b1a741075456894f4e1517136d46b.pdf,,pdf,573046,ff6993663480710f562eef0058f8a4efd372bdc7410c40bc56e3752149d36495,processed_then_deleted,2026-08-06T20:58:01+00:00,ok
daily_aqi,2025-08-06,AQI for 06 th August 2025,https://doe.gov.bd/pages/static-pages/6922dfba933eb65569e23b0a,https://objectstorage.ap-dcc-gazipur-1.oraclecloud15.com/n/axvjbnqprylg/b/V2Ministry/o/office-doe/2024/12/1277cb87b1c94818964aa3afecbdf20d.pdf,,pdf,573577,cf0f7956e78a71ef163e4c28c2d1d3960bde80b2ceb44ba38464855d4ee99b10,processed_then_deleted,2026-08-06T20:58:01+00:00,ok
daily_aqi,2025-08-07,AQI for 07 th August 2025,https://doe.gov.bd/pages/static-pages/6922dfba933eb65569e23b0a,https://objectstorage.ap-dcc-gazipur-1.oraclecloud15.com/n/axvjbnqprylg/b/V2Ministry/o/office-doe/2024/12/74242edd2f33475ab66646d12f5ebc5c.pdf,,pdf,573465,f36aaf57964204e846feff31e983e3f6898e19195b0a4125049f626d5d1f5114,processed_then_deleted,2026-08-06T20:58:01+00:00,ok
daily_aqi,2025-08-08,AQI for 08 th August 2025,https://doe.gov.bd/pages/static-pages/6922dfba933eb65569e23b0a,https://objectstorage.ap-dcc-gazipur-1.oraclecloud15.com/n/axvjbnqprylg/b/V2Ministry/o/office-doe/2024/12/f241557abff943e0b078afab0bbfeb53.pdf,,pdf,573436,c85d00c2c57f8ae8b4aba88f6859f8cdd9245af52f38515c7f4deeee782a15e4,processed_then_deleted,2026-08-06T20:58:01+00:00,ok
daily_aqi,2025-08-09,AQI for 09 th August 2025,https://doe.gov.bd/pages/static-pages/6922dfba933eb65569e23b0a,https://objectstorage.ap-dcc-gazipur-1.oraclecloud15.com/n/axvjbnqprylg/b/V2Ministry/o/office-doe/2024/12/0b0978b5007443f7a7c9a7cbec7c6010.pdf,,pdf,573554,b96e3a767b299959d6fd151f39a5ef41970916cbfb4588c455d18c6c3e491449,processed_then_deleted,2026-08-06T20:58:01+00:00,ok
daily_aqi,2025-08-10,AQI for 10 th August 2025,https://doe.gov.bd/pages/static-pages/6922dfba933eb65569e23b0a,https://objectstorage.ap-dcc-gazipur-1.oraclecloud15.com/n/axvjbnqprylg/b/V2Ministry/o/office-doe/2024/12/c7d37a493f0f493fb62731c3e7172a0a.pdf,,pdf,573464,c412b7446191146f86156f04c176efd60fa4b2bb37713687ba1dbe128b8104c7,processed_then_deleted,2026-08-06T20:58:01+00:00,ok
daily_aqi,2025-08-11,AQI for 11 th August 2025,https://doe.gov.bd/pages/static-pages/6922dfba933eb65569e23b0a,https://objectstorage.ap-dcc-gazipur-1.oraclecloud15.com/n/axvjbnqprylg/b/V2Ministry/o/office-doe/2024/12/95cb39fca5c2408c95e4d943c05fc689.pdf,,pdf,573555,881db1f6ab614cdfd0827665fc7f1c3e6f78f3c0e4910e4ac7690c315cd7dda4,processed_then_deleted,2026-08-06T20:58:01+00:00,ok
daily_aqi,2025-08-14,AQI for 14 th August 2025,https://doe.gov.bd/pages/static-pages/6922dfba933eb65569e23b0a,https://objectstorage.ap-dcc-gazipur-1.oraclecloud15.com/n/axvjbnqprylg/b/V2Ministry/o/office-doe/2024/12/9f838b62d25547538cb44d7765f90baf.pdf,,pdf,560916,732ab5f7af8b9182a3c7fd6b2e26e26b179edba95b4b5c53bce5b68bb35f7c3c,processed_then_deleted,2026-08-06T20:58:01+00:00,ok
daily_aqi,2025-08-15,AQI for 15 th August 2025,https://doe.gov.bd/pages/static-pages/6922dfba933eb65569e23b0a,https://objectstorage.ap-dcc-gazipur-1.oraclecloud15.com/n/axvjbnqprylg/b/V2Ministry/o/office-doe/2024/12/fc20b8aca9cf4d55b919cee6df4d9485.pdf,,pdf,560547,5467fe7398de32acc1addd73e39247e53f573c5eaf384f3075a5ea8269723412,processed_then_deleted,2026-08-06T20:58:01+00:00,ok
daily_aqi,2025-08-16,AQI for 16 th August 2025,https://doe.gov.bd/pages/static-pages/6922dfba933eb65569e23b0a,https://objectstorage.ap-dcc-gazipur-1.oraclecloud15.com/n/axvjbnqprylg/b/V2Ministry/o/office-doe/2024/12/6bcaa298de2443b6870363e16f9d667a.pdf,,pdf,561178,2f75976945bbf95c33fc1e8e5ef6c06887947dba0870377b34d095601cc7a4df,processed_then_deleted,2026-08-06T20:58:01+00:00,ok
daily_aqi,2025-08-17,AQI for 17 th August 2025,https://doe.gov.bd/pages/static-pages/6922dfba933eb65569e23b0a,https://objectstorage.ap-dcc-gazipur-1.oraclecloud15.com/n/axvjbnqprylg/b/V2Ministry/o/office-doe/2024/12/c73975ff580b45cca7288fc490b1b51c.pdf,,pdf,573973,79bb4dab0a0b18ab71730687ce2ec9e3639677bfc0ea1bce88acb88e0c479f88,processed_then_deleted,2026-08-06T20:58:01+00:00,ok
daily_aqi,2025-08-18,AQI for 18 th August 2025,https://doe.gov.bd/pages/static-pages/6922dfba933eb65569e23b0a,https://objectstorage.ap-dcc-gazipur-1.oraclecloud15.com/n/axvjbnqprylg/b/V2Ministry/o/office-doe/2024/12/81e76f29f57a4f7da3ee45a45032c1ad.pdf,,pdf,573417,3c010962dba59e73690b68fb9694fc1b33640f0c951a7ab9750d8f2b989d5fee,processed_then_deleted,2026-08-06T20:58:01+00:00,ok
daily_aqi,2025-08-19,AQI for 19 th August 2025,https://doe.gov.bd/pages/static-pages/6922dfba933eb65569e23b0a,https://objectstorage.ap-dcc-gazipur-1.oraclecloud15.com/n/axvjbnqprylg/b/V2Ministry/o/office-doe/2024/12/7b85c52a05c1495398569f596ec9bbb3.pdf,,pdf,574015,32875420599f35f774cd3c2d3075eb5358ad854b49d4d75e43d76023c1edc2ba,processed_then_deleted,2026-08-06T20:58:01+00:00,ok
daily_aqi,2025-08-20,AQI for 20 th August 2025,https://doe.gov.bd/pages/static-pages/6922dfba933eb65569e23b0a,https://objectstorage.ap-dcc-gazipur-1.oraclecloud15.com/n/axvjbnqprylg/b/V2Ministry/o/office-doe/2024/12/dbd9c702eee64b3d938b18fbaf864a57.pdf,,pdf,573029,532c65122a1825cd0bb717ba65aa0fc541f09a66abff6c8006bd094e58f06970,processed_then_deleted,2026-08-06T20:58:01+00:00,ok
daily_aqi,2025-08-21,AQI for 21 th August 2025,https://doe.gov.bd/pages/static-pages/6922dfba933eb65569e23b0a,https://objectstorage.ap-dcc-gazipur-1.oraclecloud15.com/n/axvjbnqprylg/b/V2Ministry/o/office-doe/2024/12/a7463e2eb5444e4688f5fcaacc802c90.pdf,,pdf,573370,8d93c41a594c18a2698d4391f80b638eeac4860e06503ac28c83e626f4a41b9f,processed_then_deleted,2026-08-06T20:58:01+00:00,ok
daily_aqi,2025-08-22,AQI for 22 th August 2025,https://doe.gov.bd/pages/static-pages/6922dfba933eb65569e23b0a,https://objectstorage.ap-dcc-gazipur-1.oraclecloud15.com/n/axvjbnqprylg/b/V2Ministry/o/office-doe/2024/12/d5dbc0dda9204066bb3f4204e1c27d92.pdf,,pdf,573014,8e19c7c60972006ebe2de4863917353651221c383e9c6a162ac25d74aaad1d13,processed_then_deleted,2026-08-06T20:58:01+00:00,ok
daily_aqi,2025-08-23,AQI for 23 th August 2025,https://doe.gov.bd/pages/static-pages/6922dfba933eb65569e23b0a,https://objectstorage.ap-dcc-gazipur-1.oraclecloud15.com/n/axvjbnqprylg/b/V2Ministry/o/office-doe/2024/12/d0dfea47fc2348f584517d2535a33561.pdf,,pdf,573504,996ef4185541e92c9e2593fabd1ba774a6a0ff38d3a6ce6f702a0a8348da60f1,processed_then_deleted,2026-08-06T20:58:01+00:00,ok
daily_aqi,2025-08-24,AQI for 24 th August 2025,https://doe.gov.bd/pages/static-pages/6922dfba933eb65569e23b0a,https://objectstorage.ap-dcc-gazipur-1.oraclecloud15.com/n/axvjbnqprylg/b/V2Ministry/o/office-doe/2024/12/e6a2beacd31c4e5ba276466a7b9f83e3.pdf,,pdf,573442,4d76779346b14eefe4ae1f40f426db1a7d3e616bf74ad483902fc5feb3b7ff98,processed_then_deleted,2026-08-06T20:58:01+00:00,ok
daily_aqi,2025-08-25,AQI for 25 th August 2025,https://doe.gov.bd/pages/static-pages/6922dfba933eb65569e23b0a,https://objectstorage.ap-dcc-gazipur-1.oraclecloud15.com/n/axvjbnqprylg/b/V2Ministry/o/office-doe/2024/12/8fe5407bf9c54742bacfb8da4604f454.pdf,,pdf,573085,7e6b6b6bcb1ece9b01d304550cc77f43ae63556ac8500207a66ea23fc3c1ef53,processed_then_deleted,2026-08-06T20:58:01+00:00,ok
daily_aqi,2025-08-26,AQI for 26 th August 2025,https://doe.gov.bd/pages/static-pages/6922dfba933eb65569e23b0a,https://objectstorage.ap-dcc-gazipur-1.oraclecloud15.com/n/axvjbnqprylg/b/V2Ministry/o/office-doe/2024/12/0ec5b2d23d014eb9abed33c44fb75013.pdf,,pdf,573571,7d6754dd6f6af6b007605d4084343fc0bb5b8f8959192e4a3ffd31caa99ebcf4,processed_then_deleted,2026-08-06T20:58:01+00:00,ok
daily_aqi,2025-08-27,AQI for 27 th August 2025,https://doe.gov.bd/pages/static-pages/6922dfba933eb65569e23b0a,https://objectstorage.ap-dcc-gazipur-1.oraclecloud15.com/n/axvjbnqprylg/b/V2Ministry/o/office-doe/2024/12/56fc604ba4594b9790b42ab07b681288.pdf,,pdf,573444,d0b959fc0290256ebe154b4317ff3f7bc5376919c92e9aa587bdfc7f37a15429,processed_then_deleted,2026-08-06T20:58:01+00:00,ok
daily_aqi,2025-08-28,AQI for 28 th August 2025,https://doe.gov.bd/pages/static-pages/6922dfba933eb65569e23b0a,https://objectstorage.ap-dcc-gazipur-1.oraclecloud15.com/n/axvjbnqprylg/b/V2Ministry/o/office-doe/2024/12/d020fb40b6504c898f87eeaf0bc55f61.pdf,,pdf,573388,0d903ecb1fa4238e0f60272140b02ad640378b9c6ded7786645fb7081e8344ef,processed_then_deleted,2026-08-06T20:58:01+00:00,ok
daily_aqi,2025-08-29,AQI for 29 th August 2025,https://doe.gov.bd/pages/static-pages/6922dfba933eb65569e23b0a,https://objectstorage.ap-dcc-gazipur-1.oraclecloud15.com/n/axvjbnqprylg/b/V2Ministry/o/office-doe/2024/12/d53d7b0a5b624fd38f47eae16a01a9a6.pdf,,pdf,573490,21c77046ad089088ce6950e4aabe0ee5e4aa73c0c64a652ed112ddc77e5e879b,processed_then_deleted,2026-08-06T20:58:01+00:00,ok
daily_aqi,2025-08-30,AQI for 30 th August 2025,https://doe.gov.bd/pages/static-pages/6922dfba933eb65569e23b0a,https://objectstorage.ap-dcc-gazipur-1.oraclecloud15.com/n/axvjbnqprylg/b/V2Ministry/o/office-doe/2024/12/4a44054fba784677a6fc3eca1a346335.pdf,,pdf,573535,bda092257309d658c2903225f1a7393de657b2f26cdada2cfa555d47e1661d17,processed_then_deleted,2026-08-06T20:58:01+00:00,ok
daily_aqi,2025-08-31,AQI for 31 th August 2025,https://doe.gov.bd/pages/static-pages/6922dfba933eb65569e23b0a,https://objectstorage.ap-dcc-gazipur-1.oraclecloud15.com/n/axvjbnqprylg/b/V2Ministry/o/office-doe/2024/12/e10933c19191477f82866855979850a6.pdf,,pdf,574033,6bfb82c0e2edc89609dfc12c4285f04a66c6eec064cbdd0256e37334329f9f82,processed_then_deleted,2026-08-06T20:58:01+00:00,ok
daily_aqi,2025-09-01,AQI for 01 st September 2025,https://doe.gov.bd/pages/static-pages/6922dfba933eb65569e23b0a,https://objectstorage.ap-dcc-gazipur-1.oraclecloud15.com/n/axvjbnqprylg/b/V2Ministry/o/office-doe/2024/12/f02188b4d4514bb29620ad60f7454df3.pdf,,pdf,573376,435408e26bc6669f433763eabd1b3acd4a9457c6052d52c62506d63a2730335e,processed_then_deleted,2026-08-06T20:58:01+00:00,ok
daily_aqi,2025-09-02,AQI for 02 nd September 2025,https://doe.gov.bd/pages/static-pages/6922dfba933eb65569e23b0a,https://objectstorage.ap-dcc-gazipur-1.oraclecloud15.com/n/axvjbnqprylg/b/V2Ministry/o/office-doe/2024/12/97233b8eb47e45a3ba70dd1fdea459fd.pdf,,pdf,572085,6a5c806eba4295dfba6b54eb894154efcb194fe67595090e841b6f14e59812c5,processed_then_deleted,2026-08-06T20:58:01+00:00,ok
daily_aqi,2025-09-03,AQI for 03 rd September 2025,https://doe.gov.bd/pages/static-pages/6922dfba933eb65569e23b0a,https://objectstorage.ap-dcc-gazipur-1.oraclecloud15.com/n/axvjbnqprylg/b/V2Ministry/o/office-doe/2024/12/0b3f17be8bae4c128592d85a4beaa299.pdf,,pdf,573479,b5cf2a7fad586d23f30ac72b6b93470077eb56940985b95d74888a7dd255965d,processed_then_deleted,2026-08-06T20:58:01+00:00,ok
daily_aqi,2025-09-04,AQI for 04 th September 2025,https://doe.gov.bd/pages/static-pages/6922dfba933eb65569e23b0a,https://objectstorage.ap-dcc-gazipur-1.oraclecloud15.com/n/axvjbnqprylg/b/V2Ministry/o/office-doe/2024/12/2adf398391704ef9905d5e0c94b02792.pdf,,pdf,573346,38a26de07e4b1c54461eda0a3682f89609a923246132472521023f9de6a06e18,processed_then_deleted,2026-08-06T20:58:01+00:00,ok
daily_aqi,2025-09-05,AQI for 05 th September 2025,https://doe.gov.bd/pages/static-pages/6922dfba933eb65569e23b0a,https://objectstorage.ap-dcc-gazipur-1.oraclecloud15.com/n/axvjbnqprylg/b/V2Ministry/o/office-doe/2024/12/98d293d2dcf14b1cae64fb51cc3de793.pdf,,pdf,590267,cf44bf1129e631c8bf9224ea0b9d42ae2ecbc554f860a50ba565bcf7dd7b3ba5,processed_then_deleted,2026-08-06T20:58:01+00:00,ok
daily_aqi,2025-09-06,AQI for 06 th September 2025,https://doe.gov.bd/pages/static-pages/6922dfba933eb65569e23b0a,https://objectstorage.ap-dcc-gazipur-1.oraclecloud15.com/n/axvjbnqprylg/b/V2Ministry/o/office-doe/2024/12/57a79b407dc44e2696f8c6b6acc9eed0.pdf,,pdf,573364,836c9527ce302d53b7bab80616c1d09a717e29562b4613072ecf63708081687c,processed_then_deleted,2026-08-06T20:58:01+00:00,ok
daily_aqi,2025-09-07,AQI for 07 th September 2025,https://doe.gov.bd/pages/static-pages/6922dfba933eb65569e23b0a,https://objectstorage.ap-dcc-gazipur-1.oraclecloud15.com/n/axvjbnqprylg/b/V2Ministry/o/office-doe/2024/12/146f442af2d74511931f37c2afaf30d4.pdf,,pdf,573320,c8b3156f4c51785fb5df54f069f294a9dc079701db8183da637b279249c8febd,processed_then_deleted,2026-08-06T20:58:01+00:00,ok
daily_aqi,2025-09-08,AQI for 08 th September 2025,https://doe.gov.bd/pages/static-pages/6922dfba933eb65569e23b0a,https://objectstorage.ap-dcc-gazipur-1.oraclecloud15.com/n/axvjbnqprylg/b/V2Ministry/o/office-doe/2024/12/5e76b4294c5d4879a8342ed68d825c50.pdf,,pdf,573546,3f7dc50aa64ceaf8be35c45525959c8c51dcaa4f041fe85e41f01340d1b9c45a,processed_then_deleted,2026-08-06T20:58:01+00:00,ok
daily_aqi,2025-09-09,AQI for 09 th September 2025,https://doe.gov.bd/pages/static-pages/6922dfba933eb65569e23b0a,https://objectstorage.ap-dcc-gazipur-1.oraclecloud15.com/n/axvjbnqprylg/b/V2Ministry/o/office-doe/2024/12/b0af2b6602d042ca8000b2c539c73818.pdf,,pdf,572971,bc5092b2249cc4ebdb7e9ac0ee468d9e6a60d655866120bd647d9b8484855514,processed_then_deleted,2026-08-06T20:58:01+00:00,ok
daily_aqi,2025-09-10,AQI for 10 th September 2025,https://doe.gov.bd/pages/static-pages/6922dfba933eb65569e23b0a,https://objectstorage.ap-dcc-gazipur-1.oraclecloud15.com/n/axvjbnqprylg/b/V2Ministry/o/office-doe/2024/12/2770a890633a49f89c5db277e51a6db7.pdf,,pdf,573386,76fdbbb796c6853ac41fd66b947a58c4b14278e70f4c4a4bf97a4bcc676bfff0,processed_then_deleted,2026-08-06T20:58:01+00:00,ok
daily_aqi,2025-09-11,AQI for 11 th September 2025,https://doe.gov.bd/pages/static-pages/6922dfba933eb65569e23b0a,https://objectstorage.ap-dcc-gazipur-1.oraclecloud15.com/n/axvjbnqprylg/b/V2Ministry/o/office-doe/2024/12/f96d0bf479f3463882aeb08496f1a588.pdf,,pdf,573389,e53840025435f04f7be6d8a09096165990919ad69524c66a4e2cb61bfd5f02c6,processed_then_deleted,2026-08-06T20:58:01+00:00,ok
daily_aqi,2025-09-12,AQI for 12 th September 2025,https://doe.gov.bd/pages/static-pages/6922dfba933eb65569e23b0a,https://objectstorage.ap-dcc-gazipur-1.oraclecloud15.com/n/axvjbnqprylg/b/V2Ministry/o/office-doe/2024/12/2ad5a726f2a445baa661cf36f02e4635.pdf,,pdf,573411,5765f70d63bca4f82632d22b8decbd61614e93661aa16a6aa48a40df87efa723,processed_then_deleted,2026-08-06T20:58:01+00:00,ok
daily_aqi,2025-09-13,AQI for 13 th September 2025,https://doe.gov.bd/pages/static-pages/6922dfba933eb65569e23b0a,https://objectstorage.ap-dcc-gazipur-1.oraclecloud15.com/n/axvjbnqprylg/b/V2Ministry/o/office-doe/2024/12/03474420365c400b95bed095ea5b0c0f.pdf,,pdf,573647,7fc10e3aad43df7f62abafeb0bc6f7ac62fc7913ad5bdcaff8382c9af3fc6b3c,processed_then_deleted,2026-08-06T20:58:01+00:00,ok
daily_aqi,2025-09-14,AQI for 14 th September 2025,https://doe.gov.bd/pages/static-pages/6922dfba933eb65569e23b0a,https://objectstorage.ap-dcc-gazipur-1.oraclecloud15.com/n/axvjbnqprylg/b/V2Ministry/o/office-doe/2024/12/2f61e17d26184f0cb10755c7eef7acf1.pdf,,pdf,573627,4262587378e5fae3c659688a775ad72cbd79b22e153d18061f29e854a79cc0cf,processed_then_deleted,2026-08-06T20:58:01+00:00,ok
daily_aqi,2025-09-15,AQI for 15 th September 2025,https://doe.gov.bd/pages/static-pages/6922dfba933eb65569e23b0a,https://objectstorage.ap-dcc-gazipur-1.oraclecloud15.com/n/axvjbnqprylg/b/V2Ministry/o/office-doe/2024/12/885cfab64f174aab87a862d3458d925b.pdf,,pdf,573191,adf8de0c2e07ff60c71f4a802901286cb96ece358f1f22b4e5a0c0f28d736234,processed_then_deleted,2026-08-06T20:58:01+00:00,ok
daily_aqi,2025-09-16,AQI for 16 th September 2025,https://doe.gov.bd/pages/static-pages/6922dfba933eb65569e23b0a,https://objectstorage.ap-dcc-gazipur-1.oraclecloud15.com/n/axvjbnqprylg/b/V2Ministry/o/office-doe/2024/12/461ab9c60d9e428da48234d25604c2c7.pdf,,pdf,619117,76d07455799b075b8d17b355e88eded68f24ea069c93218e84ced175cf995e55,processed_then_deleted,2026-08-06T20:58:01+00:00,ok
daily_aqi,2025-09-17,AQI for 17 th September 2025,https://doe.gov.bd/pages/static-pages/6922dfba933eb65569e23b0a,https://objectstorage.ap-dcc-gazipur-1.oraclecloud15.com/n/axvjbnqprylg/b/V2Ministry/o/office-doe/2024/12/0f0ad766610e4625ba3aa28ce8f1a175.pdf,,pdf,598434,df931f6f3334d51531bded40c3f8e5a6f23ec9cc10e567be80e76a6b4d4620b5,processed_then_deleted,2026-08-06T20:58:01+00:00,ok
daily_aqi,2025-09-18,AQI for 18 th September 2025,https://doe.gov.bd/pages/static-pages/6922dfba933eb65569e23b0a,https://objectstorage.ap-dcc-gazipur-1.oraclecloud15.com/n/axvjbnqprylg/b/V2Ministry/o/office-doe/2024/12/874df26585ab4b1a893215ca2d9a0286.pdf,,pdf,598402,27cbb2f3567a32e65e4d462b5a523a91b26c204d5d1098727b37861342575499,processed_then_deleted,2026-08-06T20:58:01+00:00,ok
daily_aqi,2025-09-19,AQI for 19 th September 2025,https://doe.gov.bd/pages/static-pages/6922dfba933eb65569e23b0a,https://objectstorage.ap-dcc-gazipur-1.oraclecloud15.com/n/axvjbnqprylg/b/V2Ministry/o/office-doe/2024/12/ba3a498fb50143078dac83e0f6ca41d0.pdf,,pdf,598085,9103333993ab04626e986818f3ea9c8c5169db79dba05d4d5393a0aac592c6db,processed_then_deleted,2026-08-06T20:58:01+00:00,ok
daily_aqi,2025-09-20,AQI for 20 th September 2025,https://doe.gov.bd/pages/static-pages/6922dfba933eb65569e23b0a,https://objectstorage.ap-dcc-gazipur-1.oraclecloud15.com/n/axvjbnqprylg/b/V2Ministry/o/office-doe/2024/12/d882e8814bf844c3b8c5a8781957d818.pdf,,pdf,597587,fe209e7d1a0392ff539c196714964ee5d85b2d2258dbf826cdcd20825b3d71b2,processed_then_deleted,2026-08-06T20:58:01+00:00,ok
daily_aqi,2025-09-21,AQI for 21 th September 2025,https://doe.gov.bd/pages/static-pages/6922dfba933eb65569e23b0a,https://objectstorage.ap-dcc-gazipur-1.oraclecloud15.com/n/axvjbnqprylg/b/V2Ministry/o/office-doe/2024/12/9b048ad6855d4643b6bf262919c864b7.pdf,,pdf,598111,ae8cfa89827705068b54231e0f7ccead216855b79809feb4eceac8186f2e1dd5,processed_then_deleted,2026-08-06T20:58:01+00:00,ok
daily_aqi,2025-09-22,AQI for 22 th September 2025,https://doe.gov.bd/pages/static-pages/6922dfba933eb65569e23b0a,https://objectstorage.ap-dcc-gazipur-1.oraclecloud15.com/n/axvjbnqprylg/b/V2Ministry/o/office-doe/2024/12/4429207d472f4609820fe05845bde838.pdf,,pdf,597682,f8382b450a31c203e793a5e764bad7474eb22a7482ec4c2e7971cc5f590638d5,processed_then_deleted,2026-08-06T20:58:01+00:00,ok
daily_aqi,2025-09-24,AQI for 24 th September 2025,https://doe.gov.bd/pages/static-pages/6922dfba933eb65569e23b0a,https://objectstorage.ap-dcc-gazipur-1.oraclecloud15.com/n/axvjbnqprylg/b/V2Ministry/o/office-doe/2024/12/89fc2a18677c4c34bc7e1f7a85401c96.pdf,,pdf,598157,3f7212ed31fd82cde9405cbabf8267da5437ec9dbfdbd74753b92a0add2d4bf8,processed_then_deleted,2026-08-06T20:58:01+00:00,ok
daily_aqi,2025-09-25,AQI for 25 th September 2025,https://doe.gov.bd/pages/static-pages/6922dfba933eb65569e23b0a,https://objectstorage.ap-dcc-gazipur-1.oraclecloud15.com/n/axvjbnqprylg/b/V2Ministry/o/office-doe/2024/12/3f88efb230e2459f8a7a1c05aa6d3c05.pdf,,pdf,597691,1c47942e2ba189b5355706577a7b4b25a838711ab149b4d303ec585739e45d80,processed_then_deleted,2026-08-06T20:58:01+00:00,ok
daily_aqi,2025-09-26,AQI for 26 th September 2025,https://doe.gov.bd/pages/static-pages/6922dfba933eb65569e23b0a,https://objectstorage.ap-dcc-gazipur-1.oraclecloud15.com/n/axvjbnqprylg/b/V2Ministry/o/office-doe/2024/12/787267bd9274479495bf949ecb3825a9.pdf,,pdf,597310,ee70b4ecdeddc65cff2b56f2e5b98f542df42f2d6979cade30e2ed2d532681a1,processed_then_deleted,2026-08-06T20:58:01+00:00,ok
daily_aqi,2025-09-27,AQI for 27 th September 2025,https://doe.gov.bd/pages/static-pages/6922dfba933eb65569e23b0a,https://objectstorage.ap-dcc-gazipur-1.oraclecloud15.com/n/axvjbnqprylg/b/V2Ministry/o/office-doe/2024/12/6575ad51e9fa4271a27b168fb59b765c.pdf,,pdf,598081,762987086ff106c005619d69a5e53a0be1c4a8b3e314fd4da9f85bb432e7e19d,processed_then_deleted,2026-08-06T20:58:01+00:00,ok
daily_aqi,2025-09-28,AQI for 28 th September 2025,https://doe.gov.bd/pages/static-pages/6922dfba933eb65569e23b0a,https://objectstorage.ap-dcc-gazipur-1.oraclecloud15.com/n/axvjbnqprylg/b/V2Ministry/o/office-doe/2024/12/e2296adbb74a4e22bb5c75c17028cf96.pdf,,pdf,598352,13a0dc46336bed56e3e28dbc1083e4c9527874302c12e8e673c85a00a8d729ea,processed_then_deleted,2026-08-06T20:58:01+00:00,ok
daily_aqi,2025-09-29,AQI for 29 th September 2025,https://doe.gov.bd/pages/static-pages/6922dfba933eb65569e23b0a,https://objectstorage.ap-dcc-gazipur-1.oraclecloud15.com/n/axvjbnqprylg/b/V2Ministry/o/office-doe/2024/12/a52090482b824b78a0b71d9df802c9d2.pdf,,pdf,597642,5bccc783117b1f996a27adcc49b3da2240f1d3536fb9336eb1ef851e798ae0af,processed_then_deleted,2026-08-06T20:58:01+00:00,ok
daily_aqi,2025-09-30,AQI for 30 th September 2025,https://doe.gov.bd/pages/static-pages/6922dfba933eb65569e23b0a,https://objectstorage.ap-dcc-gazipur-1.oraclecloud15.com/n/axvjbnqprylg/b/V2Ministry/o/office-doe/2024/12/5cee3f70453142cfadce75b77cf2b4be.pdf,,pdf,598186,2b264a900f934a00c410263a5dd175d4940f38ebb7556d00f6c1a60b1e3a0cd5,processed_then_deleted,2026-08-06T20:58:01+00:00,ok
daily_aqi,2025-10-01,AQI for 01 st October 2025,https://doe.gov.bd/pages/static-pages/6922dfba933eb65569e23b0a,https://objectstorage.ap-dcc-gazipur-1.oraclecloud15.com/n/axvjbnqprylg/b/V2Ministry/o/office-doe/2024/12/3e18326ca6884ec684e766249edc7cd9.pdf,,pdf,597540,87ce3e51a8f5f97b6db6f5011daffd74a12fed2c237e03aa9f0e861265e789d1,processed_then_deleted,2026-08-06T20:58:01+00:00,ok
daily_aqi,2025-10-02,AQI for 02 nd October 2025,https://doe.gov.bd/pages/static-pages/6922dfba933eb65569e23b0a,https://objectstorage.ap-dcc-gazipur-1.oraclecloud15.com/n/axvjbnqprylg/b/V2Ministry/o/office-doe/2024/12/55350d608b504f03983b548475fb3536.pdf,,pdf,608613,2e43534692aecff17857ac7a6c3451c2ec59aa25146121337d9f48625c8f398c,processed_then_deleted,2026-08-06T20:58:01+00:00,ok
daily_aqi,2025-10-03,AQI for 03 rd October 2025,https://doe.gov.bd/pages/static-pages/6922dfba933eb65569e23b0a,https://objectstorage.ap-dcc-gazipur-1.oraclecloud15.com/n/axvjbnqprylg/b/V2Ministry/o/office-doe/2024/12/64a60204ebd143a5abea510399931ccf.pdf,,pdf,598012,369116fcb05166af88188499eb6c34d00a8833bf6df2cfa64804ccf0a5e7ee35,processed_then_deleted,2026-08-06T20:58:01+00:00,ok
daily_aqi,2025-10-04,AQI for 04 th October 2025,https://doe.gov.bd/pages/static-pages/6922dfba933eb65569e23b0a,https://objectstorage.ap-dcc-gazipur-1.oraclecloud15.com/n/axvjbnqprylg/b/V2Ministry/o/office-doe/2024/12/cbe1c74c7bd843e7bbf200934809e2c1.pdf,,pdf,597977,ab5112872eab4ec39b0a0fd8c866704c6b41d6a96194665671541eaa4c940a20,processed_then_deleted,2026-08-06T20:58:01+00:00,ok
daily_aqi,2025-10-05,AQI for 05 th October 2025,https://doe.gov.bd/pages/static-pages/6922dfba933eb65569e23b0a,https://objectstorage.ap-dcc-gazipur-1.oraclecloud15.com/n/axvjbnqprylg/b/V2Ministry/o/office-doe/2024/12/5508390c484d4757bb5a0275432ce5cb.pdf,,pdf,597411,94d387fa110d83b8d929432d24e6fb33ba0f92e692d080f88dd0302265b00de6,processed_then_deleted,2026-08-06T20:58:01+00:00,ok
daily_aqi,2025-10-06,AQI for 06 th October 2025,https://doe.gov.bd/pages/static-pages/6922dfba933eb65569e23b0a,https://objectstorage.ap-dcc-gazipur-1.oraclecloud15.com/n/axvjbnqprylg/b/V2Ministry/o/office-doe/2024/12/a5d3f462393a4db9944921b5884dca88.pdf,,pdf,598071,544cde00db614b319d1fae3449141020eb720c5677f9f1344ec0e71970282d12,processed_then_deleted,2026-08-06T20:58:01+00:00,ok
daily_aqi,2025-10-07,AQI for 07 th October 2025,https://doe.gov.bd/pages/static-pages/6922dfba933eb65569e23b0a,https://objectstorage.ap-dcc-gazipur-1.oraclecloud15.com/n/axvjbnqprylg/b/V2Ministry/o/office-doe/2024/12/7217187c583d464e9e96bb0becf3c11e.pdf,,pdf,598084,90c3471574df9e7e34b754a00fa6a86c19e9a1298adbd9d445fe6d293be9683a,processed_then_deleted,2026-08-06T20:58:01+00:00,ok
daily_aqi,2025-10-08,AQI for 08 th October 2025,https://doe.gov.bd/pages/static-pages/6922dfba933eb65569e23b0a,https://objectstorage.ap-dcc-gazipur-1.oraclecloud15.com/n/axvjbnqprylg/b/V2Ministry/o/office-doe/2024/12/b6604c5578a94c3aad930acf721d4756.pdf,,pdf,598322,d16575d5355c19ffeeff618bb06200fa8c351fb4cdddec0eeafd6924f3ab9db0,processed_then_deleted,2026-08-06T20:58:01+00:00,ok
daily_aqi,2025-10-09,AQI for 09 th October 2025,https://doe.gov.bd/pages/static-pages/6922dfba933eb65569e23b0a,https://objectstorage.ap-dcc-gazipur-1.oraclecloud15.com/n/axvjbnqprylg/b/V2Ministry/o/office-doe/2024/12/6b1bcb2eced24c249a959713f64891f9.pdf,,pdf,598180,d279381471d6136b97a0b8d1851d0f4e735857c438bbe0b1b65871d472281fae,processed_then_deleted,2026-08-06T20:58:01+00:00,ok
daily_aqi,2025-10-10,AQI for 10 th October 2025,https://doe.gov.bd/pages/static-pages/6922dfba933eb65569e23b0a,https://objectstorage.ap-dcc-gazipur-1.oraclecloud15.com/n/axvjbnqprylg/b/V2Ministry/o/office-doe/2024/12/f2d887d14214407386411aa626154217.pdf,,pdf,597560,3537e1e82b2d43dbffd45d4bd10e1e9acf3f0cb181eec9972e49d6200469ebff,processed_then_deleted,2026-08-06T20:58:01+00:00,ok
daily_aqi,2025-10-11,AQI for 11 th October 2025,https://doe.gov.bd/pages/static-pages/6922dfba933eb65569e23b0a,https://objectstorage.ap-dcc-gazipur-1.oraclecloud15.com/n/axvjbnqprylg/b/V2Ministry/o/office-doe/2024/12/65bdb5e2a54f46b2afd0e1018dcff029.pdf,,pdf,597046,93a92d344867aa1fab08135c4476a73461dec5d76bf54242f0ab4ca5e4bf386d,processed_then_deleted,2026-08-06T20:58:01+00:00,ok
daily_aqi,2025-10-12,AQI for 12 th October 2025,https://doe.gov.bd/pages/static-pages/6922dfba933eb65569e23b0a,https://objectstorage.ap-dcc-gazipur-1.oraclecloud15.com/n/axvjbnqprylg/b/V2Ministry/o/office-doe/2024/12/6eb74b50ced44f68a3f6e2ae3b9ec769.pdf,,pdf,597389,71706e121d077a3e175b7b69a8894e86d45bee899769d39c458247b2997d55d2,processed_then_deleted,2026-08-06T20:58:01+00:00,ok
daily_aqi,2025-10-13,AQI for 13 th October 2025,https://doe.gov.bd/pages/static-pages/6922dfba933eb65569e23b0a,https://objectstorage.ap-dcc-gazipur-1.oraclecloud15.com/n/axvjbnqprylg/b/V2Ministry/o/office-doe/2024/12/f3d5c9117e5740adba665f426f0acb17.pdf,,pdf,598164,1155763d2f0d038688855a6456a303f7499b821a7c687598e184dd8898091105,processed_then_deleted,2026-08-06T20:58:01+00:00,ok
daily_aqi,2025-10-14,AQI for 14 th October 2025,https://doe.gov.bd/pages/static-pages/6922dfba933eb65569e23b0a,https://objectstorage.ap-dcc-gazipur-1.oraclecloud15.com/n/axvjbnqprylg/b/V2Ministry/o/office-doe/2024/12/3350db34f8c44ca898686ec92b2be1ad.pdf,,pdf,597957,dc6daf3b9e590d9c2f0207ca3d62bef0390c14f8d24778c492700b4f0b81033c,processed_then_deleted,2026-08-06T20:58:01+00:00,ok
daily_aqi,2025-10-15,AQI for 15 th October 2025,https://doe.gov.bd/pages/static-pages/6922dfba933eb65569e23b0a,https://objectstorage.ap-dcc-gazipur-1.oraclecloud15.com/n/axvjbnqprylg/b/V2Ministry/o/office-doe/2024/12/ca5ee83da40b42af80e6de05ede0c367.pdf,,pdf,597443,5ba66d0aa029100bc5778118dbe7a08bc63d291e3a0b276ca1a6fbf3fdc07afc,processed_then_deleted,2026-08-06T20:58:01+00:00,ok
daily_aqi,2025-10-16,AQI for 16 th October 2025,https://doe.gov.bd/pages/static-pages/6922dfba933eb65569e23b0a,https://objectstorage.ap-dcc-gazipur-1.oraclecloud15.com/n/axvjbnqprylg/b/V2Ministry/o/office-doe/2024/12/fe00e066889c40718e95836d22edd8ef.pdf,,pdf,597961,21eff869135bed163d9e307a5cff3263759ef84935f3e245e4795299a0d76278,processed_then_deleted,2026-08-06T20:58:01+00:00,ok
daily_aqi,2025-10-17,AQI for 17 th October 2025,https://doe.gov.bd/pages/static-pages/6922dfba933eb65569e23b0a,https://objectstorage.ap-dcc-gazipur-1.oraclecloud15.com/n/axvjbnqprylg/b/V2Ministry/o/office-doe/2024/12/df97618c3bfc48ca8cc44c62bffd69dc.pdf,,pdf,597831,4e02aef1c31f968375910120ae25d60fccf441e286eedb049b5dd5e2b37037b6,processed_then_deleted,2026-08-06T20:58:01+00:00,ok
daily_aqi,2025-10-18,AQI for 18 th October 2025,https://doe.gov.bd/pages/static-pages/6922dfba933eb65569e23b0a,https://objectstorage.ap-dcc-gazipur-1.oraclecloud15.com/n/axvjbnqprylg/b/V2Ministry/o/office-doe/2024/12/b42dd02509f34486ad731f1e9b0e4d14.pdf,,pdf,597952,b9cc210ac76c66d18d27027a8cb1976d4c64e04edfc26171b65b6a05493fe1f9,processed_then_deleted,2026-08-06T20:58:01+00:00,ok
daily_aqi,2025-10-19,AQI for 19 th October 2025,https://doe.gov.bd/pages/static-pages/6922dfba933eb65569e23b0a,https://objectstorage.ap-dcc-gazipur-1.oraclecloud15.com/n/axvjbnqprylg/b/V2Ministry/o/office-doe/2024/12/569e0455b8194e429e9f77041f2d2676.pdf,,pdf,618963,4cdfa3f51ce5677dc500ae18647dae1f5f4651688287921946dd2e5e66fd805d,processed_then_deleted,2026-08-06T20:58:01+00:00,ok
daily_aqi,2025-10-20,AQI for 20 th October 2025,https://doe.gov.bd/pages/static-pages/6922dfba933eb65569e23b0a,https://objectstorage.ap-dcc-gazipur-1.oraclecloud15.com/n/axvjbnqprylg/b/V2Ministry/o/office-doe/2024/12/222205ed9769450098430cc8dbcdbac4.pdf,,pdf,597584,e45ea985a521bb3515b3752d56ac66eef4a2677b36376646b47f7e2105519ac0,processed_then_deleted,2026-08-06T20:58:01+00:00,ok
daily_aqi,2025-10-21,AQI for 21 th October 2025,https://doe.gov.bd/pages/static-pages/6922dfba933eb65569e23b0a,https://objectstorage.ap-dcc-gazipur-1.oraclecloud15.com/n/axvjbnqprylg/b/V2Ministry/o/office-doe/2024/12/2d50486cdf5a48d69710db34d6f4fa72.pdf,,pdf,597562,8e8ff0a71c29e1792903dd67fd94a6923cbfe2725a29fdbd73be5496786031ad,processed_then_deleted,2026-08-06T20:58:01+00:00,ok
daily_aqi,2025-10-22,AQI for 22 th October 2025,https://doe.gov.bd/pages/static-pages/6922dfba933eb65569e23b0a,https://objectstorage.ap-dcc-gazipur-1.oraclecloud15.com/n/axvjbnqprylg/b/V2Ministry/o/office-doe/2024/12/5736fe82245c47afad9e55c1304b2bcb.pdf,,pdf,597578,5129f3e07c60c1dce39240a10bf669434b7fc59754bbc0191800b196bbdd825f,processed_then_deleted,2026-08-06T20:58:01+00:00,ok
daily_aqi,2025-10-23,AQI for 23 th October 2025,https://doe.gov.bd/pages/static-pages/6922dfba933eb65569e23b0a,https://objectstorage.ap-dcc-gazipur-1.oraclecloud15.com/n/axvjbnqprylg/b/V2Ministry/o/office-doe/2024/12/eb74b6dafd954c82b302b8e55708365f.pdf,,pdf,598152,c90df678127a3b9598e1e5305726b9c00bb7c0ada9ded6798b83966d67f51036,processed_then_deleted,2026-08-06T20:58:01+00:00,ok
daily_aqi,2025-10-24,AQI for 24 th October 2025,https://doe.gov.bd/pages/static-pages/6922dfba933eb65569e23b0a,https://objectstorage.ap-dcc-gazipur-1.oraclecloud15.com/n/axvjbnqprylg/b/V2Ministry/o/office-doe/2024/12/90c054d4321b4be0ac44e2ab6a31048a.pdf,,pdf,598123,cb9d44f6d4f904a0fe7823cfee0a4cb6f24bb5477190f768c70e35c80662742d,processed_then_deleted,2026-08-06T20:58:01+00:00,ok
daily_aqi,2025-10-25,AQI for 25 th October 2025,https://doe.gov.bd/pages/static-pages/6922dfba933eb65569e23b0a,https://objectstorage.ap-dcc-gazipur-1.oraclecloud15.com/n/axvjbnqprylg/b/V2Ministry/o/office-doe/2024/12/b2cc2456faad400ebf963ae12515de82.pdf,,pdf,597562,2beea45f73061e88a3241f47342ecbabf03d1365b338481bcfc5b8873a6aaee8,processed_then_deleted,2026-08-06T20:58:01+00:00,ok
daily_aqi,2025-10-26,AQI for 26 th October 2025,https://doe.gov.bd/pages/static-pages/6922dfba933eb65569e23b0a,https://objectstorage.ap-dcc-gazipur-1.oraclecloud15.com/n/axvjbnqprylg/b/V2Ministry/o/office-doe/2024/12/703a8b55a3fa4f78b397b63172dbe51b.pdf,,pdf,598088,48426becb07e31550d0f2c2247608d90c0dbd7ff1602d04f245b7aa508b0aa7f,processed_then_deleted,2026-08-06T20:58:01+00:00,ok
daily_aqi,2025-10-27,AQI for 27 th October 2025,https://doe.gov.bd/pages/static-pages/6922dfba933eb65569e23b0a,https://objectstorage.ap-dcc-gazipur-1.oraclecloud15.com/n/axvjbnqprylg/b/V2Ministry/o/office-doe/2024/12/cef32cc4637e4fed9c2d38c330b9aa9f.pdf,,pdf,597985,0333909c26f26fb3734ff7f7bdb48a3dd2262c6f18f8b4c02203fe0a719dca1d,processed_then_deleted,2026-08-06T20:58:01+00:00,ok
daily_aqi,2025-10-28,AQI for 28 th October 2025,https://doe.gov.bd/pages/static-pages/6922dfba933eb65569e23b0a,https://objectstorage.ap-dcc-gazipur-1.oraclecloud15.com/n/axvjbnqprylg/b/V2Ministry/o/office-doe/2024/12/f92a324cfce84e7da395726d9f61e3c5.pdf,,pdf,598369,03966a611c4f152982d7e67c4ab236d4495df3c28cc1c9a2c8d3da7a887bf43b,processed_then_deleted,2026-08-06T20:58:01+00:00,ok
daily_aqi,2025-10-29,AQI for 29 th October 2025,https://doe.gov.bd/pages/static-pages/6922dfba933eb65569e23b0a,https://objectstorage.ap-dcc-gazipur-1.oraclecloud15.com/n/axvjbnqprylg/b/V2Ministry/o/office-doe/2024/12/6aed8185b0334b1e967b932367f012e9.pdf,,pdf,598417,0e1230dd8693ed6be6ace94478a7fa2749cfd1919d85ad72916be2a6a8455679,processed_then_deleted,2026-08-06T20:58:01+00:00,ok
daily_aqi,2025-10-30,AQI for 30 th October 2025,https://doe.gov.bd/pages/static-pages/6922dfba933eb65569e23b0a,https://objectstorage.ap-dcc-gazipur-1.oraclecloud15.com/n/axvjbnqprylg/b/V2Ministry/o/office-doe/2024/12/64692ca2e78b45e9a51a0a35a06ecb97.pdf,,pdf,598201,4bad97de03e086800d8a77d2ded402302b9299cc9adfce7d6d3c5845dcf875f9,processed_then_deleted,2026-08-06T20:58:01+00:00,ok
daily_aqi,2025-10-31,AQI for 31 th October 2025,https://doe.gov.bd/pages/static-pages/6922dfba933eb65569e23b0a,https://objectstorage.ap-dcc-gazipur-1.oraclecloud15.com/n/axvjbnqprylg/b/V2Ministry/o/office-doe/2024/12/d7c6f58ba16a4d3894bad733839042df.pdf,,pdf,598149,58e8c477fa8a8b4a128df3462e13cf72e86665a141e07df86a1ce36d48f47943,processed_then_deleted,2026-08-06T20:58:01+00:00,ok
daily_aqi,2025-11-01,AQI for 01 st November 2025,https://doe.gov.bd/pages/static-pages/6922dfba933eb65569e23b0a,https://objectstorage.ap-dcc-gazipur-1.oraclecloud15.com/n/axvjbnqprylg/b/V2Ministry/o/office-doe/2024/12/2212d722be844898a3da1a404b1b00d5.pdf,,pdf,597460,7ea65e4f10f880dfe50d982ceb8f3d0b2a6aef6347f06c4cd3daa19a0ba0d5d8,processed_then_deleted,2026-08-06T20:58:01+00:00,ok
daily_aqi,2025-11-02,AQI for 02 nd November 2025,https://doe.gov.bd/pages/static-pages/6922dfba933eb65569e23b0a,https://objectstorage.ap-dcc-gazipur-1.oraclecloud15.com/n/axvjbnqprylg/b/V2Ministry/o/office-doe/2024/12/2fdabd09abbe448fa581ac58d9a22cfc.pdf,,pdf,597461,2b99ea8be8b47230217b0aa9ad559998d8b763d3deacced5302bc44e22cfc391,processed_then_deleted,2026-08-06T20:58:01+00:00,ok
daily_aqi,2025-11-03,AQI for 03 rd November 2025,https://doe.gov.bd/pages/static-pages/6922dfba933eb65569e23b0a,https://objectstorage.ap-dcc-gazipur-1.oraclecloud15.com/n/axvjbnqprylg/b/V2Ministry/o/office-doe/2024/12/2e09166190014fe5ad0538dadd6c806e.pdf,,pdf,598062,983e175c6a55483451b26bdc383c3c2a63149928eb00130a7799c8b3a15837ed,processed_then_deleted,2026-08-06T20:58:01+00:00,ok
daily_aqi,2025-11-04,AQI for 04 th November 2025,https://doe.gov.bd/pages/static-pages/6922dfba933eb65569e23b0a,https://objectstorage.ap-dcc-gazipur-1.oraclecloud15.com/n/axvjbnqprylg/b/V2Ministry/o/office-doe/2024/12/424de6d7ac19465cbfd792fa9dba7762.pdf,,pdf,598003,3fa320d62fdc83de631ca006a00dda166888db6bdbdb62cbe2351d06b2c533bc,processed_then_deleted,2026-08-06T20:58:01+00:00,ok
daily_aqi,2025-11-05,AQI for 05 th November 2025,https://doe.gov.bd/pages/static-pages/6922dfba933eb65569e23b0a,https://objectstorage.ap-dcc-gazipur-1.oraclecloud15.com/n/axvjbnqprylg/b/V2Ministry/o/office-doe/2024/12/71bce73ea22f486d9495f07dbcbde492.pdf,,pdf,597372,597c87460c4f000689e3b27fdcb6ad656f1948a8942a0fbb449d921c8fc2de7b,processed_then_deleted,2026-08-06T20:58:01+00:00,ok
daily_aqi,2025-11-06,AQI for 06 th November 2025,https://doe.gov.bd/pages/static-pages/6922dfba933eb65569e23b0a,https://objectstorage.ap-dcc-gazipur-1.oraclecloud15.com/n/axvjbnqprylg/b/V2Ministry/o/office-doe/2024/12/b6062a4aac2d437daa0102833c6ee38a.pdf,,pdf,598151,d704b322cac6168fa0a3442dbe621507f08349a2965125541288afc9a190d9b8,processed_then_deleted,2026-08-06T20:58:01+00:00,ok
daily_aqi,2025-11-07,AQI for 07 th November 2025,https://doe.gov.bd/pages/static-pages/6922dfba933eb65569e23b0a,https://objectstorage.ap-dcc-gazipur-1.oraclecloud15.com/n/axvjbnqprylg/b/V2Ministry/o/office-doe/2024/12/bda660dd8b8f4799b9b098235d948c93.pdf,,pdf,598077,b4060b81f3610f492c807ab87a78d2747c2f4ecae82807f053539c15d19fc534,processed_then_deleted,2026-08-06T20:58:01+00:00,ok
daily_aqi,2025-11-08,AQI for 08 th November 2025,https://doe.gov.bd/pages/static-pages/6922dfba933eb65569e23b0a,https://objectstorage.ap-dcc-gazipur-1.oraclecloud15.com/n/axvjbnqprylg/b/V2Ministry/o/office-doe/2024/12/fcc233af63a74b339618f98778032258.pdf,,pdf,598136,ddfc0f79a0fa658568906637443f920db2d9a1bb275c79af0a2abcdb37c99c96,processed_then_deleted,2026-08-06T20:58:01+00:00,ok
daily_aqi,2025-11-09,AQI for 09 th November 2025,https://doe.gov.bd/pages/static-pages/6922dfba933eb65569e23b0a,https://objectstorage.ap-dcc-gazipur-1.oraclecloud15.com/n/axvjbnqprylg/b/V2Ministry/o/office-doe/2024/12/fab3dd2468ef4e2584960e88eac83baf.pdf,,pdf,598011,5a7be39cf9eb86c292f8d27bf06cdef3c0599035d5a0d525524f1e2939d3df63,processed_then_deleted,2026-08-06T20:58:01+00:00,ok
daily_aqi,2025-11-10,AQI for 10 th November 2025,https://doe.gov.bd/pages/static-pages/6922dfba933eb65569e23b0a,https://objectstorage.ap-dcc-gazipur-1.oraclecloud15.com/n/axvjbnqprylg/b/V2Ministry/o/office-doe/2024/12/eab3d0ca90904ceb950feb6a0fe45139.pdf,,pdf,596820,7e1ad49767d27f49c342a19eabd3584e6640717b356b95ecc63be1d31113a2f0,processed_then_deleted,2026-08-06T20:58:01+00:00,ok
daily_aqi,2025-11-11,AQI for 11 th November 2025,https://doe.gov.bd/pages/static-pages/6922dfba933eb65569e23b0a,https://objectstorage.ap-dcc-gazipur-1.oraclecloud15.com/n/axvjbnqprylg/b/V2Ministry/o/office-doe/2024/12/b83ae47f7554420eb81c98548c0ff7d6.pdf,,pdf,597423,34329fb75d829a5ad9df4ef2fbe968b33a88a63d6a983f3f025d906e4cbe9975,processed_then_deleted,2026-08-06T20:58:01+00:00,ok
daily_aqi,2025-11-12,AQI for 12 th November 2025,https://doe.gov.bd/pages/static-pages/6922dfba933eb65569e23b0a,https://objectstorage.ap-dcc-gazipur-1.oraclecloud15.com/n/axvjbnqprylg/b/V2Ministry/o/office-doe/2024/12/3b44c84c089f4adfad56da513036c22b.pdf,,pdf,597391,d6689abb2c6b208b1054cc416a9f1d994e862df69a995c0263a5414cd643303c,processed_then_deleted,2026-08-06T20:58:01+00:00,ok
daily_aqi,2025-11-13,AQI for 13 th November 2025,https://doe.gov.bd/pages/static-pages/6922dfba933eb65569e23b0a,https://objectstorage.ap-dcc-gazipur-1.oraclecloud15.com/n/axvjbnqprylg/b/V2Ministry/o/office-doe/2024/12/c1f605ea57af41feb28ce88c97bcb407.pdf,,pdf,598042,51a75b37f59755bc90712b83dff795373112795926dcda6766381462aa9cea03,processed_then_deleted,2026-08-06T20:58:01+00:00,ok
daily_aqi,2025-11-14,AQI for 14 th November 2025,https://doe.gov.bd/pages/static-pages/6922dfba933eb65569e23b0a,https://objectstorage.ap-dcc-gazipur-1.oraclecloud15.com/n/axvjbnqprylg/b/V2Ministry/o/office-doe/2024/12/96e3554c172d4b75be1182263bde4325.pdf,,pdf,598041,9c8fb0b139e06c777bcac5b2ca82b95362e61433481f06194547fba8d637c84d,processed_then_deleted,2026-08-06T20:58:01+00:00,ok
daily_aqi,2025-11-15,AQI for 15 th November 2025,https://doe.gov.bd/pages/static-pages/6922dfba933eb65569e23b0a,https://objectstorage.ap-dcc-gazipur-1.oraclecloud15.com/n/axvjbnqprylg/b/V2Ministry/o/office-doe/2024/12/2733ef0c170c4f02b9d652cf844561fb.pdf,,pdf,597507,cd69ed2c4afe1bd6066b767685f6c71c9c2e227d67a2a5c8f273fd7b15b40313,processed_then_deleted,2026-08-06T20:58:01+00:00,ok
daily_aqi,2025-11-16,AQI for 16 th November 2025,https://doe.gov.bd/pages/static-pages/6922dfba933eb65569e23b0a,https://objectstorage.ap-dcc-gazipur-1.oraclecloud15.com/n/axvjbnqprylg/b/V2Ministry/o/office-doe/2024/12/bf8d2f8086c04d928f07c92f080e8a71.pdf,,pdf,598084,eb1b8aa95e3c8738a7a99e1f74258e3995fd2a3c43e3ea93e7ebc216b15b0862,processed_then_deleted,2026-08-06T20:58:01+00:00,ok
daily_aqi,2025-11-17,AQI for 17 th November 2025,https://doe.gov.bd/pages/static-pages/6922dfba933eb65569e23b0a,https://objectstorage.ap-dcc-gazipur-1.oraclecloud15.com/n/axvjbnqprylg/b/V2Ministry/o/office-doe/2024/12/99e2bcdeb2a34e35931ceef3e2b5a0c3.pdf,,pdf,597939,c91dc455385213d29ac3dd2f4c59ba80866d1b022902549ab6e6652f06ac3de2,processed_then_deleted,2026-08-06T20:58:01+00:00,ok
daily_aqi,2025-11-18,AQI for 18 th November 2025,https://doe.gov.bd/pages/static-pages/6922dfba933eb65569e23b0a,https://objectstorage.ap-dcc-gazipur-1.oraclecloud15.com/n/axvjbnqprylg/b/V2Ministry/o/office-doe/2024/12/2cc4c30d6e3b4459ae6f261e1de7f8dc.pdf,,pdf,598266,01d867cf31f003c93329287aa7a53d6553442203dd4ee45808a298e6aa4783e3,processed_then_deleted,2026-08-06T20:58:01+00:00,ok
daily_aqi,2025-11-19,AQI for 19 th November 2025,https://doe.gov.bd/pages/static-pages/6922dfba933eb65569e23b0a,https://objectstorage.ap-dcc-gazipur-1.oraclecloud15.com/n/axvjbnqprylg/b/V2Ministry/o/office-doe/2024/12/8e90af14fc1a41d9bc3abaee142dd287.pdf,,pdf,598118,a548cca1e1ccbeb582a535b22281a50f4f13c86299bbd164978700492f860589,processed_then_deleted,2026-08-06T20:58:01+00:00,ok
daily_aqi,2025-11-20,AQI for 20 th November 2025,https://doe.gov.bd/pages/static-pages/6922dfba933eb65569e23b0a,https://objectstorage.ap-dcc-gazipur-1.oraclecloud15.com/n/axvjbnqprylg/b/V2Ministry/o/office-doe/2024/12/45fdcf1199024c219070592033f37d40.pdf,,pdf,597410,98a51c9f0c02839763c1785c7771bc46e9014cb6186cec25e57e6a6ee0819abd,processed_then_deleted,2026-08-06T20:58:01+00:00,ok
daily_aqi,2025-11-21,AQI for 21 th November 2025,https://doe.gov.bd/pages/static-pages/6922dfba933eb65569e23b0a,https://objectstorage.ap-dcc-gazipur-1.oraclecloud15.com/n/axvjbnqprylg/b/V2Ministry/o/office-doe/2024/12/cf0887029f484090ad24ae8caf7d3422.pdf,,pdf,597447,8b402fd93ef35628f80436837b2e4518661352c7b98a611aed9f5aab792ff738,processed_then_deleted,2026-08-06T20:58:01+00:00,ok
daily_aqi,2025-11-22,AQI for 22 th November 2025,https://doe.gov.bd/pages/static-pages/6922dfba933eb65569e23b0a,https://objectstorage.ap-dcc-gazipur-1.oraclecloud15.com/n/axvjbnqprylg/b/V2Ministry/o/office-doe/2024/12/e2d011f2d49147228355a4f2cca9175a.pdf,,pdf,597443,56866fdd013a98c735d3bf27cab34cc5d68b96aacddd5eb196b12717c2da4e63,processed_then_deleted,2026-08-06T20:58:01+00:00,ok
daily_aqi,2025-11-23,AQI for 23 th November 2025,https://doe.gov.bd/pages/static-pages/6922dfba933eb65569e23b0a,https://objectstorage.ap-dcc-gazipur-1.oraclecloud15.com/n/axvjbnqprylg/b/V2Ministry/o/office-doe/2024/12/dac061cd2c574ccbaa59b6d5eae5e45f.pdf,,pdf,598083,679c154a4f2fb43751ad936184d7c1fd679d0982e73742dbaeaedfe216d13287,processed_then_deleted,2026-08-06T20:58:01+00:00,ok
daily_aqi,2025-11-25,AQI for 25 th November 2025,https://doe.gov.bd/pages/static-pages/6922dfba933eb65569e23b0a,https://objectstorage.ap-dcc-gazipur-1.oraclecloud15.com/n/axvjbnqprylg/b/V2Ministry/o/office-doe/2024/12/d21dd6ae92154a90aa12c07e3b403113.pdf,,pdf,597408,6628449a991dc4b2f131340ba931d7b02e18f4078f9ad55bd986545ec3d37bfb,processed_then_deleted,2026-08-06T20:58:01+00:00,ok
daily_aqi,2025-11-26,AQI for 26 th November 2025,https://doe.gov.bd/pages/static-pages/6922dfba933eb65569e23b0a,https://objectstorage.ap-dcc-gazipur-1.oraclecloud15.com/n/axvjbnqprylg/b/V2Ministry/o/office-doe/2024/12/74e7d2a6c31a4709b7621486a8dda21c.pdf,,pdf,598086,c70e28c01fadafcbf022b34dbdafbeb18f788cea7fed100be65a43e3c38ec8d9,processed_then_deleted,2026-08-06T20:58:01+00:00,ok
daily_aqi,2025-11-27,AQI for 27 th November 2025,https://doe.gov.bd/pages/static-pages/6922dfba933eb65569e23b0a,https://objectstorage.ap-dcc-gazipur-1.oraclecloud15.com/n/axvjbnqprylg/b/V2Ministry/o/office-doe/2024/12/0b21527db8cf433db8d0ce4ca816e403.pdf,,pdf,597928,a3184f4130f97473289766c19ef390706e41cd461cdee76d0b5e1bbebad2210c,processed_then_deleted,2026-08-06T20:58:01+00:00,ok
daily_aqi,2025-11-28,AQI for 28 th November 2025,https://doe.gov.bd/pages/static-pages/6922dfba933eb65569e23b0a,https://objectstorage.ap-dcc-gazipur-1.oraclecloud15.com/n/axvjbnqprylg/b/V2Ministry/o/office-doe/2024/12/44f5648d4f3c455fb7a8f9f0f081fc7c.pdf,,pdf,598287,1337c43095a9ec96861112b5f52fc86374a54b6f6270a359ad53591c37b846d9,processed_then_deleted,2026-08-06T20:58:01+00:00,ok
daily_aqi,2025-11-29,AQI for 29 th November 2025,https://doe.gov.bd/pages/static-pages/6922dfba933eb65569e23b0a,https://objectstorage.ap-dcc-gazipur-1.oraclecloud15.com/n/axvjbnqprylg/b/V2Ministry/o/office-doe/2024/12/f1ea5f9a41df4c78b42246158c512675.pdf,,pdf,598139,4e375be9eee1db6bc00c2074e5713371284b422c3c2c74deab7b0a0f25ae5a0a,processed_then_deleted,2026-08-06T20:58:01+00:00,ok
daily_aqi,2025-11-30,AQI for 30 th November 2025,https://doe.gov.bd/pages/static-pages/6922dfba933eb65569e23b0a,https://objectstorage.ap-dcc-gazipur-1.oraclecloud15.com/n/axvjbnqprylg/b/V2Ministry/o/office-doe/2024/12/f1ea5f9a41df4c78b42246158c512675.pdf,,pdf,598139,4e375be9eee1db6bc00c2074e5713371284b422c3c2c74deab7b0a0f25ae5a0a,processed_then_deleted,2026-08-06T20:58:01+00:00,ok
daily_aqi,2025-12-01,AQI for 01 st December 2025,https://doe.gov.bd/pages/static-pages/6922dfba933eb65569e23b0a,https://objectstorage.ap-dcc-gazipur-1.oraclecloud15.com/n/axvjbnqprylg/b/V2Ministry/o/office-doe/2024/12/f1ea5f9a41df4c78b42246158c512675.pdf,,pdf,598139,4e375be9eee1db6bc00c2074e5713371284b422c3c2c74deab7b0a0f25ae5a0a,processed_then_deleted,2026-08-06T20:58:01+00:00,ok
daily_aqi,2025-12-02,AQI for 02 nd December 2025,https://doe.gov.bd/pages/static-pages/6922dfba933eb65569e23b0a,https://objectstorage.ap-dcc-gazipur-1.oraclecloud15.com/n/axvjbnqprylg/b/V2Ministry/o/office-doe/2024/12/4b739d8ef00c4e288dbcb109ce12730a.pdf,,pdf,597642,3a136fd7af26b5d0aa2eabdc36a556d21090958bbaf5226dedd32f0e4d27fb48,processed_then_deleted,2026-08-06T20:58:01+00:00,ok
daily_aqi,2025-12-03,AQI for 03 rd December 2025,https://doe.gov.bd/pages/static-pages/6922dfba933eb65569e23b0a,https://objectstorage.ap-dcc-gazipur-1.oraclecloud15.com/n/axvjbnqprylg/b/V2Ministry/o/office-doe/2024/12/d62f560e07b4429abc41b7d04e8df377.pdf,,pdf,598269,77a2a75aa8594bc0f57ce13f223573bb65ecb489c4cea868835a7a40689cb063,processed_then_deleted,2026-08-06T20:58:01+00:00,ok
daily_aqi,2025-12-04,AQI for 04 th December 2025,https://doe.gov.bd/pages/static-pages/6922dfba933eb65569e23b0a,https://objectstorage.ap-dcc-gazipur-1.oraclecloud15.com/n/axvjbnqprylg/b/V2Ministry/o/office-doe/2024/12/1e47a200004d474e8f9fe2457d323162.pdf,,pdf,598220,3fa70a9cbf26f0c082b1d87e6da511500f659f1fc6f8b7f9f4676874828e8109,processed_then_deleted,2026-08-06T20:58:01+00:00,ok
daily_aqi,2025-12-05,AQI for 05 th December 2025,https://doe.gov.bd/pages/static-pages/6922dfba933eb65569e23b0a,https://objectstorage.ap-dcc-gazipur-1.oraclecloud15.com/n/axvjbnqprylg/b/V2Ministry/o/office-doe/2024/12/46719e0f34f5426a8e267db8428b6b40.pdf,,pdf,597523,fdbf3a38d4e1e22a56674f73a9595fb57d5579ab1cc82247f0728eec53827a22,processed_then_deleted,2026-08-06T20:58:01+00:00,ok
daily_aqi,2025-12-06,AQI for 06 st December 2025,https://doe.gov.bd/pages/static-pages/6922dfba933eb65569e23b0a,https://objectstorage.ap-dcc-gazipur-1.oraclecloud15.com/n/axvjbnqprylg/b/V2Ministry/o/office-doe/2024/12/69d2a734c2a64c91842076356b21cd6d.pdf,,pdf,597949,555bac0e465651024dc9ff0ab259363c7eed1cb9becea3912bac43ce5977ccda,processed_then_deleted,2026-08-06T20:58:01+00:00,ok
daily_aqi,2025-12-07,AQI for 07 st December 2025,https://doe.gov.bd/pages/static-pages/6922dfba933eb65569e23b0a,https://objectstorage.ap-dcc-gazipur-1.oraclecloud15.com/n/axvjbnqprylg/b/V2Ministry/o/office-doe/2024/12/fc0a61de5f3f4bf0bbc23e65ebb41faf.pdf,,pdf,597865,54c177ae9bd2c88f1f48090ad5c7297594215faebf59a435a23e0b1862e59899,processed_then_deleted,2026-08-06T20:58:01+00:00,ok
daily_aqi,2025-12-08,AQI for 08 st December 2025,https://doe.gov.bd/pages/static-pages/6922dfba933eb65569e23b0a,https://objectstorage.ap-dcc-gazipur-1.oraclecloud15.com/n/axvjbnqprylg/b/V2Ministry/o/office-doe/2024/12/d02463279e6145799a1c41ab3b464fd4.pdf,,pdf,598368,14d90ea31737a07a3af8a9174a49bb5eb055508720e9d727febfe9c0f235d4c6,processed_then_deleted,2026-08-06T20:58:01+00:00,ok
daily_aqi,2025-12-09,AQI for 09 th December 2025,https://doe.gov.bd/pages/static-pages/6922dfba933eb65569e23b0a,https://objectstorage.ap-dcc-gazipur-1.oraclecloud15.com/n/axvjbnqprylg/b/V2Ministry/o/office-doe/2024/12/5748c71275d04efcadd3554d975491e1.pdf,,pdf,598094,0ec379298928152cfc6349963c928c0ba997290f8e88f5dadb77b1a2323afc4e,processed_then_deleted,2026-08-06T20:58:01+00:00,ok
daily_aqi,2025-12-10,AQI for 10 th December 2025,https://doe.gov.bd/pages/static-pages/6922dfba933eb65569e23b0a,https://objectstorage.ap-dcc-gazipur-1.oraclecloud15.com/n/axvjbnqprylg/b/V2Ministry/o/office-doe/2024/12/c3eeb1d598ac407f860194941981e894.pdf,,pdf,597441,b290413e7edcd913e67eecb9ab8b7cfb7ce68a701203b5070c01066ed6940e36,processed_then_deleted,2026-08-06T20:58:01+00:00,ok
daily_aqi,2025-12-11,AQI for 11 th December 2025,https://doe.gov.bd/pages/static-pages/6922dfba933eb65569e23b0a,https://objectstorage.ap-dcc-gazipur-1.oraclecloud15.com/n/axvjbnqprylg/b/V2Ministry/o/office-doe/2024/12/a8677701735a4b16a46e6841cca9d686.pdf,,pdf,597450,fac4590daa47016318666a8b25955fc11453a8f42979fc9c4e02ebac5c6bf306,processed_then_deleted,2026-08-06T20:58:01+00:00,ok
daily_aqi,2025-12-12,AQI for 12 th December 2025,https://doe.gov.bd/pages/static-pages/6922dfba933eb65569e23b0a,https://objectstorage.ap-dcc-gazipur-1.oraclecloud15.com/n/axvjbnqprylg/b/V2Ministry/o/office-doe/2024/12/2b5da14e928b4021930aeb8e1d763def.pdf,,pdf,597471,c19f63b53606a1dbf6336be75fee200ad89a67a9b4b2ca9273d70b9bbdc5a402,processed_then_deleted,2026-08-06T20:58:01+00:00,ok
daily_aqi,2025-12-13,AQI for 13 th December 2025,https://doe.gov.bd/pages/static-pages/6922dfba933eb65569e23b0a,https://objectstorage.ap-dcc-gazipur-1.oraclecloud15.com/n/axvjbnqprylg/b/V2Ministry/o/office-doe/2024/12/665fa98c17d8497baf4136b085d190bb.pdf,,pdf,598113,d0d24e19f24d4ff5ecc4fc39e01999815918acba59b69117ba894d7c781c4f04,processed_then_deleted,2026-08-06T20:58:01+00:00,ok
daily_aqi,2025-12-14,AQI for 14 th December 2025,https://doe.gov.bd/pages/static-pages/6922dfba933eb65569e23b0a,https://objectstorage.ap-dcc-gazipur-1.oraclecloud15.com/n/axvjbnqprylg/b/V2Ministry/o/office-doe/2024/12/04aec5c512524506907e0e280de11596.pdf,,pdf,598057,a7d2e695e45d4fbff30047f67a5e1279c1b1b5aa504b3b908e7610d275c56081,processed_then_deleted,2026-08-06T20:58:01+00:00,ok
daily_aqi,2025-12-15,AQI for 15 th December 2025,https://doe.gov.bd/pages/static-pages/6922dfba933eb65569e23b0a,https://objectstorage.ap-dcc-gazipur-1.oraclecloud15.com/n/axvjbnqprylg/b/V2Ministry/o/office-doe/2024/12/ac1f99c24cdf4566ae848153e461fc36.pdf,,pdf,597355,344595dc2f34d88cad1208e36e5119cc98064e738b0a97495d6db8b371a1373d,processed_then_deleted,2026-08-06T20:58:01+00:00,ok
daily_aqi,2025-12-16,AQI for 16 th December 2025,https://doe.gov.bd/pages/static-pages/6922dfba933eb65569e23b0a,https://objectstorage.ap-dcc-gazipur-1.oraclecloud15.com/n/axvjbnqprylg/b/V2Ministry/o/office-doe/2024/12/f22728a004024baf9c4d3bfd42236c18.pdf,,pdf,598164,1cc7375d8ac1018d94132b1bddb0f4021bef1d6e2cede5f58356a31a9694cab9,processed_then_deleted,2026-08-06T20:58:01+00:00,ok
daily_aqi,2025-12-17,AQI for 17 th December 2025,https://doe.gov.bd/pages/static-pages/6922dfba933eb65569e23b0a,https://objectstorage.ap-dcc-gazipur-1.oraclecloud15.com/n/axvjbnqprylg/b/V2Ministry/o/office-doe/2024/12/d35ad788b89e447e85574b0aa976320b.pdf,,pdf,598131,0eea5191cd8ffc497ccb383febf8ba8803aa9e1b9f703f4c28b0ed8d2d6bf8df,processed_then_deleted,2026-08-06T20:58:01+00:00,ok
daily_aqi,2025-12-18,AQI for 18 th December 2025,https://doe.gov.bd/pages/static-pages/6922dfba933eb65569e23b0a,https://objectstorage.ap-dcc-gazipur-1.oraclecloud15.com/n/axvjbnqprylg/b/V2Ministry/o/office-doe/2024/12/818e52b190d64f83b7666fd6d4ad2105.pdf,,pdf,622118,6d48db8854e14cb95b84b029e1ec399b57f02370289029426c2238ef7d4e6f48,processed_then_deleted,2026-08-06T20:58:01+00:00,ok
daily_aqi,2025-12-19,AQI for 19 th December 2025,https://doe.gov.bd/pages/static-pages/6922dfba933eb65569e23b0a,https://objectstorage.ap-dcc-gazipur-1.oraclecloud15.com/n/axvjbnqprylg/b/V2Ministry/o/office-doe/2024/12/62e23a30276f457c9e6d669be9e55a30.pdf,,pdf,605850,f58dd305b4ee36715c1f4871ef4d6258bd5254425f585c427f77044de8151025,processed_then_deleted,2026-08-06T20:58:01+00:00,ok
daily_aqi,2025-12-20,AQI for 20 th December 2025,https://doe.gov.bd/pages/static-pages/6922dfba933eb65569e23b0a,https://objectstorage.ap-dcc-gazipur-1.oraclecloud15.com/n/axvjbnqprylg/b/V2Ministry/o/office-doe/2024/12/d0bfb03082fc4b8f93083182f55aabd6.pdf,,pdf,621133,c080d6719b50e028eb0d7da04e39b32b269504046999ff9be0065703cca3e2a4,processed_then_deleted,2026-08-06T20:58:01+00:00,ok
daily_aqi,2025-12-21,AQI for 21 th December 2025,https://doe.gov.bd/pages/static-pages/6922dfba933eb65569e23b0a,https://objectstorage.ap-dcc-gazipur-1.oraclecloud15.com/n/axvjbnqprylg/b/V2Ministry/o/office-doe/2024/12/5a24420e713e4258b7fd171df3a88948.pdf,,pdf,618161,eaed0e0153962b6a2cb35c66455327a23d4c9a0b3a760b76ef27c19456e232e6,processed_then_deleted,2026-08-06T20:58:01+00:00,ok
daily_aqi,2025-12-22,AQI for 22 th December 2025,https://doe.gov.bd/pages/static-pages/6922dfba933eb65569e23b0a,https://objectstorage.ap-dcc-gazipur-1.oraclecloud15.com/n/axvjbnqprylg/b/V2Ministry/o/office-doe/2024/12/d79bf24d5ffc4864857688c346921574.pdf,,pdf,618158,3410c842f87b34a2c616a8ffc2dba6ef976e51ba9480ce7ef16ae3b991f994b2,processed_then_deleted,2026-08-06T20:58:01+00:00,ok
daily_aqi,2025-12-23,AQI for 23 th December 2025,https://doe.gov.bd/pages/static-pages/6922dfba933eb65569e23b0a,https://objectstorage.ap-dcc-gazipur-1.oraclecloud15.com/n/axvjbnqprylg/b/V2Ministry/o/office-doe/2024/12/07a737f2bb314613b56f6824b1f4772d.pdf,,pdf,618021,7093e17deab003b07de899a0efdbfcfba7dc8975d7f4b904101be99a49e50c2a,processed_then_deleted,2026-08-06T20:58:01+00:00,ok
daily_aqi,2025-12-24,AQI for 24 th December 2025,https://doe.gov.bd/pages/static-pages/6922dfba933eb65569e23b0a,https://objectstorage.ap-dcc-gazipur-1.oraclecloud15.com/n/axvjbnqprylg/b/V2Ministry/o/office-doe/2024/12/f94864bf780f4ed1866597b3a25aa008.pdf,,pdf,622037,5974d1f72ce1781cb6e4a26c095d0d5a77c373aea23ec5a483b324af7b829e17,processed_then_deleted,2026-08-06T20:58:01+00:00,ok
daily_aqi,2025-12-25,AQI for 25 th December 2025,https://doe.gov.bd/pages/static-pages/6922dfba933eb65569e23b0a,https://objectstorage.ap-dcc-gazipur-1.oraclecloud15.com/n/axvjbnqprylg/b/V2Ministry/o/office-doe/2024/12/850f0f5d2ae54c11a76a529ccca88222.pdf,,pdf,622109,9535437b9da5c2c96b76630970814005cddf15a65517d12b1e8d5b65b9517112,processed_then_deleted,2026-08-06T20:58:01+00:00,ok
daily_aqi,2025-12-26,AQI for 26 th December 2025,https://doe.gov.bd/pages/static-pages/6922dfba933eb65569e23b0a,https://objectstorage.ap-dcc-gazipur-1.oraclecloud15.com/n/axvjbnqprylg/b/V2Ministry/o/office-doe/2024/12/e3313a3171094b7cb764ad6c06a8fdde.pdf,,pdf,596859,efcbd843a5d2a0eedfdb5870a3e9045f5a325e08e9e0f442d0e5450813bac309,processed_then_deleted,2026-08-06T20:58:01+00:00,ok
daily_aqi,2025-12-27,AQI for 27 th December 2025,https://doe.gov.bd/pages/static-pages/6922dfba933eb65569e23b0a,https://objectstorage.ap-dcc-gazipur-1.oraclecloud15.com/n/axvjbnqprylg/b/V2Ministry/o/office-doe/2024/12/f8355a0ded3b4554b541d1f7b266d5c2.pdf,,pdf,596678,2162624b078fcb6a61b88d1b79696671e447fe36b73c3c000400420919d91ab5,processed_then_deleted,2026-08-06T20:58:01+00:00,ok
daily_aqi,2025-12-28,AQI for 28 th December 2025,https://doe.gov.bd/pages/static-pages/6922dfba933eb65569e23b0a,https://objectstorage.ap-dcc-gazipur-1.oraclecloud15.com/n/axvjbnqprylg/b/V2Ministry/o/office-doe/2024/12/1a486833ba55459f86b3fe9c69375236.pdf,,pdf,622506,218d2a33ceebd144d1462300705f8fe33378d1eb3a49d4b5b069055e0fe91fdd,processed_then_deleted,2026-08-06T20:58:01+00:00,ok
daily_aqi,2025-12-29,AQI for 29 th December 2025,https://doe.gov.bd/pages/static-pages/6922dfba933eb65569e23b0a,https://objectstorage.ap-dcc-gazipur-1.oraclecloud15.com/n/axvjbnqprylg/b/V2Ministry/o/office-doe/2024/12/5b6a5b149b764e02bc05febb1df28c4f.pdf,,pdf,595910,10cdd0c45a90c552a272b83a9e8b8bbbfc8a912d8421d1d48307dcd56397af61,processed_then_deleted,2026-08-06T20:58:01+00:00,ok
daily_aqi,2025-12-30,AQI for 30 th December 2025,https://doe.gov.bd/pages/static-pages/6922dfba933eb65569e23b0a,https://objectstorage.ap-dcc-gazipur-1.oraclecloud15.com/n/axvjbnqprylg/b/V2Ministry/o/office-doe/2024/12/726c2ad19bb04ba7a3b51cc1e6ae9876.pdf,,pdf,596620,0b2025a13b8ddb9f60b2f60e4c7ef99cfdb6ea78b95f7098a1175c38db60bb92,processed_then_deleted,2026-08-06T20:58:01+00:00,ok
daily_aqi,2025-12-31,AQI for 31 th December 2025,https://doe.gov.bd/pages/static-pages/6922dfba933eb65569e23b0a,https://objectstorage.ap-dcc-gazipur-1.oraclecloud15.com/n/axvjbnqprylg/b/V2Ministry/o/office-doe/2024/12/43203af7767a4afaaaaa31525b1a8915.pdf,,pdf,596710,ccfdf609f8c47530a6b1194b7bfb13978a0ba353b012fc01307ded23b2d8b574,processed_then_deleted,2026-08-06T20:58:01+00:00,ok
daily_aqi,2026-01-01,AQI for 01 st January 2026,https://doe.gov.bd/pages/static-pages/6922dfba933eb65569e23b0a,https://objectstorage.ap-dcc-gazipur-1.oraclecloud15.com/n/axvjbnqprylg/b/V2Ministry/o/office-doe/2024/12/f5900bf1cdce414b80c152fc11ac6d73.pdf,,pdf,597271,84629b7ffdec9685887c15bc422f9dddec0a8de2945dafabc97e55212262a9cc,processed_then_deleted,2026-08-06T20:58:01+00:00,ok
daily_aqi,2026-01-02,AQI for 02 nd January 2026,https://doe.gov.bd/pages/static-pages/6922dfba933eb65569e23b0a,https://objectstorage.ap-dcc-gazipur-1.oraclecloud15.com/n/axvjbnqprylg/b/V2Ministry/o/office-doe/2024/12/459d2b9855f14b879388f2c4d5d5a182.pdf,,pdf,597632,c491903417dc46ef6bb53a6b007159e5377a5478afa16b8a44aa7513c733647d,processed_then_deleted,2026-08-06T20:58:01+00:00,ok
daily_aqi,2026-01-03,AQI for 03 rd January 2026,https://doe.gov.bd/pages/static-pages/6922dfba933eb65569e23b0a,https://objectstorage.ap-dcc-gazipur-1.oraclecloud15.com/n/axvjbnqprylg/b/V2Ministry/o/office-doe/2024/12/3cca9bc82dc04906ba45c03519c5ab7d.pdf,,pdf,598218,3133e97473cfe539fd90ca3239b8528df54778b1ca0078ac7645751edbd0ac8b,processed_then_deleted,2026-08-06T20:58:01+00:00,ok
daily_aqi,2026-01-04,AQI for 04 th January 2026,https://doe.gov.bd/pages/static-pages/6922dfba933eb65569e23b0a,https://objectstorage.ap-dcc-gazipur-1.oraclecloud15.com/n/axvjbnqprylg/b/V2Ministry/o/office-doe/2024/12/01e0325fb6c84c1db956d2b203a8f133.pdf,,pdf,598059,d940180d801d2c932f987259d9a003a3198d9e02fab46e256bf5ac010ffbc8a7,processed_then_deleted,2026-08-06T20:58:01+00:00,ok
daily_aqi,2026-01-05,AQI for 05 th January 2026,https://doe.gov.bd/pages/static-pages/6922dfba933eb65569e23b0a,https://objectstorage.ap-dcc-gazipur-1.oraclecloud15.com/n/axvjbnqprylg/b/V2Ministry/o/office-doe/2024/12/668d1a0bc5aa4d4ba29e9f5a97866316.pdf,,pdf,597872,5634f96f1283b2f4ff7ae21764a7f0e75b3beb1a32d4a1155a080b85e26a366d,processed_then_deleted,2026-08-06T20:58:01+00:00,ok
daily_aqi,2026-01-06,AQI for 06 th January 2026,https://doe.gov.bd/pages/static-pages/6922dfba933eb65569e23b0a,https://objectstorage.ap-dcc-gazipur-1.oraclecloud15.com/n/axvjbnqprylg/b/V2Ministry/o/office-doe/2024/12/67466e7c69c34b288af5969443a9f4fa.pdf,,pdf,620636,b971dd515bc82c6ecc3dc0f8fd78158eedc8ccb401767a654b1d5bc2a1e9864b,processed_then_deleted,2026-08-06T20:58:01+00:00,ok
daily_aqi,2026-01-07,AQI for 07 th January 2026,https://doe.gov.bd/pages/static-pages/6922dfba933eb65569e23b0a,https://objectstorage.ap-dcc-gazipur-1.oraclecloud15.com/n/axvjbnqprylg/b/V2Ministry/o/office-doe/2024/12/c0045dfc172d46aa86e18b1adf2dcbd7.pdf,,pdf,596710,35bb481160464e4e07c041df3941b1627758c727f4e6f79261d85ab40bc8444c,processed_then_deleted,2026-08-06T20:58:01+00:00,ok
daily_aqi,2026-01-08,AQI for 08 th January 2026,https://doe.gov.bd/pages/static-pages/6922dfba933eb65569e23b0a,https://objectstorage.ap-dcc-gazipur-1.oraclecloud15.com/n/axvjbnqprylg/b/V2Ministry/o/office-doe/2026/0/819a230f-0175-405f-920b-8ed070e1abde.pdf,,pdf,596955,ccfa29569a7762e52cba127b12b0a38c71e1b34074656fb05d20d4603f17db2f,processed_then_deleted,2026-08-06T20:58:01+00:00,ok
daily_aqi,2026-01-09,AQI for 09 th January 2026,https://doe.gov.bd/pages/static-pages/6922dfba933eb65569e23b0a,https://objectstorage.ap-dcc-gazipur-1.oraclecloud15.com/n/axvjbnqprylg/b/V2Ministry/o/office-doe/2026/0/3bcd7008-22ce-44be-8a63-1d3b72304cc9.pdf,,pdf,596421,d08c80bfc76cd2453f5df51a0827ff7f3bf542ee505f55b91302b7346ff9a723,processed_then_deleted,2026-08-06T20:58:01+00:00,ok
daily_aqi,2026-01-10,AQI for 10 th January 2026,https://doe.gov.bd/pages/static-pages/6922dfba933eb65569e23b0a,https://objectstorage.ap-dcc-gazipur-1.oraclecloud15.com/n/axvjbnqprylg/b/V2Ministry/o/office-doe/2026/0/acd247d3-759b-4163-bca5-5ee198e6783b.pdf,,pdf,596192,a069456d64a347330d22cb045739b289ec804aac347c32f421d2fe4a8a21ff84,processed_then_deleted,2026-08-06T20:58:01+00:00,ok
daily_aqi,2026-01-11,AQI for 11 th January 2026,https://doe.gov.bd/pages/static-pages/6922dfba933eb65569e23b0a,https://objectstorage.ap-dcc-gazipur-1.oraclecloud15.com/n/axvjbnqprylg/b/V2Ministry/o/office-doe/2026/0/83411a6e-50f5-4ab3-b022-050430e9f7af.pdf,,pdf,596194,dc8127411e62ad4669446d61c1efd831b8bbe7d866098d275f82e99e8b14b97b,processed_then_deleted,2026-08-06T20:58:01+00:00,ok
daily_aqi,2026-01-12,AQI for 12 th January 2026,https://doe.gov.bd/pages/static-pages/6922dfba933eb65569e23b0a,https://objectstorage.ap-dcc-gazipur-1.oraclecloud15.com/n/axvjbnqprylg/b/V2Ministry/o/office-doe/2026/0/4dfde641-7890-4418-97f4-6c6fe021501d.pdf,,pdf,596048,d4c3af09c5a717f3ca5d7c7e795d068ae99b26b4c42cd091a5433c0c4673af74,processed_then_deleted,2026-08-06T20:58:01+00:00,ok
daily_aqi,2026-01-14,AQI for 14 th January 2026,https://doe.gov.bd/pages/static-pages/6922dfba933eb65569e23b0a,https://objectstorage.ap-dcc-gazipur-1.oraclecloud15.com/n/axvjbnqprylg/b/V2Ministry/o/office-doe/2026/0/3f45e025-a2c4-48b6-b5fe-cbaef31036b9.pdf,,pdf,597066,d8951d492fb94b71901341aa96b8c2c49e45af59a659df9d05ea1e64b4cde9c8,processed_then_deleted,2026-08-06T20:58:01+00:00,ok
daily_aqi,2026-01-15,AQI for 15 th January 2026,https://doe.gov.bd/pages/static-pages/6922dfba933eb65569e23b0a,https://objectstorage.ap-dcc-gazipur-1.oraclecloud15.com/n/axvjbnqprylg/b/V2Ministry/o/office-doe/2026/0/4dd86b0a-3da5-4f7a-a2a4-8e49c057c8d5.pdf,,pdf,597319,7f3663415c51bd99124d1a8bdfe2472538c8d1403958f95370258d5674e79db7,processed_then_deleted,2026-08-06T20:58:01+00:00,ok
daily_aqi,2026-01-16,AQI for 16 th January 2026,https://doe.gov.bd/pages/static-pages/6922dfba933eb65569e23b0a,https://objectstorage.ap-dcc-gazipur-1.oraclecloud15.com/n/axvjbnqprylg/b/V2Ministry/o/office-doe/2026/0/bed0d942-cd00-415f-aeda-e251f38b20d3.pdf,,pdf,596560,f46066c20eebfda3d01e80e112c27b686571a71acc585eeb8700949f41a2bcad,processed_then_deleted,2026-08-06T20:58:01+00:00,ok
daily_aqi,2026-01-17,AQI for 17 th January 2026,https://doe.gov.bd/pages/static-pages/6922dfba933eb65569e23b0a,https://objectstorage.ap-dcc-gazipur-1.oraclecloud15.com/n/axvjbnqprylg/b/V2Ministry/o/office-doe/2026/0/c170bd1f-c8c4-4dcd-9b9a-725a20da3a1b.pdf,,pdf,597220,0e2a73e08acaca96e5a1650cb4cb0b2af5bb86d4e59242cbac2b9d87d42948a9,processed_then_deleted,2026-08-06T20:58:01+00:00,ok
daily_aqi,2026-01-18,AQI for 18 th January 2026,https://doe.gov.bd/pages/static-pages/6922dfba933eb65569e23b0a,https://objectstorage.ap-dcc-gazipur-1.oraclecloud15.com/n/axvjbnqprylg/b/V2Ministry/o/office-doe/2026/0/b4a49fb4-78b5-4431-af41-59727612732f.pdf,,pdf,597422,fa9837c22eda9ae373b7db30457cea9418b796d9dabb0a2499142c4cb540c00d,processed_then_deleted,2026-08-06T20:58:01+00:00,ok
daily_aqi,2026-01-19,AQI for 19 th January 2026,https://doe.gov.bd/pages/static-pages/6922dfba933eb65569e23b0a,https://objectstorage.ap-dcc-gazipur-1.oraclecloud15.com/n/axvjbnqprylg/b/V2Ministry/o/office-doe/2026/0/0389282c-a86b-4adc-891d-04db0b925361.pdf,,pdf,597220,0e1bd584936b0ccd039d23853cfd49ddba95b195690f9feea59c310537abeaad,processed_then_deleted,2026-08-06T20:58:01+00:00,ok
daily_aqi,2026-01-20,AQI for 20 th January 2026,https://doe.gov.bd/pages/static-pages/6922dfba933eb65569e23b0a,https://objectstorage.ap-dcc-gazipur-1.oraclecloud15.com/n/axvjbnqprylg/b/V2Ministry/o/office-doe/2026/0/6d0ec86f-e5a3-4710-af18-3ca18867bead.pdf,,pdf,596874,059926a250b6920d4d4f519a503c564d3136b45ab1dbff8871252ea625eea4ef,processed_then_deleted,2026-08-06T20:58:01+00:00,ok
daily_aqi,2026-01-21,AQI for 21 th January 2026,https://doe.gov.bd/pages/static-pages/6922dfba933eb65569e23b0a,https://objectstorage.ap-dcc-gazipur-1.oraclecloud15.com/n/axvjbnqprylg/b/V2Ministry/o/office-doe/2026/0/5ba6bb21-d4e9-4355-8bfc-7ecbed60d446.pdf,,pdf,596893,ff5f2702ab3e4aa73bd95d1f931c1dec77faced46e369e857e887278764ee029,processed_then_deleted,2026-08-06T20:58:01+00:00,ok
daily_aqi,2026-01-22,AQI for 22 th January 2026,https://doe.gov.bd/pages/static-pages/6922dfba933eb65569e23b0a,https://objectstorage.ap-dcc-gazipur-1.oraclecloud15.com/n/axvjbnqprylg/b/V2Ministry/o/office-doe/2026/0/4b4206c5-c0aa-454e-b85a-87518be5cf5c.pdf,,pdf,596881,240388982497de8d6598c3d657ac2fbc79c31f13762bde98b876680d8dd9c4bb,processed_then_deleted,2026-08-06T20:58:01+00:00,ok
daily_aqi,2026-01-23,AQI for 23 th January 2026,https://doe.gov.bd/pages/static-pages/6922dfba933eb65569e23b0a,https://objectstorage.ap-dcc-gazipur-1.oraclecloud15.com/n/axvjbnqprylg/b/V2Ministry/o/office-doe/2026/0/1f5db804-843b-4b43-9a82-a2ee66708c8f.pdf,,pdf,597469,755885f1bdf6cda018c2f863c0e4a24c89850001e9f69859b1285d09be08c4d7,processed_then_deleted,2026-08-06T20:58:01+00:00,ok
daily_aqi,2026-01-24,AQI for 24 th January 2026,https://doe.gov.bd/pages/static-pages/6922dfba933eb65569e23b0a,https://objectstorage.ap-dcc-gazipur-1.oraclecloud15.com/n/axvjbnqprylg/b/V2Ministry/o/office-doe/2026/0/19d3cdcf-f6bc-43da-bf03-2e821ecb60dd.pdf,,pdf,597364,0e0c8557cdee4f1ac1b015595231b7f806a60ed09380e2959e3bc6aa41d14d95,processed_then_deleted,2026-08-06T20:58:01+00:00,ok
daily_aqi,2026-01-25,AQI for 25 th January 2026,https://doe.gov.bd/pages/static-pages/6922dfba933eb65569e23b0a,https://objectstorage.ap-dcc-gazipur-1.oraclecloud15.com/n/axvjbnqprylg/b/V2Ministry/o/office-doe/2026/0/19d3cdcf-f6bc-43da-bf03-2e821ecb60dd.pdf,,pdf,597364,0e0c8557cdee4f1ac1b015595231b7f806a60ed09380e2959e3bc6aa41d14d95,processed_then_deleted,2026-08-06T20:58:01+00:00,ok
daily_aqi,2026-01-26,AQI for 26 th January 2026,https://doe.gov.bd/pages/static-pages/6922dfba933eb65569e23b0a,https://objectstorage.ap-dcc-gazipur-1.oraclecloud15.com/n/axvjbnqprylg/b/V2Ministry/o/office-doe/2026/0/889e53e8-6430-4cc7-901a-b87c0c714c97.pdf,,pdf,596594,ee1bb2623b9c975383357ccbaf24904e119d0a1c78521638deb394727c548cd9,processed_then_deleted,2026-08-06T20:58:01+00:00,ok
daily_aqi,2026-01-27,AQI for 27 th January 2026,https://doe.gov.bd/pages/static-pages/6922dfba933eb65569e23b0a,https://objectstorage.ap-dcc-gazipur-1.oraclecloud15.com/n/axvjbnqprylg/b/V2Ministry/o/office-doe/2026/0/6aaf5c82-c3a1-4b7c-ae64-4f51979126e7.pdf,,pdf,597069,244587737b75b02f5eb265022f83b79cf846bda01e5ef553cbc6a649f919e1bb,processed_then_deleted,2026-08-06T20:58:01+00:00,ok
daily_aqi,2026-01-28,AQI for 28 th January 2026,https://doe.gov.bd/pages/static-pages/6922dfba933eb65569e23b0a,https://objectstorage.ap-dcc-gazipur-1.oraclecloud15.com/n/axvjbnqprylg/b/V2Ministry/o/office-doe/2026/0/28d71c9a-b237-4053-b3f0-8ebda74a4066.pdf,,pdf,597342,f1812fc19f39c9af11c62898034dcaba45e56de0e0dd9db96e7ef01c0908c115,processed_then_deleted,2026-08-06T20:58:01+00:00,ok
daily_aqi,2026-01-29,AQI for 29 th January 2026,https://doe.gov.bd/pages/static-pages/6922dfba933eb65569e23b0a,https://objectstorage.ap-dcc-gazipur-1.oraclecloud15.com/n/axvjbnqprylg/b/V2Ministry/o/office-doe/2026/1/043ab6fa-a5b3-4d7d-bcb1-5729bbf40114.pdf,,pdf,597342,cf563052ecda66c84157dbd3951f7f4d9abec5088b368cbc9beeb82fa47fdbbd,processed_then_deleted,2026-08-06T20:58:01+00:00,ok
daily_aqi,2026-01-30,AQI for 30 th January 2026,https://doe.gov.bd/pages/static-pages/6922dfba933eb65569e23b0a,https://objectstorage.ap-dcc-gazipur-1.oraclecloud15.com/n/axvjbnqprylg/b/V2Ministry/o/office-doe/2026/1/1d9d7a26-f30d-4857-b5ea-7c275119bf79.pdf,,pdf,597132,1d7644cce959cc1c6e45e8bc05517282c63e4fc663f9e53d4ee2e3ecaa09a35e,processed_then_deleted,2026-08-06T20:58:01+00:00,ok
daily_aqi,2026-01-31,AQI for 31 th January 2026,https://doe.gov.bd/pages/static-pages/6922dfba933eb65569e23b0a,https://objectstorage.ap-dcc-gazipur-1.oraclecloud15.com/n/axvjbnqprylg/b/V2Ministry/o/office-doe/2026/1/3aed08d4-eda3-4d15-b764-34d99059ccf8.pdf,,pdf,597342,b1b8e29825e073f32541d8a8bade4f8db8eec14d0faa32a971af51aebf8451f0,processed_then_deleted,2026-08-06T20:58:01+00:00,ok
daily_aqi,2026-02-01,AQI for 01 st February 2026,https://doe.gov.bd/pages/static-pages/6922dfba933eb65569e23b0a,https://objectstorage.ap-dcc-gazipur-1.oraclecloud15.com/n/axvjbnqprylg/b/V2Ministry/o/office-doe/2026/1/0f173519-f005-4e61-a31d-28819bbdaf03.pdf,,pdf,597416,551e0b954a6e9174825a068942f443fdee441f85410233323526b7cdbcc9f2f9,processed_then_deleted,2026-08-06T20:58:01+00:00,ok
daily_aqi,2026-02-02,AQI for 02 nd February 2026,https://doe.gov.bd/pages/static-pages/6922dfba933eb65569e23b0a,https://objectstorage.ap-dcc-gazipur-1.oraclecloud15.com/n/axvjbnqprylg/b/V2Ministry/o/office-doe/2026/1/acab59da-998e-487a-84c7-e9536fff91ac.pdf,,pdf,596754,ca156193d29d71e89b4adc2c6ab390a88b537b2628f005f8aa87189f557c6233,processed_then_deleted,2026-08-06T20:58:01+00:00,ok
daily_aqi,2026-02-03,AQI for 03 rd February 2026,https://doe.gov.bd/pages/static-pages/6922dfba933eb65569e23b0a,https://objectstorage.ap-dcc-gazipur-1.oraclecloud15.com/n/axvjbnqprylg/b/V2Ministry/o/office-doe/2026/1/a204462b-9d66-4ab1-b1fe-06681cb8d977.pdf,,pdf,597364,8ff488dfc4a097186226d340c36a7677ed0f8cb9f9272bb5a4231afe63f23dac,processed_then_deleted,2026-08-06T20:58:01+00:00,ok
daily_aqi,2026-02-04,AQI for 04 th February 2026,https://doe.gov.bd/pages/static-pages/6922dfba933eb65569e23b0a,https://objectstorage.ap-dcc-gazipur-1.oraclecloud15.com/n/axvjbnqprylg/b/V2Ministry/o/office-doe/2026/1/692cd632-24a3-42e7-98d4-cb6ab03b5f5c.pdf,,pdf,597130,a52377b2b2eec29b05d0b40bf75b777fcdafdbc53a806ba8453d161a03408b27,processed_then_deleted,2026-08-06T20:58:01+00:00,ok
daily_aqi,2026-02-05,AQI for 05 th February 2026,https://doe.gov.bd/pages/static-pages/6922dfba933eb65569e23b0a,https://objectstorage.ap-dcc-gazipur-1.oraclecloud15.com/n/axvjbnqprylg/b/V2Ministry/o/office-doe/2026/1/8763c241-2210-458f-853f-0a154ed3c28d.pdf,,pdf,618959,8403a7889907d751ae5e13740b45f9c33d8864e34fea0d58611ebaa9559861a4,processed_then_deleted,2026-08-06T20:58:01+00:00,ok
daily_aqi,2026-02-07,AQI for 07 th February 2026,https://doe.gov.bd/pages/static-pages/6922dfba933eb65569e23b0a,https://objectstorage.ap-dcc-gazipur-1.oraclecloud15.com/n/axvjbnqprylg/b/V2Ministry/o/office-doe/2026/1/8d2f3d17-b588-4a79-88ef-4cbdb43e8d76.pdf,,pdf,621508,e348ba48ef767cf9d439c925b51a8db288289167ae87dc181d1883b98f4dd944,processed_then_deleted,2026-08-06T20:58:01+00:00,ok
daily_aqi,2026-02-09,AQI for 09 th February 2026,https://doe.gov.bd/pages/static-pages/6922dfba933eb65569e23b0a,https://objectstorage.ap-dcc-gazipur-1.oraclecloud15.com/n/axvjbnqprylg/b/V2Ministry/o/office-doe/2026/1/8a7a8f19-a0cb-4761-a747-a6c382ae18c2.pdf,,pdf,600615,beb5be2474521acb51f5da8b80733990daa51f399731d5d4e829d1382ad19847,processed_then_deleted,2026-08-06T20:58:01+00:00,ok
daily_aqi,2026-02-10,AQI for 10 th February 2026,https://doe.gov.bd/pages/static-pages/6922dfba933eb65569e23b0a,https://objectstorage.ap-dcc-gazipur-1.oraclecloud15.com/n/axvjbnqprylg/b/V2Ministry/o/office-doe/2026/1/aa96b693-bc8b-4039-a3f8-05f9038b1851.pdf,,pdf,597517,46414a6c1550637f7d086846a2434f3e7d79d174cb54b861a1fc4cb07b18eb25,processed_then_deleted,2026-08-06T20:58:01+00:00,ok
daily_aqi,2026-02-11,AQI for 11 th February 2026,https://doe.gov.bd/pages/static-pages/6922dfba933eb65569e23b0a,https://objectstorage.ap-dcc-gazipur-1.oraclecloud15.com/n/axvjbnqprylg/b/V2Ministry/o/office-doe/2026/1/8f7a7ec3-a90d-44b4-9c58-ec9fb5f644ae.pdf,,pdf,597648,dfa8059a71c3ed3f73960d485535808c49f59befbe906d3e1d96f3ab7358c847,processed_then_deleted,2026-08-06T20:58:01+00:00,ok
daily_aqi,2026-02-12,AQI for 12 th February 2026,https://doe.gov.bd/pages/static-pages/6922dfba933eb65569e23b0a,https://objectstorage.ap-dcc-gazipur-1.oraclecloud15.com/n/axvjbnqprylg/b/V2Ministry/o/office-doe/2026/1/bea23fd4-d16f-4fab-b4bd-a8a4ed2b2b0e.pdf,,pdf,597253,510ac7524e7ffe6b9d026bbf847560b1cb5f7196e0f236a64c7f57d22e0fe008,processed_then_deleted,2026-08-06T20:58:01+00:00,ok
daily_aqi,2026-02-13,AQI for 13 th February 2026,https://doe.gov.bd/pages/static-pages/6922dfba933eb65569e23b0a,https://objectstorage.ap-dcc-gazipur-1.oraclecloud15.com/n/axvjbnqprylg/b/V2Ministry/o/office-doe/2026/1/c306f5e8-1e83-4590-9172-99156609d6f2.pdf,,pdf,609183,9bc0597f2c19ef62561fc8c86d3c5ea413972ba9d8cf12381c86f85d2de6de42,processed_then_deleted,2026-08-06T20:58:01+00:00,ok
daily_aqi,2026-02-14,AQI for 14 th February 2026,https://doe.gov.bd/pages/static-pages/6922dfba933eb65569e23b0a,https://objectstorage.ap-dcc-gazipur-1.oraclecloud15.com/n/axvjbnqprylg/b/V2Ministry/o/office-doe/2026/1/36419280-8e67-4b30-b3a5-dce9e24cab45.pdf,,pdf,597917,48ad94a332fa87b1907399b15da4688e5d6000000e2c69479c663a3779c85a6a,processed_then_deleted,2026-08-06T20:58:01+00:00,ok
daily_aqi,2026-02-15,AQI for 15 th February 2026,https://doe.gov.bd/pages/static-pages/6922dfba933eb65569e23b0a,https://objectstorage.ap-dcc-gazipur-1.oraclecloud15.com/n/axvjbnqprylg/b/V2Ministry/o/office-doe/2026/1/75ab909d-feb1-4dc7-ba55-f4601351017f.pdf,,pdf,598317,a43402b67868b14df02d670bf1859d4e569f8219e9662b0862698a14b2a5730b,processed_then_deleted,2026-08-06T20:58:01+00:00,ok
daily_aqi,2026-02-17,AQI for 17 th February 2026,https://doe.gov.bd/pages/static-pages/6922dfba933eb65569e23b0a,https://objectstorage.ap-dcc-gazipur-1.oraclecloud15.com/n/axvjbnqprylg/b/V2Ministry/o/office-doe/2026/1/afa5b8fd-846d-47d9-bc24-3cf963520492.pdf,,pdf,597759,99c11d4960d664bc7c58d41ed650f176fe88bbdb756dab6b47ab0e35436cb828,processed_then_deleted,2026-08-06T20:58:01+00:00,ok
daily_aqi,2026-02-18,AQI for 18 th February 2026,https://doe.gov.bd/pages/static-pages/6922dfba933eb65569e23b0a,https://objectstorage.ap-dcc-gazipur-1.oraclecloud15.com/n/axvjbnqprylg/b/V2Ministry/o/office-doe/2026/1/3939050b-9878-4075-9e6f-59c644c98e3e.pdf,,pdf,598092,dd03d400c56317b3cec32850dbcb6bc208d3c3c237c91b8b3299b7412bf2363d,processed_then_deleted,2026-08-06T20:58:01+00:00,ok
daily_aqi,2026-02-19,AQI for 19 th February 2026,https://doe.gov.bd/pages/static-pages/6922dfba933eb65569e23b0a,https://objectstorage.ap-dcc-gazipur-1.oraclecloud15.com/n/axvjbnqprylg/b/V2Ministry/o/office-doe/2026/1/903fcee6-96d3-4ab9-a56a-305844068ed6.pdf,,pdf,597716,ddcb7306e56055d8d24cb8a990f34329bdcd286f1956ae56156783523431aade,processed_then_deleted,2026-08-06T20:58:01+00:00,ok
daily_aqi,2026-02-20,AQI for 20 th February 2026,https://doe.gov.bd/pages/static-pages/6922dfba933eb65569e23b0a,https://objectstorage.ap-dcc-gazipur-1.oraclecloud15.com/n/axvjbnqprylg/b/V2Ministry/o/office-doe/2026/1/0876590b-8ba9-4634-bfc1-87f79ab8c720.pdf,,pdf,596755,f2675c4fa7ed35e7ec34943f2648587fb253cf08e9eea850082be50fb9d50c21,processed_then_deleted,2026-08-06T20:58:01+00:00,ok
daily_aqi,2026-02-21,AQI for 21 th February 2026,https://doe.gov.bd/pages/static-pages/6922dfba933eb65569e23b0a,https://objectstorage.ap-dcc-gazipur-1.oraclecloud15.com/n/axvjbnqprylg/b/V2Ministry/o/office-doe/2026/1/4c5255fc-1722-459b-b3c2-31e4025dcc61.pdf,,pdf,597217,86054e011958dbe63ebc9b3a614fb883b609dcc3f5f6f715a4cf1a8f16a4cc56,processed_then_deleted,2026-08-06T20:58:01+00:00,ok
daily_aqi,2026-02-22,AQI for 22 th February 2026,https://doe.gov.bd/pages/static-pages/6922dfba933eb65569e23b0a,https://objectstorage.ap-dcc-gazipur-1.oraclecloud15.com/n/axvjbnqprylg/b/V2Ministry/o/office-doe/2026/1/4c5255fc-1722-459b-b3c2-31e4025dcc61.pdf,,pdf,597217,86054e011958dbe63ebc9b3a614fb883b609dcc3f5f6f715a4cf1a8f16a4cc56,processed_then_deleted,2026-08-06T20:58:01+00:00,ok
daily_aqi,2026-02-25,AQI for 25 th February 2026,https://doe.gov.bd/pages/static-pages/6922dfba933eb65569e23b0a,https://objectstorage.ap-dcc-gazipur-1.oraclecloud15.com/n/axvjbnqprylg/b/V2Ministry/o/office-doe/2026/2/8c97e1a9-f90c-43eb-bcfd-8a20d79144aa.pdf,,pdf,597768,6b6e0a2eeed4acc98aa8d974d6069f425896cc0773aa8386962af88e60d00ca8,processed_then_deleted,2026-08-06T20:58:01+00:00,ok
daily_aqi,2026-02-26,AQI for 26 th February 2026,https://doe.gov.bd/pages/static-pages/6922dfba933eb65569e23b0a,https://objectstorage.ap-dcc-gazipur-1.oraclecloud15.com/n/axvjbnqprylg/b/V2Ministry/o/office-doe/2026/2/1a15042e-1d56-4f27-ba6b-b0375cc214d7.pdf,,pdf,597100,1b1a03d6f360eff40f4fa26b7e26606d89b07d752dfddfbd77457d5a10066836,processed_then_deleted,2026-08-06T20:58:01+00:00,ok
daily_aqi,2026-02-27,AQI for 27 th February 2026,https://doe.gov.bd/pages/static-pages/6922dfba933eb65569e23b0a,https://objectstorage.ap-dcc-gazipur-1.oraclecloud15.com/n/axvjbnqprylg/b/V2Ministry/o/office-doe/2026/2/4de98189-f4ef-4e1e-afca-d8b142cded1a.pdf,,pdf,597511,15708e051dadd6c41420603882d252db82757d78ad6130e5208d60f403c07227,processed_then_deleted,2026-08-06T20:58:01+00:00,ok
daily_aqi,2026-02-28,AQI for 28 th February 2026,https://doe.gov.bd/pages/static-pages/6922dfba933eb65569e23b0a,https://objectstorage.ap-dcc-gazipur-1.oraclecloud15.com/n/axvjbnqprylg/b/V2Ministry/o/office-doe/2026/2/b1597e5a-5063-49f3-9b62-aa137721384b.pdf,,pdf,597647,aeb88f27cb6692a3e5b583211199f352a1717d8c390044f7188e45c3340c7697,processed_then_deleted,2026-08-06T20:58:01+00:00,ok
daily_aqi,2026-03-01,AQI for 01 st March 2026,https://doe.gov.bd/pages/static-pages/6922dfba933eb65569e23b0a,https://objectstorage.ap-dcc-gazipur-1.oraclecloud15.com/n/axvjbnqprylg/b/V2Ministry/o/office-doe/2026/2/e870b4de-b7dd-4627-9714-d67907dbd59f.pdf,,pdf,597963,3350befd440ba3839500074fcb470bfc898c51aa9e3bd62cbb2d8ebc32480779,processed_then_deleted,2026-08-06T20:58:01+00:00,ok
daily_aqi,2026-03-02,AQI for 02 nd March 2026,https://doe.gov.bd/pages/static-pages/6922dfba933eb65569e23b0a,https://objectstorage.ap-dcc-gazipur-1.oraclecloud15.com/n/axvjbnqprylg/b/V2Ministry/o/office-doe/2026/2/ebd26b29-b3a8-450a-b187-4face923ee04.pdf,,pdf,609087,b7eede3a030f5dd745eb2f2867edab58be9e37f6db76a8e212b0543c168e9a6f,processed_then_deleted,2026-08-06T20:58:01+00:00,ok
daily_aqi,2026-03-03,AQI for 03 rd March 2026,https://doe.gov.bd/pages/static-pages/6922dfba933eb65569e23b0a,https://objectstorage.ap-dcc-gazipur-1.oraclecloud15.com/n/axvjbnqprylg/b/V2Ministry/o/office-doe/2026/2/8200a880-3515-4f10-95e9-bbab4723920e.pdf,,pdf,609211,5b1a0551f5a22b2af8e260d531da543230b95a191cc38757ca3f334e533f827d,processed_then_deleted,2026-08-06T20:58:01+00:00,ok
daily_aqi,2026-03-04,AQI for 04 th March 2026,https://doe.gov.bd/pages/static-pages/6922dfba933eb65569e23b0a,https://objectstorage.ap-dcc-gazipur-1.oraclecloud15.com/n/axvjbnqprylg/b/V2Ministry/o/office-doe/2026/2/b40535e4-8327-4311-b708-fa94e283cb6e.pdf,,pdf,596999,f7dc846ffe9b2a70e5e3a763bca05bdca67879d71556be28e8a67f5dba99a1f9,processed_then_deleted,2026-08-06T20:58:01+00:00,ok
daily_aqi,2026-03-05,AQI for 05 th March 2026,https://doe.gov.bd/pages/static-pages/6922dfba933eb65569e23b0a,https://objectstorage.ap-dcc-gazipur-1.oraclecloud15.com/n/axvjbnqprylg/b/V2Ministry/o/office-doe/2026/2/6b4092fb-41ed-4c91-8a41-bd2883ae32d7.pdf,,pdf,490453,cef55493bfe33e0ef31ed359f0d142dd59c1ddca994715c32a96fa08455eedb0,processed_then_deleted,2026-08-06T20:58:01+00:00,ok
daily_aqi,2026-03-06,AQI for 06 th March 2026,https://doe.gov.bd/pages/static-pages/6922dfba933eb65569e23b0a,https://objectstorage.ap-dcc-gazipur-1.oraclecloud15.com/n/axvjbnqprylg/b/V2Ministry/o/office-doe/2026/2/8a2c7dea-7a80-46ef-a378-24f1f2fcc0d4.pdf,,pdf,488730,808c95e7bd1ea06f78bda4dbee5950504ea3d761c371e1985d75a130c19e0fb3,processed_then_deleted,2026-08-06T20:58:01+00:00,ok
daily_aqi,2026-03-07,AQI for 07 th March 2026,https://doe.gov.bd/pages/static-pages/6922dfba933eb65569e23b0a,https://objectstorage.ap-dcc-gazipur-1.oraclecloud15.com/n/axvjbnqprylg/b/V2Ministry/o/office-doe/2026/2/037a8848-b857-4577-8c45-469f18dc8270.pdf,,pdf,490394,d65fc79eba107c098b9d20020c5fb98d4ae8678f297d351fe9b17775e422d4d5,processed_then_deleted,2026-08-06T20:58:01+00:00,ok
daily_aqi,2026-03-08,AQI for 08 th March 2026,https://doe.gov.bd/pages/static-pages/6922dfba933eb65569e23b0a,https://objectstorage.ap-dcc-gazipur-1.oraclecloud15.com/n/axvjbnqprylg/b/V2Ministry/o/office-doe/2026/2/5884e1d8-ea84-4180-a476-c3ec9696903b.pdf,,pdf,490619,530d8fb0a5b786794727b5d169516132c0f720b976461e171f7af956d437c798,processed_then_deleted,2026-08-06T20:58:01+00:00,ok
daily_aqi,2026-03-09,AQI for 09 th March 2026,https://doe.gov.bd/pages/static-pages/6922dfba933eb65569e23b0a,https://objectstorage.ap-dcc-gazipur-1.oraclecloud15.com/n/axvjbnqprylg/b/V2Ministry/o/office-doe/2026/2/6466e8e2-5a54-4a9b-8784-f0aec8819359.pdf,,pdf,490431,101394082d24ff933b717347b178a805a7508bae2b2fa51448cc501b4dbdb3c5,processed_then_deleted,2026-08-06T20:58:01+00:00,ok
daily_aqi,2026-03-11,AQI for 11 th March 2026,https://doe.gov.bd/pages/static-pages/6922dfba933eb65569e23b0a,https://objectstorage.ap-dcc-gazipur-1.oraclecloud15.com/n/axvjbnqprylg/b/V2Ministry/o/office-doe/2026/2/469a2af8-3e77-4d5d-9aca-5430e2b326ce.pdf,,pdf,490163,9e9caba284de42bf21a4c72765659b30a05b527f4141cb76aa96e7cc367e8a32,processed_then_deleted,2026-08-06T20:58:01+00:00,ok
daily_aqi,2026-03-12,AQI for 12 th March 2026,https://doe.gov.bd/pages/static-pages/6922dfba933eb65569e23b0a,https://objectstorage.ap-dcc-gazipur-1.oraclecloud15.com/n/axvjbnqprylg/b/V2Ministry/o/office-doe/2026/2/2c05cf8e-f166-42f6-8e73-73ee2cd96cb9.pdf,,pdf,490445,c66ae729bcd992ef0a3843856e874e53df784e7527045645167d9addb019344e,processed_then_deleted,2026-08-06T20:58:01+00:00,ok
daily_aqi,2026-03-13,AQI for 13 th March 2026,https://doe.gov.bd/pages/static-pages/6922dfba933eb65569e23b0a,https://objectstorage.ap-dcc-gazipur-1.oraclecloud15.com/n/axvjbnqprylg/b/V2Ministry/o/office-doe/2026/2/eb5f1fe9-1c7c-41da-bb7f-e160a335f76e.pdf,,pdf,490581,cd5258c08cc5e941d2e91ca96d4e190d6e39f638a7bad81609ac511d54172f78,processed_then_deleted,2026-08-06T20:58:01+00:00,ok
daily_aqi,2026-03-14,AQI for 14 th March 2026,https://doe.gov.bd/pages/static-pages/6922dfba933eb65569e23b0a,https://objectstorage.ap-dcc-gazipur-1.oraclecloud15.com/n/axvjbnqprylg/b/V2Ministry/o/office-doe/2026/2/6efe8038-61b0-4cff-8b31-fe3bfbc59133.pdf,,pdf,490964,d321d5382f53835f48fe1870e138871b93da455bd5a615e6daf8f67eb226ab70,processed_then_deleted,2026-08-06T20:58:01+00:00,ok
daily_aqi,2026-03-15,AQI for 15 th March 2026,https://doe.gov.bd/pages/static-pages/6922dfba933eb65569e23b0a,https://objectstorage.ap-dcc-gazipur-1.oraclecloud15.com/n/axvjbnqprylg/b/V2Ministry/o/office-doe/2026/2/9032367f-665f-4c34-bbb3-249485277c72.pdf,,pdf,491153,5be1285512885305923db80541ddd67d6ca220feeff3ae215bdc790348edda01,processed_then_deleted,2026-08-06T20:58:01+00:00,ok
daily_aqi,2026-03-16,AQI for 16 th March 2026,https://doe.gov.bd/pages/static-pages/6922dfba933eb65569e23b0a,https://objectstorage.ap-dcc-gazipur-1.oraclecloud15.com/n/axvjbnqprylg/b/V2Ministry/o/office-doe/2026/2/8250aba8-8466-4150-8221-415679ad74c6.pdf,,pdf,526855,45ffdeff105219bb4ddc670315cac6ddd25acfcf78bb8adbad62a1b8347b11bd,processed_then_deleted,2026-08-06T20:58:01+00:00,ok
daily_aqi,2026-03-17,AQI for 17 th March 2026,https://doe.gov.bd/pages/static-pages/6922dfba933eb65569e23b0a,https://objectstorage.ap-dcc-gazipur-1.oraclecloud15.com/n/axvjbnqprylg/b/V2Ministry/o/office-doe/2026/2/441b7e7c-ac20-4bd0-9aaf-ff364787ed86.pdf,,pdf,618877,384f508a766b1c61223bb23e91b4724a97034158b35ca31a49f7ce6417c76dcb,processed_then_deleted,2026-08-06T20:58:01+00:00,ok
daily_aqi,2026-03-18,AQI for 18 th March 2026,https://doe.gov.bd/pages/static-pages/6922dfba933eb65569e23b0a,https://objectstorage.ap-dcc-gazipur-1.oraclecloud15.com/n/axvjbnqprylg/b/V2Ministry/o/office-doe/2026/2/cb0bdc10-ff7e-479d-b4b7-70b709f55a18.pdf,,pdf,410176,0f7ed6eef98a38a4899248761171cf4a1b806ec0005cd5803099959b47fd25ab,processed_then_deleted,2026-08-06T20:58:01+00:00,ok
daily_aqi,2026-03-19,AQI for 19 th March 2026,https://doe.gov.bd/pages/static-pages/6922dfba933eb65569e23b0a,https://objectstorage.ap-dcc-gazipur-1.oraclecloud15.com/n/axvjbnqprylg/b/V2Ministry/o/office-doe/2026/2/919e2c07-cd38-4bd9-a915-72dea067a5cd.pdf,,pdf,409395,bbe3a3274a7184f3ebc36f85aca1154a10f81da94e5cc3f5cc1949399225289e,processed_then_deleted,2026-08-06T20:58:01+00:00,ok
daily_aqi,2026-03-20,AQI for 20 th March 2026,https://doe.gov.bd/pages/static-pages/6922dfba933eb65569e23b0a,https://objectstorage.ap-dcc-gazipur-1.oraclecloud15.com/n/axvjbnqprylg/b/V2Ministry/o/office-doe/2026/2/7ac88c6a-27a1-44b9-a927-f11b35b6ef2d.pdf,,pdf,409575,3cfb9c735b43bb2790dd845a846a06f7562f2d28a02c86be1fa9c67488aaac56,processed_then_deleted,2026-08-06T20:58:01+00:00,ok
daily_aqi,2026-03-21,AQI for 21 th March 2026,https://doe.gov.bd/pages/static-pages/6922dfba933eb65569e23b0a,https://objectstorage.ap-dcc-gazipur-1.oraclecloud15.com/n/axvjbnqprylg/b/V2Ministry/o/office-doe/2026/2/e1bfda26-72b2-4b97-982b-c3b4c571c417.pdf,,pdf,409959,8afab9bf6e14d68a5c77c6a7a7e492e53ec2c9b56e5adac84b551441ac9851ca,processed_then_deleted,2026-08-06T20:58:01+00:00,ok
daily_aqi,2026-03-22,AQI for 22 th March 2026,https://doe.gov.bd/pages/static-pages/6922dfba933eb65569e23b0a,https://objectstorage.ap-dcc-gazipur-1.oraclecloud15.com/n/axvjbnqprylg/b/V2Ministry/o/office-doe/2026/2/a4651508-66ee-408d-bfc7-815614912c0a.pdf,,pdf,409200,8591d41838f87e5b96c02168f433a04c89f025db46d636320e2c0afd05ad834b,processed_then_deleted,2026-08-06T20:58:01+00:00,ok
daily_aqi,2026-03-23,AQI for 23 th March 2026,https://doe.gov.bd/pages/static-pages/6922dfba933eb65569e23b0a,https://objectstorage.ap-dcc-gazipur-1.oraclecloud15.com/n/axvjbnqprylg/b/V2Ministry/o/office-doe/2026/2/630c7643-ce1e-4530-bd13-663186dbc550.pdf,,pdf,409174,3f3df3277d7b229c18fcf37dd9c0b94f3c77d8ee680f8eaf132a9324f8fa7a2b,processed_then_deleted,2026-08-06T20:58:01+00:00,ok
daily_aqi,2026-03-24,AQI for 24 th March 2026,https://doe.gov.bd/pages/static-pages/6922dfba933eb65569e23b0a,https://objectstorage.ap-dcc-gazipur-1.oraclecloud15.com/n/axvjbnqprylg/b/V2Ministry/o/office-doe/2026/2/9032367f-665f-4c34-bbb3-249485277c72.pdf,,pdf,491153,5be1285512885305923db80541ddd67d6ca220feeff3ae215bdc790348edda01,processed_then_deleted,2026-08-06T20:58:01+00:00,ok
daily_aqi,2026-03-25,AQI for 25 th March 2026,https://doe.gov.bd/pages/static-pages/6922dfba933eb65569e23b0a,https://objectstorage.ap-dcc-gazipur-1.oraclecloud15.com/n/axvjbnqprylg/b/V2Ministry/o/office-doe/2026/2/f290d4ee-c19f-4590-a189-8d588160cf94.pdf,,pdf,409901,0f41eaaa11b4672851db1ecf0691ea67a420071aaf1e8e4fed892716ec0e2cb0,processed_then_deleted,2026-08-06T20:58:01+00:00,ok
daily_aqi,2026-03-26,AQI for 26 th March 2026,https://doe.gov.bd/pages/static-pages/6922dfba933eb65569e23b0a,https://objectstorage.ap-dcc-gazipur-1.oraclecloud15.com/n/axvjbnqprylg/b/V2Ministry/o/office-doe/2026/2/e9fab639-f22c-4098-ac85-c609da995dad.pdf,,pdf,409324,b75f3a07038aef40576c96862aaba3487c1aaf8bd708397ac1bbfb16ea72f3c9,processed_then_deleted,2026-08-06T20:58:01+00:00,ok
daily_aqi,2026-03-27,AQI for 27 th March 2026,https://doe.gov.bd/pages/static-pages/6922dfba933eb65569e23b0a,https://objectstorage.ap-dcc-gazipur-1.oraclecloud15.com/n/axvjbnqprylg/b/V2Ministry/o/office-doe/2026/2/da2fcd17-e64a-4acd-956e-d8ecf368c78c.pdf,,pdf,409664,2774508080608acbec02d50882769a5590e7b182da6a9d5779abdce8c2925e83,processed_then_deleted,2026-08-06T20:58:01+00:00,ok
daily_aqi,2026-03-28,AQI for 28 th March 2026,https://doe.gov.bd/pages/static-pages/6922dfba933eb65569e23b0a,https://objectstorage.ap-dcc-gazipur-1.oraclecloud15.com/n/axvjbnqprylg/b/V2Ministry/o/office-doe/2026/2/95712bf4-2677-4d88-8b68-f6bffc7072d0.pdf,,pdf,410045,95c9677616fc08914f8e0f30eb60e41a195a32e0962e0b07353e55131ad24e19,processed_then_deleted,2026-08-06T20:58:01+00:00,ok
daily_aqi,2026-03-29,AQI for 29 th March 2026,https://doe.gov.bd/pages/static-pages/6922dfba933eb65569e23b0a,https://objectstorage.ap-dcc-gazipur-1.oraclecloud15.com/n/axvjbnqprylg/b/V2Ministry/o/office-doe/2026/2/89c053f9-52d0-4b57-97a2-35b2ddb395ca.pdf,,pdf,409982,6d269478279b0b63bf3130a2efed597f64dd9b3a4f0754093e913d74a59e323d,processed_then_deleted,2026-08-06T20:58:01+00:00,ok
daily_aqi,2026-03-30,AQI for 30 th March 2026,https://doe.gov.bd/pages/static-pages/6922dfba933eb65569e23b0a,https://objectstorage.ap-dcc-gazipur-1.oraclecloud15.com/n/axvjbnqprylg/b/V2Ministry/o/office-doe/2026/2/c691120c-22f2-4099-9629-8a46553f99d4.pdf,,pdf,409391,c43a003556596b7b4dc125e35d9b7b2bd1f5f2ab656f1acb2e20571fbd10a6ac,processed_then_deleted,2026-08-06T20:58:01+00:00,ok
daily_aqi,2026-03-31,AQI for 31 th March 2026,https://doe.gov.bd/pages/static-pages/6922dfba933eb65569e23b0a,https://objectstorage.ap-dcc-gazipur-1.oraclecloud15.com/n/axvjbnqprylg/b/V2Ministry/o/office-doe/2026/3/fdb1b221-d117-45f8-917a-40acd3df0f7b.pdf,,pdf,409860,e8520a671e2ca64df1361c6bfdb322a6708c5d61d2e512832bc674859da8e0f3,processed_then_deleted,2026-08-06T20:58:01+00:00,ok
daily_aqi,2026-04-01,AQI for 01 st April 2026,https://doe.gov.bd/pages/static-pages/6922dfba933eb65569e23b0a,https://objectstorage.ap-dcc-gazipur-1.oraclecloud15.com/n/axvjbnqprylg/b/V2Ministry/o/office-doe/2026/3/fdb1b221-d117-45f8-917a-40acd3df0f7b.pdf,,pdf,409860,e8520a671e2ca64df1361c6bfdb322a6708c5d61d2e512832bc674859da8e0f3,processed_then_deleted,2026-08-06T20:58:01+00:00,ok
daily_aqi,2026-04-02,AQI for 02 nd April 2026,https://doe.gov.bd/pages/static-pages/6922dfba933eb65569e23b0a,https://objectstorage.ap-dcc-gazipur-1.oraclecloud15.com/n/axvjbnqprylg/b/V2Ministry/o/office-doe/2026/3/35549872-4216-439e-89a9-58f5aceac3d1.pdf,,pdf,597413,cab86cabb17d464a0edf94d82cac0a3f55adf6e0ca7818487c296784f57eb861,processed_then_deleted,2026-08-06T20:58:01+00:00,ok
daily_aqi,2026-04-03,AQI for 03 rd April 2026,https://doe.gov.bd/pages/static-pages/6922dfba933eb65569e23b0a,https://objectstorage.ap-dcc-gazipur-1.oraclecloud15.com/n/axvjbnqprylg/b/V2Ministry/o/office-doe/2026/3/f6e442b4-0353-4f0c-8d7a-2c5a9f35dcb3.pdf,,pdf,609872,1ae3c32a8458b1ecad6d4afafd8d3e6fd890895631cedf5b3cccacb216be81c2,processed_then_deleted,2026-08-06T20:58:01+00:00,ok
daily_aqi,2026-04-04,AQI for 04 th April 2026,https://doe.gov.bd/pages/static-pages/6922dfba933eb65569e23b0a,https://objectstorage.ap-dcc-gazipur-1.oraclecloud15.com/n/axvjbnqprylg/b/V2Ministry/o/office-doe/2026/3/c5f57ce7-0a81-48a1-ab43-aaf9b6bf150c.pdf,,pdf,597462,0d3025816fcfcbf8288c432c05ccd9d06ade294c3c74dbc85f1ca6aad73fb291,processed_then_deleted,2026-08-06T20:58:01+00:00,ok
daily_aqi,2026-04-05,AQI for 05 th April 2026,https://doe.gov.bd/pages/static-pages/6922dfba933eb65569e23b0a,https://objectstorage.ap-dcc-gazipur-1.oraclecloud15.com/n/axvjbnqprylg/b/V2Ministry/o/office-doe/2026/3/64315110-9639-4ffd-ae39-f35bc633d32a.pdf,,pdf,598212,d7540c538c7fdf6e8abd9b9a4cbfe804e7a5305018fb3e006b251b2a84eec8ed,processed_then_deleted,2026-08-06T20:58:01+00:00,ok
daily_aqi,2026-04-06,AQI for 06 th April 2026,https://doe.gov.bd/pages/static-pages/6922dfba933eb65569e23b0a,https://objectstorage.ap-dcc-gazipur-1.oraclecloud15.com/n/axvjbnqprylg/b/V2Ministry/o/office-doe/2026/3/8301f835-598d-4138-ab71-5ab6ed2b24d0.pdf,,pdf,596593,0bdf99e4837f37320b37b3599498f185554f580f3ee9d49d635ab4511231a975,processed_then_deleted,2026-08-06T20:58:01+00:00,ok
daily_aqi,2026-04-07,AQI for 07 th April 2026,https://doe.gov.bd/pages/static-pages/6922dfba933eb65569e23b0a,https://objectstorage.ap-dcc-gazipur-1.oraclecloud15.com/n/axvjbnqprylg/b/V2Ministry/o/office-doe/2026/3/2f14678f-070d-452b-a265-417c3ebca5c7.pdf,,pdf,597989,0caff600254eb430049ceac825c683e3e7b11435a87fe1bebe4b9022b26ab06f,processed_then_deleted,2026-08-06T20:58:01+00:00,ok
daily_aqi,2026-04-08,AQI for 08 th April 2026,https://doe.gov.bd/pages/static-pages/6922dfba933eb65569e23b0a,https://objectstorage.ap-dcc-gazipur-1.oraclecloud15.com/n/axvjbnqprylg/b/V2Ministry/o/office-doe/2026/3/aa9421f4-5424-4181-a1e2-301051495c32.pdf,,pdf,597422,fa3df68451e6f165c0cd784fef44c1118fdfa11ba641d6454621ac4bf9f5773d,processed_then_deleted,2026-08-06T20:58:01+00:00,ok
daily_aqi,2026-04-09,AQI for 09 th April 2026,https://doe.gov.bd/pages/static-pages/6922dfba933eb65569e23b0a,https://objectstorage.ap-dcc-gazipur-1.oraclecloud15.com/n/axvjbnqprylg/b/V2Ministry/o/office-doe/2026/3/dd1a803e-cb2c-4fe9-929d-e8d7b0c085b3.pdf,,pdf,598015,9432f0a5506cdb030e0bea424679d2d558bdc7e90b36ef9921645d41eccb4e09,processed_then_deleted,2026-08-06T20:58:01+00:00,ok
daily_aqi,2026-04-10,AQI for 10 th April 2026,https://doe.gov.bd/pages/static-pages/6922dfba933eb65569e23b0a,https://objectstorage.ap-dcc-gazipur-1.oraclecloud15.com/n/axvjbnqprylg/b/V2Ministry/o/office-doe/2026/3/96768f0e-1345-4826-820f-340757ebd339.pdf,,pdf,598096,cb01e345728a9844388d7e31d17cec2e660ecff91b7d0e514b454f4e74853dfa,processed_then_deleted,2026-08-06T20:58:01+00:00,ok
daily_aqi,2026-04-11,AQI for 11 th April 2026,https://doe.gov.bd/pages/static-pages/6922dfba933eb65569e23b0a,https://objectstorage.ap-dcc-gazipur-1.oraclecloud15.com/n/axvjbnqprylg/b/V2Ministry/o/office-doe/2026/3/840f74ee-2847-4904-8431-2d4d3388a952.pdf,,pdf,598148,369c15a4f8388f0b6b4e1f1a06609e4e0c686aea8501f912d5694a4af31095bf,processed_then_deleted,2026-08-06T20:58:01+00:00,ok
daily_aqi,2026-04-12,AQI for 12 th April 2026,https://doe.gov.bd/pages/static-pages/6922dfba933eb65569e23b0a,https://objectstorage.ap-dcc-gazipur-1.oraclecloud15.com/n/axvjbnqprylg/b/V2Ministry/o/office-doe/2026/3/4376ca3c-4fcc-4865-9bc8-ef4e65cf0151.pdf,,pdf,598171,44dc446d3d32ea2cebbae75a420a94bc32c76cc674f2b97c812a80c301b01a0f,processed_then_deleted,2026-08-06T20:58:01+00:00,ok
daily_aqi,2026-04-13,AQI for 13 th April 2026,https://doe.gov.bd/pages/static-pages/6922dfba933eb65569e23b0a,https://objectstorage.ap-dcc-gazipur-1.oraclecloud15.com/n/axvjbnqprylg/b/V2Ministry/o/office-doe/2026/3/396109ba-3060-4793-8393-330aa2895ba9.pdf,,pdf,598595,de22bf6b9a348c12b637acd8fd4b075e2de0776a9d5beceb2513353e68fa1df7,processed_then_deleted,2026-08-06T20:58:01+00:00,ok
daily_aqi,2026-04-14,AQI for 14 th April 2026,https://doe.gov.bd/pages/static-pages/6922dfba933eb65569e23b0a,https://objectstorage.ap-dcc-gazipur-1.oraclecloud15.com/n/axvjbnqprylg/b/V2Ministry/o/office-doe/2026/3/f85d9de9-074a-480c-8eec-35a0a28c128d.pdf,,pdf,598097,046789419e8d75d14e8b7b8c06b3d5507dddfb394870af30646a86f4bed7c8ca,processed_then_deleted,2026-08-06T20:58:01+00:00,ok
daily_aqi,2026-04-15,AQI for 15 th April 2026,https://doe.gov.bd/pages/static-pages/6922dfba933eb65569e23b0a,https://objectstorage.ap-dcc-gazipur-1.oraclecloud15.com/n/axvjbnqprylg/b/V2Ministry/o/office-doe/2026/3/6a55846d-b66a-405a-ab8e-8e9858b0e57b.pdf,,pdf,598628,3a7a55d5ef5cc82036d85e597ee9115d60675e5185f7d46258a8d8062e462908,processed_then_deleted,2026-08-06T20:58:01+00:00,ok
daily_aqi,2026-04-16,AQI for 16 th April 2026,https://doe.gov.bd/pages/static-pages/6922dfba933eb65569e23b0a,https://objectstorage.ap-dcc-gazipur-1.oraclecloud15.com/n/axvjbnqprylg/b/V2Ministry/o/office-doe/2026/3/6fbdce55-3209-43dd-938a-bdbc196e8e47.pdf,,pdf,598050,895954fd3e77ed870b2a6ef24d0fbccffbeb6c964a33d33183b5ab6c042ebcd9,processed_then_deleted,2026-08-06T20:58:01+00:00,ok
daily_aqi,2026-04-17,AQI for 17 th April 2026,https://doe.gov.bd/pages/static-pages/6922dfba933eb65569e23b0a,https://objectstorage.ap-dcc-gazipur-1.oraclecloud15.com/n/axvjbnqprylg/b/V2Ministry/o/office-doe/2026/3/47eaeaa6-858d-4398-87b4-7e644c7eedee.pdf,,pdf,598530,4a3302e713d12394a85d7a47cd369efd3fddb6b0685393522f00505717fc3955,processed_then_deleted,2026-08-06T20:58:01+00:00,ok
daily_aqi,2026-04-18,AQI for 18 th April 2026,https://doe.gov.bd/pages/static-pages/6922dfba933eb65569e23b0a,https://objectstorage.ap-dcc-gazipur-1.oraclecloud15.com/n/axvjbnqprylg/b/V2Ministry/o/office-doe/2026/3/3ae62dd2-30e7-4f6e-98f3-57014cf2d7d0.pdf,,pdf,598734,56232f9e0682c97fd4c018fb2de8fc2b59aa3474979ba40f6fefda039c53d481,processed_then_deleted,2026-08-06T20:58:01+00:00,ok
daily_aqi,2026-04-19,AQI for 19 th April 2026,https://doe.gov.bd/pages/static-pages/6922dfba933eb65569e23b0a,https://objectstorage.ap-dcc-gazipur-1.oraclecloud15.com/n/axvjbnqprylg/b/V2Ministry/o/office-doe/2026/3/feee2fc0-7768-4721-8bd2-fa702b29ff0a.pdf,,pdf,598520,f44a6d26a6993ec95edd677a693650e79b6759e9ce7c000e967562218cc53136,processed_then_deleted,2026-08-06T20:58:01+00:00,ok
daily_aqi,2026-04-20,AQI for 20 th April 2026,https://doe.gov.bd/pages/static-pages/6922dfba933eb65569e23b0a,https://objectstorage.ap-dcc-gazipur-1.oraclecloud15.com/n/axvjbnqprylg/b/V2Ministry/o/office-doe/2026/3/8c160207-7782-4741-8abf-ff706f6e3440.pdf,,pdf,597558,2cd79cc851098500806217616f4c70a3a41d334352820748e779bfe0f461d996,processed_then_deleted,2026-08-06T20:58:01+00:00,ok
daily_aqi,2026-04-21,AQI for 21 th April 2026,https://doe.gov.bd/pages/static-pages/6922dfba933eb65569e23b0a,https://objectstorage.ap-dcc-gazipur-1.oraclecloud15.com/n/axvjbnqprylg/b/V2Ministry/o/office-doe/2026/3/50671392-6eab-4462-a54a-4e56d186ba8d.pdf,,pdf,598029,d15d0d5dc45489eb2dda33a27409663213a0ac85787cba45450198289eb72e50,processed_then_deleted,2026-08-06T20:58:01+00:00,ok
daily_aqi,2026-04-23,AQI for 23 th April 2026,https://doe.gov.bd/pages/static-pages/6922dfba933eb65569e23b0a,https://objectstorage.ap-dcc-gazipur-1.oraclecloud15.com/n/axvjbnqprylg/b/V2Ministry/o/office-doe/2026/3/797f9ca1-5634-4b74-83b2-1e9bafe8da03.pdf,,pdf,609915,ff846c1fd9c0252f523a7fc3e8af0e9bc2e8baca627bffb79fa7a945b0be983d,processed_then_deleted,2026-08-06T20:58:01+00:00,ok
daily_aqi,2026-04-24,AQI for 24 th April 2026,https://doe.gov.bd/pages/static-pages/6922dfba933eb65569e23b0a,https://objectstorage.ap-dcc-gazipur-1.oraclecloud15.com/n/axvjbnqprylg/b/V2Ministry/o/office-doe/2026/3/90722b87-f6b1-40d0-a9b5-569281e79d96.pdf,,pdf,597460,f03b6052898e0ab0b24345755f9cc11417ab8dc5ef0a446b3c5e93c47c3a5a30,processed_then_deleted,2026-08-06T20:58:01+00:00,ok
daily_aqi,2026-04-25,AQI for 25 th April 2026,https://doe.gov.bd/pages/static-pages/6922dfba933eb65569e23b0a,https://objectstorage.ap-dcc-gazipur-1.oraclecloud15.com/n/axvjbnqprylg/b/V2Ministry/o/office-doe/2026/3/b09940bb-6508-4a9d-9305-bcb8c83962b5.pdf,,pdf,598099,baee382e32b8d776129ab0ae3fb250c14b603fec49733dde80646e290dfe7b8a,processed_then_deleted,2026-08-06T20:58:01+00:00,ok
daily_aqi,2026-04-26,AQI for 26 th April 2026,https://doe.gov.bd/pages/static-pages/6922dfba933eb65569e23b0a,https://objectstorage.ap-dcc-gazipur-1.oraclecloud15.com/n/axvjbnqprylg/b/V2Ministry/o/office-doe/2026/3/aa511f1f-a41d-440c-8e7d-31e66385d50f.pdf,,pdf,621757,f3d7e7719b7420195f41d2b2f4dad62b4e5090c66583fa0e423ffa818222a5c1,processed_then_deleted,2026-08-06T20:58:01+00:00,ok
daily_aqi,2026-04-27,AQI for 27 th April 2026,https://doe.gov.bd/pages/static-pages/6922dfba933eb65569e23b0a,https://objectstorage.ap-dcc-gazipur-1.oraclecloud15.com/n/axvjbnqprylg/b/V2Ministry/o/office-doe/2026/3/157c77dd-f80d-4631-aa52-a15a8385ab00.pdf,,pdf,610190,3189299e9876749f70262ef11768c42ca6dd0c8d025acaf1e18e1d620b9b9476,processed_then_deleted,2026-08-06T20:58:01+00:00,ok
daily_aqi,2026-04-28,AQI for 28 th April 2026,https://doe.gov.bd/pages/static-pages/6922dfba933eb65569e23b0a,https://objectstorage.ap-dcc-gazipur-1.oraclecloud15.com/n/axvjbnqprylg/b/V2Ministry/o/office-doe/2026/3/d595e99a-b713-4d05-a4f9-d5dd842705d9.pdf,,pdf,610380,9359b20fb386d56f69d507f7a0a83f7d0c31b36d2b6bc70ba948ccc8d8efb30a,processed_then_deleted,2026-08-06T20:58:01+00:00,ok
daily_aqi,2026-04-29,AQI for 29 th April 2026,https://doe.gov.bd/pages/static-pages/6922dfba933eb65569e23b0a,https://objectstorage.ap-dcc-gazipur-1.oraclecloud15.com/n/axvjbnqprylg/b/V2Ministry/o/office-doe/2026/3/1cc5d1f9-d468-4e01-bcf2-0026748e9b2b.pdf,,pdf,610362,7db22aeac7273426721ead13545b3de1063ecb98212120a33e5fa2e3a98df0f5,processed_then_deleted,2026-08-06T20:58:01+00:00,ok
daily_aqi,2026-04-30,AQI for 30 th April 2026,https://doe.gov.bd/pages/static-pages/6922dfba933eb65569e23b0a,https://objectstorage.ap-dcc-gazipur-1.oraclecloud15.com/n/axvjbnqprylg/b/V2Ministry/o/office-doe/2026/4/dbfa74e8-6850-436e-92b7-de29afa6b8db.pdf,,pdf,622533,450b99a65849c4fe06db8ce646b569439ef5c99061a670f41908a4804527fae0,processed_then_deleted,2026-08-06T20:58:01+00:00,ok
daily_aqi,2026-05-01,AQI for 01 th May 2026,https://doe.gov.bd/pages/static-pages/6922dfba933eb65569e23b0a,https://objectstorage.ap-dcc-gazipur-1.oraclecloud15.com/n/axvjbnqprylg/b/V2Ministry/o/office-doe/2026/4/d7b6121d-39cb-403e-86f2-f0d2586e3869.pdf,,pdf,621889,f1da101a0d30faaec9e77503210cba27c28446e63ea5fff08a347eb6700edc7c,processed_then_deleted,2026-08-06T20:58:01+00:00,ok
daily_aqi,2026-05-02,AQI for 02 th May 2026,https://doe.gov.bd/pages/static-pages/6922dfba933eb65569e23b0a,https://objectstorage.ap-dcc-gazipur-1.oraclecloud15.com/n/axvjbnqprylg/b/V2Ministry/o/office-doe/2026/4/2c6ff526-c1e7-407e-a88b-21e8d72aba61.pdf,,pdf,621960,6a9bdd38e1b1ead4dfbb1b65bd16f56bea7a03ebf1d6a45b4a884ac405ff49c5,processed_then_deleted,2026-08-06T20:58:01+00:00,ok
daily_aqi,2026-05-03,AQI for 03 th May 2026,https://doe.gov.bd/pages/static-pages/6922dfba933eb65569e23b0a,https://objectstorage.ap-dcc-gazipur-1.oraclecloud15.com/n/axvjbnqprylg/b/V2Ministry/o/office-doe/2026/4/e0456c3b-4cd6-4d52-8ca3-b6cc80adbe49.pdf,,pdf,622697,fdfee26edbb85c335ee903fac36289f7de75e7a6732baefe5d2d81c58538c21c,processed_then_deleted,2026-08-06T20:58:01+00:00,ok
daily_aqi,2026-05-04,AQI for 04 th May 2026,https://doe.gov.bd/pages/static-pages/6922dfba933eb65569e23b0a,https://objectstorage.ap-dcc-gazipur-1.oraclecloud15.com/n/axvjbnqprylg/b/V2Ministry/o/office-doe/2026/4/f334420a-1ddd-4833-8ace-179ce038565b.pdf,,pdf,622322,d273d86e7c6fdded8443ef0b9eab78aabb8dcdcbbe4b1de46b6372f7e298f11f,processed_then_deleted,2026-08-06T20:58:01+00:00,ok
daily_aqi,2026-05-05,AQI for 05 th May 2026,https://doe.gov.bd/pages/static-pages/6922dfba933eb65569e23b0a,https://objectstorage.ap-dcc-gazipur-1.oraclecloud15.com/n/axvjbnqprylg/b/V2Ministry/o/office-doe/2026/4/ece47294-b8fd-4b92-bcd9-80ca71d2e06c.pdf,,pdf,621472,8289995f9c8bb70f4f9507568dcc18beb66bda6bfc2575b5eda45e24a59252fa,processed_then_deleted,2026-08-06T20:58:01+00:00,ok
daily_aqi,2026-05-06,AQI for 06 th May 2026,https://doe.gov.bd/pages/static-pages/6922dfba933eb65569e23b0a,https://objectstorage.ap-dcc-gazipur-1.oraclecloud15.com/n/axvjbnqprylg/b/V2Ministry/o/office-doe/2026/4/aaf47965-a651-432f-8c27-b5a90977701e.pdf,,pdf,620335,35d9298c338af97cbf4f415c21f26d2b78756a013b779c4ea05063c692459baa,processed_then_deleted,2026-08-06T20:58:01+00:00,ok
daily_aqi,2026-05-07,AQI for 07 th May 2026,https://doe.gov.bd/pages/static-pages/6922dfba933eb65569e23b0a,https://objectstorage.ap-dcc-gazipur-1.oraclecloud15.com/n/axvjbnqprylg/b/V2Ministry/o/office-doe/2026/4/cf75ef51-312b-4444-b76e-5fca53992f8e.pdf,,pdf,622134,1dd53a872f95099d73af829852358444313f49f9c37862645dafb0cdd62c5ed3,processed_then_deleted,2026-08-06T20:58:01+00:00,ok
daily_aqi,2026-05-08,AQI for 08 th May 2026,https://doe.gov.bd/pages/static-pages/6922dfba933eb65569e23b0a,https://objectstorage.ap-dcc-gazipur-1.oraclecloud15.com/n/axvjbnqprylg/b/V2Ministry/o/office-doe/2026/4/e85eba3f-6abc-493c-92ce-a20e9b0f1a62.pdf,,pdf,622343,f917e91ec4f68957b768a85050c123982b50876fef9f67b5273aaeb1dbd6fab4,processed_then_deleted,2026-08-06T20:58:01+00:00,ok
daily_aqi,2026-05-09,AQI for 09 th May 2026,https://doe.gov.bd/pages/static-pages/6922dfba933eb65569e23b0a,https://objectstorage.ap-dcc-gazipur-1.oraclecloud15.com/n/axvjbnqprylg/b/V2Ministry/o/office-doe/2026/4/ed8f400a-5422-4f95-97f3-5aadfefc77ee.pdf,,pdf,622012,65d60d5a954845e7f7ab5e1d74ad97975bec96bcd7e708b454f17535d142b127,processed_then_deleted,2026-08-06T20:58:01+00:00,ok
daily_aqi,2026-05-10,AQI for 10 th May 2026,https://doe.gov.bd/pages/static-pages/6922dfba933eb65569e23b0a,https://objectstorage.ap-dcc-gazipur-1.oraclecloud15.com/n/axvjbnqprylg/b/V2Ministry/o/office-doe/2026/4/53fbf8bd-86ac-4af8-8bb0-0915b70b070b.pdf,,pdf,619616,bc64c8fb387dcd1893000b0a75aaf29ceccfac1c551cc8526112ced08408a2f7,processed_then_deleted,2026-08-06T20:58:01+00:00,ok
daily_aqi,2026-05-11,AQI for 11 th May 2026,https://doe.gov.bd/pages/static-pages/6922dfba933eb65569e23b0a,https://objectstorage.ap-dcc-gazipur-1.oraclecloud15.com/n/axvjbnqprylg/b/V2Ministry/o/office-doe/2026/4/8104e5d1-1584-47dd-91a0-6bd4a308361e.pdf,,pdf,618288,834e6955f6902d00afeb77b38afbf532eed1483bbd5132768a7e0eb46e12f243,processed_then_deleted,2026-08-06T20:58:01+00:00,ok
daily_aqi,2026-05-12,AQI for 12 th May 2026,https://doe.gov.bd/pages/static-pages/6922dfba933eb65569e23b0a,https://objectstorage.ap-dcc-gazipur-1.oraclecloud15.com/n/axvjbnqprylg/b/V2Ministry/o/office-doe/2026/4/ea36e3dd-0e13-4b0b-82c6-a0c46a246dcc.pdf,,pdf,619455,eaba03024368a16b4e47c09820af646f515d38543ebfa57c141131c0713e71af,processed_then_deleted,2026-08-06T20:58:01+00:00,ok
daily_aqi,2026-05-13,AQI for 13 th May 2026,https://doe.gov.bd/pages/static-pages/6922dfba933eb65569e23b0a,https://objectstorage.ap-dcc-gazipur-1.oraclecloud15.com/n/axvjbnqprylg/b/V2Ministry/o/office-doe/2026/4/053363bb-ff3f-4a1f-8c6c-2f7ca4cd61f6.pdf,,pdf,622743,750772fb612d6a444d30455bb58f96ff1b8d31b2cce899a11b7aaa70356f70a4,processed_then_deleted,2026-08-06T20:58:01+00:00,ok
daily_aqi,2026-05-14,AQI for 14 th May 2026,https://doe.gov.bd/pages/static-pages/6922dfba933eb65569e23b0a,https://objectstorage.ap-dcc-gazipur-1.oraclecloud15.com/n/axvjbnqprylg/b/V2Ministry/o/office-doe/2026/4/99d57ebb-f8d1-4c14-a68a-087a960cda9d.pdf,,pdf,611077,8d9836e866952b3c370e02cb25698f9dedfc6f53e0fabc59031e955f2637f032,processed_then_deleted,2026-08-06T20:58:01+00:00,ok
daily_aqi,2026-05-15,AQI for 15 th May 2026,https://doe.gov.bd/pages/static-pages/6922dfba933eb65569e23b0a,https://objectstorage.ap-dcc-gazipur-1.oraclecloud15.com/n/axvjbnqprylg/b/V2Ministry/o/office-doe/2026/4/2eb86f31-baa3-4092-91ed-e206be59e884.pdf,,pdf,611008,a6f5fdf8fd18ebaa3d8237b8f8a203edea216b710f953b350e7e57d81b1336a7,processed_then_deleted,2026-08-06T20:58:01+00:00,ok
daily_aqi,2026-05-16,AQI for 16 th May 2026,https://doe.gov.bd/pages/static-pages/6922dfba933eb65569e23b0a,https://objectstorage.ap-dcc-gazipur-1.oraclecloud15.com/n/axvjbnqprylg/b/V2Ministry/o/office-doe/2026/4/8da9a7c3-e2ea-44cd-b525-55ddec51d7a0.pdf,,pdf,610622,ca9912d47b296a27aa05342b58a886f52a04764cd583ea8000e911bdcda778f2,processed_then_deleted,2026-08-06T20:58:01+00:00,ok
daily_aqi,2026-05-17,AQI for 17 th May 2026,https://doe.gov.bd/pages/static-pages/6922dfba933eb65569e23b0a,https://objectstorage.ap-dcc-gazipur-1.oraclecloud15.com/n/axvjbnqprylg/b/V2Ministry/o/office-doe/2026/4/eaf32e37-66f3-44bd-a8a7-874538da46ee.pdf,,pdf,610956,af818623dae717c29937447cfa6251a07ab432d706268993ff6bde3cc54d4c8a,processed_then_deleted,2026-08-06T20:58:01+00:00,ok
daily_aqi,2026-05-18,AQI for 18 th May 2026,https://doe.gov.bd/pages/static-pages/6922dfba933eb65569e23b0a,https://objectstorage.ap-dcc-gazipur-1.oraclecloud15.com/n/axvjbnqprylg/b/V2Ministry/o/office-doe/2026/4/7ca6b245-ae68-4902-9b2f-ef0b19f2ce08.pdf,,pdf,611277,d3dafce1f841ed0bac0095955f7bb68caf42b31bd80e989890a4ceaaacbd10af,processed_then_deleted,2026-08-06T20:58:01+00:00,ok
daily_aqi,2026-05-19,AQI for 19 th May 2026,https://doe.gov.bd/pages/static-pages/6922dfba933eb65569e23b0a,https://objectstorage.ap-dcc-gazipur-1.oraclecloud15.com/n/axvjbnqprylg/b/V2Ministry/o/office-doe/2026/4/8728952c-2a36-4057-a519-3c00d2f5ceeb.pdf,,pdf,610889,166c9e46a18a97ad3476a80c2b778d9d88b0881a44adb18f8a74081f9d3f4656,processed_then_deleted,2026-08-06T20:58:01+00:00,ok
daily_aqi,2026-05-20,AQI for 20 th May 2026,https://doe.gov.bd/pages/static-pages/6922dfba933eb65569e23b0a,https://objectstorage.ap-dcc-gazipur-1.oraclecloud15.com/n/axvjbnqprylg/b/V2Ministry/o/office-doe/2026/4/80c634bf-8324-4df3-8da8-32fa210671b5.pdf,,pdf,610324,8c6abd2df5628c7e13231876262b5db39ea5bcd9443b94d82ec2327c9899132b,processed_then_deleted,2026-08-06T20:58:01+00:00,ok
daily_aqi,2026-05-21,AQI for 21 th May 2026,https://doe.gov.bd/pages/static-pages/6922dfba933eb65569e23b0a,https://objectstorage.ap-dcc-gazipur-1.oraclecloud15.com/n/axvjbnqprylg/b/V2Ministry/o/office-doe/2026/4/bd9abaf6-477a-4f24-8475-cbccc63b8e4d.pdf,,pdf,610978,579be12fa9d1865e0a725d54301f372ebc77c2b165d32f0728ae5a0e42c582c7,processed_then_deleted,2026-08-06T20:58:01+00:00,ok
daily_aqi,2026-05-22,AQI for 22 th May 2026,https://doe.gov.bd/pages/static-pages/6922dfba933eb65569e23b0a,https://objectstorage.ap-dcc-gazipur-1.oraclecloud15.com/n/axvjbnqprylg/b/V2Ministry/o/office-doe/2026/4/3c68f833-f950-45f7-ac2b-c84ec7dc896c.pdf,,pdf,611433,2125479c6bd515191c21267b67953925d0049cd124ca61dd25deb25b40cc41aa,processed_then_deleted,2026-08-06T20:58:01+00:00,ok
daily_aqi,2026-05-23,AQI for 23 th May 2026,https://doe.gov.bd/pages/static-pages/6922dfba933eb65569e23b0a,https://objectstorage.ap-dcc-gazipur-1.oraclecloud15.com/n/axvjbnqprylg/b/V2Ministry/o/office-doe/2026/4/124fa28c-0e57-4c38-8e7b-782045fa457b.pdf,,pdf,621211,22d5fc8d9c167fe156cb1c68a303f438e8b990958175ae435fd3b4179118b5a5,processed_then_deleted,2026-08-06T20:58:01+00:00,ok
daily_aqi,2026-05-24,AQI for 24 th May 2026,https://doe.gov.bd/pages/static-pages/6922dfba933eb65569e23b0a,https://objectstorage.ap-dcc-gazipur-1.oraclecloud15.com/n/axvjbnqprylg/b/V2Ministry/o/office-doe/2026/5/9c905747-47c6-4d22-a2a9-afc78374060e.pdf,,pdf,625844,cb0946b4dd5ec03bdf45c2f743a50624ea22c2bb3bcf6a6ac81b84e6b01517a9,processed_then_deleted,2026-08-06T20:58:01+00:00,ok
daily_aqi,2026-05-25,AQI for 25 th May 2026,https://doe.gov.bd/pages/static-pages/6922dfba933eb65569e23b0a,https://objectstorage.ap-dcc-gazipur-1.oraclecloud15.com/n/axvjbnqprylg/b/V2Ministry/o/office-doe/2026/5/7c5f3a6f-e903-4fbb-8d5c-ae37d22cf1ea.pdf,,pdf,610679,2ed3ddead992e5fffbb81844c93831ad609b6da709bc730f371d5b01404290a2,processed_then_deleted,2026-08-06T20:58:01+00:00,ok
daily_aqi,2026-05-26,AQI for 26 th May 2026,https://doe.gov.bd/pages/static-pages/6922dfba933eb65569e23b0a,https://objectstorage.ap-dcc-gazipur-1.oraclecloud15.com/n/axvjbnqprylg/b/V2Ministry/o/office-doe/2026/5/b41366f6-0ee3-45b2-89ba-d25dc7102e8b.pdf,,pdf,610097,d06a633a2df580f996181268d4de0d0d4d23e158258006d3abcf226c521a64ca,processed_then_deleted,2026-08-06T20:58:01+00:00,ok
daily_aqi,2026-05-27,AQI for 27 th May 2026,https://doe.gov.bd/pages/static-pages/6922dfba933eb65569e23b0a,https://objectstorage.ap-dcc-gazipur-1.oraclecloud15.com/n/axvjbnqprylg/b/V2Ministry/o/office-doe/2026/5/539ed1dd-947a-4cf5-9499-d9d27de67ff4.pdf,,pdf,610861,34e3cf2fc91d1b54d2585ea4a8e315056fd4b93c4e3343d434a19e3405dcbc4c,processed_then_deleted,2026-08-06T20:58:01+00:00,ok
daily_aqi,2026-05-28,AQI for 28 th May 2026,https://doe.gov.bd/pages/static-pages/6922dfba933eb65569e23b0a,https://objectstorage.ap-dcc-gazipur-1.oraclecloud15.com/n/axvjbnqprylg/b/V2Ministry/o/office-doe/2026/5/598123eb-1806-4004-b2f6-f1b7579a5459.pdf,,pdf,611316,63ec80e5dd78a63dfa219f8bf21efd258a8b7febdef9cbb4bc44f17be4352523,processed_then_deleted,2026-08-06T20:58:01+00:00,ok
daily_aqi,2026-05-29,AQI for 29 th May 2026,https://doe.gov.bd/pages/static-pages/6922dfba933eb65569e23b0a,https://objectstorage.ap-dcc-gazipur-1.oraclecloud15.com/n/axvjbnqprylg/b/V2Ministry/o/office-doe/2026/5/9fa94b5e-a612-47da-b90b-ad61831808c0.pdf,,pdf,610976,14245f363b259531f578045cadd932c01bf5f2a799fd1c0fdb76e54fcdbe879a,processed_then_deleted,2026-08-06T20:58:01+00:00,ok
daily_aqi,2026-05-30,AQI for 30 th May 2026,https://doe.gov.bd/pages/static-pages/6922dfba933eb65569e23b0a,https://objectstorage.ap-dcc-gazipur-1.oraclecloud15.com/n/axvjbnqprylg/b/V2Ministry/o/office-doe/2026/5/0a738fa4-4e56-4728-b2aa-d50c8f2bfadc.pdf,,pdf,610590,e30b8af9330666721cd091ad00adb57c54f6d9655d6ad4c50594381d7c6fe46f,processed_then_deleted,2026-08-06T20:58:01+00:00,ok
daily_aqi,2026-05-31,AQI for 31 th May 2026,https://doe.gov.bd/pages/static-pages/6922dfba933eb65569e23b0a,https://objectstorage.ap-dcc-gazipur-1.oraclecloud15.com/n/axvjbnqprylg/b/V2Ministry/o/office-doe/2026/5/7f1b9ab3-138a-48ce-801b-f962f2a4a0a6.pdf,,pdf,611542,8e24ada472e895b19cb90325b640f16275d66113fa3c39a51bd309df8768f454,processed_then_deleted,2026-08-06T20:58:01+00:00,ok
daily_aqi,2026-06-01,AQI for 01 st June 2026,https://doe.gov.bd/pages/static-pages/6922dfba933eb65569e23b0a,https://objectstorage.ap-dcc-gazipur-1.oraclecloud15.com/n/axvjbnqprylg/b/V2Ministry/o/office-doe/2026/5/7f1b9ab3-138a-48ce-801b-f962f2a4a0a6.pdf,,pdf,611542,8e24ada472e895b19cb90325b640f16275d66113fa3c39a51bd309df8768f454,processed_then_deleted,2026-08-06T20:58:01+00:00,ok
daily_aqi,2026-06-02,AQI for 02 nd June 2026,https://doe.gov.bd/pages/static-pages/6922dfba933eb65569e23b0a,https://objectstorage.ap-dcc-gazipur-1.oraclecloud15.com/n/axvjbnqprylg/b/V2Ministry/o/office-doe/2026/5/4c3fd9b9-119f-4b1e-8726-497fa0ee8426.pdf,,pdf,622039,a41c694b607efff632234be5aa2a66729285e88e2877098a9452beaeb1495dfc,processed_then_deleted,2026-08-06T20:58:01+00:00,ok
daily_aqi,2026-06-03,AQI for 03 rd June 2026,https://doe.gov.bd/pages/static-pages/6922dfba933eb65569e23b0a,https://objectstorage.ap-dcc-gazipur-1.oraclecloud15.com/n/axvjbnqprylg/b/V2Ministry/o/office-doe/2026/5/c3cf6cc9-19cd-40c3-aa5a-98d051a588bd.pdf,,pdf,610657,8a6683f16a78d49072ee8065b5b0b1d76a571deab862e8098e14fb2bcdd67dbd,processed_then_deleted,2026-08-06T20:58:01+00:00,ok
daily_aqi,2026-06-04,AQI for 04 th June 2026,https://doe.gov.bd/pages/static-pages/6922dfba933eb65569e23b0a,https://objectstorage.ap-dcc-gazipur-1.oraclecloud15.com/n/axvjbnqprylg/b/V2Ministry/o/office-doe/2026/5/245aec3e-ab05-42d2-a88c-a9063cb71f11.pdf,,pdf,610477,c4bb103f950f1c662ca9200e5b8dd59f9a7fcb397da77918035cb421e5f9c019,processed_then_deleted,2026-08-06T20:58:01+00:00,ok
daily_aqi,2026-06-05,AQI for 05 th June 2026,https://doe.gov.bd/pages/static-pages/6922dfba933eb65569e23b0a,https://objectstorage.ap-dcc-gazipur-1.oraclecloud15.com/n/axvjbnqprylg/b/V2Ministry/o/office-doe/2026/5/ee934025-ce0f-4a73-830e-7e3ed986e247.pdf,,pdf,610745,f5f9e57f6b0040b1c61634134689a9e1d9cf7ae995555cf245d797f866604690,processed_then_deleted,2026-08-06T20:58:01+00:00,ok
daily_aqi,2026-06-06,AQI for 06 th June 2026,https://doe.gov.bd/pages/static-pages/6922dfba933eb65569e23b0a,https://objectstorage.ap-dcc-gazipur-1.oraclecloud15.com/n/axvjbnqprylg/b/V2Ministry/o/office-doe/2026/5/c5186e13-dc4a-43fc-95a0-cf6aee4bc531.pdf,,pdf,610157,48630fcfc3ed780a73328419503921e0de5c6b79fbc8d1be132ae831d9f215fa,processed_then_deleted,2026-08-06T20:58:01+00:00,ok
daily_aqi,2026-06-07,AQI for 07 th June 2026,https://doe.gov.bd/pages/static-pages/6922dfba933eb65569e23b0a,https://objectstorage.ap-dcc-gazipur-1.oraclecloud15.com/n/axvjbnqprylg/b/V2Ministry/o/office-doe/2026/5/247fb4c2-7c3d-4873-8bc5-e8b3cf146b8a.pdf,,pdf,610554,47d552051a2bdc3334269507edcdce3cab281d656f2268c85b901420f7fc527a,processed_then_deleted,2026-08-06T20:58:01+00:00,ok
daily_aqi,2026-06-08,AQI for 08 th June 2026,https://doe.gov.bd/pages/static-pages/6922dfba933eb65569e23b0a,https://objectstorage.ap-dcc-gazipur-1.oraclecloud15.com/n/axvjbnqprylg/b/V2Ministry/o/office-doe/2026/5/1c8fe7b4-62f9-46d8-b657-577edef6c041.pdf,,pdf,610743,8d7271ffb30183ffcc7ccc0841723d0b6b990c8b426b8078a137f72ea52bd740,processed_then_deleted,2026-08-06T20:58:01+00:00,ok
daily_aqi,2026-06-09,AQI for 09 th June 2026,https://doe.gov.bd/pages/static-pages/6922dfba933eb65569e23b0a,https://objectstorage.ap-dcc-gazipur-1.oraclecloud15.com/n/axvjbnqprylg/b/V2Ministry/o/office-doe/2026/5/cd0dd231-64c0-4a00-8798-4858ab557367.pdf,,pdf,610500,c1981f907b2e42863eb54b7a025065fc107880bb3f5ff49f0e0680c22a25393c,processed_then_deleted,2026-08-06T20:58:01+00:00,ok
daily_aqi,2026-06-10,AQI for 10 th June 2026,https://doe.gov.bd/pages/static-pages/6922dfba933eb65569e23b0a,https://objectstorage.ap-dcc-gazipur-1.oraclecloud15.com/n/axvjbnqprylg/b/V2Ministry/o/office-doe/2026/5/54012cfb-31cc-4566-9af2-8606f433f6f6.pdf,,pdf,610528,9dfec6330c5519684683f20029aad5a9652ace718db79b188edacbe0c9be9547,processed_then_deleted,2026-08-06T20:58:01+00:00,ok
daily_aqi,2026-06-11,AQI for 11 th June 2026,https://doe.gov.bd/pages/static-pages/6922dfba933eb65569e23b0a,https://objectstorage.ap-dcc-gazipur-1.oraclecloud15.com/n/axvjbnqprylg/b/V2Ministry/o/office-doe/2026/5/a6edf150-db43-4198-9682-b7e32ea2201a.pdf,,pdf,610486,88f0562e0848734be9bd89ff0f85bacb832a5589e6323ca924d63e6050f1fae1,processed_then_deleted,2026-08-06T20:58:01+00:00,ok
daily_aqi,2026-06-12,AQI for 12 th June 2026,https://doe.gov.bd/pages/static-pages/6922dfba933eb65569e23b0a,https://objectstorage.ap-dcc-gazipur-1.oraclecloud15.com/n/axvjbnqprylg/b/V2Ministry/o/office-doe/2026/5/9f7cb49e-4a5d-41ff-bf37-81744448bc30.pdf,,pdf,610488,ebc0201cd91b66dcd9dad4421c7737d23b19eb5361dc69469bb957b1e6ac4af9,processed_then_deleted,2026-08-06T20:58:01+00:00,ok
daily_aqi,2026-06-13,AQI for 13 th June 2026,https://doe.gov.bd/pages/static-pages/6922dfba933eb65569e23b0a,https://objectstorage.ap-dcc-gazipur-1.oraclecloud15.com/n/axvjbnqprylg/b/V2Ministry/o/office-doe/2026/5/6d564d85-3363-47ec-b6bb-686e7ffb4295.pdf,,pdf,610640,18da90c18a6ea9eb28feba89262b311c0ebd6645e0184b20ff550b9e41aa91cf,processed_then_deleted,2026-08-06T20:58:01+00:00,ok
daily_aqi,2026-06-14,AQI for 14 th June 2026,https://doe.gov.bd/pages/static-pages/6922dfba933eb65569e23b0a,https://objectstorage.ap-dcc-gazipur-1.oraclecloud15.com/n/axvjbnqprylg/b/V2Ministry/o/office-doe/2026/5/8ca5c39e-1177-48be-9c3a-88b9ee8a2e26.pdf,,pdf,610964,d5c9a79e7c6810aa51e1aef41002d97ee180cb7918dd2824937d9ec08f74785b,processed_then_deleted,2026-08-06T20:58:01+00:00,ok
daily_aqi,2026-06-15,AQI for 15 th June 2026,https://doe.gov.bd/pages/static-pages/6922dfba933eb65569e23b0a,https://objectstorage.ap-dcc-gazipur-1.oraclecloud15.com/n/axvjbnqprylg/b/V2Ministry/o/office-doe/2026/5/daa2ea08-7a3c-4ad5-9c2d-64e03a640ef0.pdf,,pdf,610718,b7560a6319d979075425eafc89439fcde330d8d7aa111aeedf3f7408abc32d40,processed_then_deleted,2026-08-06T20:58:01+00:00,ok
daily_aqi,2026-06-16,AQI for 16 th June 2026,https://doe.gov.bd/pages/static-pages/6922dfba933eb65569e23b0a,https://objectstorage.ap-dcc-gazipur-1.oraclecloud15.com/n/axvjbnqprylg/b/V2Ministry/o/office-doe/2026/5/6fa467a0-1dc5-4e5c-83cf-5e6b1a59a1c3.pdf,,pdf,610426,e9115af158b1f434576149875061f89e22e2e012406b17f18756c37972202c2a,processed_then_deleted,2026-08-06T20:58:01+00:00,ok
daily_aqi,2026-06-17,AQI for 17 th June 2026,https://doe.gov.bd/pages/static-pages/6922dfba933eb65569e23b0a,https://objectstorage.ap-dcc-gazipur-1.oraclecloud15.com/n/axvjbnqprylg/b/V2Ministry/o/office-doe/2026/5/105433eb-6020-4295-8d12-1316e959bd1d.pdf,,pdf,610859,8e98755937ab72916975858b95d841d6df11a331122028d9f971b691053254b1,processed_then_deleted,2026-08-06T20:58:01+00:00,ok
daily_aqi,2026-06-18,AQI for 18 th June 2026,https://doe.gov.bd/pages/static-pages/6922dfba933eb65569e23b0a,https://objectstorage.ap-dcc-gazipur-1.oraclecloud15.com/n/axvjbnqprylg/b/V2Ministry/o/office-doe/2026/5/12c344e7-9273-4594-b24c-d318cfc7d5ab.pdf,,pdf,610335,9d4237058128a5448635f66cf353d42866363159ab8a74134a15e211c9109c56,processed_then_deleted,2026-08-06T20:58:01+00:00,ok
daily_aqi,2026-06-19,AQI for 19 th June 2026,https://doe.gov.bd/pages/static-pages/6922dfba933eb65569e23b0a,https://objectstorage.ap-dcc-gazipur-1.oraclecloud15.com/n/axvjbnqprylg/b/V2Ministry/o/office-doe/2026/5/36b140a4-9242-4b4c-8906-2fb1582b3287.pdf,,pdf,610617,6c757d21a2f154814077500867789da45f8e8f6ead8d5ec7b19c7f7c7eea5615,processed_then_deleted,2026-08-06T20:58:01+00:00,ok
daily_aqi,2026-06-20,AQI for 20 th June 2026,https://doe.gov.bd/pages/static-pages/6922dfba933eb65569e23b0a,https://objectstorage.ap-dcc-gazipur-1.oraclecloud15.com/n/axvjbnqprylg/b/V2Ministry/o/office-doe/2026/5/f59b460e-e628-4e2e-94ac-2bc277a1e46c.pdf,,pdf,609788,223a864301aa7f0501a4327eb5d4cd8a94ab188207d6fca494b3d52f0aaa1673,processed_then_deleted,2026-08-06T20:58:01+00:00,ok
daily_aqi,2026-06-21,AQI for 21 th June 2026,https://doe.gov.bd/pages/static-pages/6922dfba933eb65569e23b0a,https://objectstorage.ap-dcc-gazipur-1.oraclecloud15.com/n/axvjbnqprylg/b/V2Ministry/o/office-doe/2026/5/1d032760-86e5-4c6d-a5bd-3c6bed58adb1.pdf,,pdf,610477,aecb308edddb4449cbdd88c50882f100ecee8cfe8f5f9b02a4c41a720cea68ae,processed_then_deleted,2026-08-06T20:58:01+00:00,ok
daily_aqi,2026-06-22,AQI for 22 th June 2026,https://doe.gov.bd/pages/static-pages/6922dfba933eb65569e23b0a,https://objectstorage.ap-dcc-gazipur-1.oraclecloud15.com/n/axvjbnqprylg/b/V2Ministry/o/office-doe/2026/5/48c2ff96-5c9d-46ee-9937-3759a68a7bd1.pdf,,pdf,610085,a9267befafed5d85a9a5836defcae949d13385d0b4f00e757527a9fa8081f6f9,processed_then_deleted,2026-08-06T20:58:01+00:00,ok
daily_aqi,2026-06-23,AQI for 23 th June 2026,https://doe.gov.bd/pages/static-pages/6922dfba933eb65569e23b0a,https://objectstorage.ap-dcc-gazipur-1.oraclecloud15.com/n/axvjbnqprylg/b/V2Ministry/o/office-doe/2026/5/45c55366-dac8-42cf-8d59-ee9da98921aa.pdf,,pdf,617933,652d48dd1bb0cee3e61e2ebc1c753405426a81ea2a5770c79dfab277293340c7,processed_then_deleted,2026-08-06T20:58:01+00:00,ok
daily_aqi,2026-06-24,AQI for 24 th June 2026,https://doe.gov.bd/pages/static-pages/6922dfba933eb65569e23b0a,https://objectstorage.ap-dcc-gazipur-1.oraclecloud15.com/n/axvjbnqprylg/b/V2Ministry/o/office-doe/2026/5/f29848a6-17fe-4719-944b-84b4d1415a1d.pdf,,pdf,610963,7856c09d31ea04486dd7e658e366e7a4702ec0679d70139a0c4ee00925a0a158,processed_then_deleted,2026-08-06T20:58:01+00:00,ok
daily_aqi,2026-06-25,AQI for 25 th June 2026,https://doe.gov.bd/pages/static-pages/6922dfba933eb65569e23b0a,https://objectstorage.ap-dcc-gazipur-1.oraclecloud15.com/n/axvjbnqprylg/b/V2Ministry/o/office-doe/2026/5/78aa5db1-20a8-4673-95cb-0f0497b16c56.pdf,,pdf,611208,d3ea5615ef5d4d1ec432711ae00a0060820613530b410dae31abff658955efd1,processed_then_deleted,2026-08-06T20:58:01+00:00,ok
daily_aqi,2026-06-26,AQI for 26 th June 2026,https://doe.gov.bd/pages/static-pages/6922dfba933eb65569e23b0a,https://objectstorage.ap-dcc-gazipur-1.oraclecloud15.com/n/axvjbnqprylg/b/V2Ministry/o/office-doe/2026/5/fdbccaac-5913-4f46-8a94-ad9ae1017cde.pdf,,pdf,621691,76409403e8accb9db5ebb78090dfd03a10d6d8be1ac82fc7651bbfa1481c0a34,processed_then_deleted,2026-08-06T20:58:01+00:00,ok
daily_aqi,2026-06-27,AQI for 27 th June 2026,https://doe.gov.bd/pages/static-pages/6922dfba933eb65569e23b0a,https://objectstorage.ap-dcc-gazipur-1.oraclecloud15.com/n/axvjbnqprylg/b/V2Ministry/o/office-doe/2026/5/571079a2-5ee6-4404-b68c-627cd762abce.pdf,,pdf,622108,3ed10fe9eec78766da7c35d68e55e4f82e99ebe6845c0f6041427e88b3d3b17e,processed_then_deleted,2026-08-06T20:58:01+00:00,ok
daily_aqi,2026-06-28,AQI for 28 th June 2026,https://doe.gov.bd/pages/static-pages/6922dfba933eb65569e23b0a,https://objectstorage.ap-dcc-gazipur-1.oraclecloud15.com/n/axvjbnqprylg/b/V2Ministry/o/office-doe/2026/5/c7ec4e4e-123c-4391-82b3-51d6ad3408a8.pdf,,pdf,618862,9cf7f8653cc7111b0bdc13dee95c0a76a8baee03890e0887ffc71ad804544877,processed_then_deleted,2026-08-06T20:58:01+00:00,ok
daily_aqi,2026-06-29,AQI for 29 th June 2026,https://doe.gov.bd/pages/static-pages/6922dfba933eb65569e23b0a,https://objectstorage.ap-dcc-gazipur-1.oraclecloud15.com/n/axvjbnqprylg/b/V2Ministry/o/office-doe/2026/5/ec922dd2-b96c-4c5d-b3f8-34b05b720565.pdf,,pdf,610246,f69d66a513029b035179ebf0c80da3ebd4986f0c3af11d2834f7df26281ae8c8,processed_then_deleted,2026-08-06T20:58:01+00:00,ok
daily_aqi,2026-06-30,AQI for 30 th June 2026,https://doe.gov.bd/pages/static-pages/6922dfba933eb65569e23b0a,https://objectstorage.ap-dcc-gazipur-1.oraclecloud15.com/n/axvjbnqprylg/b/V2Ministry/o/office-doe/2026/6/84baab0b-5b14-48c0-a501-40eb2bf5b04d.pdf,,pdf,615649,872d57222f2d3fa9302d279e55ee143b542cd9c7b19b6d96914bbd6a0a928e77,processed_then_deleted,2026-08-06T20:58:01+00:00,ok
daily_aqi,2026-07-01,AQI for 01 st July 2026,https://doe.gov.bd/pages/static-pages/6922dfba933eb65569e23b0a,https://objectstorage.ap-dcc-gazipur-1.oraclecloud15.com/n/axvjbnqprylg/b/V2Ministry/o/office-doe/2026/6/8414af1e-cbe4-4b19-8089-210da0eb0e38.pdf,,pdf,609184,3275a5c5992a85d3164b3aa6004f02fa260874c0036467be65117de461a396cb,processed_then_deleted,2026-08-06T20:58:01+00:00,ok
daily_aqi,2026-07-02,AQI for 02 nd July 2026,https://doe.gov.bd/pages/static-pages/6922dfba933eb65569e23b0a,https://objectstorage.ap-dcc-gazipur-1.oraclecloud15.com/n/axvjbnqprylg/b/V2Ministry/o/office-doe/2026/6/4729649d-5ab8-42ab-8388-1e196967deb0.pdf,,pdf,621185,e6b331d60b8bc4c0c664da11d612a597de758f997f62c135249c1054b5b04a35,processed_then_deleted,2026-08-06T20:58:01+00:00,ok
daily_aqi,2026-07-03,AQI for 03 rd July 2026,https://doe.gov.bd/pages/static-pages/6922dfba933eb65569e23b0a,https://objectstorage.ap-dcc-gazipur-1.oraclecloud15.com/n/axvjbnqprylg/b/V2Ministry/o/office-doe/2026/6/4dbace90-389e-445d-b179-9b9310477002.pdf,,pdf,609823,ee65ad074362ed5fef8d77125fdcaa03e7bb4cb7d05ee45c67ab006cd9127d16,processed_then_deleted,2026-08-06T20:58:01+00:00,ok
daily_aqi,2026-07-04,AQI for 04 th July 2026,https://doe.gov.bd/pages/static-pages/6922dfba933eb65569e23b0a,https://objectstorage.ap-dcc-gazipur-1.oraclecloud15.com/n/axvjbnqprylg/b/V2Ministry/o/office-doe/2026/6/5e3ac1e2-04f7-41a6-a988-bd4a2fb0558c.pdf,,pdf,609510,b0201a809d10bb94cae365087506eea47f1e6da5c00381aff4a39308b7247bde,processed_then_deleted,2026-08-06T20:58:01+00:00,ok
daily_aqi,2026-07-05,AQI for 05 th July 2026,https://doe.gov.bd/pages/static-pages/6922dfba933eb65569e23b0a,https://objectstorage.ap-dcc-gazipur-1.oraclecloud15.com/n/axvjbnqprylg/b/V2Ministry/o/office-doe/2026/6/4c45c700-9d4c-4082-b9c0-f4fa52f6b674.pdf,,pdf,609689,485a088ee8a16f217e986f0df395ade50083f1c57dc09db3a34273b2e5dd07d7,processed_then_deleted,2026-08-06T20:58:01+00:00,ok
daily_aqi,2026-07-06,AQI for 06 th July 2026,https://doe.gov.bd/pages/static-pages/6922dfba933eb65569e23b0a,https://objectstorage.ap-dcc-gazipur-1.oraclecloud15.com/n/axvjbnqprylg/b/V2Ministry/o/office-doe/2026/6/01b634c0-7e0d-48b3-88b5-53a0168acb59.pdf,,pdf,609183,fb8c0c2f944d8186c7294f091cae7e5fab3d21c0f6d84eb344e38addc1fd0ad4,processed_then_deleted,2026-08-06T20:58:01+00:00,ok
daily_aqi,2026-07-07,AQI for 07 th July 2026,https://doe.gov.bd/pages/static-pages/6922dfba933eb65569e23b0a,https://objectstorage.ap-dcc-gazipur-1.oraclecloud15.com/n/axvjbnqprylg/b/V2Ministry/o/office-doe/2026/6/c5b3af8b-a4ce-4b48-974d-78815d552072.pdf,,pdf,617672,21f0b89d97c0c83f7c34b286556b80247e92a9bc3557dc2f82ecd008ed4d6d4d,processed_then_deleted,2026-08-06T20:58:01+00:00,ok
daily_aqi,2026-07-08,AQI for 08 th July 2026,https://doe.gov.bd/pages/static-pages/6922dfba933eb65569e23b0a,https://objectstorage.ap-dcc-gazipur-1.oraclecloud15.com/n/axvjbnqprylg/b/V2Ministry/o/office-doe/2026/6/e1db1e10-3374-49f4-8348-f4b81e8d4ba0.pdf,,pdf,619378,072d629051f09bd33c000cbcc703d5edfa8bb4ab98ece5cc6fa0329c24245e9f,processed_then_deleted,2026-08-06T20:58:01+00:00,ok
daily_aqi,2026-07-09,AQI for 09 th July 2026,https://doe.gov.bd/pages/static-pages/6922dfba933eb65569e23b0a,https://objectstorage.ap-dcc-gazipur-1.oraclecloud15.com/n/axvjbnqprylg/b/V2Ministry/o/office-doe/2026/6/104b5ede-d761-4761-830b-e9db244444f1.pdf,,pdf,618630,422afb47361533551b68efe5f94b162499e00e873c22570a1ee82de6cf40cd9d,processed_then_deleted,2026-08-06T20:58:01+00:00,ok
daily_aqi,2026-07-10,AQI for 10 th July 2026,https://doe.gov.bd/pages/static-pages/6922dfba933eb65569e23b0a,https://objectstorage.ap-dcc-gazipur-1.oraclecloud15.com/n/axvjbnqprylg/b/V2Ministry/o/office-doe/2026/6/07441400-e312-493e-9cdf-918a64d34ba0.pdf,,pdf,616905,59634db1c031609ce31ca9f2b1985650c08e1cdfeacad0ec2baf9624cfd8ba58,processed_then_deleted,2026-08-06T20:58:01+00:00,ok
daily_aqi,2026-07-11,AQI for 11 th July 2026,https://doe.gov.bd/pages/static-pages/6922dfba933eb65569e23b0a,https://objectstorage.ap-dcc-gazipur-1.oraclecloud15.com/n/axvjbnqprylg/b/V2Ministry/o/office-doe/2026/6/a426e673-425b-4468-b46c-33e58e71111c.pdf,,pdf,618633,b4bcb9e15729723185dfa3786947247cc1d4a1adca6d6616c3e275d5b9c1ce71,processed_then_deleted,2026-08-06T20:58:01+00:00,ok
daily_aqi,2026-07-12,AQI for 12 th July 2026,https://doe.gov.bd/pages/static-pages/6922dfba933eb65569e23b0a,https://objectstorage.ap-dcc-gazipur-1.oraclecloud15.com/n/axvjbnqprylg/b/V2Ministry/o/office-doe/2026/6/288df937-fe44-41de-8e08-c28c64cc8c70.pdf,,pdf,617138,0beccbb808f88e3b24fc9ff411c83227a0ae8bb629ed836925549f0184cf747c,processed_then_deleted,2026-08-06T20:58:01+00:00,ok
daily_aqi,2026-07-13,AQI for 13 th July 2026,https://doe.gov.bd/pages/static-pages/6922dfba933eb65569e23b0a,https://objectstorage.ap-dcc-gazipur-1.oraclecloud15.com/n/axvjbnqprylg/b/V2Ministry/o/office-doe/2026/6/fecb92b2-0e6d-4d91-8083-fe37d8ed5a9c.pdf,,pdf,619605,5460014ac1c9ffdebc751073cb449d363e9a43905ffd59f251cd2a13cfcc3c65,processed_then_deleted,2026-08-06T20:58:01+00:00,ok
daily_aqi,2026-07-14,AQI for 14 th July 2026,https://doe.gov.bd/pages/static-pages/6922dfba933eb65569e23b0a,https://objectstorage.ap-dcc-gazipur-1.oraclecloud15.com/n/axvjbnqprylg/b/V2Ministry/o/office-doe/2026/6/530cff52-58f9-477a-b408-4aef913eb77d.pdf,,pdf,619207,b3269508ce5370ea146b07b087b77de4f04c9a1f6c32258a7d900e9eb3ada7d0,processed_then_deleted,2026-08-06T20:58:01+00:00,ok
daily_aqi,2026-07-15,AQI for 15 th July 2026,https://doe.gov.bd/pages/static-pages/6922dfba933eb65569e23b0a,https://objectstorage.ap-dcc-gazipur-1.oraclecloud15.com/n/axvjbnqprylg/b/V2Ministry/o/office-doe/2026/6/1ce78e16-76c1-4a35-9c16-40855a511a82.pdf,,pdf,611141,ca67b0a64a02250fe6b16df63adfb9d00b9e979ba2b27385f45e420bd3d13f13,processed_then_deleted,2026-08-06T20:58:01+00:00,ok
daily_aqi,2026-07-16,AQI for 16 th July 2026,https://doe.gov.bd/pages/static-pages/6922dfba933eb65569e23b0a,https://objectstorage.ap-dcc-gazipur-1.oraclecloud15.com/n/axvjbnqprylg/b/V2Ministry/o/office-doe/2026/6/b06d7565-fe86-4047-87f2-203a5c9ddcb0.pdf,,pdf,619225,14d271f268d69d62ceda4c26d486b6e023c0ad9a11e2e6e4d428b54562139e25,processed_then_deleted,2026-08-06T20:58:01+00:00,ok
daily_aqi,2026-07-17,AQI for 17 th July 2026,https://doe.gov.bd/pages/static-pages/6922dfba933eb65569e23b0a,https://objectstorage.ap-dcc-gazipur-1.oraclecloud15.com/n/axvjbnqprylg/b/V2Ministry/o/office-doe/2026/6/48f8a9eb-9123-4523-9dd3-51743d9b9668.pdf,,pdf,617924,d86a10387718cb25d290cfcd6899ed68d8b231d4cb450cdde0820ee7a353ea97,processed_then_deleted,2026-08-06T20:58:01+00:00,ok
daily_aqi,2026-07-18,AQI for 18 th July 2026,https://doe.gov.bd/pages/static-pages/6922dfba933eb65569e23b0a,https://objectstorage.ap-dcc-gazipur-1.oraclecloud15.com/n/axvjbnqprylg/b/V2Ministry/o/office-doe/2026/6/90ba880f-2791-4816-9e8f-935e8f0b8f51.pdf,,pdf,618370,aeaff40d2a5eb097642ada5f43b22677b4086b54d325a66255ac779aefd48de9,processed_then_deleted,2026-08-06T20:58:01+00:00,ok
daily_aqi,2026-07-19,AQI for 19 th July 2026,https://doe.gov.bd/pages/static-pages/6922dfba933eb65569e23b0a,https://objectstorage.ap-dcc-gazipur-1.oraclecloud15.com/n/axvjbnqprylg/b/V2Ministry/o/office-doe/2026/6/3327ba1b-76d3-4fab-8497-a212106e5257.pdf,,pdf,619213,2d4895dd3a1accb06b86b9d7c553e718524f9f3da455a2d9b875e9c16b51b387,processed_then_deleted,2026-08-06T20:58:01+00:00,ok
daily_aqi,2026-07-20,AQI for 20 th July 2026,https://doe.gov.bd/pages/static-pages/6922dfba933eb65569e23b0a,https://objectstorage.ap-dcc-gazipur-1.oraclecloud15.com/n/axvjbnqprylg/b/V2Ministry/o/office-doe/2026/6/1a5d0b47-d4de-46aa-8bca-ccfff8d6b1cf.pdf,,pdf,618239,4381b9987028daf5618dde43bf9a914ea3194191832732ca16f71b82e3e8437e,processed_then_deleted,2026-08-06T20:58:01+00:00,ok
daily_aqi,2026-07-21,AQI for 21 th July 2026,https://doe.gov.bd/pages/static-pages/6922dfba933eb65569e23b0a,https://objectstorage.ap-dcc-gazipur-1.oraclecloud15.com/n/axvjbnqprylg/b/V2Ministry/o/office-doe/2026/6/5a5169ac-6ed6-4a98-b69e-e78a9814fa6c.pdf,,pdf,618657,611824d33d00fef2cf1c8070643099f1939bc72671bfb7cdd890c9ec6b2824d4,processed_then_deleted,2026-08-06T20:58:01+00:00,ok
daily_aqi,2026-07-22,AQI for 22 th July 2026,https://doe.gov.bd/pages/static-pages/6922dfba933eb65569e23b0a,https://objectstorage.ap-dcc-gazipur-1.oraclecloud15.com/n/axvjbnqprylg/b/V2Ministry/o/office-doe/2026/6/46f87a29-cd41-48f2-aa8b-06e765a5a9fd.pdf,,pdf,616230,0cd1ad7b57a2573ed4554dd3279d1ea6b2f1f195dde346604315cbd56a773d77,processed_then_deleted,2026-08-06T20:58:01+00:00,ok
daily_aqi,2026-07-23,AQI for 23 th July 2026,https://doe.gov.bd/pages/static-pages/6922dfba933eb65569e23b0a,https://objectstorage.ap-dcc-gazipur-1.oraclecloud15.com/n/axvjbnqprylg/b/V2Ministry/o/office-doe/2026/6/ca07030e-5aac-4e06-9125-06f24887c4e5.pdf,,pdf,618346,445a856044f9323ca7efca81900e8183201922cc5a4029c078eca5d08e00f10d,processed_then_deleted,2026-08-06T20:58:01+00:00,ok
daily_aqi,2026-07-24,AQI for 24 th July 2026,https://doe.gov.bd/pages/static-pages/6922dfba933eb65569e23b0a,https://objectstorage.ap-dcc-gazipur-1.oraclecloud15.com/n/axvjbnqprylg/b/V2Ministry/o/office-doe/2026/6/b6c28b41-2a97-4281-831d-89a983fc41a2.pdf,,pdf,618216,b79ed216ecf446773e21d2dcae9dd642654460aa762d7f5b8a657021d3310ee7,processed_then_deleted,2026-08-06T20:58:01+00:00,ok
daily_aqi,2026-07-25,AQI for 25 th July 2026,https://doe.gov.bd/pages/static-pages/6922dfba933eb65569e23b0a,https://objectstorage.ap-dcc-gazipur-1.oraclecloud15.com/n/axvjbnqprylg/b/V2Ministry/o/office-doe/2026/6/edb36264-ed9d-4e39-bc83-2636a39938cd.pdf,,pdf,618848,7f9c56fe3e0eeac677c26beb72b799562874d8cf50ee5ca71d3251468ab8625f,processed_then_deleted,2026-08-06T20:58:01+00:00,ok
daily_aqi,2026-07-26,AQI for 26 th July 2026,https://doe.gov.bd/pages/static-pages/6922dfba933eb65569e23b0a,https://objectstorage.ap-dcc-gazipur-1.oraclecloud15.com/n/axvjbnqprylg/b/V2Ministry/o/office-doe/2026/6/63847b04-ece5-4d2a-87d6-f504f05e6c91.pdf,,pdf,618276,99ee436a6dfc4923e1a1058278bd06f978004801c2d6357a04379389e665a1e0,processed_then_deleted,2026-08-06T20:58:01+00:00,ok
daily_aqi,2026-07-27,AQI for 27 th July 2026,https://doe.gov.bd/pages/static-pages/6922dfba933eb65569e23b0a,https://objectstorage.ap-dcc-gazipur-1.oraclecloud15.com/n/axvjbnqprylg/b/V2Ministry/o/office-doe/2026/6/790cd857-f9e6-4b16-ada5-d9360314f91f.pdf,,pdf,621034,06d41e2c01048d6265eceb8b8dde1557a832c4a43be9e0d3d994e8e5c7b9f5b0,processed_then_deleted,2026-08-06T20:58:01+00:00,ok
daily_aqi,2026-07-28,AQI for 28 th July 2026,https://doe.gov.bd/pages/static-pages/6922dfba933eb65569e23b0a,https://objectstorage.ap-dcc-gazipur-1.oraclecloud15.com/n/axvjbnqprylg/b/V2Ministry/o/office-doe/2026/6/b4abd7be-7dd6-4ec0-ae65-23b05b263af7.pdf,,pdf,619471,6b5a08492c58e9ce2815095061b7273e2ac4127f962c1d250575cab3f6518128,processed_then_deleted,2026-08-06T20:58:01+00:00,ok
daily_aqi,2026-07-29,AQI for 29 th July 2026,https://doe.gov.bd/pages/static-pages/6922dfba933eb65569e23b0a,https://objectstorage.ap-dcc-gazipur-1.oraclecloud15.com/n/axvjbnqprylg/b/V2Ministry/o/office-doe/2026/7/9b2ba028-c4ba-4948-87de-4d8d5e4bf63f.pdf,,pdf,618817,970b2074e7b8e16d46901bad0becd4ad7798898c35cdc26e434e7a0d1d58ba1f,processed_then_deleted,2026-08-06T20:58:01+00:00,ok
daily_aqi,2026-07-30,AQI for 30 th July 2026,https://doe.gov.bd/pages/static-pages/6922dfba933eb65569e23b0a,https://objectstorage.ap-dcc-gazipur-1.oraclecloud15.com/n/axvjbnqprylg/b/V2Ministry/o/office-doe/2026/7/ce5f2d13-aca4-4747-8a96-4958d928f0f0.pdf,,pdf,619491,5d08044d37516334dfa9ff72f8276edc11ba5dc27c3f131b0321e4f2371dbab8,processed_then_deleted,2026-08-06T20:58:01+00:00,ok
daily_aqi,2026-07-31,AQI for 31 th July 2026,https://doe.gov.bd/pages/static-pages/6922dfba933eb65569e23b0a,https://objectstorage.ap-dcc-gazipur-1.oraclecloud15.com/n/axvjbnqprylg/b/V2Ministry/o/office-doe/2026/7/8e07015a-6861-43da-8223-2d436e5482b4.pdf,,pdf,619999,630efc1647e0ed807e266e568ed64d6e613160e58b27a3372a174ea14bcc5877,processed_then_deleted,2026-08-06T20:58:01+00:00,ok
daily_aqi,2026-08-01,AQI for 01 st August 2026,https://doe.gov.bd/pages/static-pages/6922dfba933eb65569e23b0a,https://objectstorage.ap-dcc-gazipur-1.oraclecloud15.com/n/axvjbnqprylg/b/V2Ministry/o/office-doe/2026/7/857c0472-2ab2-41ca-a3e9-083849f0c681.pdf,,pdf,619882,ea5639ba43958cf5d7a3bcdd77b31a36685160b12777a9c173bb3f2dffbc7768,processed_then_deleted,2026-08-06T20:58:01+00:00,ok
daily_aqi,2026-08-02,AQI for 02 nd August 2026,https://doe.gov.bd/pages/static-pages/6922dfba933eb65569e23b0a,https://objectstorage.ap-dcc-gazipur-1.oraclecloud15.com/n/axvjbnqprylg/b/V2Ministry/o/office-doe/2026/7/3c6a0771-f09a-428a-8903-51f207886217.pdf,,pdf,619256,263e3d23fbdaf1dd4533ea4dd65dde7f4b8dcae09de015be6febb4667d939350,processed_then_deleted,2026-08-06T20:58:01+00:00,ok
daily_aqi,2026-08-03,AQI for 03 rd August 2026,https://doe.gov.bd/pages/static-pages/6922dfba933eb65569e23b0a,https://objectstorage.ap-dcc-gazipur-1.oraclecloud15.com/n/axvjbnqprylg/b/V2Ministry/o/office-doe/2026/7/8741fc3f-15e6-4484-a523-949425af9d80.pdf,,pdf,620421,36ae86cee92c065419216c7aeec0f116d4a8de0896e6216c43ec546c3aec22ce,processed_then_deleted,2026-08-06T20:58:01+00:00,ok
monthly_report,2013-01,January 2013 (year supplied by archive page),https://doe.gov.bd/pages/static-pages/6922e091933eb65569e27a10,https://objectstorage.ap-dcc-gazipur-1.oraclecloud15.com/n/axvjbnqprylg/b/V2Ministry/o/office-doe/2024/12/cd8622bac5a3474f9d85863441a3294b.pdf,,pdf,1268344,b688507e0720bb08014093bbf0dac765b8dd423109854bcb0e807ef12947198d,processed_then_deleted,2026-08-06T20:58:01+00:00,ok
monthly_report,2013-02,February 2013 (year supplied by archive page),https://doe.gov.bd/pages/static-pages/6922e091933eb65569e27a10,https://objectstorage.ap-dcc-gazipur-1.oraclecloud15.com/n/axvjbnqprylg/b/V2Ministry/o/office-doe/2024/12/1eb52f26dfae46e2a555f55660f392b6.pdf,,pdf,2640515,0283ad2eb0d670e396ed2b799a2c04acf0a9b9747f24e466ba513af7e7f823cf,processed_then_deleted,2026-08-06T20:58:01+00:00,ok
monthly_report,2013-03,March 2013 (year supplied by archive page),https://doe.gov.bd/pages/static-pages/6922e091933eb65569e27a10,https://objectstorage.ap-dcc-gazipur-1.oraclecloud15.com/n/axvjbnqprylg/b/V2Ministry/o/office-doe/2024/12/be4bec9f7fbe4245a157c66d1a218534.pdf,,pdf,1205679,0f6eb7700c59afd4d5fd4a1905f9199371c2d56e1e901cdb3813bdb5ca22c8a0,processed_then_deleted,2026-08-06T20:58:01+00:00,ok
monthly_report,2013-04,April 2013 (year supplied by archive page),https://doe.gov.bd/pages/static-pages/6922e091933eb65569e27a10,https://objectstorage.ap-dcc-gazipur-1.oraclecloud15.com/n/axvjbnqprylg/b/V2Ministry/o/office-doe/2024/12/21163db925ae476c92c65fc73b271641.pdf,,pdf,2418100,80309eae2f9aab00c91883a10c1851b529c9bde619ac0f572acfda49be599da8,processed_then_deleted,2026-08-06T20:58:01+00:00,ok
monthly_report,2013-05,May 2013 (year supplied by archive page),https://doe.gov.bd/pages/static-pages/6922e091933eb65569e27a10,https://objectstorage.ap-dcc-gazipur-1.oraclecloud15.com/n/axvjbnqprylg/b/V2Ministry/o/office-doe/2024/12/76409334b13b44888d9dfc814070e61c.pdf,,pdf,1195668,70ef893ee753ba9a89f3f042dac81682905941e0acf998e6fd44ea307d3c8490,processed_then_deleted,2026-08-06T20:58:01+00:00,partial
monthly_report,2013-06,June 2013 (year supplied by archive page),https://doe.gov.bd/pages/static-pages/6922e091933eb65569e27a10,https://objectstorage.ap-dcc-gazipur-1.oraclecloud15.com/n/axvjbnqprylg/b/V2Ministry/o/office-doe/2024/12/23b07d21c04d414483cb364159111bd4.pdf,,pdf,1113792,c42a14700fbb047c545fc31f24111705abbcdb772794bd7df5d5bacc1dfe2132,processed_then_deleted,2026-08-06T20:58:01+00:00,partial
monthly_report,2013-07,July 2013 (year supplied by archive page),https://doe.gov.bd/pages/static-pages/6922e091933eb65569e27a10,https://objectstorage.ap-dcc-gazipur-1.oraclecloud15.com/n/axvjbnqprylg/b/V2Ministry/o/office-doe/2024/12/0777836496214325bd6cde09ab314558.pdf,,pdf,2363166,647aea5732ef8492f3362a888f88be682f1107e4f3bb6350f3751c1e1a8d4bef,processed_then_deleted,2026-08-06T20:58:01+00:00,ok
monthly_report,2013-08,August 2013 (year supplied by archive page),https://doe.gov.bd/pages/static-pages/6922e091933eb65569e27a10,https://objectstorage.ap-dcc-gazipur-1.oraclecloud15.com/n/axvjbnqprylg/b/V2Ministry/o/office-doe/2024/12/932b3cb6e35b4d46bc34ccef54857cc4.pdf,,pdf,2360980,e32287d391c6458c7582e504478734cbcccf44df0c023c5a03cd42c2b0e9369e,processed_then_deleted,2026-08-06T20:58:01+00:00,ok
monthly_report,2013-09,September 2013 (year supplied by archive page),https://doe.gov.bd/pages/static-pages/6922e091933eb65569e27a10,https://objectstorage.ap-dcc-gazipur-1.oraclecloud15.com/n/axvjbnqprylg/b/V2Ministry/o/office-doe/2024/12/501613bfbfc247c59a26b95f58b39081.pdf,,pdf,2201583,af3c763d6e0edca44f27a4156886001e67748818e8d3a3f98708ba5cca74304e,processed_then_deleted,2026-08-06T20:58:01+00:00,ok
monthly_report,2013-10,October 2013 (year supplied by archive page),https://doe.gov.bd/pages/static-pages/6922e091933eb65569e27a10,https://objectstorage.ap-dcc-gazipur-1.oraclecloud15.com/n/axvjbnqprylg/b/V2Ministry/o/office-doe/2024/12/aa1a01436d1d4bcda15d11d1e6b84173.pdf,,pdf,2277162,898bc2dde3ae61d637445a51831491712f6eefc2de712f8deeefee29a86a71b9,processed_then_deleted,2026-08-06T20:58:01+00:00,ok
monthly_report,2013-11,November 2013 (year supplied by archive page),https://doe.gov.bd/pages/static-pages/6922e091933eb65569e27a10,https://objectstorage.ap-dcc-gazipur-1.oraclecloud15.com/n/axvjbnqprylg/b/V2Ministry/o/office-doe/2024/12/1683bae35c9a46c8845c8db19a2264d2.pdf,,pdf,2147514,861b630d14db884d14449927610a6a364123df1a72299dceafe56ec5368433ed,processed_then_deleted,2026-08-06T20:58:01+00:00,ok
monthly_report,2013-12,December 2013 (year supplied by archive page),https://doe.gov.bd/pages/static-pages/6922e091933eb65569e27a10,https://objectstorage.ap-dcc-gazipur-1.oraclecloud15.com/n/axvjbnqprylg/b/V2Ministry/o/office-doe/2024/12/617fc8f529c94319aeba4a574991cad3.pdf,,pdf,1136351,951d715833f5fa1c9c0fe1d00ff36873ce21d37611679c758c1933ae9fd43708,processed_then_deleted,2026-08-06T20:58:01+00:00,ok
monthly_report,2014-01,January 2014 (year supplied by archive page),https://doe.gov.bd/pages/static-pages/6922e102933eb65569e298e8,https://objectstorage.ap-dcc-gazipur-1.oraclecloud15.com/n/axvjbnqprylg/b/V2Ministry/o/office-doe/2024/12/645c260e2e6c4107b2c171027c525640.pdf,,pdf,1122382,9d6d76086be522d0eb48b3d483a8cc96528065c2d0b4114eee87afd0d682a86b,processed_then_deleted,2026-08-06T20:58:01+00:00,ok
monthly_report,2014-02,February 2014 (year supplied by archive page),https://doe.gov.bd/pages/static-pages/6922e102933eb65569e298e8,https://objectstorage.ap-dcc-gazipur-1.oraclecloud15.com/n/axvjbnqprylg/b/V2Ministry/o/office-doe/2024/12/e8daa8e3f53f4c608cfb62fba24cda54.pdf,,pdf,2006456,68f0a6c5c45cfa10537c1d06e80b22aaf7a81558dcd07dd5c4f723de04e6a82c,processed_then_deleted,2026-08-06T20:58:01+00:00,ok
monthly_report,2014-03,March 2014 (year supplied by archive page),https://doe.gov.bd/pages/static-pages/6922e102933eb65569e298e8,https://objectstorage.ap-dcc-gazipur-1.oraclecloud15.com/n/axvjbnqprylg/b/V2Ministry/o/office-doe/2024/12/fa14c4fbed5b4e929dcce7f1d85ed06e.pdf,,pdf,2064322,ac5b3852111d75ae4d085d1c2dded938c9069ff27c61d7acb5674aa132b58be4,processed_then_deleted,2026-08-06T20:58:01+00:00,ok
monthly_report,2014-04,April 2014 (year supplied by archive page),https://doe.gov.bd/pages/static-pages/6922e102933eb65569e298e8,https://objectstorage.ap-dcc-gazipur-1.oraclecloud15.com/n/axvjbnqprylg/b/V2Ministry/o/office-doe/2024/12/d032050813e54c30a7666d019126b9af.pdf,,pdf,1888691,7c9daebc61c509d0954bd681cceacb780c6fbc160f6dba4c922e24077183ff16,processed_then_deleted,2026-08-06T20:58:01+00:00,ok
monthly_report,2014-05,May 2014 (year supplied by archive page),https://doe.gov.bd/pages/static-pages/6922e102933eb65569e298e8,https://objectstorage.ap-dcc-gazipur-1.oraclecloud15.com/n/axvjbnqprylg/b/V2Ministry/o/office-doe/2024/12/a8cd770f246141f2b00b6295f48e2cc3.pdf,,pdf,2301622,0792dadeed98f03e77fa5104c81fd9ecf00ba024d15264b5cfbe76e07cc7ff61,processed_then_deleted,2026-08-06T20:58:01+00:00,ok
monthly_report,2014-06,June 2014 (year supplied by archive page),https://doe.gov.bd/pages/static-pages/6922e102933eb65569e298e8,https://objectstorage.ap-dcc-gazipur-1.oraclecloud15.com/n/axvjbnqprylg/b/V2Ministry/o/office-doe/2024/12/345c370a0e5646539939e901b038aabf.pdf,,pdf,2325213,6fd5aa5e9b6a0cbb922fdf5e0dfaa7168d7432e78658641509391a17e6acfcb4,processed_then_deleted,2026-08-06T20:58:01+00:00,ok
monthly_report,2014-07,July 2014 (year supplied by archive page),https://doe.gov.bd/pages/static-pages/6922e102933eb65569e298e8,https://objectstorage.ap-dcc-gazipur-1.oraclecloud15.com/n/axvjbnqprylg/b/V2Ministry/o/office-doe/2024/12/7ed0cf57740443b9afd41c90c056a843.pdf,,pdf,2338962,94779ffc242a0cfed9b0cb863d38c3ef418e921e2c59bead09dd981967e3bbe0,processed_then_deleted,2026-08-06T20:58:01+00:00,ok
monthly_report,2014-08,August 2014 (year supplied by archive page),https://doe.gov.bd/pages/static-pages/6922e102933eb65569e298e8,https://objectstorage.ap-dcc-gazipur-1.oraclecloud15.com/n/axvjbnqprylg/b/V2Ministry/o/office-doe/2024/12/cd1286d063774c6790ccc9e2a271a438.pdf,,pdf,1508779,155b6bec01a2c0f26c6a032426120b3f3d8dce4b8ccd9e2abe0d7f5f72856590,processed_then_deleted,2026-08-06T20:58:01+00:00,ok
monthly_report,2014-09,September 2014 (year supplied by archive page),https://doe.gov.bd/pages/static-pages/6922e102933eb65569e298e8,https://objectstorage.ap-dcc-gazipur-1.oraclecloud15.com/n/axvjbnqprylg/b/V2Ministry/o/office-doe/2024/12/7304035820704e598feb26930f5ea408.pdf,,pdf,1100849,4dac307d47265ef4708407a0d18e5e7e7184e95723d9eed150081615a133818d,processed_then_deleted,2026-08-06T20:58:01+00:00,ok
monthly_report,2014-10,October 2014 (year supplied by archive page),https://doe.gov.bd/pages/static-pages/6922e102933eb65569e298e8,https://objectstorage.ap-dcc-gazipur-1.oraclecloud15.com/n/axvjbnqprylg/b/V2Ministry/o/office-doe/2024/12/64da10441a5e4b77aae3deddbfd68e55.pdf,,pdf,1103246,5309daf9d6cfbfe2b0f507c96765a307dc4b21de02564a5bdef52848c501f5cf,processed_then_deleted,2026-08-06T20:58:01+00:00,ok
monthly_report,2014-11,November 2014 (year supplied by archive page),https://doe.gov.bd/pages/static-pages/6922e102933eb65569e298e8,https://objectstorage.ap-dcc-gazipur-1.oraclecloud15.com/n/axvjbnqprylg/b/V2Ministry/o/office-doe/2024/12/03c1df0c50e5496591ed5c5490b485dc.pdf,,pdf,2180749,0977f7ad78d92c5e505251bc0d588693e345b6aa34623c0aa1740eebd7ca5ec0,processed_then_deleted,2026-08-06T20:58:01+00:00,ok
monthly_report,2014-12,December 2014 (year supplied by archive page),https://doe.gov.bd/pages/static-pages/6922e102933eb65569e298e8,https://objectstorage.ap-dcc-gazipur-1.oraclecloud15.com/n/axvjbnqprylg/b/V2Ministry/o/office-doe/2024/12/646d19e3accc45f798123d4981f57bb9.pdf,,pdf,2303961,fda213e9105e6f1eb8a4e8222e7c47d17214af17b74bff8f9ab7a3942eeaca59,processed_then_deleted,2026-08-06T20:58:01+00:00,ok
monthly_report,2015-01,January 2015 (year supplied by archive page),https://doe.gov.bd/pages/static-pages/6922dc8d933eb65569e10f17,https://objectstorage.ap-dcc-gazipur-1.oraclecloud15.com/n/axvjbnqprylg/b/V2Ministry/o/office-doe/2024/12/cf256102de3a48ab9193880a7e41bf45.pdf,,pdf,2331619,c9b867d816758304e15ff20d6adec2deee46104ed6bab53f1fe85307b7db46fd,processed_then_deleted,2026-08-06T20:58:01+00:00,ok
monthly_report,2015-02,February 2015 (year supplied by archive page),https://doe.gov.bd/pages/static-pages/6922dc8d933eb65569e10f17,https://objectstorage.ap-dcc-gazipur-1.oraclecloud15.com/n/axvjbnqprylg/b/V2Ministry/o/office-doe/2024/12/a398236ac88047db8636f0c264e18170.pdf,,pdf,2155006,aa22b5274e293f26d20244061aa4173373d8ec22785ee614428c15e68ad2c014,processed_then_deleted,2026-08-06T20:58:01+00:00,ok
monthly_report,2015-03,March 2015 (year supplied by archive page),https://doe.gov.bd/pages/static-pages/6922dc8d933eb65569e10f17,https://objectstorage.ap-dcc-gazipur-1.oraclecloud15.com/n/axvjbnqprylg/b/V2Ministry/o/office-doe/2024/12/99498d19b5fa43458c5e3a30e0341543.pdf,,pdf,2316954,657a37bcf8116acd920b61f1d8b0ea6f11294759ca2ff8616fd1380f8bdaed08,processed_then_deleted,2026-08-06T20:58:01+00:00,ok
monthly_report,2015-04,April 2015 (year supplied by archive page),https://doe.gov.bd/pages/static-pages/6922dc8d933eb65569e10f17,https://objectstorage.ap-dcc-gazipur-1.oraclecloud15.com/n/axvjbnqprylg/b/V2Ministry/o/office-doe/2024/12/ab38f6772a3b4956814b23c0a1fd61e7.pdf,,pdf,2491861,2cd03ef70284d2ab75341ad0d1c1782ab71ac1799af15c6d641c022e63883fa6,processed_then_deleted,2026-08-06T20:58:01+00:00,ok
monthly_report,2015-05,May 2015 (year supplied by archive page),https://doe.gov.bd/pages/static-pages/6922dc8d933eb65569e10f17,https://objectstorage.ap-dcc-gazipur-1.oraclecloud15.com/n/axvjbnqprylg/b/V2Ministry/o/office-doe/2024/12/a90cb9216801495e910925aa0091aa27.pdf,,pdf,2433363,9f029f27bd02b8f6a17c279ad3ecb0771f45319f8140906042342aa12078d229,processed_then_deleted,2026-08-06T20:58:01+00:00,ok
monthly_report,2015-06,June 2015 (year supplied by archive page),https://doe.gov.bd/pages/static-pages/6922dc8d933eb65569e10f17,https://objectstorage.ap-dcc-gazipur-1.oraclecloud15.com/n/axvjbnqprylg/b/V2Ministry/o/office-doe/2024/12/b485a0a077b647f7a2e609da229544b7.pdf,,pdf,2239580,662a5e25b8d1686c9fb6549bc12a6570a005bb4ec3b92f011659ea166ae5e6d7,processed_then_deleted,2026-08-06T20:58:01+00:00,ok
monthly_report,2015-07,July 2015 (year supplied by archive page),https://doe.gov.bd/pages/static-pages/6922dc8d933eb65569e10f17,https://objectstorage.ap-dcc-gazipur-1.oraclecloud15.com/n/axvjbnqprylg/b/V2Ministry/o/office-doe/2024/12/44a1dc752f4b42389675c2d059b458b7.pdf,,pdf,2121625,1ccc4b1b37a7eb210d9ce11174cf5d993310c0833d007b0bbf28f40008a5ff85,processed_then_deleted,2026-08-06T20:58:01+00:00,ok
monthly_report,2015-08,August 2015 (year supplied by archive page),https://doe.gov.bd/pages/static-pages/6922dc8d933eb65569e10f17,https://objectstorage.ap-dcc-gazipur-1.oraclecloud15.com/n/axvjbnqprylg/b/V2Ministry/o/office-doe/2024/12/e9d70a0f45614d7c902b00d0d1e30f34.pdf,,pdf,2112370,e2e34e40cf71b03fffa9da4665d93893fb9164979ca0f2647b905d37fb31c71a,processed_then_deleted,2026-08-06T20:58:01+00:00,ok
monthly_report,2015-09,September 2015 (year supplied by archive page),https://doe.gov.bd/pages/static-pages/6922dc8d933eb65569e10f17,https://objectstorage.ap-dcc-gazipur-1.oraclecloud15.com/n/axvjbnqprylg/b/V2Ministry/o/office-doe/2024/12/3c866f0156e5460ebed4f05c0bbb1690.pdf,,pdf,2277516,b85edec0d07e1b8b7f8c1ff3c8a45f08d045ee8c971ff4589d7a83a38f3c4335,processed_then_deleted,2026-08-06T20:58:01+00:00,ok
monthly_report,2015-10,October 2015 (year supplied by archive page),https://doe.gov.bd/pages/static-pages/6922dc8d933eb65569e10f17,https://objectstorage.ap-dcc-gazipur-1.oraclecloud15.com/n/axvjbnqprylg/b/V2Ministry/o/office-doe/2024/12/e4147629aad24e4887ae38fba0a0714f.pdf,,pdf,2433821,325321133ab8e0cfa0d172e58abfe4edd662403466d74e4ce9f86d04de46843f,processed_then_deleted,2026-08-06T20:58:01+00:00,ok
monthly_report,2015-11,November 2015 (year supplied by archive page),https://doe.gov.bd/pages/static-pages/6922dc8d933eb65569e10f17,https://objectstorage.ap-dcc-gazipur-1.oraclecloud15.com/n/axvjbnqprylg/b/V2Ministry/o/office-doe/2024/12/a173b5c7d3874d03adf81ba20327eca2.pdf,,pdf,2485360,9841a39b850ee1f23a0a976a18010195e785a315a0abc18cfd681b4f3611523d,processed_then_deleted,2026-08-06T20:58:01+00:00,ok
monthly_report,2015-12,December 2015 (year supplied by archive page),https://doe.gov.bd/pages/static-pages/6922dc8d933eb65569e10f17,https://objectstorage.ap-dcc-gazipur-1.oraclecloud15.com/n/axvjbnqprylg/b/V2Ministry/o/office-doe/2024/12/0db8b6ac3af54fa59e4c068127701cb8.pdf,,pdf,2286924,b16eafb9baa548b0b1d9de7252ce483305b02a97cdeca0275b6221a361c8fbf4,processed_then_deleted,2026-08-06T20:58:01+00:00,ok
monthly_report,2016-01,January 2016 (year supplied by archive page),https://doe.gov.bd/pages/static-pages/6922dd14933eb65569e136b6,https://objectstorage.ap-dcc-gazipur-1.oraclecloud15.com/n/axvjbnqprylg/b/V2Ministry/o/office-doe/2024/12/1446da8e8beb4e03badb6008db0a8c85.pdf,,pdf,2261191,02b9001be9a5b19c91a5c8e8e0991bb1334ddf8b6d9e032fee87d35593b40b0f,processed_then_deleted,2026-08-06T20:58:01+00:00,partial
monthly_report,2016-02,February 2016 (year supplied by archive page),https://doe.gov.bd/pages/static-pages/6922dd14933eb65569e136b6,https://objectstorage.ap-dcc-gazipur-1.oraclecloud15.com/n/axvjbnqprylg/b/V2Ministry/o/office-doe/2024/12/be8df406fe7a491bb31eaf708f3f1283.pdf,,pdf,2178520,ba8593e395556fa297d63982cffead1cd60d4324aa108a2a5e05f5c0ef51ca15,processed_then_deleted,2026-08-06T20:58:01+00:00,ok
monthly_report,2016-03,March 2016 (year supplied by archive page),https://doe.gov.bd/pages/static-pages/6922dd14933eb65569e136b6,https://objectstorage.ap-dcc-gazipur-1.oraclecloud15.com/n/axvjbnqprylg/b/V2Ministry/o/office-doe/2024/12/ff61ae9781884084b4e794e0a94be838.pdf,,pdf,2152227,155b04116f41b135fb6922fced465c0ad5a5ca245f42827c9b6f4738f4cb6c94,processed_then_deleted,2026-08-06T20:58:01+00:00,ok
monthly_report,2016-04,April 2016 (year supplied by archive page),https://doe.gov.bd/pages/static-pages/6922dd14933eb65569e136b6,https://objectstorage.ap-dcc-gazipur-1.oraclecloud15.com/n/axvjbnqprylg/b/V2Ministry/o/office-doe/2024/12/6394c801330347a280780468d4e2d1a7.pdf,,pdf,2177448,9c82c7b6e69cbc1369178daec89a88d918eb1f3f03d9d2682803a2ee5d9813d8,processed_then_deleted,2026-08-06T20:58:01+00:00,ok
monthly_report,2016-05,May 2016 (year supplied by archive page),https://doe.gov.bd/pages/static-pages/6922dd14933eb65569e136b6,https://objectstorage.ap-dcc-gazipur-1.oraclecloud15.com/n/axvjbnqprylg/b/V2Ministry/o/office-doe/2024/12/f4b04e3dde35457c88cdfedb10b78091.pdf,,pdf,2180679,3107615778ee2f39aecd275214b7ba7b3b6d345a310c702c613f627c98ef94aa,processed_then_deleted,2026-08-06T20:58:01+00:00,ok
monthly_report,2016-06,June 2016 (year supplied by archive page),https://doe.gov.bd/pages/static-pages/6922dd14933eb65569e136b6,https://objectstorage.ap-dcc-gazipur-1.oraclecloud15.com/n/axvjbnqprylg/b/V2Ministry/o/office-doe/2024/12/3e38cd35aabc4c3b9fa594dcadfe2931.pdf,,pdf,2232028,692c79dc4666fd0c685c4e603b9f8d122bd1c309a212f0f5a436ad9b9b4936c5,processed_then_deleted,2026-08-06T20:58:01+00:00,ok
monthly_report,2016-07,July 2016 (year supplied by archive page),https://doe.gov.bd/pages/static-pages/6922dd14933eb65569e136b6,https://objectstorage.ap-dcc-gazipur-1.oraclecloud15.com/n/axvjbnqprylg/b/V2Ministry/o/office-doe/2024/12/ee04275b8be1410bad7ef2c2a582be34.pdf,,pdf,2245356,299087d3f3217aed5e093d7cc0352f5330b57a29fcac8aa459a5d2da7f011a4d,processed_then_deleted,2026-08-06T20:58:01+00:00,ok
monthly_report,2016-08,August 2016 (year supplied by archive page),https://doe.gov.bd/pages/static-pages/6922dd14933eb65569e136b6,https://objectstorage.ap-dcc-gazipur-1.oraclecloud15.com/n/axvjbnqprylg/b/V2Ministry/o/office-doe/2024/12/3ddea2e69cbf421180d46a5f54a4f68a.pdf,,pdf,2285554,191794b335df784eee27be6527ff626794fbf3bcf3609318163892dd5169fad2,processed_then_deleted,2026-08-06T20:58:01+00:00,ok
monthly_report,2016-09,September 2016 (year supplied by archive page),https://doe.gov.bd/pages/static-pages/6922dd14933eb65569e136b6,https://objectstorage.ap-dcc-gazipur-1.oraclecloud15.com/n/axvjbnqprylg/b/V2Ministry/o/office-doe/2024/12/c34423bbb8754366a88e1628b702fd66.pdf,,pdf,2201213,754e74af2a31d7534f4e237d606b0aa97450317ac171f3fdda797518980cf1c9,processed_then_deleted,2026-08-06T20:58:01+00:00,ok
monthly_report,2016-10,October 2016 (year supplied by archive page),https://doe.gov.bd/pages/static-pages/6922dd14933eb65569e136b6,https://objectstorage.ap-dcc-gazipur-1.oraclecloud15.com/n/axvjbnqprylg/b/V2Ministry/o/office-doe/2024/12/97ccbc8b91254befa65fa58585e3f149.pdf,,pdf,2129817,a0eb64c6911995cd1f7e649f4489915966335833a11c8202f09de877ee982ec7,processed_then_deleted,2026-08-06T20:58:01+00:00,ok
monthly_report,2016-11,November 2016 (year supplied by archive page),https://doe.gov.bd/pages/static-pages/6922dd14933eb65569e136b6,https://objectstorage.ap-dcc-gazipur-1.oraclecloud15.com/n/axvjbnqprylg/b/V2Ministry/o/office-doe/2024/12/ff9811b3ecb44217a187942870de9754.pdf,,pdf,2076427,79ac1f12718ff32d90f18a4fd959838389f0ea9f50f6b2584a786b5d52fb8cf4,processed_then_deleted,2026-08-06T20:58:01+00:00,ok
monthly_report,2016-12,December 2016 (year supplied by archive page),https://doe.gov.bd/pages/static-pages/6922dd14933eb65569e136b6,https://objectstorage.ap-dcc-gazipur-1.oraclecloud15.com/n/axvjbnqprylg/b/V2Ministry/o/office-doe/2024/12/ff7bf505cddd46fa91ba7f5ce60cab76.pdf,,pdf,2111626,cb2a967d61299b3224efe46c48e0de46bb2b5943a95e47286d6e8da32b977054,processed_then_deleted,2026-08-06T20:58:01+00:00,ok
monthly_report,2017-01,January 2017 (year supplied by archive page),https://doe.gov.bd/pages/static-pages/6922dd4a933eb65569e14568,https://objectstorage.ap-dcc-gazipur-1.oraclecloud15.com/n/axvjbnqprylg/b/V2Ministry/o/office-doe/2024/12/168c247ccb874d09bce122a4c82eade0.pdf,,pdf,2108208,812581966b9979c9d535ededf6f64904ad24864761f0c82f16879b035e8d926d,processed_then_deleted,2026-08-06T20:58:01+00:00,ok
monthly_report,2017-02,February 2017 (year supplied by archive page),https://doe.gov.bd/pages/static-pages/6922dd4a933eb65569e14568,https://objectstorage.ap-dcc-gazipur-1.oraclecloud15.com/n/axvjbnqprylg/b/V2Ministry/o/office-doe/2024/12/f547bb49a6e147138d02a6f8e33049f0.pdf,,pdf,2101796,82a9830b4576046ccc12012042cbacadbb909c1adf3edcadefab1b911713de03,processed_then_deleted,2026-08-06T20:58:01+00:00,ok
monthly_report,2017-03,March 2017 (year supplied by archive page),https://doe.gov.bd/pages/static-pages/6922dd4a933eb65569e14568,https://objectstorage.ap-dcc-gazipur-1.oraclecloud15.com/n/axvjbnqprylg/b/V2Ministry/o/office-doe/2024/12/a43c0e95b0f34cd58709f7bcdbfa2e71.pdf,,pdf,1990027,f14ac913ac8a2e76d3153d4f61eaeea1e2764a62be21442179ee2fe0c707885d,processed_then_deleted,2026-08-06T20:58:01+00:00,ok
monthly_report,2017-04,April 2017 (year supplied by archive page),https://doe.gov.bd/pages/static-pages/6922dd4a933eb65569e14568,https://objectstorage.ap-dcc-gazipur-1.oraclecloud15.com/n/axvjbnqprylg/b/V2Ministry/o/office-doe/2024/12/2d0dbf2ee3f242ab97943ad94554f230.pdf,,pdf,1968602,1d6cbad229d2d6f63bbfcafbe794ad519439b6ed2b0ed6b6bfdc4c832e9a90e8,processed_then_deleted,2026-08-06T20:58:01+00:00,ok
monthly_report,2017-05,May 2017 (year supplied by archive page),https://doe.gov.bd/pages/static-pages/6922dd4a933eb65569e14568,https://objectstorage.ap-dcc-gazipur-1.oraclecloud15.com/n/axvjbnqprylg/b/V2Ministry/o/office-doe/2024/12/da65cb35727b4fc79731438c5574f833.pdf,,pdf,1985590,a27cde2e9b4607deabc4f7e02d6fbe79608278bfaf02377d767f909d62e9a946,processed_then_deleted,2026-08-06T20:58:01+00:00,partial
monthly_report,2017-06,June 2017 (year supplied by archive page),https://doe.gov.bd/pages/static-pages/6922dd4a933eb65569e14568,https://objectstorage.ap-dcc-gazipur-1.oraclecloud15.com/n/axvjbnqprylg/b/V2Ministry/o/office-doe/2024/12/c45d8e745832478ab9ffc0486d4215a4.pdf,,pdf,1969793,03cf2647115f9fa34b62585c6c5b761233fedb62345011d9f91013d2617dd32d,processed_then_deleted,2026-08-06T20:58:01+00:00,ok
monthly_report,2017-07,July 2017 (year supplied by archive page),https://doe.gov.bd/pages/static-pages/6922dd4a933eb65569e14568,https://objectstorage.ap-dcc-gazipur-1.oraclecloud15.com/n/axvjbnqprylg/b/V2Ministry/o/office-doe/2024/12/d1c920e7159149fa96f8a9c8fb0b8468.pdf,,pdf,1962440,9962e016d5e08834bf56fe5b4cb11e9f24a32a5e9e78f8e9ac1221be26514f96,processed_then_deleted,2026-08-06T20:58:01+00:00,partial
monthly_report,2017-08,August 2017 (year supplied by archive page),https://doe.gov.bd/pages/static-pages/6922dd4a933eb65569e14568,https://objectstorage.ap-dcc-gazipur-1.oraclecloud15.com/n/axvjbnqprylg/b/V2Ministry/o/office-doe/2024/12/7c0c3d033666465489ef158501e5e610.pdf,,pdf,2025691,45026112e0d715e9eaa53603f714a7e0e28557d3493c258b68ef0d7102e39f8f,processed_then_deleted,2026-08-06T20:58:01+00:00,ok
monthly_report,2017-09,September 2017 (year supplied by archive page),https://doe.gov.bd/pages/static-pages/6922dd4a933eb65569e14568,https://objectstorage.ap-dcc-gazipur-1.oraclecloud15.com/n/axvjbnqprylg/b/V2Ministry/o/office-doe/2024/12/c76e58aea39c4811bf17a4a881a19569.pdf,,pdf,2044365,074de214144890eedd0e3812b629259b7d3a6974c60ac002aadeb3334badf72a,processed_then_deleted,2026-08-06T20:58:01+00:00,ok
monthly_report,2017-10,October 2017 (year supplied by archive page),https://doe.gov.bd/pages/static-pages/6922dd4a933eb65569e14568,https://objectstorage.ap-dcc-gazipur-1.oraclecloud15.com/n/axvjbnqprylg/b/V2Ministry/o/office-doe/2024/12/3258b74e73c04047a3e277343eaac485.pdf,,pdf,2265246,10f3df43a948b8b985dd028dd32839fb5d0037562fd285906ec6a7381b4b045e,processed_then_deleted,2026-08-06T20:58:01+00:00,ok
monthly_report,2017-11,November 2017 (year supplied by archive page),https://doe.gov.bd/pages/static-pages/6922dd4a933eb65569e14568,https://objectstorage.ap-dcc-gazipur-1.oraclecloud15.com/n/axvjbnqprylg/b/V2Ministry/o/office-doe/2024/12/6be3162861f24843906ce271eed794eb.pdf,,pdf,2168434,6f167d02507849499e8c2cbadc7a9b18c9724097eaced471f186a8d20ab8ec4b,processed_then_deleted,2026-08-06T20:58:01+00:00,ok
monthly_report,2017-12,December 2017 (year supplied by archive page),https://doe.gov.bd/pages/static-pages/6922dd4a933eb65569e14568,https://objectstorage.ap-dcc-gazipur-1.oraclecloud15.com/n/axvjbnqprylg/b/V2Ministry/o/office-doe/2024/12/35bd36780e6c44ba910ab8cca311dfc9.pdf,,pdf,2185339,27f7aec81026942cdbe21b62d0bfdbdc67c59e5c0de5bcd2390e331a47f229a7,processed_then_deleted,2026-08-06T20:58:01+00:00,ok
monthly_report,2018-01,January 2018 (year supplied by archive page),https://doe.gov.bd/pages/static-pages/6922dce3933eb65569e1296a,https://objectstorage.ap-dcc-gazipur-1.oraclecloud15.com/n/axvjbnqprylg/b/V2Ministry/o/office-doe/2024/12/13caa30d338f41ce852aee6ae1cca6a0.pdf,,pdf,2105367,b5c59ffdf43c40cfe0ab5ff441046596cd1e3517178af5523fcee6feff1b27c4,processed_then_deleted,2026-08-06T20:58:01+00:00,ok
monthly_report,2018-02,February 2018 (year supplied by archive page),https://doe.gov.bd/pages/static-pages/6922dce3933eb65569e1296a,https://objectstorage.ap-dcc-gazipur-1.oraclecloud15.com/n/axvjbnqprylg/b/V2Ministry/o/office-doe/2024/12/3ae3f273dd50425da064eb5d3f4008e3.pdf,,pdf,2116371,0bd545b5b94bb330dd0b9c1bfbb209c814f9310a26c0ada5389e7a6be47a7fea,processed_then_deleted,2026-08-06T20:58:01+00:00,ok
monthly_report,2018-03,March 2018 (year supplied by archive page),https://doe.gov.bd/pages/static-pages/6922dce3933eb65569e1296a,https://objectstorage.ap-dcc-gazipur-1.oraclecloud15.com/n/axvjbnqprylg/b/V2Ministry/o/office-doe/2024/12/e7dbd994450e4d9493924cc5eefc2cd6.pdf,,pdf,2169738,e7662e2ca4fbcae48e2533fdcb8baf5ba2736e2cdd178835b45ad091f6b3a0b3,processed_then_deleted,2026-08-06T20:58:01+00:00,ok
monthly_report,2018-04,April 2018 (year supplied by archive page),https://doe.gov.bd/pages/static-pages/6922dce3933eb65569e1296a,https://objectstorage.ap-dcc-gazipur-1.oraclecloud15.com/n/axvjbnqprylg/b/V2Ministry/o/office-doe/2024/12/925c40e26dd94f6a97ad7bc58626a525.pdf,,pdf,1962630,f007e05a2664a80cc38cf4f4563002bbd2ae846e199efa477bed9df83796e072,processed_then_deleted,2026-08-06T20:58:01+00:00,ok
monthly_report,2018-05,May 2018 (year supplied by archive page),https://doe.gov.bd/pages/static-pages/6922dce3933eb65569e1296a,https://objectstorage.ap-dcc-gazipur-1.oraclecloud15.com/n/axvjbnqprylg/b/V2Ministry/o/office-doe/2024/12/75c59937682e4e85955efd1c138936f0.pdf,,pdf,2073224,7cead4665f3c796d0c2d77b69baffe2facba1aef0e314d8786638500d82d00be,processed_then_deleted,2026-08-06T20:58:01+00:00,ok
monthly_report,2018-06,June 2018 (year supplied by archive page),https://doe.gov.bd/pages/static-pages/6922dce3933eb65569e1296a,https://objectstorage.ap-dcc-gazipur-1.oraclecloud15.com/n/axvjbnqprylg/b/V2Ministry/o/office-doe/2024/12/19b8192695a14ac79cf165dfd8232f28.pdf,,pdf,2105305,01d8f7877540ff1ba7ee32bceab502192f4d63f67cee766f8daed5c676e7894f,processed_then_deleted,2026-08-06T20:58:01+00:00,ok
monthly_report,2018-07,July 2018 (year supplied by archive page),https://doe.gov.bd/pages/static-pages/6922dce3933eb65569e1296a,https://objectstorage.ap-dcc-gazipur-1.oraclecloud15.com/n/axvjbnqprylg/b/V2Ministry/o/office-doe/2024/12/359eded87bf442109c3776a6129601e6.pdf,,pdf,1962440,9962e016d5e08834bf56fe5b4cb11e9f24a32a5e9e78f8e9ac1221be26514f96,processed_then_deleted,2026-08-06T20:58:01+00:00,partial
monthly_report,2018-08,August 2018 (year supplied by archive page),https://doe.gov.bd/pages/static-pages/6922dce3933eb65569e1296a,https://objectstorage.ap-dcc-gazipur-1.oraclecloud15.com/n/axvjbnqprylg/b/V2Ministry/o/office-doe/2024/12/6748d125a7c542d1bf19a82eff6405b8.pdf,,pdf,2338920,025e37384b18f07b6fbaa5eb10609dd807dd1f57711418bf2e804a9b5f1ee3ef,processed_then_deleted,2026-08-06T20:58:01+00:00,ok
monthly_report,2018-09,September 2018 (year supplied by archive page),https://doe.gov.bd/pages/static-pages/6922dce3933eb65569e1296a,https://objectstorage.ap-dcc-gazipur-1.oraclecloud15.com/n/axvjbnqprylg/b/V2Ministry/o/office-doe/2024/12/be57779e0e0349349027409648e7cae6.pdf,,pdf,2120268,84cf076ff382181a147f21579feebebd8f9c001eb711e52fc62aecdc870ec15e,processed_then_deleted,2026-08-06T20:58:01+00:00,partial
monthly_report,2018-10,October 2018 (year supplied by archive page),https://doe.gov.bd/pages/static-pages/6922dce3933eb65569e1296a,https://objectstorage.ap-dcc-gazipur-1.oraclecloud15.com/n/axvjbnqprylg/b/V2Ministry/o/office-doe/2024/12/9690ce47c25645b59f195ea89f5b0452.pdf,,pdf,1989238,631308869003531f090d909ac8dea977d2510851781804b63926ccae45e1c3d3,processed_then_deleted,2026-08-06T20:58:01+00:00,ok
monthly_report,2018-11,November 2018 (year supplied by archive page),https://doe.gov.bd/pages/static-pages/6922dce3933eb65569e1296a,https://objectstorage.ap-dcc-gazipur-1.oraclecloud15.com/n/axvjbnqprylg/b/V2Ministry/o/office-doe/2024/12/71a3e8c475ce427aa980b1833f5bba35.pdf,,pdf,2056146,35cb6c137ffa13636b6215406a1e33dd453a1c039dceaeb413e3ac841d28269f,processed_then_deleted,2026-08-06T20:58:01+00:00,ok
monthly_report,2018-12,December 2018 (year supplied by archive page),https://doe.gov.bd/pages/static-pages/6922dce3933eb65569e1296a,https://objectstorage.ap-dcc-gazipur-1.oraclecloud15.com/n/axvjbnqprylg/b/V2Ministry/o/office-doe/2024/12/351d3965aa664e66b54aceb3e495a911.pdf,,pdf,2300596,2b1c2f7e7c5a83ab70e1fb379f75cf368332f47cab45875eda7f01b55fdbcabb,processed_then_deleted,2026-08-06T20:58:01+00:00,ok
monthly_report,2019-01,January 2019 (year supplied by archive page),https://doe.gov.bd/pages/static-pages/6922df19933eb65569e1fd66,https://objectstorage.ap-dcc-gazipur-1.oraclecloud15.com/n/axvjbnqprylg/b/V2Ministry/o/office-doe/2024/12/f72b7bccd4a6438ba49a905cbf11cafb.pdf,,pdf,2335152,7471c112506c7ffbafca0ddef267f9820b0a4e49e1dee78c263fcd828ba7d65b,processed_then_deleted,2026-08-06T20:58:01+00:00,ok
monthly_report,2019-02,February 2019 (year supplied by archive page),https://doe.gov.bd/pages/static-pages/6922df19933eb65569e1fd66,https://objectstorage.ap-dcc-gazipur-1.oraclecloud15.com/n/axvjbnqprylg/b/V2Ministry/o/office-doe/2024/12/8578b426ece3498fbf1d3bd48c3f8a6f.pdf,,pdf,2282519,59567404d56aa9a870d959b9eb3e6adb8fbda9558f9c9054c60a5afbf67e0c9c,processed_then_deleted,2026-08-06T20:58:01+00:00,ok
monthly_report,2019-03,March 2019 (year supplied by archive page),https://doe.gov.bd/pages/static-pages/6922df19933eb65569e1fd66,https://objectstorage.ap-dcc-gazipur-1.oraclecloud15.com/n/axvjbnqprylg/b/V2Ministry/o/office-doe/2024/12/ee9861f4805c45f5999ed9747fc4b249.pdf,,pdf,2446342,86b87eff486f9a3008d577fc08c27f37f3cc22bba0931d9ffc44d4f51b807f26,processed_then_deleted,2026-08-06T20:58:01+00:00,ok
monthly_report,2019-04,April 2019 (year supplied by archive page),https://doe.gov.bd/pages/static-pages/6922df19933eb65569e1fd66,https://objectstorage.ap-dcc-gazipur-1.oraclecloud15.com/n/axvjbnqprylg/b/V2Ministry/o/office-doe/2024/12/09ccf5609f014632941621371ef1a8ea.pdf,,pdf,2210054,1a344480264da99601f9e7bdde337279ab2680b7a774bff525926216425a3913,processed_then_deleted,2026-08-06T20:58:01+00:00,ok
monthly_report,2019-05,May 2019 (year supplied by archive page),https://doe.gov.bd/pages/static-pages/6922df19933eb65569e1fd66,https://objectstorage.ap-dcc-gazipur-1.oraclecloud15.com/n/axvjbnqprylg/b/V2Ministry/o/office-doe/2024/12/bcf40dba7b3c4496a20c08fd5cf5dd44.pdf,,pdf,2202480,5902f60f3627b9601910ad5c8830684069657a0c1446058b1ac9dfb1ec77012e,processed_then_deleted,2026-08-06T20:58:01+00:00,partial
monthly_report,2019-06,June 2019 (year supplied by archive page),https://doe.gov.bd/pages/static-pages/6922df19933eb65569e1fd66,https://objectstorage.ap-dcc-gazipur-1.oraclecloud15.com/n/axvjbnqprylg/b/V2Ministry/o/office-doe/2024/12/25d99b8c8d39430eb30ef2f55009a9a4.pdf,,pdf,2202525,b7da16f78f5c4482a3a3f66a91eb409d63819764ca48804ca1a4ec6bd9e21073,processed_then_deleted,2026-08-06T20:58:01+00:00,ok
monthly_report,2022-01,January 2022,https://doe.gov.bd/pages/static-pages/6922df86933eb65569e228da,https://objectstorage.ap-dcc-gazipur-1.oraclecloud15.com/n/axvjbnqprylg/b/V2Ministry/o/office-doe/2024/12/7820509f126f4ad3ac5dbfd928be3bdc.pdf,,pdf,1117584,2cbe0cc1c9e47ad4c528b7e0ca42acf6c0fbcdc0d2c74056d9fe124eb5963c2c,processed_then_deleted,2026-08-06T20:58:01+00:00,ok
monthly_report,2022-02,February 2022,https://doe.gov.bd/pages/static-pages/6922df86933eb65569e228da,https://objectstorage.ap-dcc-gazipur-1.oraclecloud15.com/n/axvjbnqprylg/b/V2Ministry/o/office-doe/2024/12/7f217e68bf3e4e30a67202b292e668b9.pdf,,pdf,1117728,0399d3637957cf79d6f552a7c6e71104db35f3f6e44b229b0ae4498c80ecfbc0,processed_then_deleted,2026-08-06T20:58:01+00:00,ok
monthly_report,2022-03,March 2022,https://doe.gov.bd/pages/static-pages/6922df86933eb65569e228da,https://objectstorage.ap-dcc-gazipur-1.oraclecloud15.com/n/axvjbnqprylg/b/V2Ministry/o/office-doe/2024/12/818b8905cd684781a3d9c97a1f619ee4.pdf,,pdf,1117197,f873df78d82127e163efddb5d1784bdb7f596da24ca2c1d3b9704ceeca86e61f,processed_then_deleted,2026-08-06T20:58:01+00:00,ok
monthly_report,2022-04,April 2022,https://doe.gov.bd/pages/static-pages/6922df86933eb65569e228da,https://objectstorage.ap-dcc-gazipur-1.oraclecloud15.com/n/axvjbnqprylg/b/V2Ministry/o/office-doe/2024/12/899e023ecfa341e7993a2b58cce21b1a.pdf,,pdf,1116979,0fce7c3c1a2e66bf2cfd918568728da2e75fddee257696422b7dc3fab50f0d00,processed_then_deleted,2026-08-06T20:58:01+00:00,ok
monthly_report,2022-05,May 2022,https://doe.gov.bd/pages/static-pages/6922df86933eb65569e228da,https://objectstorage.ap-dcc-gazipur-1.oraclecloud15.com/n/axvjbnqprylg/b/V2Ministry/o/office-doe/2024/12/06d9bff69ce04ff18e6b15c7b96ca0da.pdf,,pdf,1117280,5a0a082c9e4fa1b511c61e11cbf2a357e8a523b7faf6ccdf1aa0a46ea8afaeea,processed_then_deleted,2026-08-06T20:58:01+00:00,ok
monthly_report,2022-06,June 2022,https://doe.gov.bd/pages/static-pages/6922df86933eb65569e228da,https://objectstorage.ap-dcc-gazipur-1.oraclecloud15.com/n/axvjbnqprylg/b/V2Ministry/o/office-doe/2024/12/3cf142955cbb4ad39932e876a6eee35f.pdf,,pdf,1117303,de4e64a3835e540777d970c365a04e23f11fcd8c7e5cbd888e0d93abb160823b,processed_then_deleted,2026-08-06T20:58:01+00:00,ok
monthly_report,2022-07,July 2022,https://doe.gov.bd/pages/static-pages/6922df86933eb65569e228da,https://objectstorage.ap-dcc-gazipur-1.oraclecloud15.com/n/axvjbnqprylg/b/V2Ministry/o/office-doe/2024/12/649e15536ccc4379a7be35ef4919f6b6.pdf,,pdf,1117214,f40be16f1ee09fc51e66a1d9ca4e48de3a447dafbcba699ed2b94c7844b0b727,processed_then_deleted,2026-08-06T20:58:01+00:00,ok
monthly_report,2022-08,August 2022,https://doe.gov.bd/pages/static-pages/6922df86933eb65569e228da,https://objectstorage.ap-dcc-gazipur-1.oraclecloud15.com/n/axvjbnqprylg/b/V2Ministry/o/office-doe/2024/12/0a741a9e57a94e42b5bc558b9ad66a4e.pdf,,pdf,1117133,c7810efcf558b152ffcee2dba5c76e4314bb50734e6f1e7796fa88238ee0767a,processed_then_deleted,2026-08-06T20:58:01+00:00,ok
monthly_report,2022-09,September 2022,https://doe.gov.bd/pages/static-pages/6922df86933eb65569e228da,https://objectstorage.ap-dcc-gazipur-1.oraclecloud15.com/n/axvjbnqprylg/b/V2Ministry/o/office-doe/2024/12/10555296f48e4d83b63352ef126c5c00.pdf,,pdf,1116890,e51601245b1d0612cf06200fcafbb7604215c1ddf83f462009b5e4dc1d2095c4,processed_then_deleted,2026-08-06T20:58:01+00:00,ok
monthly_report,2022-10,October 2022,https://doe.gov.bd/pages/static-pages/6922df86933eb65569e228da,https://objectstorage.ap-dcc-gazipur-1.oraclecloud15.com/n/axvjbnqprylg/b/V2Ministry/o/office-doe/2024/12/487151a4146241c1a04cbed705a237e6.pdf,,pdf,1116940,0a9e19f7a9204aa9174bff1fa38d0cbc0d512080ca1428e845b54889b90bf60a,processed_then_deleted,2026-08-06T20:58:01+00:00,ok
monthly_report,2022-11,November 2022,https://doe.gov.bd/pages/static-pages/6922df86933eb65569e228da,https://objectstorage.ap-dcc-gazipur-1.oraclecloud15.com/n/axvjbnqprylg/b/V2Ministry/o/office-doe/2024/12/d4492eba183942219dcac55be3faddbf.pdf,,pdf,1116858,4630c43f48c85719873750a7d614901e0ae040f05ca04ef65a60f0b839d6ff1b,processed_then_deleted,2026-08-06T20:58:01+00:00,ok
monthly_report,2022-12,December 2022,https://doe.gov.bd/pages/static-pages/6922df86933eb65569e228da,https://objectstorage.ap-dcc-gazipur-1.oraclecloud15.com/n/axvjbnqprylg/b/V2Ministry/o/office-doe/2024/12/bcdc315ca91a4e0db678fd179bcd1a17.pdf,,pdf,1117500,4f7640f0819d1f22d45894eefbffc3aaedb195f9d7d9205b5a6486a8ffc026b6,processed_then_deleted,2026-08-06T20:58:01+00:00,ok
monthly_report,2023-01,January 2023,https://doe.gov.bd/pages/static-pages/6922db6c933eb65569e0a11e,https://objectstorage.ap-dcc-gazipur-1.oraclecloud15.com/n/axvjbnqprylg/b/V2Ministry/o/office-doe/2024/12/c05a1a257bf348eaa049caa40f44d888.pdf,,pdf,1106996,1ace6eaeaeb0963575ea2485fa7657e4b25467d6c57b49ad0360ee7a9614eb4d,processed_then_deleted,2026-08-06T20:58:01+00:00,ok
monthly_report,2023-02,February 2023,https://doe.gov.bd/pages/static-pages/6922db6c933eb65569e0a11e,https://objectstorage.ap-dcc-gazipur-1.oraclecloud15.com/n/axvjbnqprylg/b/V2Ministry/o/office-doe/2024/12/448593c56ecf4414afde213e692df184.pdf,,pdf,1106134,66d74ff9d337f1c123fd8dd8f21d275545a2850fdae07b1cf7b273bd9d469be4,processed_then_deleted,2026-08-06T20:58:01+00:00,ok
monthly_report,2023-03,March 2023,https://doe.gov.bd/pages/static-pages/6922db6c933eb65569e0a11e,https://objectstorage.ap-dcc-gazipur-1.oraclecloud15.com/n/axvjbnqprylg/b/V2Ministry/o/office-doe/2024/12/dabffa7ede144d7d808d4e8d6285794e.pdf,,pdf,1106247,85ce7a3acc127a3c62ea5787d45ef7a768108403a8d66366df899bb942e07181,processed_then_deleted,2026-08-06T20:58:01+00:00,ok
monthly_report,2023-04,April 2023,https://doe.gov.bd/pages/static-pages/6922db6c933eb65569e0a11e,https://objectstorage.ap-dcc-gazipur-1.oraclecloud15.com/n/axvjbnqprylg/b/V2Ministry/o/office-doe/2024/12/23257e435f8d453081f5b8e19478e6ea.pdf,,pdf,1105798,a7c1ab669aed46f91cb6a049b52155bd38f66151d7d16550f6d7f4c1e27c0cd6,processed_then_deleted,2026-08-06T20:58:01+00:00,ok
monthly_report,2023-05,May 2023,https://doe.gov.bd/pages/static-pages/6922db6c933eb65569e0a11e,https://objectstorage.ap-dcc-gazipur-1.oraclecloud15.com/n/axvjbnqprylg/b/V2Ministry/o/office-doe/2024/12/347657f3f4384d3f93844cc1fd00f227.pdf,,pdf,1106151,47f9d498d2af593a3074bf5cacb12486a1a3fa3213d617389be95bdc41eccb24,processed_then_deleted,2026-08-06T20:58:01+00:00,ok
monthly_report,2023-06,June 2023,https://doe.gov.bd/pages/static-pages/6922db6c933eb65569e0a11e,https://objectstorage.ap-dcc-gazipur-1.oraclecloud15.com/n/axvjbnqprylg/b/V2Ministry/o/office-doe/2024/12/6848243640824fd5a77e7db9ace57804.pdf,,pdf,1106446,02d4c1f40a22459deceeff6f9fb73cbceb03c65046d074eb66baf8a7af3bbebb,processed_then_deleted,2026-08-06T20:58:01+00:00,ok
monthly_report,2023-07,July 2023,https://doe.gov.bd/pages/static-pages/6922db6c933eb65569e0a11e,https://objectstorage.ap-dcc-gazipur-1.oraclecloud15.com/n/axvjbnqprylg/b/V2Ministry/o/office-doe/2024/12/214b6540c4cb4b49b52bcecc18c3ad22.pdf,,pdf,1106188,95be11d6802eecf38574bb5a3bd618ae7d0b01b22456c96b737cc474585b97be,processed_then_deleted,2026-08-06T20:58:01+00:00,ok
monthly_report,2023-08,August 2023,https://doe.gov.bd/pages/static-pages/6922db6c933eb65569e0a11e,https://objectstorage.ap-dcc-gazipur-1.oraclecloud15.com/n/axvjbnqprylg/b/V2Ministry/o/office-doe/2024/12/266b7f68d65c4f44a148260ad38343f2.pdf,,pdf,1105994,2b30d8f143d4704ec39a80ede9dd58598b195cc3df90e14fdfd8ea39aeb4e0af,processed_then_deleted,2026-08-06T20:58:01+00:00,ok
monthly_report,2023-09,September 2023,https://doe.gov.bd/pages/static-pages/6922db6c933eb65569e0a11e,https://objectstorage.ap-dcc-gazipur-1.oraclecloud15.com/n/axvjbnqprylg/b/V2Ministry/o/office-doe/2024/12/0760aded3b324c0cbf3eee1c240c56f5.pdf,,pdf,1107682,8336d97a21623da86b7e0dfcfe86444cdaa94e35a18fae1499cbbd76ed193971,processed_then_deleted,2026-08-06T20:58:01+00:00,ok
monthly_report,2023-10,October 2023,https://doe.gov.bd/pages/static-pages/6922db6c933eb65569e0a11e,https://objectstorage.ap-dcc-gazipur-1.oraclecloud15.com/n/axvjbnqprylg/b/V2Ministry/o/office-doe/2024/12/b39bf91aba8249a79ade3aa30087caaa.pdf,,pdf,1106917,91785a7d9301ba8fd4f9c685cb7b7568fe5e318947ea83fa205ff8559dc1d81e,processed_then_deleted,2026-08-06T20:58:01+00:00,ok
monthly_report,2023-11,November 2023,https://doe.gov.bd/pages/static-pages/6922db6c933eb65569e0a11e,https://objectstorage.ap-dcc-gazipur-1.oraclecloud15.com/n/axvjbnqprylg/b/V2Ministry/o/office-doe/2024/12/7247a8f0dcc84551b49fed400c589726.pdf,,pdf,1107215,addd75728cf19e5037da6d6f32e808de0374bb6210b2c39c0655034224cfe234,processed_then_deleted,2026-08-06T20:58:01+00:00,ok
monthly_report,2023-12,December 2023,https://doe.gov.bd/pages/static-pages/6922db6c933eb65569e0a11e,https://objectstorage.ap-dcc-gazipur-1.oraclecloud15.com/n/axvjbnqprylg/b/V2Ministry/o/office-doe/2024/12/446617e338664da8a3223118281cd56d.pdf,,pdf,1105905,985819d13a44bb276de9aaabc8353ae2e02c40dc443a8d7a305854de9fee45f1,processed_then_deleted,2026-08-06T20:58:01+00:00,ok
monthly_report,2024-01,January 2024,https://doe.gov.bd/pages/static-pages/6922dcba933eb65569e11af7,https://objectstorage.ap-dcc-gazipur-1.oraclecloud15.com/n/axvjbnqprylg/b/V2Ministry/o/office-doe/2024/12/035a0086044145d69071e46e6e0993be.pdf,,pdf,2103284,16ce3196bc4abbba3aeede0b8fa766b30d82cc9322f558a68207d76052d05fd1,processed_then_deleted,2026-08-06T20:58:01+00:00,ok
monthly_report,2024-02,February 2024,https://doe.gov.bd/pages/static-pages/6922dcba933eb65569e11af7,https://objectstorage.ap-dcc-gazipur-1.oraclecloud15.com/n/axvjbnqprylg/b/V2Ministry/o/office-doe/2024/12/35d4a119e0a847a5bb45c44a3be28819.pdf,,pdf,2089304,be17589349d8640d6f0a6c2fa12bd111d4bf0edfee727068793355a900b4a269,processed_then_deleted,2026-08-06T20:58:01+00:00,ok
monthly_report,2024-03,March 2024,https://doe.gov.bd/pages/static-pages/6922dcba933eb65569e11af7,https://objectstorage.ap-dcc-gazipur-1.oraclecloud15.com/n/axvjbnqprylg/b/V2Ministry/o/office-doe/2024/12/42b7a6823b784dc1bfc93dd918e362a3.pdf,,pdf,2164164,cf87b7b7e77282ec5cfc3439173c1947c9a31b249ff2902498b72038a40a280b,processed_then_deleted,2026-08-06T20:58:01+00:00,ok
monthly_report,2024-04,April 2024,https://doe.gov.bd/pages/static-pages/6922dcba933eb65569e11af7,https://objectstorage.ap-dcc-gazipur-1.oraclecloud15.com/n/axvjbnqprylg/b/V2Ministry/o/office-doe/2024/12/7335224f8bc44dcf90721060d952b845.pdf,,pdf,2077566,b19a985dfa4ad8bd137e505df4cfe569cca765a8e81340bc889f72ea97c155de,processed_then_deleted,2026-08-06T20:58:01+00:00,ok
monthly_report,2024-05,May 2024,https://doe.gov.bd/pages/static-pages/6922dcba933eb65569e11af7,https://objectstorage.ap-dcc-gazipur-1.oraclecloud15.com/n/axvjbnqprylg/b/V2Ministry/o/office-doe/2024/12/645c7e3d70854a32b7a59b56e7a694d2.pdf,,pdf,1622502,a285e978b64e608147ff246c0d310b6be65b099cd66873ad64bcabbfa75d424c,processed_then_deleted,2026-08-06T20:58:01+00:00,ok
monthly_report,2024-06,June 2024,https://doe.gov.bd/pages/static-pages/6922dcba933eb65569e11af7,https://objectstorage.ap-dcc-gazipur-1.oraclecloud15.com/n/axvjbnqprylg/b/V2Ministry/o/office-doe/2024/12/08c57e78d3324258b6247f901ea186d8.pdf,,pdf,2255996,c375f5d2ece555a37e84a069305211f4f51004eee704ae615a648964d9ea7981,processed_then_deleted,2026-08-06T20:58:01+00:00,ok
monthly_report,2024-07,July 2024,https://doe.gov.bd/pages/static-pages/6922dcba933eb65569e11af7,https://objectstorage.ap-dcc-gazipur-1.oraclecloud15.com/n/axvjbnqprylg/b/V2Ministry/o/office-doe/2024/12/405ad79a3d2a4fdf9078dfbe907fe428.pdf,,pdf,1603003,5054289b3cd7e8eebd2855b4a75d023bc291750584011d685ef08c97c4432211,processed_then_deleted,2026-08-06T20:58:01+00:00,ok
monthly_report,2024-08,August 2024,https://doe.gov.bd/pages/static-pages/6922dcba933eb65569e11af7,https://objectstorage.ap-dcc-gazipur-1.oraclecloud15.com/n/axvjbnqprylg/b/V2Ministry/o/office-doe/2024/12/4e2fb5ad56054b75bbb36429fcbabe49.pdf,,pdf,1720621,57f194d634525ca31a8f5ba84b23cf8233f80bf22a5c8ee7175a5ca0ca25ec79,processed_then_deleted,2026-08-06T20:58:01+00:00,ok
monthly_report,2024-09,September 2024,https://doe.gov.bd/pages/static-pages/6922dcba933eb65569e11af7,https://objectstorage.ap-dcc-gazipur-1.oraclecloud15.com/n/axvjbnqprylg/b/V2Ministry/o/office-doe/2024/12/a99318c9c6b14323a1d8222136e559f6.pdf,,pdf,1620036,f63512150165200abe45ca00f4ff156ce2a28cfca2ec5e687385e8ebe5f766c9,processed_then_deleted,2026-08-06T20:58:01+00:00,ok
monthly_report,2024-10,October 2024,https://doe.gov.bd/pages/static-pages/6922dcba933eb65569e11af7,https://objectstorage.ap-dcc-gazipur-1.oraclecloud15.com/n/axvjbnqprylg/b/V2Ministry/o/office-doe/2024/12/92f02f67999343f78d87699aa4b58b4d.pdf,,pdf,1621843,76a99b95ec0e949f3a45738e49836196fae677f74ed0e1bf13773697643935e0,processed_then_deleted,2026-08-06T20:58:01+00:00,ok
monthly_report,2024-11,November 2024,https://doe.gov.bd/pages/static-pages/6922dcba933eb65569e11af7,https://objectstorage.ap-dcc-gazipur-1.oraclecloud15.com/n/axvjbnqprylg/b/V2Ministry/o/office-doe/2024/12/9b491d545bd14e409131105103d80742.pdf,,pdf,1595167,13622142d8c1930f002fde7b167e5043ecba768cbffbc68648849e3be2c7262c,processed_then_deleted,2026-08-06T20:58:01+00:00,ok
monthly_report,2024-12,December 2024,https://doe.gov.bd/pages/static-pages/6922dcba933eb65569e11af7,https://objectstorage.ap-dcc-gazipur-1.oraclecloud15.com/n/axvjbnqprylg/b/V2Ministry/o/office-doe/2024/12/d571013f5ddb463bb74372f8dbe421e4.pdf,,pdf,1614237,23489fa35ac31196f49120708ee21a134bafd5417c3ef7188b56b530dd97a3a0,processed_then_deleted,2026-08-06T20:58:01+00:00,ok
monthly_report,2025-01,January 2025,https://doe.gov.bd/pages/static-pages/6922db96933eb65569e0b11a,https://objectstorage.ap-dcc-gazipur-1.oraclecloud15.com/n/axvjbnqprylg/b/V2Ministry/o/office-doe/2024/12/eed6d26557bd497a95834773241b1bf7.pdf,,pdf,1803595,8acd38c3006ce5a0a84c5d23e1d8e44d19c860825d748353327d261f3c59de5b,processed_then_deleted,2026-08-06T20:58:01+00:00,ok
monthly_report,2025-02,February 2025,https://doe.gov.bd/pages/static-pages/6922db96933eb65569e0b11a,https://objectstorage.ap-dcc-gazipur-1.oraclecloud15.com/n/axvjbnqprylg/b/V2Ministry/o/office-doe/2024/12/806246dc86f7449298fb068e42f81b39.pdf,,pdf,1655096,48bc223c0f44ec680ac3120fdf33ab512b1ce52a7a8f5e54828ea3056783a950,processed_then_deleted,2026-08-06T20:58:01+00:00,ok
monthly_report,2025-03,March 2025,https://doe.gov.bd/pages/static-pages/6922db96933eb65569e0b11a,https://objectstorage.ap-dcc-gazipur-1.oraclecloud15.com/n/axvjbnqprylg/b/V2Ministry/o/office-doe/2024/12/7d481c664f8e460f81d7be632c8386e5.pdf,,pdf,1667451,9988cb63a0e3339c899afb8eebdb80a8b033d3e979a2991597d6929bde930379,processed_then_deleted,2026-08-06T20:58:01+00:00,ok
monthly_report,2025-04,April 2025,https://doe.gov.bd/pages/static-pages/6922db96933eb65569e0b11a,https://objectstorage.ap-dcc-gazipur-1.oraclecloud15.com/n/axvjbnqprylg/b/V2Ministry/o/office-doe/2024/12/6b240b8d9b8c47c7b778bd0a033867e9.pdf,,pdf,1743242,5c8ab186c02ab152fe81c6e6cd05d8869411910626fda5f8f197a5eb76f277c8,processed_then_deleted,2026-08-06T20:58:01+00:00,ok
monthly_report,2025-06,June 2025,https://doe.gov.bd/pages/static-pages/6922db96933eb65569e0b11a,https://objectstorage.ap-dcc-gazipur-1.oraclecloud15.com/n/axvjbnqprylg/b/V2Ministry/o/office-doe/2024/12/acec4c5868ba47d4b9fa4cc9764c70ee.pdf,,pdf,1503543,1b479087ab267e77290cbb656b69e0c7a03376d7d52c88d8c33ef9e3e844f610,processed_then_deleted,2026-08-06T20:58:01+00:00,ok
monthly_report,2025-07,July 2025,https://doe.gov.bd/pages/static-pages/6922db96933eb65569e0b11a,https://objectstorage.ap-dcc-gazipur-1.oraclecloud15.com/n/axvjbnqprylg/b/V2Ministry/o/office-doe/2024/12/4611333e1fbc4a64ad859a115788dac6.pdf,,pdf,1360271,b7cf556a1691e1062180c8923033506984bd454b6f11e13df7a94c4d473246af,processed_then_deleted,2026-08-06T20:58:01+00:00,ok
monthly_report,2025-08,August 2025,https://doe.gov.bd/pages/static-pages/6922db96933eb65569e0b11a,https://objectstorage.ap-dcc-gazipur-1.oraclecloud15.com/n/axvjbnqprylg/b/V2Ministry/o/office-doe/2024/12/f4366798299c48c784bd9820bebae517.pdf,,pdf,1885912,21bebb0f1466ae7b04c6ee8da366208e3d142ee9619515da118a9bbe67ec92c4,processed_then_deleted,2026-08-06T20:58:01+00:00,ok
monthly_report,2025-09,September 2025,https://doe.gov.bd/pages/static-pages/6922db96933eb65569e0b11a,https://objectstorage.ap-dcc-gazipur-1.oraclecloud15.com/n/axvjbnqprylg/b/V2Ministry/o/office-doe/2024/12/75e42e4e96db480ca4e894731487bb78.pdf,,pdf,1607460,3cd516684f0f1c60700ef02d750a34cc82e5c5529f9538f05964ee5beaafc2ef,processed_then_deleted,2026-08-06T20:58:01+00:00,ok
monthly_report,2025-10,October 2025,https://doe.gov.bd/pages/static-pages/6922db96933eb65569e0b11a,https://objectstorage.ap-dcc-gazipur-1.oraclecloud15.com/n/axvjbnqprylg/b/V2Ministry/o/office-doe/2024/12/7f60b56f3dd745689e59e60721e83d26.pdf,,pdf,1576007,b0d24f491d82a3678e5eae9312f73ccb0575a0ab55380ac743d84b34866c989f,processed_then_deleted,2026-08-06T20:58:01+00:00,ok
monthly_report,2025-11,November 2025,https://doe.gov.bd/pages/static-pages/6922db96933eb65569e0b11a,https://objectstorage.ap-dcc-gazipur-1.oraclecloud15.com/n/axvjbnqprylg/b/V2Ministry/o/office-doe/2026/2/f2b7454f-5350-4a03-8937-bf57f303ac4f.pdf,,pdf,1606891,c5a46d6e3efe3f6bdd3408876e8feee47ee395ab99e4c241cf34ddf8734c8252,processed_then_deleted,2026-08-06T20:58:01+00:00,ok
monthly_report,2025-12,December 2025,https://doe.gov.bd/pages/static-pages/6922db96933eb65569e0b11a,https://objectstorage.ap-dcc-gazipur-1.oraclecloud15.com/n/axvjbnqprylg/b/V2Ministry/o/office-doe/2026/2/43adea43-fc3f-4a94-8cbe-981d8535421f.pdf,,pdf,2392405,9bd493c444923de1c59f042b20744a602bad32fa4cec5e9fb3a4d0c1972e1680,processed_then_deleted,2026-08-06T20:58:01+00:00,ok
monthly_report,2026-01,January 2026,https://doe.gov.bd/pages/static-pages/69ce0b957708a43a552df023,https://objectstorage.ap-dcc-gazipur-1.oraclecloud15.com/n/axvjbnqprylg/b/V2Ministry/o/office-doe/2026/3/df83cd3f-e1c8-4ccf-b37c-77a8f3b861db.pdf,,pdf,1988832,6d8aec20b9ee9c45ca02fadf8f810a2669bbcfd19a2b00cc1c8aed4a49125bfd,processed_then_deleted,2026-08-06T20:58:01+00:00,ok
monthly_report,2026-02,February 2026,https://doe.gov.bd/pages/static-pages/69ce0b957708a43a552df023,https://objectstorage.ap-dcc-gazipur-1.oraclecloud15.com/n/axvjbnqprylg/b/V2Ministry/o/office-doe/2026/3/d1d5b131-383b-4d3e-bed2-cee7a5fe2bb1.pdf,,pdf,1909571,8d65ed2fc4dc6e818240a19581d60eb735e563347b93d6cff135e02acabbf81c,processed_then_deleted,2026-08-06T20:58:01+00:00,ok
monthly_report,2026-03,March 2026,https://doe.gov.bd/pages/static-pages/69ce0b957708a43a552df023,https://objectstorage.ap-dcc-gazipur-1.oraclecloud15.com/n/axvjbnqprylg/b/V2Ministry/o/office-doe/2026/4/cb879ea6-80ff-4321-b052-d3a5fb69e949.pdf,,pdf,2240210,d713f75f0b93375905167520850408e12bd78a542a28a12a19954abd127a7ae3,processed_then_deleted,2026-08-06T20:58:01+00:00,ok
monthly_report,2026-04,April 2026,https://doe.gov.bd/pages/static-pages/69ce0b957708a43a552df023,https://objectstorage.ap-dcc-gazipur-1.oraclecloud15.com/n/axvjbnqprylg/b/V2Ministry/o/office-doe/2026/6/9d1016f6-54b7-4e69-9942-3f64fd228c61.pdf,,pdf,1875022,ac4d7b8ee9edfe28f1287ce1123e4502227b2ea24721101cb0fed5abd6e948d0,processed_then_deleted,2026-08-06T20:58:01+00:00,ok
