date,pm25,pm10,no2,so2,co,o3
2017-01-01,249.846,352.757,55.763,21.214,2778.687,56.583
2017-01-02,232.191,327.878,47.372,20.051,2555.776,61.364
2017-01-03,175.571,248.006,35.019,16.732,1766.850,70.097
2017-01-04,139.670,197.195,23.106,15.687,1065.516,55.501
2017-01-05,183.082,258.461,28.012,15.359,1423.031,54.018
2017-01-06,177.163,250.055,24.475,17.690,1449.718,50.998
2017-01-07,180.233,254.425,27.321,16.378,1585.796,52.870
2017-01-08,172.772,243.924,34.158,17.961,1491.675,52.869
2017-01-09,179.684,253.654,33.838,19.257,1655.638,44.474
2017-01-10,174.464,246.338,21.827,14.797,1494.282,59.348
2017-01-11,179.446,252.929,23.829,15.193,1400.610,57.463
2017-01-12,156.440,220.321,20.011,13.093,1269.935,66.346
2017-01-13,148.295,208.990,19.055,15.211,1225.095,61.431
2017-01-14,148.484,209.423,19.354,14.605,1240.081,65.667
2017-01-15,169.946,239.603,21.981,14.903,1322.990,62.899
2017-01-16,181.022,255.392,25.718,16.893,1547.122,62.826
2017-01-17,224.820,317.216,32.986,18.456,1913.642,53.957
2017-01-18,168.347,237.464,26.354,15.298,1417.426,55.659
2017-01-19,154.493,217.978,21.189,14.497,1286.232,69.952
2017-01-20,182.731,257.603,24.933,16.798,1642.102,69.641
2017-01-21,185.454,261.549,32.161,16.752,1754.832,70.710
2017-01-22,160.398,226.358,20.797,16.664,1580.988,76.279
2017-01-23,196.379,277.277,29.205,18.468,1733.304,71.726
2017-01-24,219.161,309.409,36.933,21.173,2150.702,56.510
2017-01-25,196.347,277.244,35.038,20.916,2112.878,51.823
2017-01-26,196.798,277.949,40.259,21.450,2090.365,49.786
2017-01-27,205.076,289.658,43.885,20.202,2086.578,55.239
2017-01-28,185.570,262.211,25.437,17.310,1765.758,77.376
2017-01-29,136.462,192.756,20.582,15.289,1147.815,72.222
2017-01-30,164.242,232.004,22.367,16.851,1305.828,71.002
2017-01-31,199.149,281.341,34.154,18.173,1676.577,64.396
2017-02-01,207.573,293.307,22.849,16.029,1661.539,75.327
2017-02-02,165.436,233.664,32.645,13.145,1429.644,70.059
2017-02-03,163.669,231.011,27.793,14.232,1481.511,60.519
2017-02-04,185.897,262.329,28.846,20.179,1681.497,48.725
2017-02-05,158.682,224.088,30.682,18.719,1586.633,53.896
2017-02-06,151.440,213.876,30.991,17.537,1470.912,66.863
2017-02-07,163.551,230.859,22.552,19.173,1650.487,81.460
2017-02-08,139.706,197.158,23.260,16.997,1335.136,79.916
2017-02-09,169.350,239.074,34.976,19.948,1510.789,68.158
2017-02-10,222.059,313.428,42.309,23.170,1964.058,63.916
2017-02-11,223.816,315.562,98.422,21.673,2130.728,66.985
2017-02-12,150.538,212.185,33.425,18.241,1537.668,76.964
2017-02-13,196.123,276.434,32.909,20.742,1648.760,57.291
2017-02-14,194.538,274.246,30.031,19.844,1732.664,63.043
2017-02-15,165.540,233.426,31.635,16.918,1358.548,68.308
2017-02-16,181.108,255.471,27.235,18.235,1406.512,64.138
2017-02-17,170.884,241.165,30.990,18.528,1552.646,67.075
2017-02-18,202.351,285.589,36.463,21.912,1962.017,60.175
2017-02-19,222.239,313.884,30.240,20.664,2212.692,71.636
2017-02-20,156.811,221.659,17.372,11.167,1131.630,80.549
2017-02-21,78.304,110.930,10.640,7.582,602.328,85.440
2017-02-22,76.056,108.016,11.789,7.980,529.722,66.407
2017-02-23,116.847,164.978,22.011,14.494,851.626,63.768
2017-02-24,134.475,189.708,32.068,18.094,1206.005,62.666
2017-02-25,138.565,195.689,34.266,18.384,1320.881,69.728
2017-02-26,168.508,238.059,31.157,20.624,1614.765,66.937
2017-02-27,181.575,256.350,30.808,21.147,1842.457,70.099
2017-02-28,158.791,224.155,33.905,19.135,1654.097,70.452
2017-03-01,191.333,269.987,30.530,20.271,1831.047,64.322
2017-03-02,122.920,173.583,22.131,14.018,1296.677,110.450
2017-03-03,97.564,137.525,13.359,12.361,643.557,87.626
2017-03-04,80.781,113.912,17.276,12.383,670.038,77.912
2017-03-05,64.000,90.227,11.310,8.710,500.484,67.884
2017-03-06,98.729,139.322,18.339,12.429,724.151,68.771
2017-03-07,144.868,204.493,27.536,16.550,1151.251,63.051
2017-03-08,139.699,197.343,15.940,10.473,1037.772,77.288
2017-03-09,94.069,132.690,19.778,10.317,839.821,50.490
2017-03-10,81.413,114.944,15.714,6.743,510.656,53.216
2017-03-11,89.405,126.281,17.883,9.992,700.833,48.156
2017-03-12,120.009,168.510,23.812,11.827,877.054,72.640
2017-03-13,119.505,168.167,26.110,14.754,981.202,59.980
2017-03-14,138.936,195.724,34.597,16.171,1210.314,62.177
2017-03-15,145.485,205.181,38.002,15.849,1364.041,73.314
2017-03-16,142.659,201.379,26.791,17.455,1464.141,68.147
2017-03-17,147.224,207.764,28.639,16.552,1541.773,78.512
2017-03-18,95.791,134.926,16.674,9.957,865.087,68.846
2017-03-19,89.954,126.432,15.086,8.776,864.634,87.192
2017-03-20,96.497,134.692,16.546,10.889,749.546,65.129
2017-03-21,149.234,209.209,30.309,15.749,1347.142,53.705
2017-03-22,178.931,250.962,34.928,17.396,1534.343,72.398
2017-03-23,154.023,216.193,31.229,16.654,1448.033,67.008
2017-03-24,110.564,154.696,20.925,11.871,996.220,72.523
2017-03-25,87.563,121.976,14.787,9.264,604.456,66.898
2017-03-26,112.410,156.724,23.600,11.113,850.098,56.464
2017-03-27,96.961,135.523,25.130,10.621,800.673,58.555
2017-03-28,64.624,90.215,17.146,9.074,529.194,48.569
2017-03-29,63.309,88.612,10.159,6.350,337.800,41.372
2017-03-30,51.418,72.570,11.251,7.272,371.317,55.490
2017-03-31,63.091,89.325,13.733,7.799,391.491,43.613
2017-04-01,53.545,75.656,11.512,7.267,358.027,43.042
2017-04-02,54.823,78.381,6.574,4.718,243.761,47.444
2017-04-03,50.334,72.125,6.851,4.858,279.104,61.056
2017-04-04,46.849,66.522,9.052,5.326,284.879,49.921
2017-04-05,57.057,80.267,14.462,7.978,377.613,38.863
2017-04-06,86.704,122.076,21.188,13.287,754.681,30.971
2017-04-07,81.101,113.611,18.257,10.775,539.998,48.675
2017-04-08,86.495,120.547,22.155,11.707,594.337,46.832
2017-04-09,80.521,112.259,17.068,9.991,529.590,82.282
2017-04-10,97.214,135.648,17.147,10.536,560.100,80.690
2017-04-11,135.952,190.277,20.367,15.474,959.432,69.331
2017-04-12,173.367,243.583,24.141,19.253,1382.014,72.344
2017-04-13,130.555,183.051,25.740,15.002,1128.433,94.929
2017-04-14,122.386,171.187,26.520,14.516,995.858,73.919
2017-04-15,124.435,172.118,20.457,10.919,633.620,65.389
2017-04-16,67.707,94.573,17.646,9.801,563.074,54.910
2017-04-17,100.897,141.835,23.928,14.845,1185.566,77.841
2017-04-18,89.512,125.538,16.090,10.214,618.571,70.061
2017-04-19,49.934,68.952,8.701,5.269,338.208,75.878
2017-04-20,61.322,84.891,11.983,6.563,399.206,65.672
2017-04-21,51.832,70.989,10.421,5.464,343.664,62.488
2017-04-22,70.907,96.569,10.630,5.723,327.857,62.716
2017-04-23,58.441,80.975,10.551,4.424,370.138,72.035
2017-04-24,49.522,68.530,8.280,4.785,309.303,70.059
2017-04-25,54.691,76.004,8.575,5.346,295.744,66.400
2017-04-26,46.659,64.919,7.089,4.799,281.495,72.595
2017-04-27,60.707,83.679,9.834,6.082,317.933,67.229
2017-04-28,74.049,100.714,12.724,7.355,382.416,64.717
2017-04-29,71.256,96.890,13.639,7.587,398.106,63.906
2017-04-30,89.805,121.277,14.209,7.816,416.623,61.319
2017-05-01,69.062,94.390,14.479,7.997,462.954,62.678
2017-05-02,83.426,115.965,23.931,11.379,731.292,63.355
2017-05-03,123.118,169.982,25.953,13.022,856.185,66.847
2017-05-04,91.302,124.763,22.265,9.458,566.664,68.780
2017-05-05,87.502,119.484,15.395,8.018,461.920,60.504
2017-05-06,50.425,68.766,12.733,6.311,265.884,54.043
2017-05-07,78.308,107.287,16.218,7.902,362.546,50.974
2017-05-08,66.053,91.446,20.319,8.379,428.136,59.869
2017-05-09,96.920,133.802,24.899,10.329,538.018,42.693
2017-05-10,79.064,110.088,23.669,10.248,713.352,53.535
2017-05-11,96.470,134.634,25.355,11.077,698.551,67.227
2017-05-12,72.283,101.062,16.321,8.376,553.477,78.080
2017-05-13,78.889,110.026,19.814,8.831,519.365,79.639
2017-05-14,65.900,91.663,14.727,5.980,376.596,78.928
2017-05-15,55.474,76.556,12.688,5.405,312.143,65.324
2017-05-16,44.699,62.293,12.215,5.684,330.702,64.762
2017-05-17,69.437,96.810,17.275,6.506,424.274,64.197
2017-05-18,67.708,93.721,16.270,7.114,490.388,73.517
2017-05-19,61.858,84.556,18.785,7.193,388.688,64.598
2017-05-20,82.820,111.454,11.965,6.309,336.549,71.599
2017-05-21,80.117,108.217,16.788,7.494,430.924,72.020
2017-05-22,63.166,85.756,15.507,6.710,374.762,66.977
2017-05-23,82.840,112.466,19.047,7.939,397.978,60.819
2017-05-24,89.041,120.649,18.659,7.806,391.976,64.768
2017-05-25,71.763,97.601,19.384,7.865,385.929,55.799
2017-05-26,78.848,107.265,21.215,8.370,427.724,50.629
2017-05-27,72.528,99.845,24.266,9.054,543.519,62.935
2017-05-28,81.241,111.459,25.303,8.575,502.771,69.517
2017-05-29,48.385,67.287,11.259,6.773,541.594,68.573
2017-05-30,30.850,43.037,13.254,5.797,342.439,43.209
2017-05-31,65.644,90.293,11.645,5.688,353.893,85.119
2017-06-01,54.420,74.063,10.741,4.811,219.796,55.606
2017-06-02,51.015,69.658,8.984,4.505,191.206,52.456
2017-06-03,46.619,63.546,9.766,5.042,215.219,58.669
2017-06-04,54.019,74.340,9.523,4.785,194.251,47.843
2017-06-05,59.176,81.768,16.017,5.991,259.457,39.285
2017-06-06,63.880,89.048,20.502,8.902,493.893,50.353
2017-06-07,64.899,90.423,20.778,8.381,544.784,60.683
2017-06-08,67.828,93.866,22.502,7.523,397.098,63.533
2017-06-09,52.455,73.013,22.430,7.562,375.933,52.392
2017-06-10,42.972,59.951,19.869,7.016,377.573,59.308
2017-06-11,31.609,44.190,8.573,3.741,257.777,52.595
2017-06-12,27.786,38.862,10.948,4.777,268.385,41.867
2017-06-13,52.316,72.676,13.270,5.712,353.983,68.343
2017-06-14,48.026,66.819,11.011,4.884,219.790,58.319
2017-06-15,29.815,42.002,11.384,4.846,198.144,46.076
2017-06-16,31.490,43.855,11.150,4.562,269.664,62.862
2017-06-17,58.335,79.363,9.806,4.962,277.760,81.463
2017-06-18,48.457,67.502,11.917,4.906,244.036,61.007
2017-06-19,46.762,64.935,11.173,5.030,220.123,56.000
2017-06-20,38.345,53.113,17.084,5.821,273.633,51.221
2017-06-21,45.614,62.430,14.714,5.248,282.877,61.662
2017-06-22,48.473,65.976,14.057,6.040,270.857,56.311
2017-06-23,52.839,72.701,17.360,6.849,304.925,55.103
2017-06-24,30.853,42.618,11.769,5.297,226.363,56.704
2017-06-25,32.190,45.395,11.459,5.296,203.138,50.086
2017-06-26,32.394,45.707,9.648,4.788,180.852,55.806
2017-06-27,33.801,47.124,13.004,5.752,197.414,44.962
2017-06-28,30.193,42.056,11.842,5.551,193.471,45.243
2017-06-29,31.893,44.158,10.584,5.061,182.456,44.113
2017-06-30,23.609,33.018,9.247,4.455,177.426,52.596
2017-07-01,26.985,38.581,7.983,3.944,155.815,48.903
2017-07-02,26.343,37.462,9.904,4.607,184.216,55.500
2017-07-03,34.594,47.874,12.290,5.412,243.105,55.854
2017-07-04,35.641,49.423,12.941,5.772,247.834,59.105
2017-07-05,33.810,46.099,12.387,5.254,219.596,55.714
2017-07-06,28.010,38.310,15.081,5.903,224.554,48.113
2017-07-07,36.960,49.343,12.199,5.164,213.197,54.715
2017-07-08,44.499,58.678,9.636,4.615,180.280,49.576
2017-07-09,22.623,30.963,7.449,3.988,151.631,45.994
2017-07-10,34.715,46.698,8.292,3.988,160.778,50.669
2017-07-11,22.120,30.488,10.782,4.737,184.368,49.381
2017-07-12,26.532,36.557,14.705,5.794,206.720,40.288
2017-07-13,27.773,38.581,11.939,5.353,175.611,45.660
2017-07-14,30.319,41.619,14.016,5.947,196.014,39.914
2017-07-15,43.327,59.290,16.602,7.048,244.327,37.857
2017-07-16,28.147,38.996,18.526,7.279,264.789,43.831
2017-07-17,40.179,55.922,17.504,7.844,315.018,39.514
2017-07-18,25.978,36.443,9.992,4.735,196.042,47.491
2017-07-19,20.389,30.338,7.217,3.674,142.655,45.941
2017-07-20,21.245,31.508,8.369,3.769,144.145,43.590
2017-07-21,19.665,28.214,11.669,5.318,174.075,43.514
2017-07-22,19.549,27.916,9.791,4.987,172.821,47.240
2017-07-23,26.033,37.101,8.970,4.269,169.192,49.117
2017-07-24,29.639,42.356,8.413,3.811,150.983,43.235
2017-07-25,30.467,42.684,10.400,4.697,182.781,42.875
2017-07-26,34.625,48.215,13.414,5.672,212.375,46.700
2017-07-27,46.492,64.347,15.239,6.421,247.674,48.146
2017-07-28,76.398,103.265,17.183,6.846,272.737,50.032
2017-07-29,56.722,76.440,20.338,7.596,306.994,44.167
2017-07-30,55.330,74.708,20.087,6.443,254.014,53.445
2017-07-31,33.061,45.201,15.355,6.476,234.902,53.934
2017-08-01,47.751,64.980,15.020,6.355,276.049,53.819
2017-08-02,47.950,65.033,15.255,6.286,270.076,52.327
2017-08-03,46.197,62.894,17.304,6.277,295.524,49.249
2017-08-04,41.997,57.340,14.136,5.558,292.733,57.155
2017-08-05,41.830,55.880,14.192,5.982,247.485,42.192
2017-08-06,36.875,49.496,11.475,5.126,204.968,42.937
2017-08-07,32.484,45.363,14.155,5.895,210.647,29.152
2017-08-08,38.380,52.474,10.148,4.551,179.063,48.139
2017-08-09,33.960,46.644,9.340,4.239,165.119,46.487
2017-08-10,30.982,43.115,8.742,4.291,172.731,49.315
2017-08-11,50.583,68.526,12.199,5.544,239.936,45.587
2017-08-12,51.179,69.763,17.080,6.540,286.514,36.791
2017-08-13,40.287,55.111,14.332,5.524,248.402,40.996
2017-08-14,38.774,52.908,15.471,6.051,258.238,44.847
2017-08-15,66.146,89.497,14.866,6.194,312.239,54.515
2017-08-16,63.174,85.347,14.600,6.414,307.684,49.031
2017-08-17,46.124,62.403,14.902,6.132,276.240,51.762
2017-08-18,31.248,43.082,13.790,6.032,243.236,38.767
2017-08-19,39.633,55.653,16.040,6.677,254.645,38.797
2017-08-20,35.811,50.641,17.992,7.302,290.505,35.594
2017-08-21,40.752,57.350,19.271,8.208,355.593,37.676
2017-08-22,44.045,61.477,15.713,6.675,326.080,53.150
2017-08-23,39.059,54.410,19.593,7.032,298.126,45.859
2017-08-24,36.823,51.240,16.635,6.434,255.631,34.124
2017-08-25,49.990,68.855,15.195,6.682,272.908,37.929
2017-08-26,34.100,47.884,12.582,5.946,276.167,38.148
2017-08-27,37.243,52.816,14.965,6.424,269.125,42.371
2017-08-28,30.990,43.705,12.972,5.988,236.161,37.183
2017-08-29,45.582,63.769,15.197,6.714,252.710,34.361
2017-08-30,41.126,57.727,15.601,6.666,282.645,34.507
2017-08-31,46.027,64.627,16.935,6.886,303.997,34.183
2017-09-01,36.492,51.418,14.103,5.958,279.294,42.988
2017-09-02,50.137,70.181,16.023,6.974,365.902,57.117
2017-09-03,60.549,84.541,18.502,8.401,483.990,60.995
2017-09-04,72.673,100.566,13.685,7.922,401.096,71.236
2017-09-05,80.439,110.630,16.373,7.719,384.069,58.760
2017-09-06,82.319,113.104,16.608,7.772,397.208,56.126
2017-09-07,53.881,74.567,14.952,7.349,329.785,51.509
2017-09-08,43.580,60.818,11.602,6.233,290.593,47.836
2017-09-09,31.721,44.402,11.249,5.631,245.416,43.298
2017-09-10,37.669,52.699,14.783,6.574,255.253,31.665
2017-09-11,50.607,70.567,19.047,7.607,355.094,35.855
2017-09-12,49.385,68.966,17.379,6.845,348.017,38.371
2017-09-13,42.429,59.478,15.961,7.039,362.951,46.693
2017-09-14,53.889,75.435,20.259,7.943,427.149,54.256
2017-09-15,77.621,109.333,18.482,11.256,739.577,43.911
2017-09-16,71.243,100.397,25.189,10.091,701.246,68.094
2017-09-17,57.069,80.444,11.740,6.949,510.076,55.083
2017-09-18,43.900,61.947,18.116,8.091,420.243,36.693
2017-09-19,28.211,39.971,10.718,5.071,286.602,44.917
2017-09-20,38.226,53.980,13.619,6.749,319.950,43.681
2017-09-21,54.119,75.578,16.826,8.168,351.327,38.571
2017-09-22,67.483,94.260,20.593,9.926,470.430,35.088
2017-09-23,96.589,134.907,23.513,11.597,643.743,40.149
2017-09-24,91.001,127.398,27.984,11.916,665.755,52.481
2017-09-25,109.732,154.498,28.535,12.508,910.033,62.821
2017-09-26,95.061,133.214,25.020,10.798,756.723,58.842
2017-09-27,87.279,121.909,18.124,10.259,744.458,69.289
2017-09-28,68.136,95.338,16.438,7.283,583.134,61.584
2017-09-29,43.455,61.052,13.805,6.512,361.806,37.683
2017-09-30,59.183,83.122,18.131,9.219,414.969,30.663
2017-10-01,71.059,100.008,19.495,10.432,504.102,36.740
2017-10-02,54.414,76.744,16.564,10.517,522.379,41.695
2017-10-03,109.649,154.552,17.462,13.815,871.535,35.732
2017-10-04,91.948,129.724,22.142,12.473,920.360,50.393
2017-10-05,84.434,119.221,29.696,12.439,802.595,57.137
2017-10-06,75.499,106.666,22.262,11.311,739.965,70.899
2017-10-07,38.992,55.040,14.847,7.822,374.467,40.091
2017-10-08,29.080,41.088,9.579,5.895,256.260,39.167
2017-10-09,40.939,57.797,12.111,7.077,313.704,25.732
2017-10-10,99.764,140.794,18.389,15.458,866.388,34.943
2017-10-11,106.883,150.935,18.727,15.594,1061.156,41.149
2017-10-12,97.710,137.717,23.099,13.872,775.425,54.701
2017-10-13,62.803,88.577,15.408,11.395,491.405,44.168
2017-10-14,75.199,106.227,21.031,12.150,476.739,36.075
2017-10-15,125.839,177.631,24.712,16.454,929.392,47.714
2017-10-16,177.535,250.168,24.964,17.772,1335.384,59.274
2017-10-17,122.317,172.389,22.495,13.209,1035.183,74.775
2017-10-18,56.831,80.183,13.826,9.036,540.782,59.822
2017-10-19,54.007,76.239,16.840,9.222,479.159,28.112
2017-10-20,46.727,66.340,10.643,5.963,378.905,35.888
2017-10-21,44.508,63.224,11.773,7.370,428.560,37.706
2017-10-22,82.063,115.777,22.483,14.249,702.010,44.959
2017-10-23,91.337,128.944,18.589,14.071,821.352,85.739
2017-10-24,99.870,140.992,18.222,13.131,738.731,70.293
2017-10-25,154.861,218.459,22.675,20.610,1528.264,60.262
2017-10-26,123.636,174.260,32.559,17.042,1352.314,59.371
2017-10-27,134.854,189.443,31.652,15.647,1254.430,68.146
2017-10-28,176.220,247.830,22.774,21.764,1779.446,53.739
2017-10-29,137.413,193.058,25.013,15.432,1394.660,75.178
2017-10-30,123.675,173.735,24.848,16.193,908.315,50.924
2017-10-31,134.273,189.199,24.165,20.163,1351.973,49.830
2017-11-01,139.920,197.409,24.030,21.800,1561.149,49.169
2017-11-02,123.586,174.467,27.590,19.009,1340.371,54.244
2017-11-03,117.096,165.337,28.374,19.952,1259.512,49.124
2017-11-04,131.681,185.891,25.343,20.554,1291.615,40.371
2017-11-05,126.357,178.324,29.485,21.443,1336.922,46.776
2017-11-06,110.455,155.998,27.510,18.743,1120.945,56.774
2017-11-07,140.188,197.924,25.224,23.818,1406.934,48.166
2017-11-08,148.375,209.498,29.542,24.754,1609.463,49.916
2017-11-09,159.470,225.193,29.353,24.761,1687.139,48.605
2017-11-10,148.909,210.281,35.962,23.335,1560.256,50.753
2017-11-11,121.137,171.072,33.241,20.615,1165.946,59.014
2017-11-12,105.278,148.661,28.752,19.105,1040.283,67.111
2017-11-13,113.371,160.081,30.086,21.502,1084.151,57.525
2017-11-14,117.675,166.189,29.267,21.144,1082.550,48.426
2017-11-15,84.063,118.929,17.240,14.049,794.751,40.799
2017-11-16,85.709,121.133,19.553,14.405,695.491,26.638
2017-11-17,131.828,186.248,18.647,23.725,1165.592,27.696
2017-11-18,148.090,209.304,22.260,25.428,1415.968,41.390
2017-11-19,123.640,174.714,24.196,21.665,1240.314,57.149
2017-11-20,157.852,222.954,30.331,24.337,1612.378,59.932
2017-11-21,180.971,255.535,26.656,23.030,1565.309,77.192
2017-11-22,163.946,231.364,23.376,21.658,1343.971,75.131
2017-11-23,189.124,266.648,26.444,24.040,1539.048,60.564
2017-11-24,185.180,261.198,32.062,25.207,1652.473,56.592
2017-11-25,220.674,311.380,28.493,30.598,2096.661,48.544
2017-11-26,204.895,289.192,40.532,25.222,1878.198,52.447
2017-11-27,195.375,275.855,29.095,25.688,1761.193,58.399
2017-11-28,270.909,382.330,28.819,33.112,2701.118,56.701
2017-11-29,230.137,324.743,33.843,26.683,2644.271,55.379
2017-11-30,186.997,263.923,35.594,23.857,1726.975,51.059
2017-12-01,182.640,257.788,27.472,26.844,1907.347,46.444
2017-12-02,198.556,280.370,30.998,27.503,2235.246,44.576
2017-12-03,202.136,285.423,38.568,28.959,2373.412,51.908
2017-12-04,201.263,284.232,34.798,28.622,2291.882,46.470
2017-12-05,195.740,276.418,28.133,28.187,2204.510,42.645
2017-12-06,208.382,294.201,28.753,28.750,2298.880,41.432
2017-12-07,176.504,249.233,36.539,26.222,2147.450,50.085
2017-12-08,162.476,229.545,26.655,22.019,1766.989,47.244
2017-12-09,84.751,119.865,16.346,10.852,803.108,28.971
2017-12-10,62.157,88.067,13.927,9.833,536.837,26.393
2017-12-11,93.950,132.686,20.860,13.845,932.431,31.087
2017-12-12,155.028,218.974,35.597,22.246,1769.866,72.362
2017-12-13,271.052,382.816,27.800,28.755,2740.991,57.599
2017-12-14,234.007,330.448,44.306,25.509,2512.754,64.132
2017-12-15,210.120,296.461,40.437,23.720,2004.939,56.882
2017-12-16,209.521,295.536,38.773,22.677,1976.333,53.579
2017-12-17,215.376,303.834,33.982,20.545,2090.047,49.374
2017-12-18,165.662,233.818,30.373,17.122,1829.568,51.321
2017-12-19,193.432,273.090,39.744,19.882,1993.853,43.614
2017-12-20,218.713,308.806,31.045,19.748,2319.204,46.120
2017-12-21,201.583,284.625,43.822,19.284,2154.332,49.840
2017-12-22,206.626,291.804,41.022,19.890,1981.856,47.256
2017-12-23,200.229,282.836,30.783,19.577,1965.817,53.631
2017-12-24,185.753,262.369,29.164,19.693,1782.314,51.823
2017-12-25,186.556,263.377,33.044,21.027,1874.654,45.622
2017-12-26,187.592,264.895,30.958,18.115,1747.015,62.241
2017-12-27,159.411,225.100,24.580,16.184,1524.315,54.218
2017-12-28,179.544,253.506,33.805,18.236,1647.064,46.262
2017-12-29,171.534,242.217,36.777,17.037,1853.191,51.175
2017-12-30,169.605,239.504,31.138,19.394,1842.992,49.456
2017-12-31,191.604,270.527,37.253,21.846,1934.532,47.185
2018-01-01,206.524,291.617,33.034,21.751,2034.984,50.912
2018-01-02,195.406,275.876,27.243,20.837,2053.878,63.090
2018-01-03,174.101,245.717,20.138,17.720,2011.893,88.725
2018-01-04,203.223,286.954,23.830,16.317,2137.618,78.423
2018-01-05,191.140,269.902,21.324,12.965,1908.448,72.743
2018-01-06,171.931,242.824,23.094,15.090,1967.546,77.106
2018-01-07,203.113,286.677,21.984,13.234,1989.946,72.251
2018-01-08,200.086,282.199,24.487,12.007,1736.138,59.591
2018-01-09,186.952,263.606,26.615,16.677,1610.298,55.021
2018-01-10,225.173,317.378,25.938,17.556,1863.351,58.375
2018-01-11,240.434,339.089,31.686,17.738,2004.532,55.450
2018-01-12,260.037,366.986,34.003,17.731,2202.703,55.589
2018-01-13,293.454,414.200,43.416,17.452,2569.364,52.015
2018-01-14,307.614,434.198,34.922,14.111,2551.999,67.622
2018-01-15,239.325,337.950,43.214,13.422,2283.792,66.907
2018-01-16,226.402,319.669,38.967,14.003,2230.232,67.563
2018-01-17,213.214,300.949,24.751,16.959,2023.889,62.436
2018-01-18,190.597,269.065,28.508,15.431,2125.506,66.320
2018-01-19,162.710,229.696,24.506,16.771,2038.826,68.987
2018-01-20,191.964,270.902,28.901,17.843,2124.464,69.350
2018-01-21,203.572,287.356,30.288,18.430,2176.072,60.388
2018-01-22,208.672,294.510,30.398,17.449,1961.351,60.589
2018-01-23,237.040,334.492,30.180,21.229,2414.085,54.840
2018-01-24,256.232,361.535,34.005,22.867,2861.975,57.625
2018-01-25,209.967,295.881,35.853,18.617,2247.384,68.647
2018-01-26,167.956,236.263,24.832,17.304,1541.228,68.765
2018-01-27,210.233,296.049,28.320,19.591,1637.568,73.217
2018-01-28,215.422,303.524,36.535,20.104,1962.989,60.453
2018-01-29,235.805,331.795,36.397,20.903,2206.152,54.727
2018-01-30,241.676,339.933,34.541,22.066,2264.095,57.275
2018-01-31,224.943,316.436,39.583,21.301,2133.802,59.678
2018-02-01,252.446,355.353,28.945,24.502,2584.068,57.296
2018-02-02,340.717,479.128,36.359,24.856,3205.165,60.404
2018-02-03,297.019,417.122,35.447,23.020,2828.831,70.609
2018-02-04,203.567,285.599,28.505,19.043,1759.037,73.435
2018-02-05,228.152,319.784,31.699,18.578,1639.600,62.108
2018-02-06,198.923,279.276,32.458,19.060,1913.963,71.420
2018-02-07,191.154,269.094,32.628,19.349,1715.909,74.777
2018-02-08,174.869,246.282,21.861,19.713,1399.803,74.709
2018-02-09,167.000,235.167,23.467,20.169,1391.460,80.484
2018-02-10,193.096,272.175,32.813,22.332,1745.923,54.168
2018-02-11,188.308,265.610,35.962,20.530,1730.222,54.629
2018-02-12,146.755,207.044,25.623,16.911,1460.242,75.766
2018-02-13,137.001,193.357,18.794,15.369,1311.140,84.566
2018-02-14,144.108,203.422,28.925,19.218,1381.158,69.097
2018-02-15,164.908,232.643,33.416,20.165,1334.288,60.272
2018-02-16,144.877,204.470,24.845,16.411,1223.702,80.874
2018-02-17,195.816,276.426,36.821,21.764,1686.079,66.664
2018-02-18,244.811,344.838,25.918,25.281,2149.422,59.478
2018-02-19,247.457,348.167,33.012,24.647,2319.924,63.532
2018-02-20,230.776,324.488,31.993,23.498,2149.484,65.796
2018-02-21,237.460,333.839,33.756,23.817,2343.038,62.802
2018-02-22,223.565,314.498,26.136,24.002,2400.754,66.586
2018-02-23,192.032,269.931,37.412,19.228,1936.312,78.926
2018-02-24,164.743,231.187,29.365,20.017,1524.220,64.345
2018-02-25,153.109,214.519,30.910,17.560,1239.604,66.215
2018-02-26,144.842,202.937,23.004,17.501,1266.091,75.854
2018-02-27,142.897,200.784,30.091,17.197,1494.162,69.508
2018-02-28,158.405,223.076,29.372,20.459,1840.150,67.376
2018-03-01,197.609,278.331,31.598,21.716,2181.142,67.227
2018-03-02,182.412,257.027,33.876,17.985,1835.124,82.601
2018-03-03,95.819,134.031,16.705,13.357,682.186,85.097
2018-03-04,88.623,124.243,14.801,10.927,591.886,75.709
2018-03-05,110.756,155.973,13.577,10.121,712.231,91.184
2018-03-06,139.964,197.189,28.182,18.729,1206.810,76.605
2018-03-07,141.610,199.655,19.787,18.702,1384.412,57.747
2018-03-08,140.525,197.841,27.609,15.969,1501.604,84.666
2018-03-09,137.385,193.448,26.920,15.707,1379.474,97.199
2018-03-10,139.488,197.154,29.632,17.819,1293.526,77.101
2018-03-11,154.735,218.500,38.052,18.476,1570.930,74.738
2018-03-12,128.805,181.784,25.042,16.765,1217.618,72.116
2018-03-13,106.059,149.429,22.433,11.650,875.424,78.509
2018-03-14,115.357,162.267,21.544,10.556,954.508,73.585
2018-03-15,113.168,159.484,21.281,12.513,949.894,72.539
2018-03-16,114.294,161.074,15.194,12.959,771.883,103.943
2018-03-17,102.911,144.761,18.546,13.725,759.258,85.698
2018-03-18,146.553,206.193,22.265,17.035,1177.633,69.680
2018-03-19,140.574,198.228,30.114,16.482,1430.481,77.464
2018-03-20,172.232,242.672,31.182,19.104,1845.100,77.408
2018-03-21,186.594,262.566,31.390,19.540,2048.379,80.875
2018-03-22,156.436,220.228,40.873,17.513,1606.212,91.511
2018-03-23,109.908,154.350,22.049,13.214,862.808,75.093
2018-03-24,129.255,180.938,28.112,13.511,1035.500,60.820
2018-03-25,128.222,179.510,24.291,14.204,1140.717,82.171
2018-03-26,117.007,163.822,16.335,11.963,796.734,79.422
2018-03-27,107.753,150.583,14.108,9.526,734.020,91.327
2018-03-28,114.154,159.791,20.576,12.869,840.615,73.881
2018-03-29,88.916,124.211,17.777,10.495,598.856,65.105
2018-03-30,97.093,135.864,16.137,9.908,611.429,57.031
2018-03-31,93.601,131.467,21.213,12.134,784.941,62.258
2018-04-01,80.249,112.977,20.191,13.240,895.930,71.062
2018-04-02,129.942,182.508,34.970,13.676,1001.106,70.184
2018-04-03,120.409,168.771,22.316,14.815,1184.452,84.746
2018-04-04,120.946,169.529,17.449,14.062,1377.262,94.954
2018-04-05,112.178,156.880,17.695,11.289,926.825,79.185
2018-04-06,98.242,136.963,14.555,10.310,679.093,67.267
2018-04-07,103.144,144.475,22.021,13.728,912.376,57.696
2018-04-08,96.917,135.715,28.989,12.915,836.534,65.770
2018-04-09,97.928,137.435,21.056,14.286,836.846,71.479
2018-04-10,83.978,117.561,23.640,12.509,722.100,66.713
2018-04-11,112.554,157.611,23.849,15.904,864.522,57.678
2018-04-12,76.612,107.819,20.640,13.277,859.708,90.044
2018-04-13,80.417,112.959,20.725,12.625,708.312,76.163
2018-04-14,91.582,128.541,18.753,12.579,614.708,73.382
2018-04-15,86.413,121.340,21.891,14.061,794.481,78.722
2018-04-16,92.890,130.205,20.822,12.355,798.408,97.907
2018-04-17,65.751,91.913,16.376,9.925,632.709,82.587
2018-04-18,61.100,85.744,16.849,9.895,554.405,64.742
2018-04-19,53.165,74.443,13.439,6.972,374.929,56.053
2018-04-20,58.409,82.416,14.759,6.566,351.845,51.800
2018-04-21,47.372,67.491,10.300,6.169,263.824,47.132
2018-04-22,54.524,77.151,12.880,7.764,333.562,52.208
2018-04-23,89.563,126.281,18.941,12.288,616.115,51.487
2018-04-24,106.252,149.669,24.880,14.732,905.191,60.569
2018-04-25,75.961,106.727,18.338,10.101,722.397,76.592
2018-04-26,84.997,118.914,22.394,10.709,632.035,72.707
2018-04-27,84.713,117.847,22.307,10.519,619.120,58.801
2018-04-28,97.965,136.392,20.944,9.569,626.507,75.366
2018-04-29,64.101,88.534,15.520,7.499,399.533,44.082
2018-04-30,66.768,92.770,20.089,8.753,481.878,35.874
2018-05-01,75.498,105.500,23.793,10.033,588.926,46.430
2018-05-02,87.488,121.581,23.629,9.704,597.463,48.661
2018-05-03,82.011,114.319,22.513,9.830,556.642,55.061
2018-05-04,60.379,83.776,14.226,7.218,346.201,57.304
2018-05-05,53.241,73.770,13.612,6.449,338.045,63.304
2018-05-06,81.592,110.676,12.567,6.787,292.395,51.357
2018-05-07,67.661,92.791,9.327,5.175,207.769,45.151
2018-05-08,43.474,60.164,8.238,4.883,191.852,46.887
2018-05-09,45.504,63.474,10.534,6.036,242.776,48.891
2018-05-10,65.331,90.969,15.415,7.960,341.043,49.244
2018-05-11,69.417,96.299,14.227,6.572,342.884,60.113
2018-05-12,61.072,85.166,19.207,8.206,443.829,52.112
2018-05-13,50.674,70.405,10.878,5.522,322.407,64.469
2018-05-14,55.114,76.622,18.852,7.442,382.885,51.091
2018-05-15,90.949,125.936,16.290,7.789,453.822,78.611
2018-05-16,76.399,104.798,17.901,7.404,350.920,53.896
2018-05-17,63.927,87.488,14.381,6.070,338.996,65.746
2018-05-18,53.570,73.886,15.749,6.594,364.979,58.373
2018-05-19,50.541,69.925,16.053,6.422,354.933,56.251
2018-05-20,40.132,55.470,13.552,5.224,320.259,71.973
2018-05-21,55.276,75.990,17.070,6.452,351.590,52.197
2018-05-22,59.382,80.140,13.414,5.865,284.615,54.516
2018-05-23,50.459,69.181,14.042,6.504,270.547,50.633
2018-05-24,36.755,50.517,11.231,5.735,226.536,46.451
2018-05-25,42.628,59.925,10.532,5.494,189.032,41.876
2018-05-26,33.871,48.118,12.336,5.805,203.917,34.659
2018-05-27,29.594,41.594,13.306,6.489,232.209,42.155
2018-05-28,82.754,116.298,18.615,10.124,556.564,37.936
2018-05-29,61.700,85.987,22.949,8.123,475.957,71.228
2018-05-30,68.140,94.214,16.717,6.237,423.205,92.609
2018-05-31,45.055,62.113,14.630,5.955,284.786,50.033
2018-06-01,68.158,93.342,18.597,7.255,374.775,46.634
2018-06-02,64.014,87.326,20.079,7.784,381.525,49.358
2018-06-03,61.459,83.663,20.467,7.628,365.274,49.015
2018-06-04,64.017,87.689,21.090,8.253,445.677,50.580
2018-06-05,41.995,58.259,22.520,7.756,415.870,52.801
2018-06-06,49.783,69.467,26.639,8.321,436.055,56.141
2018-06-07,44.567,62.448,25.776,7.714,397.824,47.699
2018-06-08,45.291,62.342,17.880,6.603,302.233,47.315
2018-06-09,51.063,70.922,19.518,6.764,368.474,62.121
2018-06-10,51.189,71.445,18.388,7.272,399.108,51.215
2018-06-11,31.303,43.632,13.024,5.578,355.663,69.722
2018-06-12,42.635,59.040,16.326,6.731,444.440,65.833
2018-06-13,72.480,96.258,17.120,6.526,385.763,76.559
2018-06-14,87.683,122.354,14.086,6.715,332.299,70.949
2018-06-15,88.946,125.193,9.588,5.589,246.683,75.016
2018-06-16,77.605,107.292,8.716,4.968,228.800,72.709
2018-06-17,99.168,133.225,10.527,5.357,239.419,70.360
2018-06-18,89.215,118.570,12.071,5.946,259.562,69.959
2018-06-19,61.728,82.722,11.872,5.951,253.062,70.281
2018-06-20,69.444,94.147,19.068,7.428,316.526,57.168
2018-06-21,54.036,74.633,10.382,5.236,222.282,62.993
2018-06-22,35.472,48.308,9.162,4.908,192.899,54.955
2018-06-23,28.737,39.708,9.182,4.544,188.167,58.147
2018-06-24,37.774,51.766,14.897,5.944,275.655,56.631
2018-06-25,44.405,59.947,15.359,5.825,256.655,56.006
2018-06-26,30.419,41.368,10.959,5.103,245.211,68.171
2018-06-27,21.943,30.979,7.798,4.169,164.636,51.985
2018-06-28,26.422,36.975,9.577,4.974,169.220,46.611
2018-06-29,29.314,40.237,9.688,5.037,174.948,50.428
2018-06-30,51.514,70.489,8.612,4.740,167.741,57.130
2018-07-01,43.358,59.396,8.346,4.438,171.383,59.255
2018-07-02,34.004,47.062,8.095,4.204,158.137,56.869
2018-07-03,40.818,56.438,12.821,5.882,247.129,59.358
2018-07-04,39.341,54.703,12.950,6.247,242.110,56.608
2018-07-05,45.751,63.435,15.868,7.207,285.004,60.740
2018-07-06,39.070,54.066,14.583,6.328,250.788,51.314
2018-07-07,35.313,48.803,9.719,5.331,195.684,47.689
2018-07-08,28.345,40.056,9.623,4.853,168.958,53.108
2018-07-09,24.933,35.470,9.499,4.670,166.541,49.046
2018-07-10,27.350,38.769,9.389,4.719,165.650,50.808
2018-07-11,30.881,43.619,8.969,4.779,172.488,54.200
2018-07-12,23.912,33.567,10.019,4.987,179.345,53.736
2018-07-13,33.078,45.823,16.614,6.558,214.692,39.127
2018-07-14,36.202,50.531,16.328,6.978,255.789,38.959
2018-07-15,22.740,32.602,7.732,4.221,159.542,49.982
2018-07-16,22.982,35.271,5.853,3.478,133.376,52.386
2018-07-17,27.495,39.670,10.571,5.350,161.377,46.971
2018-07-18,37.794,53.025,18.225,7.419,229.524,37.267
2018-07-19,38.590,54.107,14.999,8.155,360.670,49.462
2018-07-20,34.284,47.999,11.071,4.402,207.175,58.409
2018-07-21,27.333,40.292,5.800,3.428,149.617,53.909
2018-07-22,27.475,39.938,7.368,3.991,159.924,51.871
2018-07-23,31.355,44.015,9.803,4.605,175.329,49.121
2018-07-24,36.255,50.112,13.773,5.648,209.820,45.038
2018-07-25,46.106,62.493,14.807,6.023,218.117,38.913
2018-07-26,37.812,52.236,13.096,5.602,214.081,51.526
2018-07-27,38.630,52.114,14.467,5.835,238.927,43.085
2018-07-28,47.511,63.597,13.036,5.643,229.874,53.136
2018-07-29,51.504,68.235,11.557,5.582,208.758,59.260
2018-07-30,48.172,63.569,12.188,5.414,207.763,50.521
2018-07-31,41.037,54.132,11.919,5.347,214.797,50.307
2018-08-01,40.427,54.157,11.077,5.017,229.431,54.867
2018-08-02,81.585,108.406,13.046,6.190,246.402,53.483
2018-08-03,57.291,76.847,11.643,5.404,211.057,52.835
2018-08-04,77.625,101.128,18.598,6.904,286.787,47.578
2018-08-05,89.011,116.331,21.412,9.369,483.276,42.782
2018-08-06,61.155,80.707,19.559,7.421,390.543,47.787
2018-08-07,37.142,49.869,14.089,6.070,231.302,47.882
2018-08-08,36.064,48.743,14.656,6.296,226.431,44.274
2018-08-09,37.726,51.216,16.607,6.691,240.889,40.978
2018-08-10,55.470,74.968,16.302,6.590,243.838,40.862
2018-08-11,45.551,61.508,16.273,6.302,240.052,38.610
2018-08-12,43.637,59.937,17.454,6.884,257.189,39.205
2018-08-13,36.434,50.966,19.113,6.912,282.533,31.711
2018-08-14,42.097,59.475,18.962,8.290,388.917,36.537
2018-08-15,23.480,33.910,11.079,5.138,210.245,45.180
2018-08-16,25.642,36.791,12.799,5.777,202.557,38.130
2018-08-17,39.031,55.200,17.931,7.995,328.376,34.864
2018-08-18,45.528,63.781,19.898,7.982,388.032,51.423
2018-08-19,42.508,59.450,20.005,7.932,372.245,47.978
2018-08-20,27.575,39.105,13.804,5.642,270.154,43.790
2018-08-21,25.121,35.829,11.637,5.212,224.070,51.431
2018-08-22,21.837,31.212,10.062,5.017,214.141,54.046
2018-08-23,25.662,35.952,12.200,5.610,259.354,55.483
2018-08-24,38.162,52.936,15.092,6.236,263.615,39.165
2018-08-25,40.483,56.535,16.056,6.776,275.763,41.164
2018-08-26,28.269,39.854,13.885,6.042,250.901,41.792
2018-08-27,28.294,39.825,11.488,5.457,231.709,44.027
2018-08-28,37.689,53.130,9.768,5.128,209.713,47.386
2018-08-29,33.269,47.339,9.765,5.027,205.272,50.501
2018-08-30,35.281,49.719,12.067,5.743,238.695,51.610
2018-08-31,52.494,72.800,17.689,7.688,359.273,49.428
2018-09-01,37.373,51.756,11.085,5.490,333.368,54.613
2018-09-02,37.919,52.331,10.579,4.917,231.204,47.817
2018-09-03,42.482,58.645,16.544,7.307,340.791,52.108
2018-09-04,63.533,87.294,20.715,7.865,403.871,53.123
2018-09-05,42.503,59.234,17.125,7.261,390.736,45.044
2018-09-06,36.003,50.626,6.847,4.148,205.425,58.060
2018-09-07,46.880,64.886,10.695,5.724,244.405,53.193
2018-09-08,55.922,76.533,16.469,7.840,330.676,45.161
2018-09-09,58.835,79.196,15.663,6.897,314.322,45.050
2018-09-10,54.648,71.625,12.820,6.391,278.070,48.086
2018-09-11,52.322,69.747,14.285,6.873,298.661,46.970
2018-09-12,70.457,93.527,11.876,6.234,322.441,61.004
2018-09-13,69.773,93.820,15.016,7.408,353.598,61.228
2018-09-14,79.111,108.784,22.182,10.069,540.450,46.337
2018-09-15,84.150,117.391,24.051,11.096,800.831,60.944
2018-09-16,74.738,103.969,21.438,9.711,738.964,73.050
2018-09-17,96.298,132.337,22.719,10.202,744.261,73.967
2018-09-18,89.172,122.596,23.265,10.449,798.035,79.831
2018-09-19,55.665,77.454,17.805,8.004,667.241,78.465
2018-09-20,46.507,65.470,18.882,8.347,486.702,39.952
2018-09-21,42.563,60.258,15.514,8.063,374.295,37.910
2018-09-22,83.128,116.858,21.021,11.702,639.823,38.451
2018-09-23,95.358,133.697,22.832,11.936,686.476,46.690
2018-09-24,57.592,81.021,17.627,9.626,490.273,52.648
2018-09-25,56.937,79.930,16.199,9.713,444.730,63.611
2018-09-26,85.921,120.429,21.010,10.440,506.530,65.714
2018-09-27,78.625,110.410,25.038,11.164,612.039,64.994
2018-09-28,121.223,169.683,24.609,13.010,802.005,56.989
2018-09-29,121.220,169.544,23.592,12.798,926.894,72.698
2018-09-30,128.185,179.842,26.201,14.279,996.990,72.448
2018-10-01,110.092,154.750,27.233,13.726,966.391,75.374
2018-10-02,91.060,128.141,28.034,13.715,889.069,78.060
2018-10-03,135.639,190.225,29.687,14.810,1023.071,63.974
2018-10-04,138.055,193.579,31.917,14.787,1126.600,72.030
2018-10-05,137.163,192.910,29.329,14.752,1280.065,82.148
2018-10-06,141.635,199.419,29.552,16.696,1439.374,75.593
2018-10-07,128.711,181.004,26.654,15.482,1365.944,80.992
2018-10-08,122.516,171.789,19.862,13.708,1080.774,87.726
2018-10-09,78.439,110.012,21.502,11.791,798.018,64.763
2018-10-10,54.485,76.630,14.362,7.924,463.790,47.173
2018-10-11,45.537,64.262,13.010,7.216,437.300,31.119
2018-10-12,56.841,80.339,17.084,9.513,501.378,32.989
2018-10-13,43.489,61.558,15.111,7.287,400.177,42.566
2018-10-14,86.628,122.090,25.564,13.307,773.295,45.083
2018-10-15,140.905,198.731,29.456,18.813,1340.639,66.449
2018-10-16,168.767,237.662,32.604,19.474,1784.790,66.241
2018-10-17,159.401,224.246,30.063,19.134,1693.786,68.456
2018-10-18,149.494,210.322,33.358,17.903,1422.261,72.247
2018-10-19,158.520,222.770,31.550,18.380,1356.060,69.951
2018-10-20,180.384,253.699,21.631,21.316,1837.222,63.301
2018-10-21,165.703,232.806,28.861,19.470,1594.446,64.883
2018-10-22,182.602,256.930,20.995,21.349,1977.842,61.769
2018-10-23,192.451,270.850,34.815,21.465,2141.724,63.749
2018-10-24,160.540,226.113,30.165,21.425,1946.403,65.565
2018-10-25,153.371,216.116,34.079,21.070,1638.327,64.371
2018-10-26,155.941,219.944,31.911,20.996,1652.964,69.043
2018-10-27,159.466,224.901,28.010,21.253,1658.273,61.672
2018-10-28,129.544,182.601,25.430,16.235,1186.012,46.703
2018-10-29,83.863,118.396,27.994,14.507,790.575,40.535
2018-10-30,102.402,144.602,24.528,17.812,1002.279,37.332
2018-10-31,85.036,120.169,25.877,15.433,861.391,43.969
2018-11-01,119.679,169.032,24.644,19.690,1140.470,44.905
2018-11-02,123.057,173.848,25.897,20.588,1206.481,69.593
2018-11-03,114.925,162.350,26.345,18.272,1000.726,67.111
2018-11-04,107.652,152.175,22.893,16.524,843.205,73.072
2018-11-05,113.014,159.732,22.543,17.967,925.413,66.103
2018-11-06,172.445,243.172,30.681,23.436,1264.067,52.825
2018-11-07,170.309,239.878,24.493,23.562,1556.778,62.553
2018-11-08,200.611,281.812,17.848,28.763,1855.406,52.256
2018-11-09,198.221,278.620,25.535,28.720,2092.395,52.681
2018-11-10,191.686,269.874,28.008,29.667,2083.691,60.488
2018-11-11,212.685,299.810,41.768,31.733,2390.057,62.691
2018-11-12,196.974,277.879,25.263,31.240,2359.762,62.546
2018-11-13,187.830,265.196,42.596,29.696,2136.212,66.516
2018-11-14,240.011,338.551,33.820,36.363,2648.309,65.378
2018-11-15,212.327,298.959,34.609,26.545,2022.020,98.068
2018-11-16,174.594,245.627,24.974,25.795,1598.472,84.003
2018-11-17,157.638,221.621,24.950,27.170,1542.194,77.600
2018-11-18,208.425,293.254,38.309,31.306,1914.531,55.744
2018-11-19,198.971,280.207,44.630,32.131,2028.928,58.597
2018-11-20,248.252,349.561,44.824,35.004,2564.143,59.400
2018-11-21,195.230,275.128,33.084,29.061,2227.448,66.625
2018-11-22,209.678,295.597,35.456,30.547,2108.324,53.353
2018-11-23,212.339,299.502,30.475,31.730,2257.332,51.679
2018-11-24,205.479,290.046,34.869,30.191,2304.045,54.494
2018-11-25,188.778,266.386,27.526,29.425,2057.455,49.134
2018-11-26,175.014,247.094,28.687,28.083,1883.025,44.544
2018-11-27,179.333,252.744,37.515,26.883,1914.363,42.635
2018-11-28,157.923,222.882,30.120,26.002,1558.781,46.666
2018-11-29,179.112,252.885,38.685,27.100,1818.692,49.908
2018-11-30,178.040,251.421,31.039,26.154,1724.035,52.777
2018-12-01,220.902,311.914,27.535,29.180,2046.849,47.212
2018-12-02,198.717,280.518,30.157,27.831,2041.212,48.839
2018-12-03,198.851,280.768,36.990,27.971,2144.184,50.752
2018-12-04,192.041,271.143,38.987,26.911,1962.277,47.983
2018-12-05,183.045,258.447,35.579,26.195,1909.198,51.803
2018-12-06,220.359,311.117,31.945,27.847,2239.292,46.082
2018-12-07,208.097,293.795,30.546,27.011,2293.632,53.926
2018-12-08,195.026,275.315,42.300,24.464,1982.496,51.475
2018-12-09,203.041,286.689,31.765,28.475,2135.359,49.311
2018-12-10,204.898,289.375,29.233,28.061,2326.849,49.073
2018-12-11,213.708,301.865,30.051,27.841,2322.218,51.420
2018-12-12,210.541,297.345,38.336,28.798,2516.358,55.147
2018-12-13,200.559,283.272,48.492,26.122,2326.442,67.053
2018-12-14,170.637,241.009,38.756,20.942,1668.194,67.931
2018-12-15,187.036,264.071,31.996,24.129,1600.435,46.231
2018-12-16,175.494,247.865,28.529,21.038,1633.259,47.817
2018-12-17,172.662,243.982,29.008,18.764,1552.114,29.546
2018-12-18,95.862,135.550,17.807,12.312,832.863,42.214
2018-12-19,89.552,126.476,20.674,14.956,918.744,49.609
2018-12-20,117.020,165.239,28.302,16.134,1097.032,51.978
2018-12-21,157.565,222.499,31.525,20.206,1496.771,45.152
2018-12-22,165.415,233.612,35.554,19.090,1437.197,50.583
2018-12-23,195.260,275.705,37.246,23.297,1777.426,44.218
2018-12-24,181.195,255.899,42.040,21.009,1856.238,55.416
2018-12-25,207.122,292.498,26.461,19.975,1881.808,73.320
2018-12-26,223.102,314.920,28.397,20.798,1909.376,69.717
2018-12-27,224.788,317.203,34.716,21.854,2059.796,54.911
2018-12-28,178.784,252.037,25.179,19.270,1590.697,70.216
2018-12-29,170.133,239.851,25.813,17.360,1508.936,69.561
2018-12-30,140.389,198.084,27.329,16.780,1373.460,56.864
2018-12-31,166.515,235.120,34.648,20.267,1609.094,47.097
2019-01-01,177.102,250.166,36.076,24.423,1699.685,50.621
2019-01-02,210.275,297.020,35.820,28.436,1984.566,47.456
2019-01-03,200.052,282.598,30.685,24.244,2001.403,67.235
2019-01-04,246.428,347.749,43.857,26.265,2326.000,62.922
2019-01-05,180.124,254.277,40.369,25.148,1848.070,53.482
2019-01-06,192.591,271.912,40.758,26.286,1945.110,47.844
2019-01-07,207.861,293.504,56.435,25.059,2082.221,55.803
2019-01-08,189.637,267.879,32.765,25.059,1740.567,63.453
2019-01-09,222.216,313.783,38.514,24.187,1778.918,69.277
2019-01-10,223.261,315.218,33.658,27.108,2125.443,53.761
2019-01-11,246.272,347.616,40.909,27.372,2365.843,50.522
2019-01-12,222.375,313.975,33.751,26.675,2293.283,53.313
2019-01-13,197.226,278.498,37.615,23.950,1890.776,52.998
2019-01-14,226.221,319.310,42.586,24.290,2052.177,62.202
2019-01-15,216.786,305.446,29.963,23.848,2068.001,70.099
2019-01-16,192.696,271.264,33.153,21.006,1727.129,61.017
2019-01-17,234.417,330.130,30.908,26.480,2083.187,50.485
2019-01-18,294.089,414.504,40.264,30.256,2863.509,53.070
2019-01-19,259.160,365.439,38.229,26.633,2632.876,60.475
2019-01-20,266.464,375.899,31.701,27.875,2412.951,52.852
2019-01-21,240.550,339.493,43.985,28.542,2520.360,48.479
2019-01-22,235.166,332.052,39.395,28.296,2578.799,53.260
2019-01-23,217.167,306.664,48.226,26.035,2331.737,58.633
2019-01-24,205.380,289.984,42.463,23.264,2139.948,61.645
2019-01-25,185.493,261.799,36.137,22.173,1591.264,57.609
2019-01-26,170.488,240.597,25.863,19.167,1468.826,68.245
2019-01-27,172.070,242.687,26.819,19.741,1288.409,54.319
2019-01-28,146.271,206.374,21.541,17.860,1075.127,62.428
2019-01-29,111.148,156.677,15.000,15.931,865.025,75.927
2019-01-30,164.953,232.566,29.605,23.091,1364.952,65.437
2019-01-31,193.464,272.852,30.064,24.639,1685.799,49.092
2019-02-01,183.601,259.203,42.169,24.503,1724.405,52.041
2019-02-02,192.371,271.663,38.117,25.172,1806.142,66.230
2019-02-03,205.493,290.186,48.508,25.576,1958.346,62.780
2019-02-04,171.868,242.559,33.345,21.684,1624.042,70.724
2019-02-05,178.169,251.281,34.298,22.195,1465.924,66.528
2019-02-06,212.271,299.534,35.595,26.718,1935.434,60.321
2019-02-07,226.632,319.877,45.282,25.983,2164.429,63.387
2019-02-08,171.168,241.645,23.532,15.756,1609.134,94.050
2019-02-09,90.320,127.503,10.718,10.222,656.937,90.706
2019-02-10,94.398,133.164,19.849,14.587,822.129,69.547
2019-02-11,128.791,181.675,29.836,18.024,1021.145,65.168
2019-02-12,128.905,181.914,29.081,18.639,1058.084,71.291
2019-02-13,155.127,218.947,30.416,21.588,1262.739,59.326
2019-02-14,165.753,234.073,33.598,22.960,1469.733,62.845
2019-02-15,178.922,252.720,29.228,20.967,1569.739,79.664
2019-02-16,153.493,216.592,26.551,22.928,1342.940,48.079
2019-02-17,184.880,260.763,27.489,21.746,1272.929,73.307
2019-02-18,179.698,253.316,34.893,24.904,1570.584,57.922
2019-02-19,167.080,235.618,41.313,20.282,1370.181,70.041
2019-02-20,188.500,265.716,25.445,22.520,1443.787,67.814
2019-02-21,177.040,249.443,30.452,22.550,1760.720,67.239
2019-02-22,178.556,251.273,31.047,21.247,1594.022,71.525
2019-02-23,126.339,177.328,24.986,16.934,943.480,80.567
2019-02-24,138.634,195.255,26.851,24.193,1255.896,65.287
2019-02-25,103.430,145.730,25.917,15.426,1112.460,71.885
2019-02-26,66.543,93.619,18.474,12.211,769.997,72.884
2019-02-27,67.441,94.439,21.187,8.796,597.406,65.321
2019-02-28,127.587,178.543,24.773,17.706,979.496,49.947
2019-03-01,120.489,169.083,31.005,18.428,1030.715,63.021
2019-03-02,99.176,139.568,27.243,15.603,925.055,71.766
2019-03-03,137.644,193.996,34.505,19.672,1220.014,66.366
2019-03-04,113.442,160.012,18.521,15.447,1166.481,92.175
2019-03-05,87.778,122.932,12.825,8.507,643.804,83.068
2019-03-06,150.847,211.050,27.616,16.975,1004.648,60.810
2019-03-07,201.151,282.064,31.209,21.648,1505.204,59.102
2019-03-08,133.726,188.617,30.865,19.203,1141.415,75.092
2019-03-09,137.737,194.448,32.049,18.902,1243.800,86.393
2019-03-10,102.415,143.137,20.305,11.122,885.872,84.794
2019-03-11,123.999,174.065,25.002,12.876,879.768,50.669
2019-03-12,106.644,149.734,21.862,11.496,736.062,88.156
2019-03-13,120.491,168.765,18.628,13.001,727.623,77.908
2019-03-14,131.439,184.357,23.251,12.786,933.444,88.314
2019-03-15,117.782,165.174,22.118,17.779,1023.211,98.823
2019-03-16,92.760,130.331,19.888,17.396,906.490,108.028
2019-03-17,108.259,151.820,21.438,17.278,1017.044,82.752
2019-03-18,118.957,167.109,24.604,20.050,1081.623,76.734
2019-03-19,124.604,174.656,25.105,15.467,986.140,94.778
2019-03-20,84.976,118.566,16.110,11.750,707.265,95.509
2019-03-21,71.766,100.478,16.231,11.150,555.605,84.114
2019-03-22,79.990,112.169,16.418,11.118,542.791,86.141
2019-03-23,79.632,112.102,17.988,12.619,694.475,87.688
2019-03-24,108.431,153.124,25.898,17.762,976.980,83.643
2019-03-25,134.538,189.834,39.491,20.107,1315.619,86.218
2019-03-26,140.284,196.971,30.929,17.821,1192.119,100.998
2019-03-27,105.790,147.217,28.757,14.297,937.556,77.018
2019-03-28,171.297,239.858,27.657,20.805,1728.456,81.713
2019-03-29,170.805,239.871,28.398,19.546,1592.512,79.113
2019-03-30,134.910,187.160,28.222,15.469,1066.615,81.838
2019-03-31,88.296,121.922,15.272,8.830,665.659,75.852
2019-04-01,78.872,110.233,19.514,12.099,814.223,63.576
2019-04-02,64.731,90.819,14.401,7.453,540.889,76.823
2019-04-03,59.579,83.580,13.643,8.469,475.168,75.942
2019-04-04,93.760,129.957,16.426,9.775,541.025,54.168
2019-04-05,118.222,163.060,19.514,10.100,604.864,55.524
2019-04-06,78.727,109.942,22.456,12.422,664.444,53.258
2019-04-07,76.174,107.031,23.871,10.306,724.023,67.522
2019-04-08,73.536,103.315,19.331,10.384,656.071,72.473
2019-04-09,58.590,82.235,15.238,7.773,433.294,67.124
2019-04-10,70.599,99.282,23.577,12.479,633.836,51.931
2019-04-11,129.560,181.664,24.447,14.673,882.493,58.064
2019-04-12,91.264,127.637,20.722,11.521,645.015,62.407
2019-04-13,120.773,169.309,28.878,14.999,947.259,67.158
2019-04-14,89.443,125.594,25.505,14.186,871.162,68.872
2019-04-15,88.897,124.296,27.381,12.290,820.192,69.348
2019-04-16,72.713,101.490,14.833,9.454,430.112,61.577
2019-04-17,93.975,131.271,16.364,12.120,727.770,104.115
2019-04-18,116.386,162.968,21.216,16.882,1010.780,89.278
2019-04-19,96.251,135.090,22.746,14.829,885.231,112.650
2019-04-20,133.955,188.194,33.003,16.866,1082.742,84.224
2019-04-21,105.468,147.905,24.166,13.059,913.261,106.144
2019-04-22,72.863,102.299,21.819,11.274,678.306,89.431
2019-04-23,99.777,140.654,32.585,15.355,1108.733,78.689
2019-04-24,115.543,163.023,25.216,14.252,1153.117,98.830
2019-04-25,125.555,176.988,21.665,15.002,1097.329,75.318
2019-04-26,76.422,107.156,28.371,12.750,681.598,67.455
2019-04-27,77.492,108.224,15.678,7.991,448.073,59.647
2019-04-28,64.631,89.737,11.024,6.302,294.586,55.432
2019-04-29,47.956,67.947,7.153,4.478,232.155,56.659
2019-04-30,42.632,61.130,7.009,4.288,210.930,50.359
2019-05-01,36.390,52.261,10.139,5.682,222.367,47.730
2019-05-02,37.816,53.749,14.323,7.599,294.892,47.659
2019-05-03,35.311,50.009,10.542,5.088,281.322,58.430
2019-05-04,46.938,66.596,9.895,5.936,329.577,66.274
2019-05-05,62.284,86.593,11.491,7.375,417.495,89.642
2019-05-06,90.481,116.789,10.951,6.282,367.899,84.320
2019-05-07,97.770,125.471,9.140,5.371,348.104,90.957
2019-05-08,67.861,87.964,8.190,5.050,309.840,87.553
2019-05-09,65.730,85.578,7.446,4.385,283.774,91.675
2019-05-10,79.810,103.761,8.028,4.597,297.906,88.654
2019-05-11,69.501,92.039,7.750,4.571,287.890,86.918
2019-05-12,77.693,104.251,11.085,6.176,327.125,80.635
2019-05-13,79.049,105.405,12.987,6.509,361.762,81.491
2019-05-14,68.629,92.950,17.876,7.472,441.063,77.024
2019-05-15,96.516,129.946,20.881,8.399,486.060,67.259
2019-05-16,84.204,111.437,13.799,6.472,341.720,64.518
2019-05-17,62.979,84.219,10.979,5.431,280.591,76.913
2019-05-18,63.403,85.048,9.291,5.125,275.578,79.792
2019-05-19,93.996,126.411,18.492,7.466,410.319,61.306
2019-05-20,104.330,142.614,21.898,9.588,624.559,60.243
2019-05-21,107.417,144.186,22.465,8.037,539.521,75.090
2019-05-22,69.524,92.583,18.566,6.239,356.584,65.544
2019-05-23,63.731,85.700,15.322,6.259,327.229,63.326
2019-05-24,48.645,66.833,13.218,4.922,279.922,55.166
2019-05-25,42.930,58.901,12.851,5.244,266.662,50.854
2019-05-26,57.394,77.630,11.481,5.598,276.162,61.473
2019-05-27,57.418,77.172,14.660,6.085,306.634,55.141
2019-05-28,69.184,93.360,16.730,6.694,364.766,62.153
2019-05-29,69.483,94.619,20.170,7.364,433.364,59.260
2019-05-30,74.675,101.518,16.151,6.403,350.622,62.273
2019-05-31,62.537,84.925,21.481,6.475,363.681,62.237
2019-06-01,55.832,75.239,14.774,5.811,327.105,56.664
2019-06-02,49.114,66.673,17.276,5.341,326.224,52.349
2019-06-03,45.155,61.061,11.521,4.805,297.935,70.795
2019-06-04,54.628,73.166,12.669,5.155,313.573,68.692
2019-06-05,48.706,65.694,12.840,4.678,267.860,55.293
2019-06-06,46.199,63.233,15.635,5.856,317.748,51.389
2019-06-07,50.730,69.661,13.807,4.941,286.568,57.326
2019-06-08,28.640,39.829,12.584,5.184,268.649,55.781
2019-06-09,36.598,50.226,11.290,4.592,264.967,64.017
2019-06-10,59.214,80.864,15.449,5.955,338.847,63.256
2019-06-11,65.688,90.393,22.146,6.904,423.078,59.358
2019-06-12,72.840,100.608,19.899,7.697,544.993,50.209
2019-06-13,73.529,100.849,14.996,5.897,412.236,75.313
2019-06-14,58.233,80.181,13.699,5.942,366.466,68.222
2019-06-15,50.498,70.695,11.406,4.744,260.050,71.087
2019-06-16,47.601,67.540,8.514,4.154,221.542,75.974
2019-06-17,65.961,90.828,11.297,4.958,249.325,67.155
2019-06-18,92.624,126.452,22.153,7.361,526.556,61.110
2019-06-19,97.410,130.901,12.852,5.801,440.592,81.003
2019-06-20,49.894,67.033,12.785,5.432,318.047,64.676
2019-06-21,44.753,61.219,12.219,4.869,276.471,50.307
2019-06-22,37.336,51.076,14.757,5.726,261.776,45.238
2019-06-23,36.096,50.090,16.235,5.701,250.387,44.880
2019-06-24,34.162,47.580,11.595,4.894,212.556,53.027
2019-06-25,27.935,39.066,8.992,4.590,188.368,54.274
2019-06-26,24.038,34.320,8.426,4.044,157.859,41.568
2019-06-27,24.634,34.192,9.309,4.123,161.748,41.154
2019-06-28,39.993,54.059,10.226,4.576,199.730,48.779
2019-06-29,69.533,93.603,17.592,6.512,345.777,54.250
2019-06-30,52.979,72.714,16.244,5.824,371.970,49.420
2019-07-01,23.434,33.474,6.316,3.209,184.039,58.847
2019-07-02,24.440,35.092,6.125,3.171,160.520,59.279
2019-07-03,39.968,55.514,8.672,4.064,186.148,58.790
2019-07-04,34.795,47.604,10.330,4.382,231.020,64.078
2019-07-05,18.190,25.580,7.390,3.538,192.568,62.419
2019-07-06,20.898,30.584,6.524,3.143,174.028,58.742
2019-07-07,26.578,37.489,9.833,4.194,213.977,55.230
2019-07-08,38.854,55.419,9.846,4.325,190.113,50.456
2019-07-09,31.789,45.639,8.134,3.770,169.661,53.976
2019-07-10,35.349,50.450,8.608,3.964,172.077,54.737
2019-07-11,39.431,55.253,8.875,3.988,168.687,51.478
2019-07-12,31.101,44.469,7.493,3.665,151.179,50.921
2019-07-13,38.896,55.043,8.801,4.427,189.599,58.272
2019-07-14,51.343,71.343,9.354,4.760,211.375,64.855
2019-07-15,39.912,56.164,7.994,4.021,177.552,66.953
2019-07-16,65.754,91.795,12.845,5.358,221.047,58.635
2019-07-17,78.034,105.531,19.766,6.780,339.569,45.574
2019-07-18,62.038,83.676,19.698,6.264,330.401,53.398
2019-07-19,35.999,49.150,13.415,5.335,214.342,38.299
2019-07-20,31.147,42.066,11.479,4.670,188.929,44.272
2019-07-21,34.895,46.964,11.125,4.886,203.192,45.201
2019-07-22,24.046,32.832,9.455,4.186,167.703,35.207
2019-07-23,24.684,34.135,9.694,4.232,152.237,33.386
2019-07-24,21.723,30.471,11.049,4.416,163.266,35.239
2019-07-25,25.619,35.851,13.088,4.915,191.809,38.488
2019-07-26,20.281,28.788,8.828,3.746,180.441,43.363
2019-07-27,17.393,25.226,5.962,2.905,148.351,49.571
2019-07-28,26.760,38.149,6.377,3.147,146.005,46.436
2019-07-29,27.202,38.460,8.276,3.673,168.792,47.175
2019-07-30,32.971,46.748,8.681,3.806,177.975,51.085
2019-07-31,30.277,42.168,10.694,4.348,194.652,46.792
2019-08-01,30.366,42.324,12.778,4.868,221.807,44.735
2019-08-02,29.157,40.959,11.513,4.603,210.467,44.083
2019-08-03,27.302,38.843,13.189,4.872,222.808,40.444
2019-08-04,32.104,45.629,16.806,5.449,268.683,42.358
2019-08-05,50.789,71.818,21.765,6.569,397.436,41.625
2019-08-06,32.352,45.696,10.591,4.208,249.019,51.028
2019-08-07,16.006,24.936,4.755,2.503,147.075,52.859
2019-08-08,26.658,40.352,7.901,3.509,165.800,45.175
2019-08-09,32.462,46.566,11.635,4.848,210.927,49.116
2019-08-10,57.873,80.615,21.189,7.259,377.553,41.843
2019-08-11,68.532,94.691,16.741,6.500,387.450,56.741
2019-08-12,41.579,57.170,12.500,5.134,281.584,43.092
2019-08-13,38.327,53.501,8.205,3.398,189.781,48.818
2019-08-14,50.960,71.187,9.744,4.141,196.909,49.899
2019-08-15,60.894,82.830,12.869,4.855,227.114,40.564
2019-08-16,50.734,69.659,13.901,4.600,242.069,49.455
2019-08-17,42.055,58.063,10.990,4.513,227.434,49.816
2019-08-18,29.976,41.541,10.398,4.487,202.438,42.008
2019-08-19,51.695,70.540,14.465,5.721,255.747,33.120
2019-08-20,49.204,67.082,16.437,6.216,288.983,37.776
2019-08-21,57.659,78.874,21.579,7.613,398.002,39.794
2019-08-22,54.941,74.717,12.071,5.171,327.473,56.904
2019-08-23,38.046,52.506,17.125,6.266,305.119,32.141
2019-08-24,42.373,58.390,14.292,5.369,296.990,44.463
2019-08-25,49.509,68.140,13.955,5.553,279.249,49.944
2019-08-26,34.919,48.484,12.934,5.631,283.302,55.090
2019-08-27,39.711,55.144,15.359,6.156,301.365,48.869
2019-08-28,40.743,56.981,20.356,6.503,332.224,38.964
2019-08-29,53.776,75.020,19.257,7.657,384.828,41.826
2019-08-30,53.954,75.541,22.158,8.241,442.079,39.395
2019-08-31,63.043,88.005,25.019,8.490,494.060,39.741
2019-09-01,73.436,102.399,15.390,7.158,504.479,65.687
2019-09-02,39.745,55.709,19.145,7.453,384.218,35.854
2019-09-03,34.037,48.092,16.708,6.470,342.736,39.274
2019-09-04,34.040,48.589,11.901,5.464,260.112,46.118
2019-09-05,29.694,42.704,11.377,5.417,234.651,43.523
2019-09-06,22.768,32.948,8.450,4.473,204.057,47.434
2019-09-07,23.848,34.951,7.874,4.336,194.669,46.848
2019-09-08,30.257,44.202,9.497,4.630,208.163,48.046
2019-09-09,30.957,44.428,12.275,5.468,235.546,48.669
2019-09-10,37.566,53.394,14.195,6.391,284.908,48.978
2019-09-11,28.646,41.122,8.961,4.315,224.123,51.190
2019-09-12,29.117,41.835,8.975,4.298,204.450,47.153
2019-09-13,35.758,50.533,11.281,5.541,228.525,40.027
2019-09-14,50.601,71.046,16.283,7.144,294.811,37.331
2019-09-15,51.012,71.446,19.379,8.315,391.478,45.255
2019-09-16,61.276,85.948,21.719,8.869,462.779,32.834
2019-09-17,73.999,104.115,18.358,10.567,634.932,30.801
2019-09-18,83.423,117.572,21.283,11.030,740.930,49.114
2019-09-19,81.127,114.459,24.436,10.353,629.536,61.897
2019-09-20,79.327,112.072,25.635,12.205,747.964,54.602
2019-09-21,79.809,112.780,21.634,10.987,835.204,68.148
2019-09-22,63.546,89.789,24.014,10.132,658.587,58.181
2019-09-23,58.293,82.366,24.231,8.679,581.658,55.656
2019-09-24,50.432,71.177,16.939,7.509,507.819,45.067
2019-09-25,50.102,70.690,19.709,8.423,586.624,42.436
2019-09-26,70.420,99.395,20.883,9.685,671.436,59.137
2019-09-27,88.437,124.925,21.068,10.618,684.844,53.920
2019-09-28,91.115,128.671,24.705,12.867,865.366,35.687
2019-09-29,82.858,116.988,23.924,11.780,825.031,31.616
2019-09-30,46.687,65.914,19.433,8.050,500.811,46.497
2019-10-01,43.774,61.770,14.188,7.265,472.560,56.437
2019-10-02,74.029,104.504,21.637,11.134,735.604,62.701
2019-10-03,85.606,120.824,26.180,12.933,854.566,61.611
2019-10-04,99.624,140.608,24.685,13.496,911.092,57.437
2019-10-05,107.183,151.285,28.436,14.974,989.287,50.923
2019-10-06,96.002,135.512,19.761,11.556,873.413,67.640
2019-10-07,111.447,157.327,21.704,15.792,1070.868,48.221
2019-10-08,106.294,150.109,22.143,15.158,1095.162,46.364
2019-10-09,94.451,133.443,24.896,13.819,1010.547,55.391
2019-10-10,59.355,83.846,18.615,9.837,541.216,36.827
2019-10-11,74.665,105.485,25.017,13.968,680.929,40.292
2019-10-12,121.485,171.559,24.775,17.706,1189.521,49.704
2019-10-13,97.431,137.658,24.030,15.231,1201.246,82.454
2019-10-14,100.448,141.859,30.670,16.338,1132.164,72.685
2019-10-15,118.044,166.759,30.171,17.038,1303.862,74.580
2019-10-16,111.437,157.408,40.396,18.281,1220.311,82.014
2019-10-17,109.709,155.022,29.368,17.728,1251.903,75.872
2019-10-18,115.409,163.043,23.665,17.430,1375.287,74.356
2019-10-19,93.361,131.895,20.277,14.267,1044.525,87.177
2019-10-20,107.940,152.404,17.685,13.984,952.697,93.626
2019-10-21,117.789,166.344,22.995,16.432,1022.018,86.130
2019-10-22,166.847,235.513,31.799,19.343,1224.037,66.403
2019-10-23,116.611,164.381,14.228,15.412,1086.750,88.262
2019-10-24,86.630,121.803,17.819,11.230,675.432,51.378
2019-10-25,70.043,98.890,15.888,10.301,647.760,48.060
2019-10-26,87.838,124.137,24.511,15.860,796.253,32.506
2019-10-27,89.087,125.829,25.185,15.961,862.126,55.238
2019-10-28,91.174,128.765,26.452,17.155,878.907,58.500
2019-10-29,124.206,175.464,28.089,21.751,1208.474,56.489
2019-10-30,144.915,204.708,34.993,24.375,1538.890,58.327
2019-10-31,140.241,198.063,38.213,23.265,1502.625,57.061
2019-11-01,156.938,221.634,34.785,24.881,1563.866,62.078
2019-11-02,128.800,181.950,33.315,23.481,1435.154,63.245
2019-11-03,164.419,232.227,25.819,27.552,1736.402,56.837
2019-11-04,143.458,202.672,37.054,23.556,1459.068,66.924
2019-11-05,177.904,251.034,22.955,31.322,1920.197,64.312
2019-11-06,183.178,258.301,38.090,26.169,1907.569,66.613
2019-11-07,147.768,208.465,28.088,27.216,1597.402,58.245
2019-11-08,116.581,164.639,25.168,19.403,1265.661,50.847
2019-11-09,48.354,68.424,11.586,8.925,499.600,49.856
2019-11-10,50.531,71.446,12.913,10.351,546.165,49.512
2019-11-11,102.801,145.136,22.378,23.563,1059.626,38.775
2019-11-12,164.078,231.722,48.112,30.410,1659.178,49.307
2019-11-13,149.868,211.639,35.999,29.845,1654.444,58.865
2019-11-14,157.193,221.942,30.403,33.267,1745.072,51.808
2019-11-15,182.312,257.508,36.600,35.473,1954.360,60.390
2019-11-16,208.955,295.079,35.521,36.980,2222.906,54.132
2019-11-17,237.673,335.415,35.804,38.045,2407.594,63.211
2019-11-18,267.247,377.008,32.972,41.714,2817.879,64.619
2019-11-19,232.637,328.323,40.917,39.877,2542.955,66.085
2019-11-20,248.291,350.512,34.236,38.768,2400.072,58.495
2019-11-21,222.431,314.038,34.737,39.351,2690.833,62.195
2019-11-22,209.408,295.719,35.675,38.862,2734.068,62.456
2019-11-23,218.921,309.129,43.169,32.760,2456.536,61.290
2019-11-24,209.104,295.208,33.936,36.976,2605.081,61.136
2019-11-25,223.109,315.073,37.336,38.522,2905.737,62.519
2019-11-26,209.660,296.136,45.608,34.872,2760.253,69.218
2019-11-27,183.094,258.571,51.151,34.360,2432.794,64.924
2019-11-28,186.915,263.981,43.162,33.678,2286.974,61.894
2019-11-29,197.111,278.416,44.499,33.873,2411.384,60.168
2019-11-30,197.813,279.289,34.363,29.977,2433.705,74.715
2019-12-01,215.047,303.573,46.361,33.650,2187.862,63.336
2019-12-02,211.965,299.327,48.682,34.410,2186.843,55.260
2019-12-03,235.820,333.065,25.768,35.644,2546.142,54.942
2019-12-04,162.182,229.123,37.523,26.224,1865.327,58.781
2019-12-05,139.783,197.397,33.546,26.049,1357.463,42.035
2019-12-06,173.043,244.399,30.027,30.397,1700.535,40.670
2019-12-07,191.304,270.093,25.620,32.598,1960.169,44.842
2019-12-08,216.882,306.300,37.298,35.031,2281.989,50.644
2019-12-09,262.059,370.199,37.164,37.372,2763.522,53.980
2019-12-10,226.630,320.211,35.077,34.831,2579.805,51.516
2019-12-11,271.220,383.168,32.256,34.841,2761.482,48.130
2019-12-12,262.851,371.396,53.952,32.304,2543.634,55.127
2019-12-13,247.227,349.194,51.406,32.844,2720.588,51.032
2019-12-14,221.487,312.891,48.723,30.839,2524.210,62.344
2019-12-15,160.715,227.074,23.888,21.402,1533.869,73.296
2019-12-16,141.552,199.856,26.828,21.013,1217.788,55.862
2019-12-17,184.546,260.663,27.468,22.794,1449.381,69.042
2019-12-18,204.447,288.799,22.670,18.580,1403.765,82.565
2019-12-19,162.117,228.911,17.514,15.906,1454.193,71.003
2019-12-20,193.192,272.792,37.958,21.270,1774.351,60.845
2019-12-21,159.020,224.615,32.759,17.386,1681.590,60.665
2019-12-22,134.454,189.946,41.661,17.083,1468.107,68.352
2019-12-23,151.077,213.387,24.710,18.241,1604.044,59.708
2019-12-24,173.488,245.015,30.861,17.857,1754.852,67.787
2019-12-25,203.579,287.426,31.733,18.510,2011.690,66.569
2019-12-26,179.834,253.937,24.298,15.995,1945.324,71.284
2019-12-27,235.446,332.314,30.100,23.620,2063.206,44.451
2019-12-28,174.071,245.787,25.155,17.146,1573.224,61.682
2019-12-29,164.776,232.566,29.579,22.306,1548.730,47.430
2019-12-30,190.198,268.573,31.180,26.732,1842.448,42.019
2019-12-31,215.421,304.210,38.339,29.046,2216.518,38.904
2020-01-01,252.495,356.560,42.014,30.252,2528.721,46.201
2020-01-02,158.607,223.974,44.944,26.108,1609.917,37.519
2020-01-03,162.424,229.399,37.234,24.688,1547.647,34.241
2020-01-04,192.507,271.948,42.064,25.564,1761.801,42.004
2020-01-05,154.066,217.781,26.425,19.851,1463.826,56.760
2020-01-06,160.846,227.283,30.033,19.103,1295.950,65.744
2020-01-07,208.881,294.944,34.010,25.254,1751.605,50.967
2020-01-08,188.357,265.992,46.441,18.812,1682.431,67.859
2020-01-09,122.627,173.182,22.666,17.385,1006.570,54.027
2020-01-10,152.478,215.328,23.692,17.231,1140.082,69.817
2020-01-11,172.274,243.287,20.746,17.672,1287.674,75.765
2020-01-12,194.330,274.412,27.633,19.708,1466.972,64.921
2020-01-13,216.313,305.454,34.945,22.713,1881.256,56.733
2020-01-14,251.345,354.964,37.248,26.952,2460.780,52.755
2020-01-15,251.268,354.882,50.759,26.359,2629.568,56.972
2020-01-16,259.979,367.177,40.301,28.364,2711.730,58.511
2020-01-17,238.085,336.295,38.938,28.643,2784.487,58.283
2020-01-18,234.164,330.882,48.681,27.972,2827.035,65.006
2020-01-19,202.133,285.742,26.940,19.805,2077.891,86.532
2020-01-20,182.159,257.301,24.817,20.463,1382.326,71.881
2020-01-21,182.798,258.229,39.778,24.802,1735.268,59.174
2020-01-22,184.579,260.793,40.241,24.555,1781.573,63.474
2020-01-23,225.997,319.291,31.547,23.637,2091.236,73.010
2020-01-24,194.981,275.498,37.692,24.898,1948.474,55.838
2020-01-25,230.756,325.973,35.910,25.403,1930.084,53.762
2020-01-26,244.193,345.093,44.205,25.522,1958.071,67.244
2020-01-27,318.602,450.147,33.265,32.125,2966.904,53.774
2020-01-28,309.856,437.711,36.571,30.362,3264.106,62.167
2020-01-29,288.465,407.534,29.440,30.022,3140.647,60.531
2020-01-30,245.710,347.185,28.817,25.174,2179.518,55.687
2020-01-31,258.691,365.085,35.893,25.399,2143.476,59.701
2020-02-01,192.690,271.836,25.105,20.459,1516.150,76.836
2020-02-02,170.163,240.179,36.318,24.330,1331.450,58.582
2020-02-03,174.177,245.923,40.916,23.648,1514.763,59.496
2020-02-04,209.095,295.190,41.276,23.171,1569.665,58.633
2020-02-05,192.803,272.400,38.847,24.859,1644.829,73.031
2020-02-06,215.164,303.916,45.472,27.686,1948.153,56.177
2020-02-07,205.474,290.037,39.607,26.332,1844.586,55.797
2020-02-08,181.621,256.201,33.340,20.389,1469.621,62.947
2020-02-09,185.565,261.701,30.884,24.491,1582.357,61.430
2020-02-10,168.016,236.961,32.039,22.844,1344.568,61.439
2020-02-11,183.822,259.430,36.189,22.797,1499.880,71.158
2020-02-12,166.836,235.496,27.884,21.519,1275.422,76.045
2020-02-13,203.135,286.969,41.291,27.984,1815.216,66.236
2020-02-14,188.006,265.617,39.323,25.122,1933.991,87.933
2020-02-15,230.077,324.978,30.633,26.681,1790.343,70.534
2020-02-16,234.753,331.455,33.615,26.913,2193.533,64.504
2020-02-17,196.354,277.407,33.697,24.880,1862.681,78.240
2020-02-18,228.163,322.323,38.623,30.357,2097.091,75.038
2020-02-19,233.371,329.536,35.714,30.553,2326.292,67.090
2020-02-20,246.312,347.844,49.278,28.149,2257.467,70.671
2020-02-21,188.868,266.726,45.282,24.490,1942.571,75.188
2020-02-22,185.035,261.286,37.028,24.893,2017.181,62.141
2020-02-23,136.765,193.174,26.702,20.210,1509.085,78.137
2020-02-24,192.031,271.120,32.302,24.450,1682.160,64.187
2020-02-25,171.535,242.069,31.136,17.794,1496.714,69.497
2020-02-26,182.147,257.118,31.275,21.763,1642.697,56.425
2020-02-27,184.247,260.050,43.628,21.603,2006.591,67.611
2020-02-28,149.103,210.497,34.549,20.526,1500.939,62.972
2020-02-29,146.770,207.272,34.788,21.435,1402.857,61.000
2020-03-01,144.604,204.260,31.196,19.364,1335.713,79.807
2020-03-02,150.675,212.801,27.926,17.673,1262.065,95.087
2020-03-03,141.018,199.073,23.342,18.300,1264.148,87.291
2020-03-04,104.199,147.099,26.002,12.347,1098.058,92.326
2020-03-05,122.001,172.211,27.903,18.111,1257.627,69.316
2020-03-06,109.631,154.472,27.805,16.167,1032.862,64.605
2020-03-07,167.467,236.184,33.373,19.222,1558.208,45.343
2020-03-08,138.733,195.521,28.077,16.630,1214.570,59.100
2020-03-09,134.272,189.383,36.008,20.603,1306.531,68.690
2020-03-10,128.454,181.432,28.926,19.496,1301.262,75.114
2020-03-11,168.246,237.282,36.467,22.426,1688.907,75.259
2020-03-12,204.238,288.261,34.151,24.071,2039.758,79.649
2020-03-13,127.210,179.473,35.692,16.282,1455.918,99.787
2020-03-14,93.547,131.642,15.788,10.366,705.206,94.513
2020-03-15,86.643,121.931,18.148,11.627,588.702,75.484
2020-03-16,100.418,141.440,26.322,15.811,850.842,75.697
2020-03-17,152.121,214.332,29.884,19.738,1264.130,60.714
2020-03-18,146.410,206.440,35.442,19.062,1327.076,72.250
2020-03-19,143.157,202.092,30.020,20.571,1475.666,72.216
2020-03-20,155.543,219.580,42.188,21.237,1522.772,86.210
2020-03-21,167.920,236.368,34.136,20.143,1647.734,75.775
2020-03-22,152.004,213.923,34.026,19.246,1598.816,84.445
2020-03-23,138.027,194.525,28.667,17.616,1296.122,85.954
2020-03-24,140.457,198.083,37.553,19.736,1362.108,77.947
2020-03-25,140.938,198.454,34.110,18.640,1399.313,79.160
2020-03-26,141.596,199.533,26.386,21.668,1472.108,71.748
2020-03-27,116.615,164.634,34.107,19.216,1255.394,88.274
2020-03-28,85.118,120.084,20.693,15.318,829.223,103.568
2020-03-29,68.149,96.229,22.021,15.781,686.066,82.601
2020-03-30,101.739,143.744,29.859,19.576,996.105,67.818
2020-03-31,168.793,237.389,26.562,21.783,1965.424,82.140
2020-04-01,120.003,169.074,27.916,15.730,1278.975,98.131
2020-04-02,88.338,124.115,18.649,12.931,689.763,96.919
2020-04-03,87.984,123.693,16.209,11.354,627.987,82.799
2020-04-04,92.084,129.539,16.862,11.101,708.270,87.680
2020-04-05,91.966,129.253,18.921,12.664,755.556,94.096
2020-04-06,87.459,122.892,18.130,10.312,711.972,94.180
2020-04-07,74.187,104.222,14.312,12.062,576.113,96.463
2020-04-08,81.958,114.835,16.350,11.956,555.730,85.699
2020-04-09,93.721,131.825,24.132,16.583,798.694,84.761
2020-04-10,113.185,159.500,35.148,18.830,1152.450,89.087
2020-04-11,71.807,101.185,15.390,11.066,717.181,107.846
2020-04-12,93.914,132.263,23.168,14.835,819.293,86.244
2020-04-13,105.972,149.080,28.472,16.249,978.080,73.579
2020-04-14,101.614,142.794,23.534,16.176,839.116,63.291
2020-04-15,101.404,142.300,27.602,15.033,796.127,67.227
2020-04-16,98.602,138.124,23.243,13.271,778.068,70.465
2020-04-17,88.526,122.383,17.997,10.184,504.042,62.626
2020-04-18,57.484,80.529,16.406,9.510,442.832,64.803
2020-04-19,56.975,80.309,20.061,11.244,508.629,61.311
2020-04-20,105.122,148.275,23.973,12.937,739.778,55.677
2020-04-21,114.924,161.376,28.833,15.381,901.938,61.150
2020-04-22,90.778,127.791,27.872,12.269,850.735,89.398
2020-04-23,89.443,125.687,23.120,12.831,731.730,65.667
2020-04-24,64.394,90.291,17.907,7.577,479.781,48.420
2020-04-25,51.094,71.922,18.085,7.679,450.030,45.390
2020-04-26,50.837,71.648,19.445,8.398,458.866,51.658
2020-04-27,71.896,101.325,23.052,11.874,615.722,52.143
2020-04-28,67.869,95.559,21.902,9.338,555.214,51.839
2020-04-29,58.777,82.739,21.897,9.108,470.321,48.267
2020-04-30,61.289,86.344,22.171,9.985,527.505,57.633
2020-05-01,94.935,133.701,26.556,12.394,751.764,52.456
2020-05-02,66.701,93.769,21.371,8.826,482.362,62.595
2020-05-03,58.345,82.065,16.278,8.784,480.159,67.329
2020-05-04,72.399,101.563,23.631,9.227,543.214,63.378
2020-05-05,88.772,125.154,26.348,11.394,662.087,66.206
2020-05-06,72.035,101.581,23.896,11.856,771.568,68.885
2020-05-07,87.220,122.832,27.436,11.690,863.046,85.563
2020-05-08,99.179,139.778,21.158,11.970,970.509,73.734
2020-05-09,103.364,145.266,21.919,12.295,933.547,90.737
2020-05-10,127.918,179.141,24.019,11.124,903.857,88.301
2020-05-11,109.120,153.368,30.297,11.879,930.396,85.187
2020-05-12,72.787,102.565,20.537,10.381,952.941,118.295
2020-05-13,76.081,106.480,24.997,11.315,703.138,82.790
2020-05-14,80.119,112.388,23.436,10.940,719.180,69.725
2020-05-15,61.644,86.920,20.854,7.811,455.811,56.691
2020-05-16,61.379,86.174,17.789,8.046,375.116,42.796
2020-05-17,82.555,116.995,20.431,9.581,514.073,51.064
2020-05-18,71.349,100.981,19.963,9.230,462.392,59.281
2020-05-19,65.663,92.431,25.358,9.880,599.893,40.906
2020-05-20,47.179,67.480,8.746,3.733,362.478,72.055
2020-05-21,43.433,61.717,8.841,5.156,365.734,87.817
2020-05-22,69.968,97.697,16.643,7.628,538.566,76.957
2020-05-23,62.411,85.442,12.929,5.868,324.402,67.616
2020-05-24,42.476,60.054,7.258,3.971,217.506,65.788
2020-05-25,35.359,51.329,5.285,3.077,187.589,68.290
2020-05-26,30.688,45.656,5.000,2.906,161.957,57.597
2020-05-27,26.932,38.554,9.179,4.544,185.702,41.178
2020-05-28,33.102,46.855,13.936,5.346,288.208,50.176
2020-05-29,73.189,101.612,15.895,6.502,341.791,57.439
2020-05-30,53.062,73.482,13.469,5.440,291.578,56.118
2020-05-31,61.294,84.117,19.265,6.830,411.163,53.485
2020-06-01,48.985,67.649,13.555,6.018,323.296,64.782
2020-06-02,35.300,49.535,11.413,5.167,279.186,72.713
2020-06-03,41.640,58.335,13.259,5.637,298.901,60.931
2020-06-04,49.136,68.339,15.025,6.335,274.268,49.860
2020-06-05,32.772,46.004,12.541,5.121,240.298,49.921
2020-06-06,42.446,59.610,15.552,6.130,271.788,46.495
2020-06-07,62.646,86.102,15.795,6.034,313.665,70.704
2020-06-08,70.391,96.722,22.404,7.191,433.512,59.457
2020-06-09,71.136,98.038,24.881,7.680,505.934,64.312
2020-06-10,60.631,83.470,23.482,6.512,412.261,59.855
2020-06-11,32.422,45.446,12.343,4.754,246.286,51.492
2020-06-12,25.945,36.553,11.766,4.760,223.494,43.450
2020-06-13,32.889,46.181,11.700,4.885,228.526,44.414
2020-06-14,35.346,49.298,10.451,4.627,221.164,55.709
2020-06-15,23.641,33.115,10.359,4.602,217.398,55.428
2020-06-16,31.399,44.445,12.273,4.625,216.609,47.742
2020-06-17,31.028,44.447,10.996,4.030,223.611,50.956
2020-06-18,29.823,42.467,10.201,4.194,208.161,52.051
2020-06-19,37.502,51.962,10.744,4.449,236.656,59.290
2020-06-20,30.215,42.367,8.732,4.125,196.908,54.596
2020-06-21,16.359,23.060,7.654,3.800,186.924,57.538
2020-06-22,34.179,48.248,11.133,4.704,217.678,54.350
2020-06-23,35.387,49.625,12.731,5.132,232.735,51.338
2020-06-24,34.931,49.432,9.691,4.535,209.819,56.459
2020-06-25,33.225,46.575,11.413,4.806,202.926,43.048
2020-06-26,17.025,23.905,8.867,4.110,156.680,35.328
2020-06-27,27.954,39.083,10.729,4.538,186.698,38.628
2020-06-28,36.699,50.896,11.796,4.674,210.207,47.932
2020-06-29,37.174,50.911,14.067,5.277,223.089,43.965
2020-06-30,49.527,66.845,13.601,5.365,223.724,42.854
2020-07-01,30.076,41.449,11.470,4.826,197.029,46.510
2020-07-02,29.797,41.323,12.696,5.054,205.444,40.005
2020-07-03,27.523,38.125,13.393,4.995,204.935,36.117
2020-07-04,27.588,38.765,11.680,4.845,216.519,39.702
2020-07-05,20.855,30.535,7.631,3.598,162.879,52.395
2020-07-06,24.006,35.275,7.071,3.502,153.596,49.605
2020-07-07,27.079,38.598,8.828,3.944,166.519,48.616
2020-07-08,29.248,41.412,10.050,4.370,195.002,56.496
2020-07-09,29.434,41.990,8.199,3.950,172.426,55.170
2020-07-10,25.452,36.667,7.739,3.697,151.633,45.328
2020-07-11,24.204,35.101,9.351,3.868,169.441,46.759
2020-07-12,35.604,49.660,11.299,4.547,202.020,48.673
2020-07-13,37.500,51.661,13.186,4.988,216.785,50.442
2020-07-14,32.856,45.793,11.814,4.531,192.686,44.261
2020-07-15,23.179,32.891,11.672,4.639,174.199,41.790
2020-07-16,25.926,36.976,10.908,4.619,171.713,43.326
2020-07-17,21.047,29.820,8.888,4.234,155.818,46.600
2020-07-18,22.113,31.474,9.636,4.146,161.153,46.869
2020-07-19,21.313,30.509,8.134,3.732,144.030,44.631
2020-07-20,22.497,32.198,10.320,4.177,155.027,35.198
2020-07-21,34.032,47.785,11.091,4.274,187.461,41.247
2020-07-22,57.103,79.406,17.953,6.518,313.030,48.864
2020-07-23,27.146,38.387,9.773,4.006,198.075,52.729
2020-07-24,24.476,34.564,12.596,5.026,191.975,44.120
2020-07-25,30.418,42.754,15.384,5.569,228.312,43.908
2020-07-26,53.937,75.513,19.322,6.795,304.074,48.302
2020-07-27,49.091,68.332,20.107,6.296,281.367,41.826
2020-07-28,39.436,54.963,14.782,5.053,232.237,38.402
2020-07-29,26.686,36.992,12.976,4.874,180.372,28.558
2020-07-30,31.943,44.059,15.461,5.773,204.261,30.145
2020-07-31,32.758,45.374,15.094,5.702,210.171,32.387
2020-08-01,40.569,56.959,18.228,6.440,277.791,40.631
2020-08-02,49.605,69.730,16.390,7.215,348.476,48.826
2020-08-03,63.357,88.814,17.568,7.265,414.808,67.433
2020-08-04,62.632,87.878,18.944,7.202,455.127,43.660
2020-08-05,28.178,40.389,8.739,3.971,249.083,45.257
2020-08-06,23.786,35.619,9.279,3.959,171.966,41.632
2020-08-07,27.339,39.259,10.511,4.375,190.813,49.006
2020-08-08,30.403,43.089,12.087,4.798,196.598,43.943
2020-08-09,27.307,38.538,11.799,4.920,197.827,38.907
2020-08-10,26.501,37.497,11.939,4.799,205.923,41.029
2020-08-11,27.918,39.418,11.774,4.761,214.337,48.385
2020-08-12,28.378,40.192,12.428,4.921,216.065,49.838
2020-08-13,44.212,62.510,16.138,6.388,284.382,40.694
2020-08-14,33.767,47.973,11.308,4.286,248.151,51.089
2020-08-15,23.163,34.848,6.305,3.004,169.641,53.934
2020-08-16,21.519,32.597,7.030,3.212,170.393,50.763
2020-08-17,21.027,31.113,7.982,3.706,187.916,52.154
2020-08-18,21.214,30.741,9.199,4.040,198.282,52.875
2020-08-19,18.198,26.501,7.511,3.530,178.143,49.978
2020-08-20,22.339,32.120,10.006,4.162,208.342,39.505
2020-08-21,26.147,37.498,10.086,4.134,209.034,41.267
2020-08-22,35.518,49.911,14.409,5.279,257.259,41.917
2020-08-23,41.591,58.389,18.635,6.574,321.775,39.411
2020-08-24,50.076,70.489,21.248,7.520,398.039,38.294
2020-08-25,25.716,36.535,10.027,4.444,241.843,53.086
2020-08-26,27.697,39.330,7.965,4.074,199.869,54.217
2020-08-27,36.981,51.769,12.124,5.343,241.990,46.888
2020-08-28,43.054,60.172,12.557,5.496,261.477,53.460
2020-08-29,45.317,62.711,14.420,6.343,297.687,57.455
2020-08-30,53.622,74.030,17.889,7.315,347.108,51.702
2020-08-31,53.198,73.983,20.074,7.046,384.573,54.630
2020-09-01,45.242,63.237,21.392,7.243,376.797,38.747
2020-09-02,42.672,59.726,17.851,7.499,364.365,41.232
2020-09-03,52.170,72.390,19.637,8.163,384.217,38.592
2020-09-04,84.791,117.645,16.821,10.304,594.310,42.991
2020-09-05,60.905,84.260,20.076,7.861,403.240,42.678
2020-09-06,36.796,51.719,17.330,7.767,319.377,31.382
2020-09-07,39.542,55.802,17.726,7.707,298.731,31.041
2020-09-08,51.108,71.834,20.265,8.457,380.362,35.563
2020-09-09,61.536,86.368,18.103,7.754,357.879,48.417
2020-09-10,51.559,72.390,17.940,6.990,340.203,36.979
2020-09-11,43.007,60.552,17.868,7.572,314.754,27.230
2020-09-12,44.525,62.631,17.825,7.744,334.564,32.445
2020-09-13,38.784,54.685,15.723,7.392,309.268,30.111
2020-09-14,49.800,69.947,17.443,7.448,314.652,32.738
2020-09-15,36.970,52.090,16.343,7.181,307.631,36.312
2020-09-16,30.402,42.838,12.632,6.057,240.814,40.150
2020-09-17,48.801,68.862,19.635,8.809,372.997,40.003
2020-09-18,77.961,110.055,24.061,11.472,637.812,38.829
2020-09-19,80.902,114.239,25.709,12.033,799.236,49.589
2020-09-20,65.963,93.231,18.710,7.581,663.408,77.130
2020-09-21,33.101,47.497,10.457,5.052,300.120,49.501
2020-09-22,32.224,46.673,10.657,5.483,265.579,46.816
2020-09-23,32.266,46.670,11.221,5.851,231.079,37.004
2020-09-24,35.471,50.691,11.011,5.683,235.655,40.597
2020-09-25,31.723,44.904,9.774,5.348,225.774,45.828
2020-09-26,30.482,43.392,9.560,5.207,228.387,46.826
2020-09-27,47.633,67.288,16.535,8.140,344.921,38.800
2020-09-28,59.408,83.829,21.192,10.960,508.978,42.360
2020-09-29,86.914,122.812,22.444,12.832,737.422,44.734
2020-09-30,76.583,108.198,20.171,10.724,627.169,51.630
2020-10-01,88.924,125.564,23.334,13.256,706.198,38.483
2020-10-02,93.953,132.547,26.826,13.923,860.068,32.975
2020-10-03,95.358,134.583,25.848,13.553,890.270,55.085
2020-10-04,72.657,102.422,17.495,11.271,623.280,51.679
2020-10-05,65.873,92.564,19.868,10.187,563.692,46.712
2020-10-06,77.574,108.343,20.049,10.824,546.840,44.749
2020-10-07,90.692,127.063,25.996,14.202,742.079,47.519
2020-10-08,114.148,160.326,22.717,16.272,1007.368,46.614
2020-10-09,110.039,155.000,27.456,16.142,1058.200,56.446
2020-10-10,105.365,148.558,21.809,13.857,983.671,69.842
2020-10-11,116.591,164.546,24.085,16.247,1034.674,75.984
2020-10-12,128.753,181.766,26.797,15.802,1125.713,79.472
2020-10-13,104.625,147.784,29.304,16.043,1088.896,74.102
2020-10-14,111.035,156.851,28.441,15.543,1142.934,74.224
2020-10-15,96.664,136.575,23.250,15.083,1089.455,78.576
2020-10-16,99.111,140.074,25.197,17.191,1089.522,74.114
2020-10-17,118.955,168.040,22.209,19.125,1301.643,69.830
2020-10-18,84.691,119.691,21.370,13.011,934.688,80.542
2020-10-19,112.421,158.803,30.586,19.239,1149.431,55.011
2020-10-20,113.433,160.343,20.397,17.551,1171.206,74.511
2020-10-21,77.396,109.354,22.424,14.277,766.680,48.686
2020-10-22,59.823,84.241,16.771,9.193,505.887,29.867
2020-10-23,37.093,52.444,11.137,6.371,374.548,34.822
2020-10-24,59.142,83.594,18.947,11.796,593.464,55.272
2020-10-25,121.182,171.167,26.248,19.450,1078.986,50.420
2020-10-26,165.160,233.272,27.914,24.245,1685.605,57.698
2020-10-27,150.549,212.616,31.102,21.394,1587.143,79.342
2020-10-28,134.184,189.565,32.318,23.890,1493.869,64.536
2020-10-29,119.641,169.028,29.276,20.239,1320.488,69.253
2020-10-30,120.056,169.511,33.015,22.718,1289.742,55.537
2020-10-31,99.773,140.988,25.147,16.018,954.633,43.801
2020-11-01,80.152,113.245,21.670,15.553,718.018,37.027
2020-11-02,92.102,130.129,21.914,17.908,798.423,37.026
2020-11-03,108.424,153.129,28.842,20.150,1016.587,47.550
2020-11-04,207.068,291.737,30.544,28.463,1599.594,73.885
2020-11-05,213.780,300.912,35.399,31.898,2032.693,65.244
2020-11-06,190.132,267.692,43.923,27.099,1862.881,62.814
2020-11-07,161.338,227.540,31.739,28.751,1737.155,54.210
2020-11-08,147.509,208.292,28.169,28.466,1614.531,45.123
2020-11-09,143.112,202.127,34.153,28.283,1501.372,42.331
2020-11-10,135.261,191.015,27.250,26.874,1333.062,42.486
2020-11-11,129.277,182.552,33.663,27.207,1307.746,44.516
2020-11-12,149.013,210.459,31.000,30.186,1492.412,53.078
2020-11-13,145.948,206.104,33.245,31.116,1532.250,53.935
2020-11-14,175.120,247.362,36.918,34.950,1798.623,59.447
2020-11-15,181.279,256.057,39.996,38.559,1940.743,61.977
2020-11-16,174.426,246.448,37.845,30.141,1764.452,73.892
2020-11-17,163.938,231.649,31.223,30.634,1491.968,74.764
2020-11-18,196.532,277.602,42.320,35.897,1788.793,53.081
2020-11-19,216.322,305.556,28.632,41.252,2360.182,60.195
2020-11-20,196.986,278.497,41.438,30.372,1786.546,79.596
2020-11-21,186.686,263.731,29.021,29.368,1747.250,58.594
2020-11-22,207.019,292.183,26.937,33.297,1665.376,56.307
2020-11-23,192.141,271.180,35.411,32.747,1864.814,52.720
2020-11-24,204.685,288.976,40.574,34.273,2045.411,53.811
2020-11-25,193.729,273.574,46.102,33.235,2066.602,54.345
2020-11-26,202.325,285.811,42.900,34.155,2220.686,52.972
2020-11-27,121.259,171.340,30.813,22.123,1382.256,76.636
2020-11-28,140.633,198.588,29.596,25.047,1477.334,65.155
2020-11-29,145.707,205.841,35.002,28.810,1506.275,58.689
2020-11-30,201.368,284.294,33.274,34.438,2074.468,53.352
2020-12-01,217.990,307.912,37.592,36.814,2394.050,55.973
2020-12-02,227.174,320.872,36.458,37.914,2546.809,59.381
2020-12-03,229.200,323.830,48.236,36.263,2467.113,57.891
2020-12-04,266.945,377.069,39.599,39.397,2772.404,53.580
2020-12-05,271.883,384.156,34.434,37.975,2940.351,61.783
2020-12-06,275.640,389.323,47.685,38.709,3298.869,60.941
2020-12-07,288.722,407.951,65.746,33.950,2981.094,66.091
2020-12-08,298.742,421.988,38.602,31.728,2977.401,55.870
2020-12-09,233.268,329.367,39.710,30.849,2912.259,55.364
2020-12-10,210.090,296.585,49.697,28.792,2629.728,51.554
2020-12-11,201.276,284.324,58.824,21.870,2106.215,71.274
2020-12-12,190.463,268.967,32.483,23.071,2140.911,67.054
2020-12-13,273.598,386.271,41.235,30.400,3048.602,58.636
2020-12-14,213.005,300.786,55.703,23.883,2548.779,76.436
2020-12-15,192.473,271.842,37.533,21.882,1867.241,67.086
2020-12-16,186.654,263.593,39.837,22.827,1857.290,67.379
2020-12-17,224.007,316.289,34.060,27.054,1914.729,64.927
2020-12-18,215.462,304.231,34.408,26.468,1583.837,55.360
2020-12-19,174.843,246.932,37.896,25.496,1688.856,61.736
2020-12-20,236.390,333.819,43.046,30.568,2209.723,49.667
2020-12-21,213.109,300.993,42.330,29.811,2342.013,51.759
2020-12-22,259.177,366.098,55.530,32.504,2597.910,52.585
2020-12-23,248.614,351.149,41.912,31.772,2710.528,57.225
2020-12-24,216.784,306.182,43.164,28.632,2192.479,57.252
2020-12-25,179.615,253.722,37.636,25.798,1895.186,60.468
2020-12-26,194.487,274.723,36.732,25.803,2120.109,64.447
2020-12-27,240.530,339.703,43.267,28.185,2479.805,59.600
2020-12-28,223.760,316.009,41.042,27.846,2355.350,56.265
2020-12-29,226.305,319.632,40.854,25.626,2255.050,56.330
2020-12-30,171.849,242.710,33.782,24.068,1741.174,49.689
2020-12-31,198.622,280.485,42.691,26.134,1983.504,49.034
2021-01-01,167.419,236.474,42.407,24.515,1862.267,56.517
2021-01-02,171.330,242.004,37.126,24.860,1882.129,59.742
2021-01-03,196.605,277.721,34.643,26.783,2092.960,55.082
2021-01-04,217.479,307.241,47.939,27.591,2231.912,55.715
2021-01-05,215.369,304.207,48.183,27.543,2209.968,56.805
2021-01-06,211.907,299.296,47.653,28.186,2336.879,57.214
2021-01-07,286.233,404.289,53.623,32.036,3135.401,63.405
2021-01-08,231.092,326.447,44.334,25.833,2638.440,71.656
2021-01-09,264.794,374.059,42.405,27.292,2179.408,55.882
2021-01-10,307.169,433.532,41.088,30.621,2727.598,52.596
2021-01-11,323.036,456.000,44.740,29.489,2915.744,54.330
2021-01-12,230.996,326.290,33.267,21.361,2072.117,74.030
2021-01-13,228.447,322.434,37.663,23.881,1860.731,56.338
2021-01-14,230.179,324.944,48.402,25.432,2133.337,52.539
2021-01-15,252.410,356.381,49.184,27.594,2534.347,56.549
2021-01-16,311.850,440.285,42.629,26.650,2756.537,53.966
2021-01-17,265.301,374.442,37.828,25.741,2581.711,52.398
2021-01-18,282.655,398.950,55.065,25.506,2659.470,50.885
2021-01-19,340.116,479.856,42.845,22.794,2791.051,61.381
2021-01-20,237.696,335.253,26.655,19.369,2081.086,73.986
2021-01-21,260.602,367.471,43.992,23.808,2562.476,56.854
2021-01-22,277.173,390.757,43.335,27.051,2709.440,56.633
2021-01-23,306.331,431.988,58.074,28.678,3125.352,59.222
2021-01-24,253.146,357.227,43.617,24.706,2972.406,64.403
2021-01-25,203.475,287.071,46.829,20.963,2031.303,68.320
2021-01-26,205.443,289.174,35.589,19.664,1741.951,67.244
2021-01-27,161.495,227.110,26.429,18.051,1795.682,83.002
2021-01-28,193.992,272.874,27.095,19.733,1769.429,71.780
2021-01-29,184.250,259.501,24.285,19.151,1702.000,71.295
2021-01-30,271.597,382.506,23.493,21.953,2227.946,95.210
2021-01-31,229.393,323.115,38.241,23.726,2159.755,64.070
2021-02-01,222.978,313.970,43.331,23.504,1876.578,59.595
2021-02-02,216.852,305.620,35.648,23.893,1892.043,57.087
2021-02-03,212.401,299.517,37.395,25.190,1877.091,51.090
2021-02-04,199.584,281.672,44.226,25.046,1902.701,52.059
2021-02-05,201.681,284.742,39.531,27.811,2039.947,53.297
2021-02-06,175.048,247.245,36.596,20.356,1683.577,81.045
2021-02-07,162.354,228.561,33.135,22.646,1382.074,60.835
2021-02-08,154.097,216.870,26.911,19.996,1217.082,67.702
2021-02-09,191.332,269.884,46.616,25.671,1707.754,59.276
2021-02-10,210.432,297.108,60.427,28.211,2119.135,65.087
2021-02-11,285.189,402.581,43.647,31.533,2730.651,63.732
2021-02-12,260.019,366.842,43.326,27.033,2402.070,66.324
2021-02-13,222.176,313.187,44.440,24.426,1830.934,62.931
2021-02-14,239.541,337.544,42.785,26.500,2049.846,57.650
2021-02-15,286.001,403.229,31.114,32.270,2901.636,67.347
2021-02-16,270.258,381.066,42.264,28.133,2848.784,76.347
2021-02-17,216.967,305.676,32.841,25.546,2172.712,79.579
2021-02-18,190.770,269.063,36.021,25.019,2186.925,63.180
2021-02-19,185.655,261.993,31.208,24.969,1920.625,60.244
2021-02-20,210.049,296.423,38.418,27.006,2279.225,37.883
2021-02-21,196.997,278.036,38.580,23.777,2016.300,67.253
2021-02-22,193.450,273.075,35.710,24.935,1896.922,63.899
2021-02-23,200.414,282.916,43.660,25.608,2114.136,68.901
2021-02-24,219.857,310.412,42.604,25.556,2460.576,84.866
2021-02-25,191.716,270.566,31.710,21.079,1713.702,98.299
2021-02-26,136.258,192.275,21.755,16.995,1065.875,85.969
2021-02-27,104.098,146.913,21.408,14.518,901.834,81.741
2021-02-28,107.500,152.052,15.560,11.543,737.379,92.132
2021-03-01,127.801,179.995,24.574,15.643,887.927,65.568
2021-03-02,144.934,203.645,31.726,20.912,1211.162,61.451
2021-03-03,137.151,192.773,31.291,19.316,1166.644,75.145
2021-03-04,140.599,197.955,29.471,18.708,1192.963,82.301
2021-03-05,107.556,150.918,18.213,10.498,691.923,87.787
2021-03-06,96.554,134.756,17.852,11.486,556.264,64.721
2021-03-07,133.727,186.886,26.773,15.149,968.506,55.061
2021-03-08,146.897,204.900,26.832,15.265,1041.599,62.821
2021-03-09,122.211,170.574,25.301,12.851,819.694,63.377
2021-03-10,141.409,197.528,27.140,14.879,779.430,57.980
2021-03-11,165.499,232.894,25.800,21.487,1389.602,55.530
2021-03-12,207.275,291.934,43.138,20.409,1759.883,72.034
2021-03-13,125.777,177.050,17.313,13.972,1135.100,117.878
2021-03-14,138.658,195.036,28.779,19.104,1233.222,76.748
2021-03-15,163.240,229.996,34.580,20.195,1680.209,76.535
2021-03-16,170.800,240.628,36.034,21.916,1937.068,89.477
2021-03-17,197.617,277.676,38.739,22.274,2041.524,74.768
2021-03-18,222.111,310.498,35.449,23.144,2095.202,85.964
2021-03-19,221.108,308.084,26.788,22.832,2179.874,80.163
2021-03-20,194.937,270.796,45.026,20.754,1859.584,87.458
2021-03-21,191.178,267.101,32.082,23.380,1786.303,71.779
2021-03-22,174.662,244.375,33.769,19.593,1662.894,94.148
2021-03-23,168.349,236.183,38.635,21.763,1746.174,81.240
2021-03-24,149.068,209.198,31.459,18.113,1350.165,105.272
2021-03-25,122.219,170.914,33.064,19.153,1008.915,65.148
2021-03-26,163.435,227.882,33.837,21.518,1367.852,58.114
2021-03-27,207.738,289.765,37.348,21.230,1957.004,89.965
2021-03-28,200.272,278.524,35.395,19.167,1725.857,96.408
2021-03-29,157.665,217.992,24.679,15.056,1280.543,92.474
2021-03-30,124.693,172.525,16.566,8.200,1032.536,97.646
2021-03-31,102.563,144.740,13.526,8.285,543.629,78.337
2021-04-01,73.532,104.175,9.603,7.192,427.157,93.585
2021-04-02,111.272,157.061,17.211,10.686,544.113,73.852
2021-04-03,148.475,209.039,20.633,16.656,1014.412,68.104
2021-04-04,135.544,189.554,26.793,16.203,1056.000,109.110
2021-04-05,164.978,231.023,27.544,19.809,1464.065,87.606
2021-04-06,225.523,315.352,34.558,18.668,1906.212,88.500
2021-04-07,93.968,130.607,19.975,11.192,798.150,87.069
2021-04-08,74.400,103.769,15.458,9.203,684.234,81.438
2021-04-09,107.823,150.415,21.755,16.271,938.744,60.678
2021-04-10,120.609,168.251,29.091,17.895,983.930,85.095
2021-04-11,119.866,167.458,24.426,15.937,891.945,91.435
2021-04-12,110.804,155.399,27.138,17.063,911.822,99.316
2021-04-13,115.099,161.207,30.012,17.698,1005.134,88.422
2021-04-14,97.739,136.331,27.020,14.613,755.521,79.937
2021-04-15,94.598,131.205,20.600,12.928,573.657,77.296
2021-04-16,106.166,147.698,24.088,14.007,700.399,67.124
2021-04-17,97.869,136.971,26.069,15.897,845.903,67.809
2021-04-18,91.177,128.040,20.638,12.566,596.948,73.617
2021-04-19,72.400,101.704,17.328,11.337,495.269,72.485
2021-04-20,55.153,77.706,13.269,8.210,422.118,87.291
2021-04-21,78.154,109.431,21.112,11.959,621.200,72.331
2021-04-22,102.687,143.477,23.440,14.893,782.841,85.998
2021-04-23,94.213,132.091,22.930,14.696,910.316,81.711
2021-04-24,110.888,155.365,33.752,15.744,1035.537,83.253
2021-04-25,124.634,174.680,38.822,16.359,1131.901,83.409
2021-04-26,88.309,123.146,16.597,11.468,707.873,110.720
2021-04-27,83.149,115.602,18.719,12.173,634.226,96.362
2021-04-28,98.634,137.388,24.645,12.642,728.245,85.386
2021-04-29,109.536,152.840,25.919,12.659,878.834,103.268
2021-04-30,83.523,116.099,20.957,11.263,699.803,95.611
2021-05-01,116.812,161.602,27.510,13.532,789.668,76.564
2021-05-02,103.787,143.405,23.760,10.714,683.708,78.846
2021-05-03,55.824,77.999,22.999,11.183,628.338,84.569
2021-05-04,61.649,86.528,24.935,10.457,698.545,72.519
2021-05-05,101.006,141.318,26.679,11.400,841.039,85.178
2021-05-06,83.767,116.925,28.061,10.387,725.442,73.211
2021-05-07,80.181,112.545,28.050,11.201,736.895,74.249
2021-05-08,90.069,126.654,22.238,11.637,786.199,48.342
2021-05-09,97.702,136.932,19.559,10.882,690.748,64.410
2021-05-10,76.627,107.849,23.823,10.896,625.018,65.256
2021-05-11,55.476,77.882,19.181,8.284,423.739,42.577
2021-05-12,58.862,82.294,22.082,8.078,549.558,58.982
2021-05-13,75.028,105.110,20.536,9.424,636.961,75.745
2021-05-14,52.375,73.544,14.285,7.568,432.255,79.680
2021-05-15,78.591,110.113,18.851,8.546,423.642,66.179
2021-05-16,77.495,109.056,22.999,8.987,484.612,55.818
2021-05-17,67.130,94.962,21.768,9.422,443.671,56.565
2021-05-18,39.792,56.347,13.883,7.576,305.178,60.321
2021-05-19,40.677,57.778,16.362,7.131,292.306,59.122
2021-05-20,43.893,61.977,17.404,7.809,320.781,45.183
2021-05-21,46.651,65.436,15.195,7.239,294.404,50.029
2021-05-22,52.162,73.576,21.414,9.389,452.425,48.449
2021-05-23,74.179,104.345,23.423,9.037,629.052,79.164
2021-05-24,56.316,79.132,23.446,7.983,540.872,90.502
2021-05-25,47.775,67.200,10.453,5.003,314.074,67.839
2021-05-26,46.839,64.727,7.628,4.294,290.155,86.481
2021-05-27,49.076,69.007,9.903,4.791,262.041,61.135
2021-05-28,56.322,78.064,15.616,6.393,319.746,54.803
2021-05-29,72.056,98.427,18.737,7.279,384.590,55.414
2021-05-30,59.971,80.564,13.811,5.963,316.811,67.166
2021-05-31,60.861,81.129,10.678,4.633,262.833,62.777
2021-06-01,46.435,63.910,12.910,5.009,328.947,74.784
2021-06-02,64.648,89.901,16.921,6.878,380.916,72.025
2021-06-03,50.379,69.469,12.346,5.752,300.238,68.992
2021-06-04,59.025,80.699,10.999,5.245,287.297,71.307
2021-06-05,45.088,61.124,11.180,5.171,275.632,71.177
2021-06-06,50.974,69.827,11.177,5.385,322.106,80.680
2021-06-07,51.283,70.906,11.700,5.516,275.224,63.104
2021-06-08,40.871,57.404,13.435,5.717,291.323,58.476
2021-06-09,48.571,67.900,15.689,5.735,308.972,59.868
2021-06-10,45.162,62.955,15.928,5.841,353.484,64.907
2021-06-11,29.165,40.917,15.068,5.334,297.405,54.801
2021-06-12,30.934,44.054,11.642,4.933,254.526,56.783
2021-06-13,30.158,43.206,9.438,4.159,244.456,65.554
2021-06-14,23.832,35.080,7.714,3.794,186.002,61.102
2021-06-15,27.834,39.596,9.080,3.942,232.355,67.146
2021-06-16,34.060,47.396,7.944,3.708,222.302,70.962
2021-06-17,26.662,37.215,10.741,4.388,220.738,67.784
2021-06-18,25.322,36.049,10.475,3.871,196.014,50.833
2021-06-19,34.716,48.400,13.051,4.866,237.182,49.667
2021-06-20,41.660,57.342,13.260,5.189,246.117,51.769
2021-06-21,59.654,81.441,14.706,5.493,313.437,71.308
2021-06-22,43.730,59.991,12.898,5.127,238.180,60.605
2021-06-23,48.376,64.488,10.853,4.651,216.545,57.667
2021-06-24,54.617,72.742,9.267,4.273,199.851,62.223
2021-06-25,47.912,63.590,9.962,4.451,209.441,60.058
2021-06-26,42.237,55.431,9.935,4.435,207.322,58.038
2021-06-27,46.703,60.781,9.941,4.455,191.063,51.230
2021-06-28,34.362,45.358,8.164,4.083,186.421,55.047
2021-06-29,31.071,41.634,10.187,4.339,193.332,46.490
2021-06-30,51.571,68.324,10.164,4.602,235.146,64.799
2021-07-01,42.003,56.827,8.894,3.774,210.033,64.763
2021-07-02,45.343,61.289,12.029,4.940,239.936,56.364
2021-07-03,49.159,66.343,10.765,4.261,214.777,56.107
2021-07-04,38.866,52.038,10.416,4.563,205.844,57.128
2021-07-05,37.641,50.653,12.859,5.002,215.475,48.807
2021-07-06,45.829,61.284,9.989,4.251,194.831,53.467
2021-07-07,35.066,47.100,10.030,4.151,201.347,53.635
2021-07-08,37.080,50.477,12.200,4.831,202.238,43.402
2021-07-09,33.492,46.182,16.736,5.796,273.296,42.153
2021-07-10,44.380,61.153,18.517,6.647,327.568,30.350
2021-07-11,39.769,55.502,16.237,7.212,382.549,36.260
2021-07-12,39.168,54.624,14.057,5.556,317.030,44.171
2021-07-13,26.536,37.736,10.693,4.293,164.992,39.920
2021-07-14,25.558,36.215,12.843,5.086,169.437,37.937
2021-07-15,30.203,42.031,15.805,5.621,193.005,34.495
2021-07-16,26.940,37.327,12.485,5.335,201.402,44.432
2021-07-17,30.467,41.697,14.966,5.407,189.801,30.967
2021-07-18,29.418,40.666,13.879,5.715,202.720,39.812
2021-07-19,25.917,36.396,14.190,5.098,207.454,40.503
2021-07-20,28.088,39.504,17.116,5.607,230.847,30.367
2021-07-21,29.056,41.060,18.167,6.128,251.182,37.477
2021-07-22,22.220,31.507,11.810,4.798,209.619,45.387
2021-07-23,21.929,32.976,7.232,3.084,163.257,44.991
2021-07-24,26.794,38.922,9.602,4.115,177.787,52.835
2021-07-25,31.850,45.250,10.815,4.584,199.705,53.210
2021-07-26,36.284,50.342,17.089,5.841,271.596,53.424
2021-07-27,24.742,34.329,10.355,4.143,245.636,63.151
2021-07-28,24.112,34.021,5.315,2.726,178.125,65.371
2021-07-29,21.755,31.435,6.276,3.009,176.003,53.764
2021-07-30,26.916,38.023,8.133,3.580,195.161,54.007
2021-07-31,58.224,79.920,9.303,4.251,196.838,55.067
2021-08-01,42.440,57.272,11.339,4.392,215.757,50.859
2021-08-02,46.670,62.812,15.033,5.370,251.274,47.867
2021-08-03,39.912,54.449,18.869,6.131,306.783,45.839
2021-08-04,35.943,49.277,17.263,6.161,287.533,48.264
2021-08-05,46.062,63.425,16.343,6.542,341.197,52.579
2021-08-06,50.241,68.769,12.526,5.252,314.819,63.794
2021-08-07,44.277,59.786,12.391,4.923,226.111,55.088
2021-08-08,46.983,63.711,12.652,5.021,220.174,50.996
2021-08-09,49.482,66.878,10.816,4.624,225.861,58.300
2021-08-10,57.859,78.367,11.609,4.833,232.994,54.991
2021-08-11,45.886,62.919,11.124,4.633,223.034,53.436
2021-08-12,49.051,66.746,10.770,4.441,224.531,55.660
2021-08-13,45.921,62.674,10.297,4.216,226.974,56.422
2021-08-14,49.751,68.076,12.137,4.806,229.288,47.682
2021-08-15,42.935,58.575,17.510,6.387,285.155,35.440
2021-08-16,32.804,45.428,14.248,5.076,258.744,33.889
2021-08-17,29.569,41.456,10.120,3.988,202.146,46.406
2021-08-18,27.729,38.778,7.773,3.660,179.542,51.157
2021-08-19,30.245,41.829,10.465,4.375,193.780,40.055
2021-08-20,45.267,61.810,15.451,5.803,251.124,33.740
2021-08-21,38.025,52.654,15.805,5.880,257.132,35.960
2021-08-22,31.093,43.178,10.247,5.061,207.702,44.598
2021-08-23,31.666,44.214,12.179,5.761,230.975,52.240
2021-08-24,56.741,78.248,12.896,6.001,287.432,60.412
2021-08-25,63.449,87.475,13.302,6.085,331.117,63.570
2021-08-26,39.418,54.777,14.588,5.341,293.666,48.764
2021-08-27,39.911,55.846,18.214,6.713,335.082,36.524
2021-08-28,41.951,58.564,16.308,6.321,292.501,36.063
2021-08-29,42.681,59.944,18.569,7.019,331.483,33.761
2021-08-30,48.258,67.941,18.626,7.732,347.135,33.872
2021-08-31,58.052,81.630,18.062,7.734,358.589,38.462
2021-09-01,49.449,69.708,20.284,8.056,361.912,37.636
2021-09-02,50.262,70.955,20.558,8.220,374.511,49.868
2021-09-03,60.684,85.620,14.991,8.713,484.319,44.198
2021-09-04,62.615,88.278,21.172,8.927,468.423,49.907
2021-09-05,66.467,93.706,17.454,7.496,407.296,57.750
2021-09-06,27.040,38.220,13.010,5.524,270.155,44.572
2021-09-07,43.374,61.474,16.245,7.078,313.951,41.172
2021-09-08,45.157,64.034,18.573,7.526,353.621,50.116
2021-09-09,81.144,114.600,21.834,10.687,693.451,43.343
2021-09-10,55.853,78.900,18.252,8.309,641.877,58.610
2021-09-11,53.499,75.530,19.176,9.049,545.518,41.375
2021-09-12,39.383,55.976,13.305,6.099,322.720,46.387
2021-09-13,27.782,39.861,8.524,4.822,235.147,51.946
2021-09-14,35.088,50.066,13.229,6.514,288.244,44.308
2021-09-15,43.253,61.638,17.821,8.049,351.082,44.394
2021-09-16,66.721,94.324,21.884,10.099,500.995,36.522
2021-09-17,53.720,75.902,18.880,7.934,422.929,41.204
2021-09-18,51.621,72.627,19.501,8.118,403.694,37.690
2021-09-19,54.414,74.779,15.344,6.599,337.042,43.612
2021-09-20,56.962,76.191,12.713,6.483,312.272,49.454
2021-09-21,64.180,87.554,21.158,8.982,439.695,31.391
2021-09-22,70.673,98.436,20.227,11.348,593.389,36.911
2021-09-23,74.723,105.169,21.520,11.450,700.196,42.970
2021-09-24,77.760,109.327,19.558,11.879,680.076,46.552
2021-09-25,74.835,105.456,19.847,12.171,706.226,58.183
2021-09-26,78.032,110.101,21.467,11.637,749.583,58.765
2021-09-27,72.995,103.090,20.889,11.877,743.537,52.028
2021-09-28,49.659,70.134,14.557,7.513,429.808,43.040
2021-09-29,55.822,78.662,20.757,9.518,446.775,33.491
2021-09-30,108.268,152.413,18.566,14.354,891.861,38.667
2021-10-01,89.172,125.632,24.133,13.279,721.836,40.106
2021-10-02,70.274,99.254,22.017,11.440,505.139,39.232
2021-10-03,41.976,59.382,14.325,7.938,320.589,42.891
2021-10-04,55.370,78.305,18.198,9.500,428.166,42.523
2021-10-05,98.399,139.049,24.604,14.445,787.670,42.635
2021-10-06,101.542,143.494,25.710,13.795,908.767,62.558
2021-10-07,114.381,161.624,23.377,15.060,1029.521,85.671
2021-10-08,117.334,165.768,24.610,14.269,995.835,96.768
2021-10-09,109.728,155.041,28.648,15.861,1113.071,85.234
2021-10-10,111.761,157.734,24.271,15.661,1299.734,88.129
2021-10-11,92.780,130.662,15.401,12.828,1075.774,92.180
2021-10-12,91.285,128.509,19.692,13.584,962.036,84.814
2021-10-13,100.542,141.882,30.858,17.423,1204.953,68.336
2021-10-14,94.388,133.377,20.999,15.519,1166.128,76.458
2021-10-15,92.229,130.300,19.329,13.667,1025.446,74.622
2021-10-16,76.666,108.307,24.223,14.871,815.592,60.028
2021-10-17,50.852,71.839,18.217,9.539,626.186,53.766
2021-10-18,31.291,44.364,10.417,6.347,338.509,46.880
2021-10-19,49.552,70.031,15.851,8.508,362.651,28.138
2021-10-20,54.987,77.462,16.274,9.498,410.682,33.893
2021-10-21,92.638,130.827,21.945,17.005,891.325,81.553
2021-10-22,154.750,218.214,30.441,20.223,1159.184,58.089
2021-10-23,147.531,207.981,26.005,22.333,1381.893,57.073
2021-10-24,173.465,244.645,20.740,23.833,1688.413,59.051
2021-10-25,180.481,254.704,26.105,24.955,1980.266,62.802
2021-10-26,178.813,252.417,21.145,24.712,1951.958,65.205
2021-10-27,166.217,234.681,19.561,25.495,1913.353,61.998
2021-10-28,135.399,191.224,30.055,21.160,1497.254,56.821
2021-10-29,106.618,150.526,25.343,17.734,1113.097,64.438
2021-10-30,96.349,135.824,18.408,15.877,942.605,82.271
2021-10-31,106.640,149.820,23.246,18.639,932.470,77.061
2021-11-01,158.354,223.076,32.575,26.706,1542.032,56.933
2021-11-02,158.393,223.159,33.260,23.898,1493.005,63.717
2021-11-03,138.406,195.102,27.199,22.591,1266.587,63.124
2021-11-04,145.221,204.674,30.044,24.721,1404.266,64.087
2021-11-05,140.519,198.207,28.165,24.494,1509.598,64.370
2021-11-06,152.705,215.510,29.778,27.138,1629.259,56.880
2021-11-07,157.868,222.892,26.476,29.085,1656.997,52.662
2021-11-08,147.419,208.186,28.940,27.701,1498.916,49.039
2021-11-09,162.468,229.477,29.711,30.901,1670.082,51.559
2021-11-10,181.887,256.912,41.527,32.249,1874.241,58.244
2021-11-11,174.654,246.759,43.642,29.394,1640.199,64.275
2021-11-12,128.070,180.737,32.222,24.585,1287.888,73.973
2021-11-13,130.279,183.509,24.349,22.171,1393.670,59.308
2021-11-14,137.164,193.171,29.111,26.469,1429.189,48.095
2021-11-15,165.512,233.381,24.499,31.753,1880.984,34.005
2021-11-16,180.626,254.204,29.284,30.078,1725.005,50.233
2021-11-17,151.776,213.724,34.614,29.896,1573.353,52.527
2021-11-18,162.737,229.579,37.892,34.033,1755.556,51.491
2021-11-19,201.499,284.190,35.939,36.198,2121.430,58.511
2021-11-20,207.696,292.922,37.298,38.339,2437.489,64.815
2021-11-21,233.925,329.732,48.628,40.142,2776.937,67.474
2021-11-22,234.807,331.028,30.999,41.117,2742.623,61.910
2021-11-23,252.469,356.028,47.927,38.196,2476.744,62.344
2021-11-24,216.224,304.968,36.414,38.016,2378.404,54.653
2021-11-25,244.033,344.153,28.362,40.329,2632.568,52.136
2021-11-26,237.749,335.273,30.978,38.375,2735.161,54.817
2021-11-27,206.351,291.131,29.413,34.193,2256.958,54.735
2021-11-28,217.532,306.885,27.268,37.360,2333.820,48.987
2021-11-29,186.707,263.553,44.263,30.939,2136.602,57.487
2021-11-30,181.556,256.327,31.019,33.167,1825.883,44.979
2021-12-01,161.465,227.881,29.733,30.346,1648.017,35.612
2021-12-02,191.068,269.812,33.767,33.379,1916.837,39.071
2021-12-03,195.950,276.706,38.479,33.207,2005.372,47.452
2021-12-04,158.901,224.506,34.154,24.923,1544.686,46.192
2021-12-05,118.206,167.041,27.018,20.368,1064.338,33.617
2021-12-06,76.254,107.884,16.807,11.724,674.832,30.504
2021-12-07,127.425,179.980,24.787,20.859,1180.341,24.217
2021-12-08,155.444,219.416,27.428,26.892,1592.203,31.128
2021-12-09,138.749,196.038,32.679,22.747,1264.285,51.413
2021-12-10,187.709,265.107,32.863,28.676,1781.210,61.282
2021-12-11,216.251,305.251,34.155,31.533,2249.774,52.388
2021-12-12,201.804,284.762,37.166,27.188,1894.787,53.016
2021-12-13,222.987,314.572,32.230,30.334,2059.392,48.184
2021-12-14,231.525,326.836,34.939,31.775,2287.648,50.191
2021-12-15,204.185,288.323,49.344,27.328,2008.546,57.752
2021-12-16,169.665,239.566,34.516,25.442,1719.972,57.582
2021-12-17,173.371,244.820,37.390,25.465,1728.697,57.564
2021-12-18,213.506,301.483,40.150,30.847,2184.640,49.932
2021-12-19,203.670,287.689,31.136,25.997,2040.136,78.656
2021-12-20,218.039,308.012,26.803,27.663,1910.240,72.129
2021-12-21,259.286,366.266,39.140,33.725,2525.840,46.532
2021-12-22,264.659,374.001,41.584,31.561,2672.092,63.469
2021-12-23,257.018,362.975,36.523,30.706,2878.189,48.531
2021-12-24,236.751,334.397,32.698,31.280,2504.936,47.832
2021-12-25,232.840,328.850,33.103,30.050,2513.684,44.824
2021-12-26,187.809,265.218,29.495,27.462,1919.717,48.113
2021-12-27,188.065,265.506,41.969,27.303,1944.008,47.453
2021-12-28,177.170,249.975,36.025,24.295,1749.762,51.444
2021-12-29,157.240,221.755,42.214,22.197,1452.324,47.029
2021-12-30,140.981,198.840,39.463,22.690,1312.997,42.770
2021-12-31,146.474,206.583,32.165,21.286,1332.892,53.136
2022-01-01,177.963,250.993,38.277,24.200,1530.049,46.368
2022-01-02,187.235,264.167,33.534,22.461,1454.979,51.274
2022-01-03,192.356,271.491,30.116,22.613,1473.422,52.778
2022-01-04,217.974,307.745,31.489,23.795,1764.980,50.678
2022-01-05,214.055,302.142,34.956,25.975,1928.086,46.744
2022-01-06,224.326,316.762,37.507,27.202,2141.264,52.240
2022-01-07,172.392,243.522,33.033,23.431,1778.813,57.826
2022-01-08,178.405,251.899,31.911,24.048,1772.856,49.788
2022-01-09,192.612,272.040,38.695,23.759,1952.521,60.652
2022-01-10,201.982,285.315,40.909,24.628,1949.952,57.312
2022-01-11,181.414,256.261,22.095,18.535,1553.650,67.726
2022-01-12,146.619,207.041,24.352,18.989,1152.634,49.003
2022-01-13,163.175,230.531,29.796,21.446,1411.295,50.547
2022-01-14,161.010,227.364,28.120,20.191,1467.594,42.836
2022-01-15,164.552,232.372,30.827,22.415,1581.022,37.544
2022-01-16,166.359,235.030,28.655,21.232,1541.456,56.897
2022-01-17,171.744,242.613,28.600,21.466,1489.185,51.930
2022-01-18,238.344,336.628,31.857,28.925,2165.936,42.299
2022-01-19,248.549,351.203,40.748,27.592,2332.635,48.281
2022-01-20,274.855,388.372,39.501,30.282,2556.092,50.731
2022-01-21,295.380,417.304,42.402,30.251,3008.864,53.916
2022-01-22,212.000,299.657,38.153,21.781,1834.336,64.965
2022-01-23,149.267,210.822,23.768,17.383,1436.215,67.136
2022-01-24,191.283,269.961,22.480,23.723,1605.579,50.173
2022-01-25,242.801,342.681,30.543,27.834,2282.580,37.820
2022-01-26,175.951,248.005,37.357,16.571,1478.368,66.690
2022-01-27,161.686,227.014,22.733,18.362,1228.263,66.197
2022-01-28,197.820,278.123,29.729,23.867,1509.715,58.681
2022-01-29,225.733,317.580,31.834,23.314,1781.344,51.784
2022-01-30,275.072,388.059,37.103,31.516,2610.123,57.157
2022-01-31,240.012,338.789,40.863,24.716,2238.222,70.883
2022-02-01,176.380,249.059,21.689,22.079,1408.891,89.580
2022-02-02,181.453,255.795,34.063,21.469,1559.450,59.986
2022-02-03,170.166,239.172,31.050,20.793,1270.438,59.854
2022-02-04,113.298,158.862,13.091,12.992,951.177,83.305
2022-02-05,132.275,185.736,22.646,18.758,986.641,66.165
2022-02-06,191.968,270.624,31.103,22.257,1643.108,56.384
2022-02-07,199.729,281.945,37.782,26.264,1916.525,58.061
2022-02-08,213.793,301.759,35.760,26.205,2169.473,59.413
2022-02-09,209.105,294.669,35.607,25.000,1796.616,68.594
2022-02-10,205.242,287.603,27.810,20.155,1374.908,47.936
2022-02-11,195.276,273.940,28.967,21.467,1507.046,66.833
2022-02-12,153.514,215.662,30.821,23.422,1320.851,59.045
2022-02-13,143.399,201.803,34.346,19.519,1295.501,62.777
2022-02-14,151.084,213.024,31.070,21.974,1408.461,58.934
2022-02-15,185.104,261.281,35.165,25.580,1793.803,54.746
2022-02-16,183.344,258.827,37.905,24.238,1660.640,62.563
2022-02-17,192.669,271.876,41.259,25.486,1804.572,61.466
2022-02-18,184.547,260.157,39.374,24.083,1709.151,57.965
2022-02-19,164.643,232.022,34.402,23.661,1458.698,62.818
2022-02-20,143.792,202.162,20.272,16.572,1022.497,96.790
2022-02-21,168.833,237.322,25.796,22.246,1225.357,61.809
2022-02-22,144.269,202.950,30.083,19.456,1260.334,62.913
2022-02-23,183.026,257.558,26.328,24.609,1572.617,55.907
2022-02-24,223.463,314.658,33.452,25.529,1841.782,61.480
2022-02-25,152.665,215.167,31.747,18.907,1500.080,77.660
2022-02-26,144.776,203.965,27.126,20.565,1240.621,70.383
2022-02-27,180.616,254.377,33.965,21.215,1485.646,72.539
2022-02-28,194.289,273.965,35.202,25.225,1839.706,70.754
2022-03-01,180.367,254.129,35.052,24.166,1881.788,62.326
2022-03-02,156.926,220.993,27.684,21.159,1659.092,67.788
2022-03-03,186.773,263.094,25.267,23.187,1766.671,66.219
2022-03-04,202.507,285.207,32.876,24.353,2003.055,67.176
2022-03-05,188.268,264.787,36.381,24.233,1824.248,73.858
2022-03-06,144.645,203.489,29.658,18.350,1445.164,78.672
2022-03-07,141.137,198.749,35.187,19.542,1356.677,60.400
2022-03-08,164.238,231.510,37.091,19.919,1504.564,81.058
2022-03-09,142.130,200.559,27.921,18.966,1446.736,89.921
2022-03-10,131.830,186.163,27.117,17.589,1252.418,92.290
2022-03-11,146.129,206.476,29.016,20.940,1410.309,75.912
2022-03-12,134.091,189.313,39.828,19.132,1360.371,83.187
2022-03-13,131.514,185.543,29.757,17.851,1198.707,86.018
2022-03-14,144.303,203.689,29.818,19.671,1387.948,78.526
2022-03-15,170.614,240.919,37.304,20.653,1522.391,83.130
2022-03-16,174.438,246.146,39.019,22.348,1779.312,80.302
2022-03-17,164.978,232.701,38.369,21.411,1571.010,76.318
2022-03-18,183.711,259.140,39.921,21.818,1649.738,74.621
2022-03-19,155.512,218.971,29.878,18.775,1239.746,87.464
2022-03-20,104.368,146.181,24.387,14.838,808.763,73.938
2022-03-21,85.137,119.070,20.782,13.730,684.287,67.268
2022-03-22,138.156,194.170,25.200,18.755,1100.202,60.683
2022-03-23,120.030,168.837,21.030,15.903,1021.706,91.049
2022-03-24,64.115,89.321,9.511,6.946,437.289,88.080
2022-03-25,67.539,93.346,6.268,4.668,316.298,74.301
2022-03-26,60.969,84.217,8.714,6.050,353.078,68.129
2022-03-27,112.413,154.138,15.388,9.992,486.799,64.803
2022-03-28,90.470,124.453,16.798,9.903,536.085,61.708
2022-03-29,106.754,146.676,17.111,10.012,519.579,56.381
2022-03-30,77.410,107.414,17.677,10.306,514.678,51.414
2022-03-31,75.752,105.091,13.388,8.381,373.367,53.762
2022-04-01,61.897,86.435,15.532,9.057,381.331,48.409
2022-04-02,108.124,150.726,20.189,14.098,662.826,42.585
2022-04-03,83.605,116.364,12.053,7.525,433.900,53.847
2022-04-04,35.264,48.904,6.641,4.598,246.157,59.074
2022-04-05,53.793,73.961,9.203,6.027,329.866,61.963
2022-04-06,62.211,86.922,16.829,9.531,500.126,57.096
2022-04-07,109.458,152.741,21.698,14.972,798.320,54.965
2022-04-08,62.226,86.369,16.857,9.695,487.899,65.948
2022-04-09,48.404,68.169,13.468,8.078,379.184,48.394
2022-04-10,38.959,56.078,8.358,5.295,283.762,54.709
2022-04-11,63.474,90.197,11.441,7.272,349.586,56.384
2022-04-12,69.581,98.622,14.453,8.905,386.680,55.374
2022-04-13,36.579,52.019,10.218,6.224,267.545,50.418
2022-04-14,37.166,53.907,6.530,4.939,217.175,60.596
2022-04-15,40.440,58.143,6.912,5.172,229.526,64.684
2022-04-16,40.283,58.238,7.315,5.107,250.127,63.154
2022-04-17,36.313,52.104,8.338,5.630,254.935,59.570
2022-04-18,68.035,96.191,16.418,9.011,377.421,46.880
2022-04-19,81.507,115.003,16.307,9.546,447.936,52.727
2022-04-20,59.771,84.114,15.651,7.958,414.686,47.415
2022-04-21,71.730,100.558,18.986,9.027,491.972,49.858
2022-04-22,87.090,120.890,18.126,9.472,439.089,51.444
2022-04-23,56.433,79.235,11.991,8.041,370.476,78.220
2022-04-24,50.500,71.156,10.702,7.462,344.903,81.433
2022-04-25,61.127,84.972,10.674,7.078,340.092,75.572
2022-04-26,67.202,92.705,11.621,6.997,353.396,68.258
2022-04-27,81.345,111.613,16.016,8.765,416.540,59.660
2022-04-28,102.080,140.549,24.717,11.410,645.350,52.223
2022-04-29,80.045,108.331,12.557,7.313,396.086,70.172
2022-04-30,99.976,133.938,16.526,8.598,447.250,68.355
2022-05-01,75.323,102.548,16.627,9.462,541.866,67.444
2022-05-02,79.541,110.210,20.472,11.154,607.650,61.704
2022-05-03,68.540,94.881,18.786,8.634,504.038,64.995
2022-05-04,69.650,96.108,16.967,7.901,421.901,63.124
2022-05-05,73.919,102.329,20.838,9.036,523.812,62.429
2022-05-06,92.127,129.314,23.813,12.324,823.640,58.751
2022-05-07,106.419,149.204,21.648,12.371,875.859,67.248
2022-05-08,98.647,138.445,22.781,11.107,878.831,82.149
2022-05-09,64.276,90.146,18.038,7.980,521.931,51.477
2022-05-10,40.811,57.405,15.878,7.123,379.963,43.332
2022-05-11,45.973,63.196,11.471,5.990,324.089,66.548
2022-05-12,66.890,87.352,10.887,5.697,289.529,65.848
2022-05-13,52.478,67.855,7.712,4.391,251.167,72.488
2022-05-14,48.087,63.528,6.763,3.921,218.812,67.700
2022-05-15,36.764,49.700,7.800,4.327,228.668,64.228
2022-05-16,54.228,71.845,7.111,4.049,225.209,63.874
2022-05-17,34.064,46.966,8.333,4.463,215.664,54.080
2022-05-18,40.338,55.556,9.042,4.846,211.881,53.268
2022-05-19,33.489,46.756,10.575,5.302,221.182,46.303
2022-05-20,48.400,67.542,13.808,6.221,269.864,41.753
2022-05-21,63.209,85.630,15.414,7.227,342.488,57.396
2022-05-22,91.789,120.384,18.603,7.621,439.040,65.628
2022-05-23,69.724,94.261,24.640,8.593,526.877,64.754
2022-05-24,84.765,116.099,24.140,8.505,630.255,70.619
2022-05-25,57.069,78.160,19.624,7.751,452.500,76.143
2022-05-26,93.384,126.593,16.119,7.071,427.206,91.558
2022-05-27,69.224,92.978,10.523,5.367,331.039,88.136
2022-05-28,74.938,100.069,13.907,5.750,402.893,87.499
2022-05-29,107.579,141.642,12.455,5.588,381.475,88.808
2022-05-30,70.586,95.283,19.341,6.849,437.931,65.937
2022-05-31,100.194,132.193,13.099,5.626,384.689,81.016
2022-06-01,66.596,89.654,13.487,5.905,354.775,78.328
2022-06-02,84.585,115.047,11.739,4.995,336.494,78.861
2022-06-03,60.283,81.393,10.497,4.634,277.340,72.202
2022-06-04,66.166,88.437,9.652,4.842,245.134,69.470
2022-06-05,69.961,94.316,9.713,4.610,234.394,59.371
2022-06-06,57.536,77.402,11.638,5.168,248.115,53.920
2022-06-07,73.087,96.705,11.223,5.156,260.495,59.415
2022-06-08,76.382,101.212,11.850,5.210,308.587,68.041
2022-06-09,66.330,88.475,9.444,4.481,258.102,69.646
2022-06-10,57.029,77.465,10.791,5.040,278.091,69.326
2022-06-11,80.358,107.520,7.903,4.206,241.256,76.445
2022-06-12,61.833,83.737,8.443,4.228,226.879,67.905
2022-06-13,44.805,62.594,7.190,3.759,202.703,72.606
2022-06-14,38.735,54.987,7.768,3.930,183.454,55.383
2022-06-15,30.797,44.033,8.397,3.959,195.334,56.579
2022-06-16,27.625,38.911,7.797,3.660,172.051,50.814
2022-06-17,32.450,45.473,9.791,4.331,187.033,42.287
2022-06-18,29.804,41.396,10.360,4.523,182.691,36.821
2022-06-19,35.593,49.623,11.064,4.703,206.102,41.469
2022-06-20,29.103,40.607,11.190,4.767,212.084,49.513
2022-06-21,28.751,40.226,14.059,5.247,237.634,47.942
2022-06-22,28.413,39.983,11.855,4.991,224.809,56.188
2022-06-23,26.226,37.101,8.977,4.164,175.465,52.473
2022-06-24,33.457,47.446,9.384,4.210,179.721,50.036
2022-06-25,24.250,34.305,8.361,3.984,166.200,50.725
2022-06-26,28.030,39.687,10.823,4.714,181.917,44.248
2022-06-27,24.852,35.081,11.097,4.744,185.355,44.712
2022-06-28,23.463,32.641,9.587,4.299,166.376,43.125
2022-06-29,27.475,38.010,11.071,4.639,183.619,41.821
2022-06-30,34.795,48.252,13.245,4.995,213.566,40.164
2022-07-01,27.023,37.703,12.003,5.035,220.013,54.586
2022-07-02,35.013,49.261,12.920,4.993,212.744,54.234
2022-07-03,30.854,43.282,14.416,5.296,221.632,47.478
2022-07-04,42.242,59.197,15.852,5.833,239.667,42.967
2022-07-05,33.971,47.307,11.521,4.985,250.270,44.616
2022-07-06,41.378,57.515,17.413,6.196,280.262,30.323
2022-07-07,29.617,41.890,12.876,5.170,227.088,44.969
2022-07-08,28.005,39.180,11.726,4.964,197.744,42.606
2022-07-09,28.284,39.304,11.761,5.037,190.828,45.258
2022-07-10,24.850,35.470,10.807,4.605,178.439,43.696
2022-07-11,32.244,46.194,11.086,4.595,174.201,48.328
2022-07-12,20.544,29.320,10.122,4.328,180.791,50.855
2022-07-13,25.640,36.341,10.223,4.468,179.232,51.708
2022-07-14,15.095,21.367,10.962,4.462,190.216,47.329
2022-07-15,20.192,28.677,9.729,4.233,185.743,50.897
2022-07-16,25.140,36.031,9.592,4.287,172.627,48.863
2022-07-17,23.350,33.635,8.407,3.824,162.656,48.532
2022-07-18,22.341,32.036,8.297,3.868,148.649,46.807
2022-07-19,23.899,33.966,9.529,4.134,166.261,48.781
2022-07-20,27.444,38.780,10.195,4.478,193.193,51.752
2022-07-21,31.311,43.863,13.729,5.271,219.048,47.274
2022-07-22,49.941,69.258,17.321,6.162,261.236,43.446
2022-07-23,29.657,41.514,13.519,5.063,232.239,41.952
2022-07-24,25.451,35.709,13.036,4.677,194.906,32.108
2022-07-25,27.407,38.452,17.005,5.896,261.811,30.390
2022-07-26,34.736,48.863,18.753,6.005,275.652,34.068
2022-07-27,52.633,73.656,17.556,7.199,353.665,34.268
2022-07-28,49.385,69.354,21.547,7.648,387.417,44.971
2022-07-29,50.063,70.003,16.700,7.260,352.434,45.956
2022-07-30,40.769,56.797,14.751,6.129,258.733,46.266
2022-07-31,27.298,37.743,15.080,5.831,207.493,26.891
2022-08-01,39.749,55.016,19.846,6.494,275.369,28.393
2022-08-02,66.567,91.612,19.085,7.708,401.387,34.248
2022-08-03,55.708,77.187,17.287,7.333,406.149,20.347
2022-08-04,32.786,46.233,18.200,6.438,265.778,31.799
2022-08-05,31.923,45.627,16.876,6.011,256.956,37.821
2022-08-06,41.193,58.587,18.734,5.910,279.368,24.875
2022-08-07,34.608,49.242,18.742,6.093,293.995,38.335
2022-08-08,24.258,35.087,9.803,3.975,196.775,43.407
2022-08-09,19.781,29.857,5.962,3.027,151.560,52.528
2022-08-10,18.165,27.564,5.768,3.006,152.521,50.982
2022-08-11,20.079,29.402,10.080,4.303,189.445,46.532
2022-08-12,34.041,47.910,15.728,5.528,241.525,39.536
2022-08-13,22.536,32.179,8.422,3.581,192.248,46.376
2022-08-14,28.513,41.769,8.454,3.810,169.616,44.843
2022-08-15,30.727,44.593,13.020,5.015,205.731,41.456
2022-08-16,52.503,73.588,18.202,6.816,321.368,50.032
2022-08-17,91.207,127.233,20.389,8.684,474.104,58.641
2022-08-18,67.939,95.036,19.352,6.885,446.542,65.577
2022-08-19,39.481,55.504,9.699,3.907,250.796,56.026
2022-08-20,28.352,40.214,11.292,4.927,215.907,48.033
2022-08-21,38.669,53.371,14.873,5.963,262.918,44.507
2022-08-22,50.788,70.309,16.532,6.340,327.209,47.637
2022-08-23,40.344,56.335,18.156,6.197,324.886,41.089
2022-08-24,26.416,36.748,11.803,5.241,227.773,50.385
2022-08-25,48.239,65.543,16.257,6.427,308.142,53.798
2022-08-26,60.025,81.649,14.487,6.898,318.348,55.476
2022-08-27,42.166,57.776,13.797,5.885,277.680,44.456
2022-08-28,58.319,78.867,17.893,7.489,315.565,34.650
2022-08-29,55.163,75.676,19.473,7.852,354.816,35.923
2022-08-30,43.206,60.806,19.316,7.716,334.758,28.961
2022-08-31,35.719,50.443,15.950,7.246,290.630,34.434
2022-09-01,42.966,60.502,18.486,7.709,317.768,33.125
2022-09-02,41.431,58.376,16.354,6.648,275.883,35.457
2022-09-03,36.512,51.308,14.640,6.320,263.643,44.387
2022-09-04,30.799,43.396,13.906,6.264,250.407,42.354
2022-09-05,33.773,47.786,15.433,6.702,262.700,31.745
2022-09-06,48.866,69.067,21.587,8.736,417.628,31.395
2022-09-07,42.045,59.427,19.045,7.870,382.998,38.291
2022-09-08,70.251,99.274,24.594,9.659,575.293,40.493
2022-09-09,62.680,88.567,15.778,7.365,559.058,70.759
2022-09-10,35.757,50.553,13.432,5.932,363.545,51.970
2022-09-11,27.758,39.537,10.789,5.094,232.691,35.364
2022-09-12,33.018,46.803,14.140,5.784,268.355,31.477
2022-09-13,36.781,52.198,15.313,5.683,273.120,25.007
2022-09-14,35.746,50.487,13.856,5.788,272.469,39.486
2022-09-15,41.574,58.655,14.323,6.567,290.618,48.526
2022-09-16,55.038,77.784,17.463,8.367,383.229,56.792
2022-09-17,81.254,114.738,21.657,10.736,588.972,46.929
2022-09-18,65.023,91.706,22.808,10.287,595.167,43.673
2022-09-19,34.108,48.278,15.815,7.039,331.090,44.315
2022-09-20,31.432,44.894,11.136,5.930,262.540,53.888
2022-09-21,41.246,58.210,14.119,7.216,312.821,49.576
2022-09-22,42.867,60.221,16.526,8.023,352.741,49.901
2022-09-23,52.568,73.231,17.755,8.585,383.949,49.677
2022-09-24,63.931,88.913,22.052,9.689,462.401,46.348
2022-09-25,80.851,113.614,26.371,12.493,693.599,37.405
2022-09-26,84.071,118.418,26.737,11.950,738.972,52.154
2022-09-27,90.062,126.739,27.532,12.351,725.155,52.562
2022-09-28,96.786,136.407,20.173,13.458,863.574,54.935
2022-09-29,94.949,133.793,23.054,12.143,828.567,68.274
2022-09-30,84.332,118.948,22.664,12.747,863.405,66.368
2022-10-01,90.489,127.629,20.881,11.789,876.566,69.258
2022-10-02,71.733,101.223,21.859,9.918,645.220,48.067
2022-10-03,51.546,72.838,17.451,8.067,494.276,38.960
2022-10-04,68.637,96.888,20.379,11.405,551.064,35.350
2022-10-05,72.107,101.810,22.262,12.568,616.890,34.304
2022-10-06,78.041,110.285,21.644,12.902,663.887,46.275
2022-10-07,101.151,143.039,20.692,15.204,867.921,40.994
2022-10-08,106.634,150.787,23.520,13.851,773.413,54.695
2022-10-09,60.557,85.636,16.454,9.985,564.502,63.953
2022-10-10,58.752,83.021,18.935,11.504,486.037,47.022
2022-10-11,53.772,75.997,17.857,10.983,424.880,40.724
2022-10-12,66.413,93.844,21.106,12.853,540.484,36.286
2022-10-13,120.863,170.760,19.663,18.305,1008.097,36.104
2022-10-14,120.998,171.041,24.998,17.811,1152.478,52.062
2022-10-15,88.049,124.481,19.865,14.319,1022.715,77.046
2022-10-16,81.795,115.584,23.452,13.615,865.906,76.153
2022-10-17,123.160,174.000,25.932,20.123,1350.381,63.077
2022-10-18,111.190,157.172,28.940,18.442,1289.936,76.036
2022-10-19,108.595,153.456,21.886,14.921,1036.032,82.497
2022-10-20,82.243,116.169,22.524,14.031,804.198,68.598
2022-10-21,75.928,107.234,23.849,14.517,768.340,63.241
2022-10-22,90.002,127.150,26.117,17.161,909.010,54.242
2022-10-23,110.214,155.711,28.658,17.254,1142.053,46.017
2022-10-24,23.184,32.981,7.699,5.151,347.339,54.992
2022-10-25,92.603,130.808,25.309,17.578,851.362,34.671
2022-10-26,150.050,211.889,32.366,22.679,1448.974,54.206
2022-10-27,157.638,222.460,27.065,22.425,1559.263,63.103
2022-10-28,116.535,164.477,27.268,19.077,1177.210,58.664
2022-10-29,140.587,198.529,27.763,24.035,1446.069,48.980
2022-10-30,140.273,198.154,37.862,23.336,1479.678,52.140
2022-10-31,127.435,180.072,31.147,20.841,1323.352,69.404
2022-11-01,116.001,163.834,27.834,18.877,1005.286,61.897
2022-11-02,106.265,150.105,22.516,18.006,1001.013,81.070
2022-11-03,143.228,202.353,39.884,24.286,1504.655,65.696
2022-11-04,187.331,264.581,27.644,30.441,1971.722,57.389
2022-11-05,182.710,258.104,29.107,29.638,1902.519,49.914
2022-11-06,175.044,247.290,34.644,28.658,1924.673,47.583
2022-11-07,170.016,240.155,32.610,30.496,1954.228,56.292
2022-11-08,179.649,253.777,31.635,31.097,2074.822,62.736
2022-11-09,144.946,204.683,31.993,29.144,1693.856,55.382
2022-11-10,142.787,201.548,32.206,29.895,1547.264,48.275
2022-11-11,147.885,208.739,38.777,30.351,1569.787,48.106
2022-11-12,174.169,245.820,29.763,32.712,1777.338,56.329
2022-11-13,182.818,257.195,29.312,28.565,1773.357,64.719
2022-11-14,160.138,225.603,28.021,30.901,1562.719,50.052
2022-11-15,162.520,229.362,41.016,31.781,1566.928,51.930
2022-11-16,161.805,228.450,37.746,30.898,1512.492,55.361
2022-11-17,157.300,222.102,30.312,30.220,1554.965,57.842
2022-11-18,147.652,208.481,26.446,28.938,1378.652,51.548
2022-11-19,147.265,207.974,40.075,30.656,1396.474,49.588
2022-11-20,132.681,187.372,36.499,26.925,1288.714,54.939
2022-11-21,118.955,168.013,32.071,25.343,1139.799,62.080
2022-11-22,163.601,230.923,34.793,27.573,1378.041,58.655
2022-11-23,158.279,223.442,37.662,27.185,1439.513,64.831
2022-11-24,167.524,236.580,38.628,29.570,1565.866,56.322
2022-11-25,173.375,244.836,29.415,34.680,1747.644,47.093
2022-11-26,170.627,240.974,33.658,32.710,1849.176,48.620
2022-11-27,153.692,217.110,34.337,30.296,1626.338,57.977
2022-11-28,166.564,235.319,41.614,30.586,1735.953,57.691
2022-11-29,176.724,249.680,40.187,31.606,1783.232,57.534
2022-11-30,163.099,230.505,38.515,27.724,1539.895,67.838
2022-12-01,135.059,190.805,27.208,25.434,1405.612,62.915
2022-12-02,144.523,204.150,37.522,24.861,1422.663,63.915
2022-12-03,166.423,235.032,35.310,27.761,1579.880,54.035
2022-12-04,178.863,252.591,37.046,28.992,1721.447,53.081
2022-12-05,145.793,205.924,40.380,25.405,1489.034,61.804
2022-12-06,151.764,214.356,33.612,26.636,1604.113,61.363
2022-12-07,178.487,252.078,33.934,29.823,1888.290,55.944
2022-12-08,193.230,272.904,51.426,32.022,2023.202,50.159
2022-12-09,211.852,299.176,38.699,33.420,2137.626,51.398
2022-12-10,192.392,271.750,33.325,28.931,1903.558,54.624
2022-12-11,174.534,246.558,39.281,28.843,1852.516,54.163
2022-12-12,223.732,316.107,38.662,29.683,2280.912,61.357
2022-12-13,254.030,358.723,45.446,34.556,2746.505,55.740
2022-12-14,291.651,411.882,42.191,32.166,2894.801,60.339
2022-12-15,220.619,311.596,38.920,28.278,2184.908,61.462
2022-12-16,266.373,376.260,36.618,30.479,2334.926,53.993
2022-12-17,273.419,386.151,39.418,33.953,2775.045,47.451
2022-12-18,245.440,346.665,31.323,34.527,3015.174,48.603
2022-12-19,240.828,340.210,46.683,30.375,2704.566,55.751
2022-12-20,269.005,379.978,39.954,34.305,2687.311,52.703
2022-12-21,247.394,349.413,47.726,31.349,2608.686,54.144
2022-12-22,230.988,326.241,39.422,27.636,2456.600,57.529
2022-12-23,237.246,335.021,43.881,29.966,2465.682,59.027
2022-12-24,240.642,339.818,39.256,32.669,2771.983,50.323
2022-12-25,258.487,365.092,46.044,29.868,2819.175,60.164
2022-12-26,260.131,367.322,28.534,33.409,2832.871,50.091
2022-12-27,237.481,335.451,34.061,23.659,2058.992,60.740
2022-12-28,252.169,355.980,31.075,27.478,2141.946,45.872
2022-12-29,262.376,370.469,46.026,27.808,2779.113,55.162
2022-12-30,301.449,425.616,45.266,31.997,3435.667,56.128
2022-12-31,278.803,393.607,51.340,27.531,3055.157,60.644
