season,aqi_mean,aqi_median,pm25_mean,pm25_median,months_counted
Monsoon,145.73333333333332,184.435,89.24166666666666,120.855,36
Post-monsoon,165.7827777777778,181.615,97.33999999999999,115.505,18
Pre-monsoon,170.64111111111112,185.75,104.18074074074075,123.36,27
Winter,215.28592592592594,233.09,154.41074074074075,183.55,27
